customer_id,company_name,industry,customer_segment,country,region,signup_date,acquisition_channel
CUST00001,"Rodriguez, Figueroa and Sanchez",Education,SMB,Burundi,Asia-Pacific,2024-09-07,Paid Search
CUST00002,"Garcia, Yang and Gardner",Education,SMB,Nauru,North America,2025-08-27,Referral
CUST00003,Johnson-Davis,Technology,SMB,Djibouti,Europe,2025-06-01,Sales Outreach
CUST00004,"Guzman, Hoffman and Baldwin",Manufacturing,SMB,Reunion,Latin America,2024-08-13,Referral
CUST00005,"Barnes, Cole and Ramirez",Financial Services,Mid-Market,Trinidad and Tobago,North America,2024-06-12,Sales Outreach
CUST00006,Blake and Sons,Financial Services,SMB,Qatar,Europe,2024-12-10,Organic Search
CUST00007,Peterson-Moore,Retail,SMB,Serbia,Asia-Pacific,2025-09-10,Paid Search
CUST00008,Garcia-James,Technology,Mid-Market,Guinea-Bissau,North America,2025-01-22,Organic Search
CUST00009,Munoz-Roman,Financial Services,Mid-Market,Saint Lucia,Asia-Pacific,2025-08-14,Organic Search
CUST00010,Herrera-Dudley,Technology,SMB,Honduras,Europe,2024-10-23,Webinar
CUST00011,Arnold Ltd,Professional Services,SMB,Niger,North America,2025-01-24,Paid Search
CUST00012,Ray-Bush,Education,Mid-Market,Aruba,Europe,2025-01-14,Referral
CUST00013,"Perez, Roberts and Miller",Education,SMB,Djibouti,North America,2025-09-15,Sales Outreach
CUST00014,James Group,Manufacturing,Mid-Market,North Macedonia,Europe,2025-04-18,Referral
CUST00015,Martin-Kelly,Education,Mid-Market,Paraguay,Europe,2025-12-02,Paid Search
CUST00016,Miles-Sutton,Professional Services,Mid-Market,Barbados,Europe,2024-02-02,Sales Outreach
CUST00017,"Reid, Ferguson and Sanchez",Retail,SMB,Kyrgyz Republic,Europe,2025-08-03,Webinar
CUST00018,Nelson-Schaefer,Financial Services,SMB,Portugal,Latin America,2025-02-09,Webinar
CUST00019,"Robinson, Nguyen and Tate",Education,SMB,Azerbaijan,Asia-Pacific,2024-05-22,Paid Search
CUST00020,Underwood LLC,Manufacturing,SMB,Iran,Latin America,2025-08-20,Referral
CUST00021,Jones-Gentry,Healthcare,Enterprise,Montenegro,Europe,2025-06-05,Referral
CUST00022,"Edwards, Rios and Foster",Professional Services,SMB,United States Virgin Islands,North America,2024-06-05,Sales Outreach
CUST00023,"Ellis, Baker and Wright",Professional Services,Mid-Market,Monaco,North America,2025-01-29,Referral
CUST00024,"Baker, Richards and Hurst",Retail,SMB,Iran,North America,2025-11-27,Sales Outreach
CUST00025,Robinson-Bright,Education,Enterprise,Malawi,Asia-Pacific,2025-10-18,Paid Search
CUST00026,Davis-Williams,Financial Services,SMB,Bouvet Island (Bouvetoya),Latin America,2024-01-04,Webinar
CUST00027,Burton Ltd,Education,SMB,Jamaica,Europe,2025-06-03,Webinar
CUST00028,"Brown, James and Ferrell",Professional Services,Mid-Market,Marshall Islands,Europe,2024-06-05,Referral
CUST00029,Maddox-Valencia,Healthcare,SMB,Algeria,North America,2025-09-05,Paid Search
CUST00030,"Le, Maldonado and Herrera",Technology,SMB,Ethiopia,Asia-Pacific,2024-11-10,Paid Search
CUST00031,"Peterson, Carter and Moore",Healthcare,Enterprise,Afghanistan,North America,2024-03-28,Sales Outreach
CUST00032,"Liu, Baker and Mason",Professional Services,SMB,Christmas Island,Europe,2024-05-11,Sales Outreach
CUST00033,"Gaines, Harrell and Evans",Manufacturing,SMB,Northern Mariana Islands,Latin America,2024-08-04,Webinar
CUST00034,"Lynch, Hernandez and Farmer",Professional Services,Mid-Market,Mauritius,Europe,2025-12-31,Paid Search
CUST00035,"Sellers, George and Burns",Education,Mid-Market,Bouvet Island (Bouvetoya),Latin America,2025-06-13,Referral
CUST00036,Koch-Decker,Healthcare,SMB,Gambia,Asia-Pacific,2024-01-22,Partner
CUST00037,Brown PLC,Healthcare,Mid-Market,Yemen,North America,2024-03-13,Sales Outreach
CUST00038,Miller Group,Technology,SMB,Suriname,North America,2024-12-04,Organic Search
CUST00039,Spence PLC,Healthcare,SMB,Seychelles,Latin America,2024-08-07,Partner
CUST00040,Anderson Group,Education,Enterprise,Yemen,Latin America,2024-09-05,Sales Outreach
CUST00041,"Martin, Rose and Obrien",Professional Services,SMB,Croatia,North America,2024-04-09,Sales Outreach
CUST00042,"Campos, Vaughn and Marquez",Financial Services,SMB,Iran,Latin America,2024-02-25,Sales Outreach
CUST00043,"Santos, Kim and Holmes",Education,SMB,British Indian Ocean Territory (Chagos Archipelago),Latin America,2024-12-13,Sales Outreach
CUST00044,Walker LLC,Technology,SMB,Angola,Europe,2025-07-03,Referral
CUST00045,"Spencer, Chapman and Smith",Retail,SMB,Russian Federation,Latin America,2024-09-12,Webinar
CUST00046,"Brown, Jones and Johnson",Technology,SMB,Greenland,North America,2024-02-21,Sales Outreach
CUST00047,Palmer LLC,Manufacturing,Mid-Market,Paraguay,North America,2024-08-30,Organic Search
CUST00048,Lewis-Anderson,Retail,SMB,Vietnam,Latin America,2024-03-01,Organic Search
CUST00049,"Johnston, Sanchez and Kennedy",Technology,Enterprise,Ireland,Asia-Pacific,2025-04-10,Paid Search
CUST00050,Davis Ltd,Education,Enterprise,Jersey,Latin America,2024-06-07,Organic Search
CUST00051,Henderson-Owens,Healthcare,Enterprise,Saint Lucia,North America,2024-11-17,Organic Search
CUST00052,Nunez Ltd,Manufacturing,SMB,Bolivia,Europe,2024-02-28,Webinar
CUST00053,Powell LLC,Technology,Enterprise,South Georgia and the South Sandwich Islands,North America,2025-09-01,Organic Search
CUST00054,Wright and Sons,Professional Services,SMB,Mauritania,North America,2025-08-06,Paid Search
CUST00055,Taylor-White,Manufacturing,SMB,Kyrgyz Republic,North America,2025-03-05,Sales Outreach
CUST00056,Baxter Inc,Manufacturing,SMB,Kenya,Asia-Pacific,2024-07-28,Sales Outreach
CUST00057,"Garcia, Pearson and Fernandez",Financial Services,SMB,American Samoa,Latin America,2024-05-14,Sales Outreach
CUST00058,House and Sons,Financial Services,SMB,Chad,North America,2024-01-10,Referral
CUST00059,Tucker-Lewis,Manufacturing,Enterprise,Iran,North America,2025-07-04,Paid Search
CUST00060,Martin Inc,Financial Services,SMB,Iceland,Asia-Pacific,2024-03-11,Webinar
CUST00061,House-Glover,Financial Services,SMB,France,Latin America,2025-07-10,Sales Outreach
CUST00062,Horton-Cross,Manufacturing,Enterprise,Slovenia,North America,2025-11-14,Sales Outreach
CUST00063,"Stanley, Tucker and Lee",Financial Services,Enterprise,Cuba,North America,2024-05-17,Paid Search
CUST00064,Riley PLC,Technology,Mid-Market,Bahamas,Europe,2024-10-05,Paid Search
CUST00065,"Edwards, Williams and Woods",Healthcare,Mid-Market,Uruguay,Europe,2025-12-04,Sales Outreach
CUST00066,"Moore, Yu and Miller",Financial Services,SMB,Colombia,Asia-Pacific,2024-02-22,Organic Search
CUST00067,Larson Ltd,Retail,Mid-Market,Tokelau,North America,2024-01-04,Paid Search
CUST00068,Powell PLC,Healthcare,Mid-Market,Egypt,Asia-Pacific,2024-06-14,Sales Outreach
CUST00069,"Wheeler, Harvey and Barnes",Manufacturing,Mid-Market,Myanmar,North America,2024-04-24,Organic Search
CUST00070,"Mills, Donovan and Harris",Education,Enterprise,Saint Barthelemy,North America,2025-01-13,Partner
CUST00071,Allen-Foster,Healthcare,SMB,Paraguay,North America,2024-11-11,Referral
CUST00072,"Evans, Stewart and Walton",Professional Services,Enterprise,Barbados,North America,2025-01-01,Paid Search
CUST00073,Ellis PLC,Healthcare,Mid-Market,Bolivia,Asia-Pacific,2025-07-27,Webinar
CUST00074,Medina PLC,Retail,Enterprise,Estonia,Europe,2024-08-30,Webinar
CUST00075,Mahoney Inc,Professional Services,Mid-Market,Turkmenistan,Latin America,2024-01-26,Organic Search
CUST00076,Wood and Sons,Financial Services,Mid-Market,Kazakhstan,Latin America,2025-11-16,Webinar
CUST00077,"Warner, Carr and Archer",Professional Services,SMB,Palau,Europe,2025-12-19,Organic Search
CUST00078,"Smith, Montoya and Evans",Professional Services,SMB,Panama,Latin America,2024-08-15,Organic Search
CUST00079,Mcmillan and Sons,Retail,SMB,Estonia,Europe,2024-08-16,Organic Search
CUST00080,Preston Ltd,Healthcare,SMB,Micronesia,Asia-Pacific,2024-03-12,Webinar
CUST00081,Nelson PLC,Financial Services,SMB,Cote d'Ivoire,Latin America,2025-11-26,Webinar
CUST00082,"Cooper, Watts and Farrell",Manufacturing,SMB,Madagascar,North America,2024-04-28,Webinar
CUST00083,King-Odonnell,Financial Services,SMB,Austria,Asia-Pacific,2024-02-09,Organic Search
CUST00084,Walters LLC,Retail,SMB,Aruba,Asia-Pacific,2025-03-22,Sales Outreach
CUST00085,Cook and Sons,Manufacturing,SMB,Northern Mariana Islands,Europe,2024-09-17,Organic Search
CUST00086,Martin-Ramos,Retail,SMB,Romania,Europe,2025-01-07,Referral
CUST00087,Hoffman-Rodriguez,Education,Enterprise,Western Sahara,Asia-Pacific,2025-11-10,Sales Outreach
CUST00088,"Mckee, Gardner and Davenport",Education,Enterprise,Myanmar,Asia-Pacific,2025-11-13,Referral
CUST00089,"Hernandez, Anderson and Parker",Retail,Mid-Market,United Arab Emirates,Europe,2024-07-15,Referral
CUST00090,Nolan and Sons,Retail,Mid-Market,Pitcairn Islands,Europe,2025-09-22,Partner
CUST00091,Estrada LLC,Retail,SMB,Slovakia (Slovak Republic),North America,2024-11-07,Paid Search
CUST00092,"Henson, Russell and Oliver",Retail,Mid-Market,Cape Verde,Asia-Pacific,2025-04-21,Referral
CUST00093,Hancock and Sons,Education,SMB,Turkmenistan,Latin America,2024-06-22,Sales Outreach
CUST00094,Johnson-Doyle,Financial Services,SMB,Grenada,Asia-Pacific,2024-04-05,Sales Outreach
CUST00095,Pham-Shields,Professional Services,SMB,Sudan,Asia-Pacific,2024-08-18,Sales Outreach
CUST00096,Adams Ltd,Healthcare,SMB,Botswana,Europe,2025-05-01,Sales Outreach
CUST00097,Brennan-Garrison,Professional Services,SMB,Cyprus,Latin America,2025-10-06,Partner
CUST00098,Velasquez Group,Education,Mid-Market,Guernsey,Latin America,2025-02-13,Paid Search
CUST00099,Hoover-Savage,Education,Mid-Market,Czech Republic,North America,2025-03-11,Paid Search
CUST00100,Keller Group,Professional Services,Enterprise,Greenland,Latin America,2024-02-21,Partner
CUST00101,Lin-Rasmussen,Professional Services,SMB,Fiji,Europe,2025-04-20,Sales Outreach
CUST00102,May-Ross,Manufacturing,Mid-Market,Tajikistan,Latin America,2025-09-19,Sales Outreach
CUST00103,"Rivera, Johnson and Wiley",Manufacturing,SMB,Eritrea,Latin America,2024-06-11,Sales Outreach
CUST00104,Carpenter LLC,Retail,SMB,Argentina,Europe,2025-10-14,Paid Search
CUST00105,Carlson LLC,Professional Services,SMB,Saint Lucia,Europe,2024-10-08,Referral
CUST00106,Graham-Joyce,Education,SMB,Brazil,Asia-Pacific,2024-12-09,Paid Search
CUST00107,Lam-Lee,Manufacturing,SMB,Aruba,Europe,2024-08-24,Referral
CUST00108,"Graham, Meyer and Drake",Healthcare,Mid-Market,Poland,North America,2025-02-28,Referral
CUST00109,"Bentley, Mclaughlin and Gonzalez",Manufacturing,SMB,Jersey,North America,2024-07-30,Sales Outreach
CUST00110,Rush LLC,Retail,Enterprise,Nigeria,North America,2025-08-12,Referral
CUST00111,Alvarado-Martinez,Technology,Enterprise,United Arab Emirates,Asia-Pacific,2025-02-03,Webinar
CUST00112,Hunter-Estrada,Professional Services,SMB,Greece,Europe,2025-05-14,Paid Search
CUST00113,Terry-Spencer,Retail,SMB,Congo,Latin America,2024-12-10,Sales Outreach
CUST00114,Ortega-Gray,Professional Services,SMB,San Marino,Europe,2025-04-23,Webinar
CUST00115,Gilbert LLC,Manufacturing,SMB,Iraq,Latin America,2025-08-29,Partner
CUST00116,"Bass, Torres and Clark",Technology,SMB,Solomon Islands,Latin America,2024-05-18,Webinar
CUST00117,"Lawson, Morris and Ramos",Healthcare,SMB,Peru,Latin America,2024-12-01,Paid Search
CUST00118,Dixon Ltd,Financial Services,SMB,Chile,Latin America,2024-10-11,Sales Outreach
CUST00119,"Miller, Robertson and Schultz",Professional Services,SMB,Grenada,North America,2025-04-26,Organic Search
CUST00120,Cardenas and Sons,Manufacturing,SMB,Peru,Asia-Pacific,2024-08-17,Sales Outreach
CUST00121,Walker-Gonzalez,Professional Services,Enterprise,Anguilla,North America,2024-02-01,Webinar
CUST00122,Sanchez Group,Healthcare,Mid-Market,New Zealand,Europe,2024-09-01,Organic Search
CUST00123,Gibson Ltd,Education,SMB,Morocco,Europe,2025-04-21,Sales Outreach
CUST00124,Higgins Group,Professional Services,SMB,Lithuania,North America,2024-06-16,Webinar
CUST00125,Sanchez-Douglas,Technology,Mid-Market,Albania,Asia-Pacific,2025-08-12,Sales Outreach
CUST00126,Osborne and Sons,Retail,SMB,Christmas Island,Europe,2024-03-18,Partner
CUST00127,"Holmes, Williams and Wright",Professional Services,Mid-Market,Thailand,North America,2025-12-14,Sales Outreach
CUST00128,Bryant Group,Professional Services,Mid-Market,Papua New Guinea,North America,2025-08-02,Sales Outreach
CUST00129,"Travis, Larson and Dodson",Financial Services,SMB,Uganda,Asia-Pacific,2024-03-11,Partner
CUST00130,Salazar-Ball,Financial Services,SMB,Madagascar,Latin America,2025-05-16,Organic Search
CUST00131,Rivas-Kelley,Financial Services,Mid-Market,Ukraine,Latin America,2025-12-25,Organic Search
CUST00132,Manning Group,Healthcare,Mid-Market,Korea,Asia-Pacific,2025-09-22,Sales Outreach
CUST00133,Walton-Larsen,Manufacturing,Mid-Market,Falkland Islands (Malvinas),Latin America,2025-03-22,Sales Outreach
CUST00134,"Washington, Allen and Gonzales",Manufacturing,SMB,Rwanda,Europe,2024-03-29,Paid Search
CUST00135,Young-Rogers,Retail,SMB,Uganda,Latin America,2025-08-06,Sales Outreach
CUST00136,"Miller, Hernandez and Reyes",Retail,SMB,Cape Verde,Latin America,2024-11-28,Organic Search
CUST00137,"Lewis, Perry and Rivera",Healthcare,SMB,Lao People's Democratic Republic,Asia-Pacific,2024-12-14,Paid Search
CUST00138,Brown-Wall,Manufacturing,Mid-Market,Iceland,Asia-Pacific,2025-07-23,Organic Search
CUST00139,"Shah, Smith and Gilmore",Healthcare,SMB,Morocco,Latin America,2025-05-15,Partner
CUST00140,Woods-Bender,Healthcare,Mid-Market,French Southern Territories,Latin America,2025-04-03,Sales Outreach
CUST00141,Castaneda-Ashley,Technology,SMB,Italy,Latin America,2025-12-09,Paid Search
CUST00142,"Adkins, Payne and Morrison",Education,Mid-Market,Cyprus,Latin America,2025-07-20,Partner
CUST00143,Robinson-Graham,Retail,Enterprise,Antarctica (the territory South of 60 deg S),Asia-Pacific,2024-12-26,Sales Outreach
CUST00144,Rogers-Shelton,Financial Services,SMB,Iraq,Europe,2024-05-03,Sales Outreach
CUST00145,"Martin, Mcdonald and Anderson",Financial Services,SMB,Nigeria,Europe,2024-07-15,Paid Search
CUST00146,"Johnson, Long and Elliott",Retail,SMB,Anguilla,Asia-Pacific,2024-04-12,Sales Outreach
CUST00147,Day and Sons,Financial Services,SMB,Tonga,Europe,2024-11-05,Organic Search
CUST00148,White-Green,Manufacturing,SMB,Greece,North America,2024-02-25,Partner
CUST00149,Gibson LLC,Education,Enterprise,Senegal,Latin America,2024-04-15,Webinar
CUST00150,Ramirez-Bean,Manufacturing,SMB,Italy,Latin America,2025-03-27,Paid Search
CUST00151,Conley-Ruiz,Technology,SMB,San Marino,Latin America,2024-04-26,Sales Outreach
CUST00152,"Williams, Crane and Walker",Retail,SMB,Bangladesh,North America,2024-06-04,Organic Search
CUST00153,"Williams, Johnson and Wright",Manufacturing,Enterprise,Taiwan,North America,2024-09-11,Organic Search
CUST00154,Howell and Sons,Professional Services,SMB,Brunei Darussalam,Europe,2025-06-19,Referral
CUST00155,Caldwell-Elliott,Retail,SMB,Cuba,Latin America,2024-11-08,Partner
CUST00156,Lyons-Wang,Technology,Mid-Market,Chad,North America,2024-07-31,Sales Outreach
CUST00157,"Lawson, Adkins and Wilson",Financial Services,Mid-Market,Svalbard & Jan Mayen Islands,Europe,2024-09-02,Organic Search
CUST00158,Oconnell Inc,Technology,SMB,Mozambique,Latin America,2025-04-06,Sales Outreach
CUST00159,Hickman PLC,Retail,SMB,Philippines,Europe,2024-10-22,Sales Outreach
CUST00160,Sanders-Espinoza,Education,Enterprise,Belarus,North America,2025-12-04,Paid Search
CUST00161,"Vaughn, Burton and Garcia",Financial Services,Mid-Market,Sierra Leone,Europe,2025-03-11,Organic Search
CUST00162,Jefferson-Burke,Healthcare,Mid-Market,British Indian Ocean Territory (Chagos Archipelago),Asia-Pacific,2024-05-25,Organic Search
CUST00163,"Patton, Reed and Patterson",Healthcare,Mid-Market,Heard Island and McDonald Islands,Asia-Pacific,2025-03-25,Organic Search
CUST00164,Hunter LLC,Education,SMB,American Samoa,Latin America,2024-10-05,Partner
CUST00165,Short-Garcia,Retail,SMB,Guyana,North America,2025-03-18,Sales Outreach
CUST00166,"Snow, Stevens and Hernandez",Manufacturing,SMB,Christmas Island,North America,2024-08-22,Webinar
CUST00167,"Boyd, Santos and Gilbert",Professional Services,Enterprise,Uruguay,North America,2025-11-19,Sales Outreach
CUST00168,"Hampton, Marshall and Petersen",Manufacturing,SMB,Nauru,Europe,2025-04-26,Partner
CUST00169,Morris-Sanchez,Retail,Enterprise,Vietnam,Europe,2025-08-22,Referral
CUST00170,Ramirez Group,Professional Services,SMB,Ecuador,North America,2025-04-26,Paid Search
CUST00171,Hudson-Barnett,Financial Services,SMB,Guadeloupe,North America,2024-06-13,Paid Search
CUST00172,Snyder LLC,Education,SMB,Cocos (Keeling) Islands,Latin America,2025-07-17,Organic Search
CUST00173,Lewis-Salinas,Technology,SMB,Guam,Asia-Pacific,2024-04-28,Webinar
CUST00174,Beard-Haynes,Retail,Enterprise,Falkland Islands (Malvinas),North America,2025-11-04,Webinar
CUST00175,"Smith, Vaughan and Miller",Retail,SMB,Saint Helena,Europe,2025-06-14,Referral
CUST00176,Freeman-Chang,Professional Services,SMB,Portugal,Latin America,2024-02-22,Paid Search
CUST00177,Brewer-Henry,Manufacturing,SMB,Somalia,Asia-Pacific,2025-03-24,Webinar
CUST00178,Davis and Sons,Retail,SMB,Iraq,Europe,2025-12-27,Organic Search
CUST00179,"Sanchez, Beck and Wood",Manufacturing,SMB,Micronesia,Latin America,2024-04-05,Paid Search
CUST00180,"Cooper, Barajas and Pierce",Professional Services,Enterprise,Guinea,Latin America,2024-04-30,Sales Outreach
CUST00181,"Chavez, Parker and Hall",Healthcare,SMB,Saint Helena,Asia-Pacific,2025-06-05,Sales Outreach
CUST00182,Stewart Ltd,Retail,Mid-Market,Mauritania,Latin America,2024-09-06,Referral
CUST00183,"Lopez, Robinson and Washington",Healthcare,SMB,Saint Kitts and Nevis,Europe,2024-03-12,Paid Search
CUST00184,"Bray, Warren and Campbell",Professional Services,Enterprise,Bolivia,Asia-Pacific,2025-06-03,Paid Search
CUST00185,Phillips LLC,Technology,SMB,Christmas Island,Asia-Pacific,2025-08-24,Partner
CUST00186,Smith-Ferguson,Education,SMB,Falkland Islands (Malvinas),Europe,2025-04-02,Partner
CUST00187,Mccann PLC,Financial Services,SMB,French Guiana,Latin America,2025-04-11,Webinar
CUST00188,"Raymond, Little and Mullins",Professional Services,SMB,Bosnia and Herzegovina,Europe,2025-08-08,Referral
CUST00189,Andrews Group,Professional Services,Mid-Market,Lesotho,North America,2024-11-21,Sales Outreach
CUST00190,Peterson-Sheppard,Education,Enterprise,El Salvador,Latin America,2025-01-30,Webinar
CUST00191,Wilson-Jones,Professional Services,Mid-Market,Liechtenstein,Europe,2025-05-22,Webinar
CUST00192,Ray Ltd,Healthcare,SMB,Austria,Asia-Pacific,2024-04-12,Webinar
CUST00193,Hernandez PLC,Retail,SMB,Yemen,Latin America,2024-01-16,Sales Outreach
CUST00194,Miller-Wright,Retail,Enterprise,Moldova,Europe,2024-03-17,Referral
CUST00195,Obrien-Gibbs,Financial Services,SMB,Czech Republic,Latin America,2025-10-27,Organic Search
CUST00196,"James, Kerr and Evans",Financial Services,Enterprise,Namibia,Latin America,2024-11-20,Sales Outreach
CUST00197,Torres-Oliver,Professional Services,SMB,New Zealand,North America,2025-09-24,Organic Search
CUST00198,"Garcia, Farmer and Garrett",Education,Mid-Market,Estonia,Asia-Pacific,2024-08-20,Sales Outreach
CUST00199,"Miller, Allen and Arnold",Retail,Enterprise,Cayman Islands,North America,2025-03-30,Organic Search
CUST00200,Ortiz Ltd,Financial Services,Enterprise,Nepal,North America,2024-11-28,Sales Outreach
CUST00201,Carter-Hall,Financial Services,SMB,Romania,Latin America,2024-05-29,Paid Search
CUST00202,Warner-Gibson,Retail,Mid-Market,Poland,Europe,2024-06-23,Organic Search
CUST00203,Bradshaw Ltd,Manufacturing,Enterprise,Namibia,Europe,2025-05-24,Webinar
CUST00204,"Lara, Gonzalez and Wilson",Healthcare,SMB,Czech Republic,Asia-Pacific,2025-04-15,Paid Search
CUST00205,"Hernandez, Baker and Thomas",Technology,Enterprise,Bahamas,Latin America,2024-10-21,Sales Outreach
CUST00206,Sparks PLC,Healthcare,SMB,San Marino,Asia-Pacific,2025-08-24,Paid Search
CUST00207,"Morse, Gonzales and Harrison",Retail,Mid-Market,Gabon,Latin America,2024-11-05,Organic Search
CUST00208,"Powell, Nelson and Fernandez",Retail,Enterprise,Kazakhstan,North America,2024-08-30,Referral
CUST00209,George Group,Financial Services,Mid-Market,Saint Pierre and Miquelon,Asia-Pacific,2024-01-23,Webinar
CUST00210,Munoz-Johnson,Education,SMB,Denmark,North America,2025-08-02,Webinar
CUST00211,"Huff, Johnston and Sampson",Professional Services,Mid-Market,Serbia,North America,2025-09-12,Sales Outreach
CUST00212,"Underwood, Johnston and Hines",Professional Services,Enterprise,China,Asia-Pacific,2024-08-23,Sales Outreach
CUST00213,Stone-Ramos,Financial Services,SMB,Fiji,Europe,2025-09-27,Paid Search
CUST00214,Shea Group,Professional Services,Mid-Market,North Macedonia,Europe,2025-10-05,Organic Search
CUST00215,Costa-Harrison,Education,Mid-Market,Ireland,Asia-Pacific,2025-03-27,Organic Search
CUST00216,Morris-Garcia,Financial Services,Mid-Market,Central African Republic,North America,2024-10-29,Paid Search
CUST00217,Jenkins-Simpson,Retail,SMB,Panama,Europe,2025-07-06,Webinar
CUST00218,Cervantes-Pierce,Financial Services,SMB,Korea,Asia-Pacific,2024-06-17,Paid Search
CUST00219,Edwards LLC,Professional Services,Enterprise,Brazil,Asia-Pacific,2024-12-12,Sales Outreach
CUST00220,Hancock-Bryan,Retail,Enterprise,Afghanistan,Europe,2024-08-19,Webinar
CUST00221,"Booth, Murray and Brown",Education,Mid-Market,Maldives,Latin America,2025-07-24,Referral
CUST00222,Dean-Jimenez,Professional Services,SMB,Kenya,Asia-Pacific,2025-07-03,Organic Search
CUST00223,Harris PLC,Financial Services,Mid-Market,Bulgaria,Asia-Pacific,2025-08-21,Referral
CUST00224,Kim-Wolfe,Education,Enterprise,British Virgin Islands,North America,2025-11-22,Paid Search
CUST00225,Dudley PLC,Technology,Mid-Market,South Georgia and the South Sandwich Islands,Asia-Pacific,2025-09-16,Paid Search
CUST00226,Mckinney LLC,Technology,Mid-Market,Micronesia,Latin America,2025-12-18,Paid Search
CUST00227,Tran Inc,Retail,SMB,Czech Republic,North America,2024-02-08,Paid Search
CUST00228,Murray Inc,Retail,SMB,Oman,Europe,2025-07-04,Organic Search
CUST00229,Jimenez Ltd,Retail,SMB,French Guiana,Latin America,2025-08-24,Sales Outreach
CUST00230,"Thornton, Perry and Olson",Healthcare,Enterprise,Latvia,North America,2025-05-16,Sales Outreach
CUST00231,Bryant and Sons,Financial Services,SMB,Hungary,Asia-Pacific,2024-08-10,Referral
CUST00232,Weeks PLC,Healthcare,Enterprise,San Marino,North America,2025-12-03,Referral
CUST00233,Shields LLC,Education,SMB,Sierra Leone,Latin America,2024-10-09,Organic Search
CUST00234,Morgan-French,Technology,Enterprise,Ethiopia,Latin America,2024-04-03,Sales Outreach
CUST00235,Campbell LLC,Education,Mid-Market,Taiwan,North America,2024-02-21,Sales Outreach
CUST00236,"Carpenter, Keller and Grimes",Healthcare,Enterprise,Kiribati,Europe,2024-03-11,Sales Outreach
CUST00237,"Washington, Cook and Hines",Manufacturing,SMB,Honduras,Europe,2024-08-26,Paid Search
CUST00238,Cantu-Kane,Healthcare,Mid-Market,Qatar,North America,2024-10-10,Webinar
CUST00239,Armstrong and Sons,Healthcare,Enterprise,Togo,Asia-Pacific,2024-06-27,Organic Search
CUST00240,Williams-Garner,Professional Services,SMB,Romania,North America,2025-01-01,Sales Outreach
CUST00241,Hughes-Alvarado,Healthcare,Mid-Market,Swaziland,North America,2024-06-27,Paid Search
CUST00242,"Pollard, Simpson and Johnson",Healthcare,Mid-Market,Macao,North America,2024-03-06,Referral
CUST00243,"Rivera, Garcia and Kirk",Professional Services,SMB,Bolivia,North America,2025-04-07,Partner
CUST00244,"Lozano, Smith and Thomas",Manufacturing,SMB,Trinidad and Tobago,Asia-Pacific,2025-04-14,Sales Outreach
CUST00245,"Booker, Jones and Harrington",Technology,SMB,Estonia,Latin America,2025-02-15,Referral
CUST00246,Hanson-Sanders,Technology,SMB,Belgium,Latin America,2024-03-16,Webinar
CUST00247,Phelps-Villarreal,Financial Services,Mid-Market,Hong Kong,North America,2024-05-09,Paid Search
CUST00248,Sims-Clay,Education,Mid-Market,Libyan Arab Jamahiriya,Asia-Pacific,2025-01-25,Webinar
CUST00249,"Johnson, Jones and Welch",Manufacturing,SMB,Uruguay,Latin America,2024-04-11,Sales Outreach
CUST00250,Bright-Francis,Technology,Enterprise,Jordan,Europe,2025-03-16,Referral
CUST00251,Hodges Ltd,Healthcare,SMB,Tunisia,Latin America,2025-02-12,Referral
CUST00252,Wallace Ltd,Technology,SMB,French Southern Territories,Asia-Pacific,2025-11-12,Paid Search
CUST00253,Williams Inc,Healthcare,Mid-Market,French Polynesia,Latin America,2024-03-09,Organic Search
CUST00254,Brooks-Thomas,Technology,SMB,Marshall Islands,North America,2025-01-16,Sales Outreach
CUST00255,Knight-Sparks,Manufacturing,SMB,Chile,Asia-Pacific,2025-11-17,Organic Search
CUST00256,Miller Group,Financial Services,Enterprise,Niger,Latin America,2024-02-22,Webinar
CUST00257,"Allen, Durham and Thomas",Manufacturing,SMB,Kyrgyz Republic,North America,2025-08-14,Partner
CUST00258,"King, Scott and Smith",Healthcare,Mid-Market,Spain,Europe,2024-04-20,Referral
CUST00259,Santana-Byrd,Manufacturing,SMB,Cayman Islands,Asia-Pacific,2025-08-10,Paid Search
CUST00260,Alexander LLC,Retail,Mid-Market,Namibia,North America,2025-09-15,Webinar
CUST00261,Fowler-Coleman,Professional Services,Mid-Market,El Salvador,North America,2024-07-03,Paid Search
CUST00262,Bruce-Gonzalez,Professional Services,SMB,Hungary,Asia-Pacific,2024-12-25,Organic Search
CUST00263,Rodriguez-James,Professional Services,SMB,Guinea-Bissau,Latin America,2024-03-12,Organic Search
CUST00264,"Phillips, Lyons and Johnson",Education,Enterprise,Switzerland,North America,2025-06-27,Paid Search
CUST00265,"Foster, Smith and Grimes",Retail,SMB,Slovakia (Slovak Republic),Europe,2025-01-13,Paid Search
CUST00266,"Beltran, Lozano and Mcgee",Financial Services,Mid-Market,Syrian Arab Republic,North America,2024-02-23,Organic Search
CUST00267,Parsons-Hall,Professional Services,Mid-Market,Spain,North America,2024-10-05,Referral
CUST00268,Robinson-Lee,Retail,SMB,El Salvador,Latin America,2025-02-28,Paid Search
CUST00269,"Campos, Saunders and Becker",Professional Services,SMB,Burundi,Asia-Pacific,2025-03-16,Organic Search
CUST00270,"Davis, Burton and Williams",Education,Mid-Market,Solomon Islands,Latin America,2025-06-23,Sales Outreach
CUST00271,Johnson-Diaz,Technology,SMB,Bulgaria,North America,2024-01-08,Paid Search
CUST00272,Browning LLC,Healthcare,Mid-Market,San Marino,Asia-Pacific,2024-10-23,Paid Search
CUST00273,Thompson-Anderson,Technology,SMB,Mauritius,Latin America,2024-06-28,Organic Search
CUST00274,Schmidt-Mcintyre,Manufacturing,Mid-Market,Switzerland,Asia-Pacific,2024-03-14,Referral
CUST00275,Scott Group,Education,SMB,Sri Lanka,North America,2025-04-15,Webinar
CUST00276,Francis-Morgan,Professional Services,SMB,Brazil,Latin America,2025-08-10,Referral
CUST00277,Mccarty-Taylor,Education,SMB,Czech Republic,North America,2025-02-18,Organic Search
CUST00278,"Ramsey, Whitney and Coffey",Financial Services,SMB,Spain,Latin America,2025-12-07,Webinar
CUST00279,"Diaz, Gibbs and Smith",Technology,SMB,Mauritania,North America,2024-09-06,Referral
CUST00280,Gibson Ltd,Retail,SMB,San Marino,Latin America,2024-11-13,Sales Outreach
CUST00281,"Baker, James and Little",Healthcare,SMB,Holy See (Vatican City State),Europe,2024-03-19,Partner
CUST00282,Leonard Group,Technology,SMB,Anguilla,Europe,2024-12-23,Referral
CUST00283,"Henson, Hoffman and Herman",Professional Services,Mid-Market,Cyprus,Europe,2024-08-29,Organic Search
CUST00284,"Brown, Colon and Blankenship",Financial Services,SMB,Gabon,Europe,2025-11-02,Organic Search
CUST00285,"Ortiz, Taylor and Shah",Professional Services,Mid-Market,Gabon,Latin America,2025-07-31,Sales Outreach
CUST00286,Wilson-Young,Retail,Mid-Market,Mauritania,Asia-Pacific,2025-10-04,Paid Search
CUST00287,Price LLC,Retail,SMB,Paraguay,Latin America,2025-10-08,Paid Search
CUST00288,"Horton, Fernandez and Matthews",Financial Services,Mid-Market,Saint Lucia,Asia-Pacific,2025-06-03,Organic Search
CUST00289,Mcclure Ltd,Retail,SMB,Bolivia,North America,2025-01-12,Sales Outreach
CUST00290,Gilbert-Crosby,Technology,Mid-Market,Fiji,North America,2025-09-21,Partner
CUST00291,Vaughn and Sons,Retail,SMB,Kenya,North America,2025-04-05,Webinar
CUST00292,Sampson-Foley,Manufacturing,Mid-Market,Bolivia,Asia-Pacific,2025-09-11,Referral
CUST00293,"Richardson, Winters and Newman",Healthcare,Enterprise,Bahamas,Latin America,2024-04-15,Sales Outreach
CUST00294,Hill-Donaldson,Professional Services,SMB,Yemen,North America,2025-05-31,Sales Outreach
CUST00295,Davis-Lewis,Technology,SMB,Northern Mariana Islands,Latin America,2025-03-25,Partner
CUST00296,"Maddox, Williams and Cook",Manufacturing,SMB,Brunei Darussalam,Asia-Pacific,2024-10-16,Referral
CUST00297,"Harris, Gallegos and Spencer",Professional Services,SMB,Namibia,North America,2025-10-08,Sales Outreach
CUST00298,Li and Sons,Technology,SMB,Greenland,Latin America,2024-10-17,Paid Search
CUST00299,Kramer PLC,Professional Services,Mid-Market,Afghanistan,Europe,2024-12-07,Organic Search
CUST00300,Garrison-Thomas,Education,SMB,Bulgaria,Asia-Pacific,2024-11-13,Webinar
CUST00301,"King, Thompson and Guerrero",Education,Mid-Market,Anguilla,Europe,2025-09-01,Sales Outreach
CUST00302,Smith and Sons,Technology,SMB,Namibia,Latin America,2025-10-20,Sales Outreach
CUST00303,Smith-Baker,Professional Services,SMB,Brunei Darussalam,North America,2025-10-23,Sales Outreach
CUST00304,"Fisher, Wilson and Brown",Manufacturing,SMB,Kiribati,Asia-Pacific,2024-11-12,Organic Search
CUST00305,Palmer-Rodriguez,Healthcare,SMB,Macao,Latin America,2024-07-15,Paid Search
CUST00306,Dougherty Inc,Healthcare,SMB,Saint Lucia,Asia-Pacific,2024-04-13,Partner
CUST00307,"Boyd, Ellis and Maynard",Manufacturing,Mid-Market,Bahamas,North America,2025-11-08,Paid Search
CUST00308,Boone-Simmons,Professional Services,Mid-Market,Botswana,Latin America,2024-06-06,Organic Search
CUST00309,Joseph-Wallace,Professional Services,Mid-Market,United Arab Emirates,Europe,2025-03-24,Organic Search
CUST00310,Morris and Sons,Financial Services,Mid-Market,Bahrain,Europe,2025-03-30,Sales Outreach
CUST00311,Hill Ltd,Professional Services,Mid-Market,Myanmar,Latin America,2024-08-27,Partner
CUST00312,"Joseph, James and Harper",Financial Services,Enterprise,French Polynesia,Latin America,2024-07-17,Referral
CUST00313,Wagner-Jordan,Manufacturing,Enterprise,South Africa,Latin America,2024-10-15,Sales Outreach
CUST00314,"Wilson, Pena and Rich",Manufacturing,SMB,Micronesia,Europe,2024-07-23,Sales Outreach
CUST00315,"Glenn, Jordan and Beasley",Healthcare,Enterprise,Isle of Man,North America,2025-10-18,Referral
CUST00316,Wilcox-Ross,Financial Services,Mid-Market,Saint Lucia,North America,2025-12-29,Sales Outreach
CUST00317,Edwards LLC,Professional Services,SMB,Papua New Guinea,North America,2024-06-13,Paid Search
CUST00318,Brooks-Hernandez,Manufacturing,SMB,Uzbekistan,Latin America,2024-04-03,Webinar
CUST00319,Jones-Decker,Healthcare,Mid-Market,Bermuda,Asia-Pacific,2024-01-28,Referral
CUST00320,Davis-Rodgers,Retail,SMB,Sudan,Europe,2025-01-30,Webinar
CUST00321,Hawkins PLC,Financial Services,SMB,Zimbabwe,Asia-Pacific,2024-04-11,Sales Outreach
CUST00322,"Hoffman, Santiago and Jenkins",Education,SMB,Tunisia,Europe,2024-05-20,Organic Search
CUST00323,"Pugh, Henderson and Moon",Professional Services,SMB,Austria,Europe,2025-12-23,Referral
CUST00324,Burke-Bell,Manufacturing,SMB,Morocco,North America,2024-01-20,Paid Search
CUST00325,"Lewis, Douglas and Walker",Professional Services,SMB,Botswana,Latin America,2024-04-23,Sales Outreach
CUST00326,Bruce-Richardson,Healthcare,SMB,Serbia,North America,2024-09-01,Referral
CUST00327,Andrews-Aguirre,Professional Services,Mid-Market,Tanzania,North America,2024-04-23,Sales Outreach
CUST00328,"Villegas, Cardenas and Austin",Retail,Mid-Market,Norway,North America,2025-10-09,Partner
CUST00329,"Johnson, Hickman and Gallegos",Healthcare,Mid-Market,Ethiopia,Asia-Pacific,2025-03-15,Organic Search
CUST00330,White Ltd,Financial Services,SMB,Serbia,Latin America,2024-07-10,Sales Outreach
CUST00331,Dorsey-Bell,Technology,SMB,Cocos (Keeling) Islands,Asia-Pacific,2024-03-10,Webinar
CUST00332,Knight Group,Manufacturing,SMB,Bangladesh,North America,2025-02-03,Webinar
CUST00333,Figueroa Inc,Technology,Mid-Market,Bermuda,Asia-Pacific,2024-09-16,Sales Outreach
CUST00334,"Moreno, Bennett and Chavez",Financial Services,Mid-Market,Cayman Islands,Asia-Pacific,2024-09-03,Sales Outreach
CUST00335,Collins-Nguyen,Education,SMB,Western Sahara,Asia-Pacific,2024-05-16,Organic Search
CUST00336,"Carlson, Ware and Moore",Manufacturing,SMB,Saudi Arabia,Europe,2025-12-02,Referral
CUST00337,"Williams, Miller and Ramos",Education,SMB,Jamaica,Europe,2024-05-18,Organic Search
CUST00338,Lawson-Perry,Professional Services,Enterprise,Cuba,North America,2024-10-27,Paid Search
CUST00339,"Wilson, Jordan and Campbell",Professional Services,SMB,Philippines,North America,2024-11-19,Webinar
CUST00340,"Tucker, Estrada and Williams",Manufacturing,SMB,Indonesia,Latin America,2024-09-16,Organic Search
CUST00341,"Brown, Harris and Dougherty",Education,SMB,Seychelles,Asia-Pacific,2024-02-18,Webinar
CUST00342,Duran LLC,Financial Services,SMB,Greece,Asia-Pacific,2025-03-23,Webinar
CUST00343,Smith Ltd,Education,SMB,Jersey,Latin America,2024-12-13,Webinar
CUST00344,Anderson PLC,Retail,Mid-Market,Romania,Asia-Pacific,2025-06-15,Paid Search
CUST00345,Mason Ltd,Technology,Mid-Market,Sri Lanka,North America,2025-03-16,Sales Outreach
CUST00346,Jones-Hensley,Professional Services,SMB,Armenia,Asia-Pacific,2024-11-24,Organic Search
CUST00347,Smith-Morse,Financial Services,Mid-Market,Tokelau,Asia-Pacific,2025-04-01,Sales Outreach
CUST00348,Johnston-Berry,Retail,SMB,Russian Federation,Latin America,2024-12-25,Referral
CUST00349,"Butler, Wilson and Smith",Education,Enterprise,Greece,Asia-Pacific,2025-09-21,Webinar
CUST00350,Solis PLC,Financial Services,Mid-Market,Kuwait,North America,2024-03-17,Sales Outreach
CUST00351,"Gillespie, Davis and Richard",Retail,SMB,Ecuador,Europe,2024-02-01,Organic Search
CUST00352,Chapman-Warren,Manufacturing,Mid-Market,Indonesia,Latin America,2024-02-05,Organic Search
CUST00353,Reese-Walker,Healthcare,Mid-Market,Slovakia (Slovak Republic),Asia-Pacific,2025-01-05,Referral
CUST00354,Jones Ltd,Manufacturing,SMB,Brazil,Europe,2025-11-26,Referral
CUST00355,"Hicks, Bullock and Bailey",Financial Services,SMB,Saint Lucia,North America,2025-08-10,Organic Search
CUST00356,"Briggs, Young and Thomas",Financial Services,SMB,Congo,Asia-Pacific,2024-09-12,Webinar
CUST00357,Morrison Ltd,Technology,Mid-Market,Belarus,Latin America,2025-06-14,Referral
CUST00358,Bean Ltd,Manufacturing,SMB,Lithuania,Asia-Pacific,2025-12-21,Referral
CUST00359,Webster-Wolf,Manufacturing,SMB,Kiribati,Latin America,2024-07-23,Organic Search
CUST00360,"Glass, Cunningham and Reid",Professional Services,SMB,Nigeria,Europe,2025-12-31,Referral
CUST00361,Lin-Burton,Technology,Mid-Market,Canada,Asia-Pacific,2025-11-14,Paid Search
CUST00362,Jones-Ramos,Technology,SMB,Gabon,Asia-Pacific,2024-11-03,Webinar
CUST00363,Vargas-Bell,Education,Mid-Market,Barbados,Europe,2025-01-05,Partner
CUST00364,Murray-Johnson,Technology,Enterprise,Heard Island and McDonald Islands,Europe,2024-08-30,Sales Outreach
CUST00365,Jones-Lin,Technology,SMB,Timor-Leste,Asia-Pacific,2025-04-23,Sales Outreach
CUST00366,Gilbert PLC,Manufacturing,SMB,Hungary,North America,2024-03-08,Paid Search
CUST00367,Carpenter-Best,Education,Mid-Market,Saint Vincent and the Grenadines,Latin America,2025-02-23,Sales Outreach
CUST00368,Cole PLC,Technology,SMB,Pakistan,Asia-Pacific,2025-10-19,Organic Search
CUST00369,Morris Group,Retail,Mid-Market,Macao,Asia-Pacific,2024-05-11,Webinar
CUST00370,Rosario Group,Professional Services,Mid-Market,Bosnia and Herzegovina,Europe,2024-05-12,Referral
CUST00371,Haas-Miller,Professional Services,SMB,Oman,North America,2025-06-14,Organic Search
CUST00372,Williams Ltd,Healthcare,SMB,Kazakhstan,Europe,2024-12-20,Webinar
CUST00373,Warren-Bishop,Manufacturing,Enterprise,Haiti,North America,2024-09-13,Organic Search
CUST00374,Hardin-Hughes,Manufacturing,SMB,Singapore,Asia-Pacific,2025-09-21,Partner
CUST00375,Shelton-Williams,Manufacturing,Mid-Market,Norfolk Island,Europe,2024-06-24,Sales Outreach
CUST00376,"Cook, Rivera and Grant",Education,Enterprise,Hungary,Asia-Pacific,2025-07-31,Organic Search
CUST00377,King-York,Professional Services,SMB,United States of America,North America,2025-10-18,Sales Outreach
CUST00378,"Marks, Cook and Aguilar",Financial Services,Mid-Market,Cambodia,Latin America,2025-09-24,Sales Outreach
CUST00379,Collins-Douglas,Retail,Enterprise,Panama,Asia-Pacific,2025-10-19,Webinar
CUST00380,Anderson-Fletcher,Retail,SMB,Belize,Latin America,2024-10-31,Referral
CUST00381,Hansen-Schneider,Education,SMB,Greenland,Latin America,2025-03-01,Referral
CUST00382,Santiago Ltd,Healthcare,SMB,Poland,Europe,2024-11-16,Webinar
CUST00383,"Davis, Santiago and Romero",Financial Services,Mid-Market,Andorra,Asia-Pacific,2025-02-12,Organic Search
CUST00384,Parker-Bean,Financial Services,SMB,Guam,North America,2024-11-22,Paid Search
CUST00385,Lee-Cooke,Technology,SMB,Cape Verde,Europe,2024-05-24,Organic Search
CUST00386,Phillips Inc,Financial Services,Enterprise,Madagascar,Latin America,2024-09-11,Webinar
CUST00387,"Conley, Stephenson and Johnson",Healthcare,Mid-Market,Guadeloupe,Asia-Pacific,2024-07-13,Sales Outreach
CUST00388,"Anderson, Bennett and Martin",Retail,Enterprise,Switzerland,Latin America,2025-05-25,Webinar
CUST00389,"Wise, Lamb and Martin",Retail,SMB,Kazakhstan,Latin America,2025-06-01,Referral
CUST00390,Jenkins Ltd,Healthcare,SMB,Saint Helena,Asia-Pacific,2024-02-19,Organic Search
CUST00391,Montes PLC,Retail,Mid-Market,Finland,Latin America,2024-10-19,Partner
CUST00392,"Bowers, Young and Allen",Professional Services,SMB,Sudan,Europe,2024-09-27,Sales Outreach
CUST00393,Mckee-Lee,Professional Services,SMB,Philippines,North America,2025-02-14,Organic Search
CUST00394,"Joyce, Murray and Campbell",Manufacturing,SMB,Hong Kong,Asia-Pacific,2024-03-16,Referral
CUST00395,"Rose, Burch and Montoya",Retail,Mid-Market,Spain,Asia-Pacific,2025-09-30,Sales Outreach
CUST00396,"Taylor, Wright and Davidson",Technology,SMB,Tunisia,North America,2025-02-07,Referral
CUST00397,Spencer-Garcia,Financial Services,Mid-Market,Tanzania,Asia-Pacific,2024-05-27,Organic Search
CUST00398,"Rosales, Mitchell and Hines",Manufacturing,SMB,Faroe Islands,North America,2024-02-16,Organic Search
CUST00399,Whitehead-Hernandez,Education,SMB,Jordan,Latin America,2025-06-15,Referral
CUST00400,Potts and Sons,Manufacturing,Enterprise,Svalbard & Jan Mayen Islands,Europe,2024-12-01,Webinar
CUST00401,Wilkerson-Arias,Financial Services,SMB,Israel,Asia-Pacific,2025-08-30,Paid Search
CUST00402,Sanders LLC,Professional Services,SMB,Dominica,Latin America,2025-12-26,Partner
CUST00403,Vang-Brooks,Retail,Mid-Market,Antarctica (the territory South of 60 deg S),Asia-Pacific,2024-12-05,Sales Outreach
CUST00404,Galvan-Combs,Retail,Mid-Market,Pakistan,North America,2025-09-03,Referral
CUST00405,Moody-Taylor,Education,Mid-Market,France,Europe,2024-02-22,Partner
CUST00406,Horton-Taylor,Healthcare,SMB,Romania,Latin America,2024-05-31,Sales Outreach
CUST00407,West-Smith,Healthcare,SMB,Belgium,North America,2024-07-14,Organic Search
CUST00408,Scott and Sons,Financial Services,SMB,Mexico,Latin America,2025-12-08,Paid Search
CUST00409,"Lynch, Henderson and Parsons",Manufacturing,Mid-Market,Dominica,Latin America,2024-03-04,Sales Outreach
CUST00410,Martinez-Allen,Manufacturing,SMB,Northern Mariana Islands,Asia-Pacific,2025-11-09,Referral
CUST00411,"Bryant, Rodriguez and Stein",Retail,SMB,Nepal,Europe,2025-04-15,Webinar
CUST00412,"Smith, Robertson and Allen",Financial Services,SMB,Cambodia,Asia-Pacific,2025-09-16,Referral
CUST00413,Patterson-Mendez,Healthcare,SMB,Dominican Republic,Asia-Pacific,2024-08-18,Webinar
CUST00414,"Butler, Beck and Miller",Financial Services,Mid-Market,Guyana,Europe,2025-12-07,Sales Outreach
CUST00415,Ashley PLC,Financial Services,SMB,Madagascar,Asia-Pacific,2024-10-21,Organic Search
CUST00416,"Spencer, Myers and Harrison",Education,SMB,North Macedonia,Latin America,2024-12-19,Webinar
CUST00417,Zavala-King,Professional Services,SMB,Andorra,North America,2024-10-21,Webinar
CUST00418,Kramer-Cooper,Technology,SMB,Saint Martin,Latin America,2025-11-02,Paid Search
CUST00419,"Fuller, Ingram and Moss",Retail,SMB,Grenada,Asia-Pacific,2025-07-29,Sales Outreach
CUST00420,Williams PLC,Healthcare,SMB,Guadeloupe,Europe,2024-09-05,Organic Search
CUST00421,"Thompson, Maxwell and Marshall",Manufacturing,SMB,Qatar,Europe,2024-02-23,Organic Search
CUST00422,Welch-Cain,Financial Services,Mid-Market,Bahrain,North America,2025-11-28,Sales Outreach
CUST00423,"Parsons, Ellis and Carter",Technology,Enterprise,Aruba,Europe,2025-02-20,Sales Outreach
CUST00424,Blackwell LLC,Retail,SMB,Venezuela,Europe,2024-10-21,Paid Search
CUST00425,Robertson-Hays,Education,SMB,Mayotte,North America,2025-10-29,Partner
CUST00426,King-Mullins,Manufacturing,Mid-Market,Comoros,North America,2024-06-28,Referral
CUST00427,Kelly-Norman,Professional Services,SMB,Tonga,North America,2025-02-10,Sales Outreach
CUST00428,"Rivera, Martinez and Richardson",Healthcare,Enterprise,Tuvalu,Asia-Pacific,2024-02-08,Organic Search
CUST00429,Paul-Kline,Manufacturing,Mid-Market,Hungary,Asia-Pacific,2024-10-18,Referral
CUST00430,Beltran-Crawford,Education,SMB,Luxembourg,Latin America,2024-05-17,Webinar
CUST00431,Glass-Stone,Retail,SMB,Spain,North America,2024-12-04,Organic Search
CUST00432,Acosta Inc,Retail,Mid-Market,Jersey,Europe,2024-01-15,Sales Outreach
CUST00433,"Carney, White and Carter",Professional Services,SMB,Bosnia and Herzegovina,Europe,2024-06-28,Sales Outreach
CUST00434,Murphy LLC,Education,Enterprise,Gambia,Latin America,2025-06-11,Paid Search
CUST00435,Morrison-Simmons,Retail,Mid-Market,Portugal,Europe,2024-05-23,Referral
CUST00436,Bell-Williams,Healthcare,SMB,Trinidad and Tobago,Latin America,2024-08-29,Referral
CUST00437,Mendez-Graham,Financial Services,Enterprise,Northern Mariana Islands,Asia-Pacific,2025-08-19,Sales Outreach
CUST00438,Jones Ltd,Technology,SMB,Iraq,Asia-Pacific,2025-12-10,Paid Search
CUST00439,Palmer-Brady,Education,SMB,Cayman Islands,Asia-Pacific,2024-06-12,Referral
CUST00440,Thomas PLC,Manufacturing,Enterprise,Philippines,Asia-Pacific,2025-12-07,Organic Search
CUST00441,Johnson-Jones,Financial Services,SMB,Slovakia (Slovak Republic),Europe,2024-08-12,Webinar
CUST00442,"Diaz, Reyes and Bradley",Retail,SMB,Netherlands,Asia-Pacific,2025-03-01,Sales Outreach
CUST00443,Shelton LLC,Retail,Mid-Market,Holy See (Vatican City State),Europe,2024-09-10,Sales Outreach
CUST00444,Hines-Berry,Manufacturing,Enterprise,Marshall Islands,North America,2025-06-22,Referral
CUST00445,Sanders-Banks,Education,SMB,Egypt,North America,2024-03-04,Sales Outreach
CUST00446,Johnson and Sons,Manufacturing,SMB,Luxembourg,Europe,2024-06-17,Paid Search
CUST00447,"Hughes, Hoffman and Green",Manufacturing,SMB,Eritrea,Europe,2025-08-20,Referral
CUST00448,"Griffin, Davies and Mitchell",Manufacturing,SMB,United States Virgin Islands,North America,2025-04-09,Organic Search
CUST00449,Gonzalez-Taylor,Retail,SMB,Barbados,North America,2025-07-26,Referral
CUST00450,Thompson-Reeves,Professional Services,SMB,Benin,North America,2025-02-09,Paid Search
CUST00451,"Ponce, Downs and Contreras",Technology,Mid-Market,Russian Federation,North America,2024-02-16,Referral
CUST00452,Pierce LLC,Education,SMB,Uganda,North America,2024-03-11,Webinar
CUST00453,York-Joseph,Retail,SMB,Vanuatu,Latin America,2024-07-03,Sales Outreach
CUST00454,"Little, Leon and Hicks",Professional Services,Mid-Market,British Virgin Islands,Latin America,2025-01-18,Webinar
CUST00455,Conner and Sons,Retail,SMB,Somalia,Latin America,2025-01-19,Organic Search
CUST00456,Johnson-Spencer,Education,Enterprise,Heard Island and McDonald Islands,Europe,2025-10-31,Webinar
CUST00457,Lara-Arnold,Technology,SMB,New Zealand,Latin America,2025-06-25,Organic Search
CUST00458,Jones Group,Healthcare,Mid-Market,Saint Barthelemy,North America,2024-11-01,Referral
CUST00459,"Mendoza, Jenkins and Ortiz",Education,SMB,Morocco,Latin America,2024-08-23,Paid Search
CUST00460,Martinez LLC,Financial Services,SMB,Norway,Europe,2024-04-25,Organic Search
CUST00461,Cole Ltd,Education,SMB,Maldives,North America,2024-09-03,Paid Search
CUST00462,Anderson-Calderon,Technology,Mid-Market,Micronesia,Latin America,2025-09-04,Sales Outreach
CUST00463,"Matthews, Saunders and Anderson",Professional Services,SMB,Macao,North America,2025-02-15,Referral
CUST00464,Guerra PLC,Manufacturing,SMB,Cape Verde,North America,2024-05-23,Partner
CUST00465,Martin-Morris,Financial Services,SMB,Russian Federation,Asia-Pacific,2025-08-14,Partner
CUST00466,Reed PLC,Education,Mid-Market,Ukraine,Europe,2024-11-05,Webinar
CUST00467,Singleton-King,Education,SMB,North Macedonia,Latin America,2024-11-03,Paid Search
CUST00468,"Hill, Weber and Mendez",Manufacturing,Enterprise,Bermuda,Europe,2025-10-03,Sales Outreach
CUST00469,"Davidson, Vargas and Carpenter",Manufacturing,SMB,Chile,Asia-Pacific,2025-10-20,Sales Outreach
CUST00470,"Weber, Winters and Morgan",Professional Services,SMB,Uzbekistan,Latin America,2025-02-22,Organic Search
CUST00471,"Williams, Shields and Miller",Retail,SMB,Yemen,Latin America,2024-09-03,Sales Outreach
CUST00472,"Wise, Baker and Clark",Financial Services,Enterprise,Montserrat,Europe,2025-04-19,Webinar
CUST00473,Montgomery-Johnson,Manufacturing,SMB,Tuvalu,Latin America,2025-07-24,Partner
CUST00474,"Gardner, May and Turner",Retail,SMB,Ecuador,Europe,2024-12-04,Sales Outreach
CUST00475,"Sullivan, Chavez and Barker",Retail,Mid-Market,Cayman Islands,North America,2025-07-02,Sales Outreach
CUST00476,Perry-Marshall,Healthcare,SMB,Guam,Latin America,2025-11-20,Sales Outreach
CUST00477,"Thomas, Hensley and Flores",Technology,Enterprise,Tokelau,Europe,2025-08-24,Sales Outreach
CUST00478,Hester-Anderson,Manufacturing,SMB,Heard Island and McDonald Islands,Europe,2024-12-06,Paid Search
CUST00479,"Hoffman, Flores and Owens",Technology,SMB,Ethiopia,Europe,2024-04-30,Sales Outreach
CUST00480,Wright-Davis,Professional Services,SMB,French Guiana,Europe,2025-12-13,Sales Outreach
CUST00481,Lin-Barnes,Healthcare,SMB,Tonga,Europe,2025-07-19,Paid Search
CUST00482,Li PLC,Financial Services,SMB,Saint Helena,Asia-Pacific,2024-11-11,Paid Search
CUST00483,Lee-Moore,Manufacturing,Enterprise,Malaysia,Latin America,2024-04-10,Sales Outreach
CUST00484,Jimenez-Parker,Education,SMB,Angola,Asia-Pacific,2024-07-27,Referral
CUST00485,Landry PLC,Retail,SMB,Kuwait,Europe,2024-05-29,Organic Search
CUST00486,Lewis LLC,Manufacturing,Enterprise,Australia,Latin America,2024-10-29,Organic Search
CUST00487,Campbell PLC,Financial Services,SMB,Turkmenistan,Europe,2025-05-26,Partner
CUST00488,"Chambers, Mitchell and Smith",Education,SMB,Botswana,Latin America,2025-10-19,Sales Outreach
CUST00489,Anderson-Baker,Retail,SMB,Haiti,Asia-Pacific,2024-06-22,Organic Search
CUST00490,Diaz-Morales,Manufacturing,SMB,Montenegro,North America,2025-06-20,Organic Search
CUST00491,"Lee, Tran and Jones",Professional Services,SMB,Madagascar,North America,2024-01-07,Referral
CUST00492,Duran-Ramirez,Professional Services,Mid-Market,Nigeria,North America,2025-12-25,Organic Search
CUST00493,"Carr, Anderson and Davis",Healthcare,SMB,Holy See (Vatican City State),Asia-Pacific,2024-03-02,Sales Outreach
CUST00494,Grant-Diaz,Education,Enterprise,Cambodia,Latin America,2025-11-06,Referral
CUST00495,Morrison Group,Technology,SMB,Macao,Latin America,2024-01-13,Organic Search
CUST00496,Williams and Sons,Education,SMB,Rwanda,Asia-Pacific,2024-01-18,Partner
CUST00497,Brock-Stone,Education,Mid-Market,Canada,Europe,2024-04-19,Webinar
CUST00498,"Barry, Taylor and Velazquez",Manufacturing,SMB,Ghana,Europe,2025-09-26,Partner
CUST00499,Long PLC,Professional Services,SMB,Saint Vincent and the Grenadines,Latin America,2024-03-21,Referral
CUST00500,Wheeler-Romero,Retail,SMB,Malawi,Europe,2025-12-14,Paid Search
CUST00501,"Burns, Hart and Wells",Education,Mid-Market,Andorra,North America,2025-10-31,Webinar
CUST00502,Rivera-Rodriguez,Education,Mid-Market,Israel,North America,2025-02-19,Referral
CUST00503,"Parker, Roach and Wiggins",Manufacturing,SMB,Norfolk Island,North America,2025-12-20,Organic Search
CUST00504,Carlson LLC,Retail,Mid-Market,Palau,Asia-Pacific,2025-08-02,Webinar
CUST00505,"Lane, Griffith and Silva",Technology,Enterprise,Chile,North America,2024-08-23,Paid Search
CUST00506,"Fuller, Harvey and Randall",Professional Services,Mid-Market,Cameroon,Latin America,2024-10-04,Organic Search
CUST00507,"Allen, Armstrong and Graves",Technology,Mid-Market,Comoros,Asia-Pacific,2025-07-10,Partner
CUST00508,Alexander Group,Technology,SMB,Canada,Asia-Pacific,2024-01-17,Webinar
CUST00509,Vaughn-Jenkins,Manufacturing,SMB,Singapore,Latin America,2024-03-19,Paid Search
CUST00510,"Knapp, Salas and Fitzgerald",Manufacturing,SMB,Bahamas,Latin America,2025-11-24,Webinar
CUST00511,"Taylor, Clark and Nguyen",Financial Services,SMB,Panama,Europe,2025-12-06,Sales Outreach
CUST00512,Fox-Edwards,Manufacturing,Mid-Market,China,Asia-Pacific,2024-02-24,Organic Search
CUST00513,Barr-Peterson,Healthcare,Mid-Market,Guinea,Asia-Pacific,2025-09-11,Sales Outreach
CUST00514,"Ingram, Le and Schneider",Manufacturing,SMB,Puerto Rico,Asia-Pacific,2024-01-31,Sales Outreach
CUST00515,Bishop-Lee,Professional Services,Enterprise,Egypt,Latin America,2024-08-21,Referral
CUST00516,Grant-Walker,Retail,SMB,French Southern Territories,Latin America,2024-03-28,Sales Outreach
CUST00517,Bush-Vaughn,Financial Services,Mid-Market,Liechtenstein,North America,2024-03-25,Paid Search
CUST00518,Castillo-Castro,Retail,Mid-Market,Vietnam,Europe,2025-02-02,Paid Search
CUST00519,"Hill, Martinez and Rhodes",Technology,SMB,Hong Kong,Asia-Pacific,2025-03-31,Referral
CUST00520,Cardenas-Blevins,Financial Services,SMB,Spain,North America,2024-07-10,Referral
CUST00521,Roberts LLC,Manufacturing,Mid-Market,Zimbabwe,Latin America,2024-04-15,Organic Search
CUST00522,"Miller, Bradshaw and Douglas",Financial Services,Mid-Market,San Marino,Asia-Pacific,2025-01-29,Organic Search
CUST00523,Lewis-Clayton,Retail,SMB,Faroe Islands,North America,2025-07-26,Webinar
CUST00524,"Horton, Taylor and Gilbert",Healthcare,Mid-Market,Namibia,Europe,2025-12-02,Referral
CUST00525,Sanchez Ltd,Healthcare,SMB,United Kingdom,Asia-Pacific,2025-05-19,Organic Search
CUST00526,"Perez, Hall and Garcia",Healthcare,SMB,Greenland,Latin America,2024-11-02,Referral
CUST00527,"Kennedy, Maldonado and Taylor",Technology,SMB,Mexico,Europe,2025-10-02,Referral
CUST00528,Russell Group,Manufacturing,SMB,Lesotho,North America,2024-05-18,Paid Search
CUST00529,"Gonzalez, Maynard and Morris",Retail,SMB,Oman,Latin America,2024-12-03,Referral
CUST00530,Velez Inc,Retail,Mid-Market,Pakistan,Europe,2024-11-03,Paid Search
CUST00531,"Hall, Rodgers and Jefferson",Education,SMB,Argentina,Asia-Pacific,2024-06-30,Webinar
CUST00532,Butler and Sons,Financial Services,SMB,Vietnam,Latin America,2025-08-12,Sales Outreach
CUST00533,Osborn Group,Financial Services,SMB,Solomon Islands,Latin America,2025-01-08,Organic Search
CUST00534,Lopez-Curry,Manufacturing,SMB,Tunisia,Europe,2025-11-29,Sales Outreach
CUST00535,Mcdowell-Smith,Technology,Enterprise,Montenegro,Latin America,2025-12-26,Paid Search
CUST00536,"Rodriguez, Bird and Mitchell",Professional Services,SMB,Norway,North America,2025-02-22,Sales Outreach
CUST00537,"Warren, Small and Anderson",Healthcare,Mid-Market,Madagascar,Europe,2024-09-15,Sales Outreach
CUST00538,Nelson-Lamb,Education,SMB,Greenland,Latin America,2024-03-16,Referral
CUST00539,Simon Ltd,Manufacturing,SMB,Equatorial Guinea,Latin America,2025-07-01,Partner
CUST00540,"Lopez, Doyle and Gibbs",Professional Services,Mid-Market,Montenegro,North America,2025-01-03,Sales Outreach
CUST00541,"Todd, Thompson and Chase",Professional Services,SMB,Ukraine,North America,2024-04-21,Sales Outreach
CUST00542,Wilcox-Robertson,Education,Mid-Market,Benin,Europe,2025-10-24,Sales Outreach
CUST00543,Caldwell-Lopez,Manufacturing,Enterprise,Burundi,Latin America,2024-12-05,Webinar
CUST00544,Morris-Wright,Retail,SMB,Eritrea,North America,2024-09-21,Paid Search
CUST00545,Young-Molina,Education,SMB,Zimbabwe,Europe,2025-04-01,Referral
CUST00546,Turner-Sharp,Retail,Mid-Market,Algeria,Europe,2024-12-19,Webinar
CUST00547,Valdez-Schwartz,Retail,SMB,Bahamas,Latin America,2024-03-28,Organic Search
CUST00548,"Wilson, Parker and Sullivan",Education,SMB,Macao,Asia-Pacific,2024-12-17,Referral
CUST00549,"Carrillo, Vaughn and Fowler",Healthcare,SMB,Wallis and Futuna,Asia-Pacific,2025-05-02,Organic Search
CUST00550,Richardson-Walker,Education,Mid-Market,Burkina Faso,Asia-Pacific,2024-03-09,Paid Search
CUST00551,Hernandez-Adkins,Professional Services,Mid-Market,New Caledonia,North America,2024-12-17,Sales Outreach
CUST00552,Perry-Dunn,Education,Mid-Market,Latvia,Europe,2025-06-12,Organic Search
CUST00553,"Pham, Petersen and Gill",Healthcare,SMB,Pitcairn Islands,Latin America,2025-04-18,Paid Search
CUST00554,"Marks, Miller and Griffin",Retail,Mid-Market,Romania,Europe,2025-10-17,Sales Outreach
CUST00555,Miller-Elliott,Retail,SMB,Bahamas,Europe,2025-04-05,Partner
CUST00556,"Leach, Harris and Herrera",Retail,SMB,Chad,Europe,2024-07-29,Paid Search
CUST00557,Bond-Ramos,Education,Mid-Market,Pitcairn Islands,North America,2025-08-14,Organic Search
CUST00558,Love Group,Professional Services,SMB,Bermuda,Asia-Pacific,2024-11-29,Organic Search
CUST00559,"Griffin, Brown and Anderson",Technology,SMB,Israel,Latin America,2025-06-24,Webinar
CUST00560,Elliott-Hansen,Financial Services,Mid-Market,Peru,Latin America,2025-08-24,Organic Search
CUST00561,Cummings-Foster,Financial Services,Mid-Market,Svalbard & Jan Mayen Islands,Europe,2025-11-20,Sales Outreach
CUST00562,Reese PLC,Financial Services,Enterprise,Barbados,North America,2025-11-19,Organic Search
CUST00563,Henderson Ltd,Technology,SMB,Bahrain,North America,2024-07-06,Referral
CUST00564,"Mcknight, Michael and Jones",Healthcare,SMB,Vietnam,Latin America,2025-09-02,Organic Search
CUST00565,Johnson-Ortiz,Retail,SMB,Seychelles,Latin America,2025-10-12,Partner
CUST00566,Cannon Ltd,Education,Enterprise,Oman,Europe,2025-07-22,Organic Search
CUST00567,Brooks-Vance,Financial Services,SMB,Kiribati,Asia-Pacific,2025-04-06,Sales Outreach
CUST00568,Bennett-Vega,Professional Services,SMB,Panama,North America,2025-05-11,Organic Search
CUST00569,"Anderson, Dalton and Wilson",Professional Services,SMB,Mauritania,Latin America,2025-02-22,Sales Outreach
CUST00570,Rice-Luna,Retail,Mid-Market,Czech Republic,Latin America,2025-05-15,Organic Search
CUST00571,Avila LLC,Manufacturing,SMB,Kyrgyz Republic,Europe,2024-10-26,Organic Search
CUST00572,"Ball, Coleman and Gray",Healthcare,SMB,Denmark,Europe,2025-04-13,Partner
CUST00573,Murray and Sons,Professional Services,Mid-Market,Falkland Islands (Malvinas),North America,2025-08-09,Organic Search
CUST00574,Pineda Ltd,Professional Services,SMB,Serbia,Asia-Pacific,2025-07-09,Sales Outreach
CUST00575,Johnson Ltd,Technology,Mid-Market,Italy,Latin America,2025-07-13,Paid Search
CUST00576,"Miranda, Stephenson and Smith",Retail,SMB,Costa Rica,Europe,2024-10-31,Webinar
CUST00577,Garcia Inc,Technology,SMB,Kiribati,Asia-Pacific,2024-03-30,Referral
CUST00578,"Powers, Brennan and Sanchez",Technology,Mid-Market,Aruba,Europe,2024-08-02,Sales Outreach
CUST00579,Gonzales-Fernandez,Manufacturing,Mid-Market,Saudi Arabia,Latin America,2024-06-18,Sales Outreach
CUST00580,Taylor LLC,Professional Services,SMB,Djibouti,Europe,2024-03-01,Partner
CUST00581,"Johnston, Ray and Barton",Manufacturing,SMB,Svalbard & Jan Mayen Islands,Europe,2024-11-27,Webinar
CUST00582,Young-Walter,Financial Services,SMB,Panama,Asia-Pacific,2025-06-10,Webinar
CUST00583,"Walker, Turner and Brown",Education,Mid-Market,Yemen,Europe,2025-02-25,Webinar
CUST00584,"Hobbs, Buck and Garrett",Financial Services,Enterprise,Japan,Europe,2025-12-19,Webinar
CUST00585,"Simpson, Compton and David",Healthcare,SMB,Paraguay,Asia-Pacific,2024-09-10,Sales Outreach
CUST00586,Floyd-Flores,Education,SMB,Israel,Europe,2025-08-14,Sales Outreach
CUST00587,Hernandez-Bennett,Education,SMB,Saudi Arabia,Latin America,2024-03-18,Sales Outreach
CUST00588,"Wells, Atkinson and Turner",Professional Services,SMB,Russian Federation,Asia-Pacific,2025-12-12,Webinar
CUST00589,Shaffer Inc,Financial Services,SMB,Monaco,Latin America,2024-12-01,Partner
CUST00590,Faulkner-Grant,Professional Services,Mid-Market,Burkina Faso,North America,2025-04-14,Sales Outreach
CUST00591,Sanchez-Harris,Education,SMB,Oman,North America,2025-07-01,Referral
CUST00592,Nielsen LLC,Retail,Mid-Market,Bermuda,Latin America,2024-10-01,Paid Search
CUST00593,"Hardy, Lee and Adams",Financial Services,SMB,Peru,Europe,2025-08-02,Webinar
CUST00594,"Morrison, Russo and Lopez",Professional Services,SMB,Senegal,North America,2024-02-17,Organic Search
CUST00595,"Ramsey, Hansen and Mendoza",Professional Services,Mid-Market,Trinidad and Tobago,North America,2024-05-07,Webinar
CUST00596,Turner-Stout,Healthcare,SMB,Croatia,North America,2025-03-14,Paid Search
CUST00597,Hayden Inc,Education,Enterprise,San Marino,Asia-Pacific,2024-06-11,Webinar
CUST00598,Rocha-Dominguez,Financial Services,SMB,Romania,Asia-Pacific,2024-09-13,Organic Search
CUST00599,Sanders and Sons,Education,Enterprise,Micronesia,Europe,2024-02-23,Referral
CUST00600,Rowe-James,Financial Services,Mid-Market,Martinique,Europe,2025-03-15,Sales Outreach
CUST00601,"Howard, Green and Hunt",Education,SMB,Luxembourg,Europe,2025-05-03,Organic Search
CUST00602,Garcia-Zavala,Manufacturing,SMB,Latvia,Latin America,2024-01-10,Organic Search
CUST00603,Rocha-Wood,Financial Services,Mid-Market,Isle of Man,Latin America,2025-12-11,Organic Search
CUST00604,Hart and Sons,Technology,SMB,Saint Vincent and the Grenadines,North America,2024-04-14,Organic Search
CUST00605,Smith PLC,Financial Services,Enterprise,Vietnam,Europe,2025-01-26,Sales Outreach
CUST00606,"Riley, Butler and Hernandez",Professional Services,Enterprise,Greenland,Europe,2024-03-11,Partner
CUST00607,James and Sons,Technology,Mid-Market,Luxembourg,Europe,2025-03-26,Referral
CUST00608,"Pena, Cohen and Scott",Healthcare,Mid-Market,Swaziland,Europe,2025-02-25,Sales Outreach
CUST00609,Levy-May,Retail,Enterprise,Liechtenstein,North America,2024-04-12,Organic Search
CUST00610,Jackson-Norton,Technology,Mid-Market,Chile,Latin America,2024-12-25,Webinar
CUST00611,Cortez Group,Financial Services,Mid-Market,Colombia,Europe,2024-10-10,Sales Outreach
CUST00612,"Mooney, Bernard and Warren",Healthcare,Mid-Market,Taiwan,Asia-Pacific,2025-12-08,Organic Search
CUST00613,Landry Ltd,Professional Services,Mid-Market,Australia,Asia-Pacific,2024-07-29,Partner
CUST00614,Gutierrez Ltd,Manufacturing,SMB,Djibouti,Latin America,2024-10-29,Sales Outreach
CUST00615,Mann Inc,Professional Services,Enterprise,Cuba,Europe,2025-05-21,Referral
CUST00616,"Bryant, Brown and Little",Healthcare,SMB,Vietnam,North America,2025-06-24,Webinar
CUST00617,"Durham, Hopkins and Smith",Technology,Enterprise,Martinique,Asia-Pacific,2024-05-15,Referral
CUST00618,"Jenkins, Smith and Bowen",Professional Services,Mid-Market,Mauritania,Asia-Pacific,2025-07-13,Sales Outreach
CUST00619,Smith-Li,Professional Services,SMB,Peru,North America,2024-01-18,Partner
CUST00620,Drake-Browning,Technology,SMB,Botswana,North America,2024-03-02,Webinar
CUST00621,Warren and Sons,Retail,SMB,Congo,Latin America,2025-03-09,Sales Outreach
CUST00622,"Fox, Ochoa and Adams",Technology,Mid-Market,Indonesia,Europe,2024-10-11,Organic Search
CUST00623,Watson Group,Technology,SMB,Kuwait,Europe,2024-06-08,Partner
CUST00624,"Sanchez, Terry and Evans",Retail,Mid-Market,Sweden,North America,2024-11-13,Sales Outreach
CUST00625,Valdez Ltd,Education,Enterprise,Senegal,Europe,2024-02-29,Paid Search
CUST00626,Davis Group,Retail,SMB,Honduras,North America,2024-11-12,Sales Outreach
CUST00627,"Alvarez, Walsh and Warner",Education,Mid-Market,Belize,North America,2024-01-13,Sales Outreach
CUST00628,Bruce-Newman,Education,SMB,Greenland,Latin America,2024-12-21,Partner
CUST00629,"Madden, Dickson and Jacobson",Professional Services,Mid-Market,Uruguay,Asia-Pacific,2024-06-19,Referral
CUST00630,Hall Ltd,Education,Mid-Market,Tuvalu,Asia-Pacific,2024-04-30,Sales Outreach
CUST00631,"Alvarez, Williams and Jones",Technology,SMB,Uzbekistan,Latin America,2024-10-05,Partner
CUST00632,Lam-Elliott,Financial Services,Mid-Market,Antigua and Barbuda,North America,2025-05-23,Referral
CUST00633,Mcfarland LLC,Financial Services,SMB,Andorra,Europe,2025-01-11,Organic Search
CUST00634,Matthews Ltd,Professional Services,SMB,Swaziland,North America,2024-08-21,Sales Outreach
CUST00635,Hickman-Evans,Technology,SMB,Mongolia,North America,2024-09-07,Organic Search
CUST00636,Knight Group,Financial Services,SMB,Philippines,Europe,2024-07-02,Webinar
CUST00637,"Rivera, Campos and Taylor",Professional Services,SMB,Portugal,Latin America,2024-08-17,Paid Search
CUST00638,"Miller, Mcgee and Reed",Retail,Enterprise,Bolivia,Asia-Pacific,2024-10-04,Sales Outreach
CUST00639,Hall-Jones,Manufacturing,SMB,Netherlands,North America,2024-07-02,Paid Search
CUST00640,"Friedman, Sanders and Ayala",Manufacturing,Enterprise,Antarctica (the territory South of 60 deg S),Latin America,2024-03-11,Webinar
CUST00641,"Nelson, Riddle and Henry",Professional Services,SMB,Guinea-Bissau,Asia-Pacific,2024-12-01,Organic Search
CUST00642,"Pugh, Reynolds and Frazier",Retail,SMB,Panama,Europe,2024-10-25,Partner
CUST00643,Miller-Montgomery,Financial Services,Mid-Market,South Georgia and the South Sandwich Islands,Europe,2025-04-20,Referral
CUST00644,Marquez Inc,Retail,Enterprise,Ethiopia,Europe,2025-07-13,Sales Outreach
CUST00645,James Ltd,Healthcare,SMB,Cape Verde,Latin America,2024-01-25,Paid Search
CUST00646,"Price, Ward and Davis",Financial Services,Mid-Market,Western Sahara,North America,2024-12-09,Organic Search
CUST00647,Wallace-Juarez,Education,SMB,Bosnia and Herzegovina,Asia-Pacific,2024-04-16,Paid Search
CUST00648,Miller Group,Healthcare,SMB,Kiribati,North America,2024-05-25,Sales Outreach
CUST00649,"Peters, Russell and Johnson",Technology,SMB,Guinea,Europe,2025-06-16,Referral
CUST00650,"Davis, George and Nguyen",Financial Services,SMB,Hungary,North America,2025-08-17,Organic Search
CUST00651,Carter Group,Healthcare,Mid-Market,Slovakia (Slovak Republic),Latin America,2024-03-17,Partner
CUST00652,Hardy PLC,Technology,SMB,United Kingdom,Europe,2024-08-30,Paid Search
CUST00653,Armstrong and Sons,Professional Services,SMB,Poland,Latin America,2025-12-18,Sales Outreach
CUST00654,Jackson-Adams,Financial Services,SMB,Ethiopia,Asia-Pacific,2024-08-27,Organic Search
CUST00655,Thomas-Jackson,Healthcare,SMB,Falkland Islands (Malvinas),North America,2024-06-08,Organic Search
CUST00656,Evans-Patton,Retail,SMB,Guyana,Latin America,2024-05-03,Partner
CUST00657,Raymond-Le,Professional Services,SMB,Lithuania,Asia-Pacific,2025-04-19,Paid Search
CUST00658,"Jensen, Ellis and Taylor",Technology,SMB,Albania,Asia-Pacific,2025-12-22,Sales Outreach
CUST00659,Cook-Oliver,Technology,SMB,Spain,Asia-Pacific,2024-05-31,Organic Search
CUST00660,Alexander-Jordan,Healthcare,Enterprise,Swaziland,Latin America,2025-06-09,Organic Search
CUST00661,"Mccann, Taylor and Flores",Financial Services,SMB,Yemen,Europe,2024-02-01,Webinar
CUST00662,"Harris, Edwards and Oconnell",Professional Services,SMB,Ghana,Europe,2024-04-06,Referral
CUST00663,Navarro-Chen,Professional Services,Mid-Market,Morocco,North America,2024-01-13,Organic Search
CUST00664,Nguyen LLC,Professional Services,Enterprise,Svalbard & Jan Mayen Islands,Europe,2024-07-21,Sales Outreach
CUST00665,Diaz-Frederick,Financial Services,Mid-Market,Cook Islands,North America,2025-08-19,Partner
CUST00666,"Osborn, White and Saunders",Professional Services,SMB,Anguilla,North America,2024-07-21,Webinar
CUST00667,"Murray, Erickson and Gonzales",Retail,Mid-Market,French Guiana,North America,2024-12-05,Organic Search
CUST00668,"Jones, Abbott and Pope",Retail,SMB,Peru,Latin America,2025-02-08,Referral
CUST00669,Taylor-Turner,Retail,Mid-Market,El Salvador,Europe,2024-12-28,Paid Search
CUST00670,"Moore, Henderson and Bennett",Healthcare,SMB,Kiribati,Latin America,2024-06-01,Organic Search
CUST00671,"Mendoza, Morales and Hunter",Manufacturing,Mid-Market,Uruguay,Asia-Pacific,2025-05-25,Referral
CUST00672,"Barnes, Johnson and Schmitt",Manufacturing,SMB,Reunion,North America,2024-10-13,Referral
CUST00673,"Wheeler, Rocha and Rodriguez",Retail,SMB,Egypt,Europe,2025-10-07,Webinar
CUST00674,"Ortega, Jackson and Salazar",Manufacturing,Mid-Market,Mongolia,Latin America,2025-12-31,Referral
CUST00675,"Byrd, Ross and Goodwin",Manufacturing,Mid-Market,South Africa,Asia-Pacific,2025-08-02,Partner
CUST00676,Rodriguez-Garcia,Retail,SMB,Cyprus,North America,2024-11-22,Partner
CUST00677,"Burgess, Grant and Watts",Technology,Enterprise,Cyprus,Asia-Pacific,2024-02-29,Sales Outreach
CUST00678,Brooks-Ford,Retail,SMB,Philippines,Europe,2024-06-12,Organic Search
CUST00679,"Vaughn, Hernandez and Cuevas",Education,SMB,Liberia,North America,2024-08-12,Partner
CUST00680,Phillips Inc,Professional Services,SMB,Brazil,Europe,2024-06-29,Paid Search
CUST00681,"Thomas, Collins and Gibson",Financial Services,Mid-Market,Costa Rica,Asia-Pacific,2025-08-28,Organic Search
CUST00682,"Webb, Alvarez and Kim",Education,SMB,Qatar,Europe,2025-07-30,Webinar
CUST00683,Flores-Evans,Professional Services,Enterprise,Sudan,Latin America,2025-07-09,Paid Search
CUST00684,"Wilson, Sweeney and Wong",Retail,SMB,Philippines,North America,2024-08-26,Sales Outreach
CUST00685,Spears Ltd,Technology,SMB,Ecuador,North America,2024-12-05,Webinar
CUST00686,"Thompson, Moore and Castro",Healthcare,Mid-Market,Kyrgyz Republic,Asia-Pacific,2024-06-30,Webinar
CUST00687,Salinas Ltd,Professional Services,Enterprise,Colombia,North America,2024-01-23,Organic Search
CUST00688,Davidson Group,Education,Enterprise,Indonesia,North America,2025-06-22,Webinar
CUST00689,Mclaughlin and Sons,Technology,SMB,Korea,Latin America,2025-08-23,Organic Search
CUST00690,"Jordan, Smith and Lewis",Financial Services,SMB,Fiji,Europe,2025-03-23,Sales Outreach
CUST00691,"Stokes, Brown and Garcia",Retail,Mid-Market,Tunisia,Europe,2025-12-25,Webinar
CUST00692,"Lopez, Nguyen and Ellis",Education,Enterprise,Estonia,Asia-Pacific,2024-08-16,Sales Outreach
CUST00693,"Huffman, Rose and Fowler",Professional Services,SMB,Nepal,Asia-Pacific,2025-12-06,Paid Search
CUST00694,Carr-Matthews,Healthcare,Mid-Market,Guernsey,Latin America,2025-08-04,Organic Search
CUST00695,Bruce-Williamson,Manufacturing,SMB,Suriname,Europe,2025-10-16,Partner
CUST00696,"Mccarthy, Evans and Mendez",Retail,SMB,Belize,North America,2024-08-31,Paid Search
CUST00697,"Anderson, Wilson and Torres",Financial Services,SMB,Cocos (Keeling) Islands,North America,2025-12-26,Sales Outreach
CUST00698,Steele-Dixon,Education,Enterprise,Italy,Latin America,2024-01-12,Paid Search
CUST00699,"Taylor, Reyes and Lopez",Healthcare,Mid-Market,North Macedonia,Asia-Pacific,2024-09-19,Sales Outreach
CUST00700,"Steele, Brewer and Cooke",Education,SMB,Moldova,Latin America,2025-03-24,Sales Outreach
CUST00701,Burns and Sons,Healthcare,Enterprise,Colombia,Latin America,2025-01-22,Referral
CUST00702,Wilkinson-Harvey,Retail,SMB,Tonga,Latin America,2025-08-14,Sales Outreach
CUST00703,Crane-Washington,Education,SMB,Congo,Latin America,2024-03-16,Sales Outreach
CUST00704,Maynard-Wagner,Technology,SMB,Lithuania,Asia-Pacific,2024-09-24,Webinar
CUST00705,Cohen-Perry,Technology,SMB,Tajikistan,Latin America,2024-06-13,Sales Outreach
CUST00706,Burns-Miller,Manufacturing,Enterprise,Antarctica (the territory South of 60 deg S),North America,2024-12-12,Partner
CUST00707,Carter LLC,Manufacturing,Enterprise,Czech Republic,North America,2025-03-17,Webinar
CUST00708,"Roberts, Norman and Cunningham",Healthcare,Mid-Market,Sierra Leone,Latin America,2024-06-09,Organic Search
CUST00709,Dunn-Wilson,Financial Services,SMB,Brazil,Europe,2025-02-23,Sales Outreach
CUST00710,Hampton-Morrow,Education,Enterprise,Haiti,Asia-Pacific,2025-11-07,Paid Search
CUST00711,"Carson, Williams and Ball",Healthcare,SMB,Mayotte,Latin America,2025-08-08,Partner
CUST00712,Fritz Inc,Retail,SMB,Saint Pierre and Miquelon,Asia-Pacific,2024-01-04,Referral
CUST00713,"Potter, Evans and Kidd",Financial Services,Mid-Market,Korea,Latin America,2024-07-23,Organic Search
CUST00714,Bailey-Montoya,Healthcare,SMB,Kazakhstan,Asia-Pacific,2024-03-24,Referral
CUST00715,Rowe and Sons,Technology,SMB,Cote d'Ivoire,Latin America,2025-04-27,Referral
CUST00716,"Matthews, Bell and Page",Education,SMB,Norfolk Island,Latin America,2024-07-08,Referral
CUST00717,Martin-Taylor,Retail,SMB,Costa Rica,Latin America,2024-02-15,Paid Search
CUST00718,Trujillo PLC,Retail,SMB,Guernsey,Asia-Pacific,2025-07-31,Organic Search
CUST00719,"Campbell, Ryan and Morris",Professional Services,Mid-Market,Romania,North America,2024-03-28,Sales Outreach
CUST00720,Roberts-Adams,Professional Services,SMB,Togo,Europe,2025-07-20,Organic Search
CUST00721,"Duke, Shelton and Davis",Retail,Mid-Market,Sao Tome and Principe,Latin America,2025-07-02,Sales Outreach
CUST00722,Sellers-Riddle,Retail,Mid-Market,Tonga,Europe,2025-05-02,Paid Search
CUST00723,"Martinez, Cline and Wright",Retail,Enterprise,Rwanda,North America,2025-05-29,Partner
CUST00724,Poole-Juarez,Manufacturing,Mid-Market,Philippines,Europe,2024-05-03,Webinar
CUST00725,Burns-Ray,Retail,SMB,Ethiopia,Europe,2024-08-04,Sales Outreach
CUST00726,"Perry, Hayes and Schultz",Healthcare,SMB,Turkmenistan,North America,2025-11-30,Referral
CUST00727,Powell Ltd,Professional Services,Mid-Market,Fiji,Asia-Pacific,2024-11-23,Webinar
CUST00728,"Mayer, Wood and Clements",Professional Services,SMB,Greece,Latin America,2025-07-23,Referral
CUST00729,"Smith, Schroeder and Oconnor",Financial Services,Enterprise,Saint Martin,Latin America,2024-01-13,Sales Outreach
CUST00730,Reid-Terry,Manufacturing,Mid-Market,Thailand,Latin America,2024-04-25,Referral
CUST00731,Flynn Group,Healthcare,Mid-Market,Cuba,North America,2024-04-18,Partner
CUST00732,Summers-Simpson,Technology,Mid-Market,Gibraltar,Asia-Pacific,2025-02-24,Paid Search
CUST00733,Morgan-Lane,Education,SMB,Mongolia,Latin America,2024-02-08,Organic Search
CUST00734,Kramer-Shannon,Retail,SMB,Serbia,Latin America,2024-02-09,Referral
CUST00735,Williams Ltd,Financial Services,Mid-Market,Slovenia,North America,2025-05-01,Webinar
CUST00736,Smith-Noble,Financial Services,SMB,Cayman Islands,Asia-Pacific,2024-11-14,Paid Search
CUST00737,Bryant-Braun,Retail,Enterprise,Japan,North America,2024-08-21,Organic Search
CUST00738,Forbes and Sons,Education,SMB,Turkmenistan,Asia-Pacific,2024-10-02,Sales Outreach
CUST00739,"Turner, Baxter and Mcdowell",Manufacturing,Mid-Market,Bermuda,Europe,2025-03-28,Paid Search
CUST00740,"Ward, Miller and Beck",Professional Services,SMB,Pakistan,Latin America,2025-06-12,Webinar
CUST00741,Williams Ltd,Professional Services,SMB,Gambia,Europe,2024-03-08,Paid Search
CUST00742,"Lyons, Young and Rios",Manufacturing,SMB,Romania,North America,2024-06-26,Organic Search
CUST00743,Smith Group,Professional Services,SMB,Belarus,North America,2024-09-12,Organic Search
CUST00744,Wheeler PLC,Technology,Enterprise,Pitcairn Islands,Europe,2024-10-07,Referral
CUST00745,Smith-Dominguez,Retail,SMB,Svalbard & Jan Mayen Islands,North America,2025-11-28,Organic Search
CUST00746,Mcneil Group,Financial Services,SMB,Puerto Rico,Latin America,2024-06-30,Webinar
CUST00747,Woods and Sons,Retail,Mid-Market,Hungary,Asia-Pacific,2024-12-18,Organic Search
CUST00748,Cross Inc,Financial Services,Mid-Market,Bosnia and Herzegovina,North America,2024-10-18,Organic Search
CUST00749,Richardson-Evans,Technology,SMB,Hong Kong,Europe,2024-08-14,Sales Outreach
CUST00750,May Ltd,Education,SMB,Cambodia,Latin America,2025-06-09,Organic Search
CUST00751,Moreno Inc,Professional Services,Enterprise,New Zealand,North America,2025-04-30,Webinar
CUST00752,"Martin, Bell and Lewis",Education,SMB,San Marino,North America,2024-08-17,Paid Search
CUST00753,Gillespie PLC,Professional Services,Enterprise,Poland,Asia-Pacific,2025-03-09,Webinar
CUST00754,Heath-Miller,Professional Services,SMB,Bolivia,Asia-Pacific,2024-08-11,Referral
CUST00755,Goodwin PLC,Education,SMB,Saint Lucia,Latin America,2025-08-21,Organic Search
CUST00756,Bell-Jordan,Manufacturing,Enterprise,Somalia,Asia-Pacific,2025-07-28,Sales Outreach
CUST00757,Wright Ltd,Manufacturing,SMB,Belize,North America,2025-05-08,Organic Search
CUST00758,Tran PLC,Financial Services,Mid-Market,Saint Helena,Asia-Pacific,2024-09-24,Sales Outreach
CUST00759,"Mitchell, Pugh and Johnson",Education,SMB,Tanzania,Europe,2025-06-13,Sales Outreach
CUST00760,"Liu, Harris and Lawson",Technology,Mid-Market,Comoros,Latin America,2025-11-07,Paid Search
CUST00761,"Myers, Lucas and Bowers",Healthcare,Mid-Market,South Africa,Latin America,2024-10-29,Paid Search
CUST00762,Simpson Inc,Retail,SMB,Dominican Republic,North America,2025-08-20,Sales Outreach
CUST00763,Little-Jones,Manufacturing,Mid-Market,Tuvalu,Asia-Pacific,2025-12-31,Paid Search
CUST00764,Hatfield LLC,Manufacturing,Mid-Market,Bulgaria,Latin America,2025-11-18,Referral
CUST00765,Valencia-Carroll,Financial Services,Mid-Market,Haiti,Europe,2024-10-27,Organic Search
CUST00766,"Vega, Farmer and Best",Healthcare,Mid-Market,Sierra Leone,Europe,2025-11-27,Webinar
CUST00767,Smith Inc,Education,SMB,American Samoa,Asia-Pacific,2024-08-16,Sales Outreach
CUST00768,Lewis-Livingston,Financial Services,SMB,Yemen,Asia-Pacific,2025-01-15,Paid Search
CUST00769,Hunter-Fuller,Financial Services,SMB,Macao,North America,2025-04-26,Organic Search
CUST00770,Henderson-Morales,Education,Mid-Market,Northern Mariana Islands,North America,2025-04-28,Webinar
CUST00771,"Medina, Hernandez and Miller",Manufacturing,SMB,Belgium,Latin America,2025-06-26,Paid Search
CUST00772,"Mccall, Mccann and Moore",Technology,Enterprise,Greece,Europe,2024-05-20,Webinar
CUST00773,Willis-Hines,Financial Services,SMB,Pakistan,Latin America,2024-05-26,Paid Search
CUST00774,"Day, Collins and Kim",Education,SMB,Zimbabwe,North America,2025-05-14,Paid Search
CUST00775,Brown Inc,Healthcare,SMB,Uzbekistan,North America,2024-01-05,Referral
CUST00776,Wilson-Salazar,Healthcare,Mid-Market,Azerbaijan,Europe,2025-08-13,Sales Outreach
CUST00777,Wade-Barrett,Retail,Mid-Market,China,North America,2024-05-12,Sales Outreach
CUST00778,Smith and Sons,Education,SMB,Reunion,Latin America,2025-05-03,Referral
CUST00779,Martin LLC,Technology,SMB,Mali,Asia-Pacific,2024-01-15,Webinar
CUST00780,"Logan, Le and Jackson",Professional Services,Mid-Market,Brunei Darussalam,Europe,2024-01-19,Sales Outreach
CUST00781,"Norman, Adams and Tanner",Education,Mid-Market,Sierra Leone,Europe,2025-12-11,Webinar
CUST00782,Rogers Group,Financial Services,SMB,Faroe Islands,Latin America,2025-05-30,Partner
CUST00783,"Brown, Joseph and Ray",Healthcare,SMB,Belarus,North America,2024-11-01,Webinar
CUST00784,Gibson-Ward,Retail,Mid-Market,Luxembourg,Asia-Pacific,2025-03-20,Webinar
CUST00785,"Jackson, Moore and Ayala",Healthcare,SMB,Uganda,Latin America,2025-01-02,Sales Outreach
CUST00786,"Craig, Wilson and Yang",Healthcare,Enterprise,Afghanistan,Latin America,2024-01-20,Paid Search
CUST00787,Trevino Inc,Education,Enterprise,Ecuador,Europe,2024-01-23,Partner
CUST00788,Ruiz Group,Healthcare,SMB,Uruguay,North America,2025-01-19,Webinar
CUST00789,White Inc,Financial Services,Mid-Market,Micronesia,North America,2025-08-31,Webinar
CUST00790,"Yang, Barnes and Morris",Education,SMB,Israel,North America,2024-02-19,Sales Outreach
CUST00791,"Flores, Mckenzie and Duncan",Retail,SMB,British Indian Ocean Territory (Chagos Archipelago),North America,2025-07-14,Paid Search
CUST00792,"Nunez, Williams and Walker",Education,SMB,Maldives,North America,2024-11-04,Referral
CUST00793,Finley Inc,Technology,Mid-Market,Turkey,Asia-Pacific,2025-09-29,Sales Outreach
CUST00794,Cline-Ayala,Healthcare,SMB,Georgia,North America,2025-06-07,Sales Outreach
CUST00795,Miller-Bryant,Technology,SMB,Heard Island and McDonald Islands,North America,2025-05-24,Organic Search
CUST00796,Carter LLC,Healthcare,Mid-Market,Saint Vincent and the Grenadines,Europe,2025-01-01,Sales Outreach
CUST00797,"Sanchez, Richardson and Bonilla",Financial Services,SMB,Sierra Leone,Latin America,2024-07-31,Sales Outreach
CUST00798,Oconnor PLC,Retail,SMB,Senegal,North America,2024-01-14,Sales Outreach
CUST00799,Hernandez Group,Technology,Mid-Market,Anguilla,Latin America,2024-06-01,Webinar
CUST00800,Weaver Ltd,Professional Services,SMB,Taiwan,North America,2024-09-19,Sales Outreach
CUST00801,"Wiley, Tapia and Smith",Retail,Enterprise,Palestinian Territory,Asia-Pacific,2024-09-27,Referral
CUST00802,Sweeney-Acosta,Technology,Mid-Market,Bosnia and Herzegovina,North America,2024-10-24,Referral
CUST00803,Moreno and Sons,Education,SMB,Italy,North America,2024-04-07,Webinar
CUST00804,Woodward-Kaufman,Technology,SMB,Cambodia,Europe,2025-11-10,Sales Outreach
CUST00805,"Ramirez, Williams and Hall",Financial Services,SMB,Tanzania,Latin America,2025-09-28,Paid Search
CUST00806,"Gutierrez, Huang and Ellis",Education,SMB,San Marino,Asia-Pacific,2024-07-06,Organic Search
CUST00807,Carpenter PLC,Retail,Enterprise,Burkina Faso,Asia-Pacific,2025-01-29,Sales Outreach
CUST00808,"Wilkins, Jones and Bradley",Retail,Mid-Market,Jordan,Europe,2024-04-25,Organic Search
CUST00809,"Brandt, Young and Green",Education,SMB,Germany,Europe,2024-04-16,Referral
CUST00810,Haynes-Moss,Manufacturing,SMB,Ghana,Latin America,2024-07-04,Sales Outreach
CUST00811,Nelson-Jones,Professional Services,SMB,Cook Islands,North America,2025-12-01,Webinar
CUST00812,Chan PLC,Education,Enterprise,Botswana,Europe,2025-05-09,Webinar
CUST00813,Garcia Group,Technology,Enterprise,Lao People's Democratic Republic,Latin America,2024-02-17,Organic Search
CUST00814,Russell-Herrera,Education,SMB,Sierra Leone,Europe,2025-11-16,Webinar
CUST00815,Hayes Group,Manufacturing,SMB,Estonia,North America,2025-03-19,Sales Outreach
CUST00816,Davis Ltd,Healthcare,SMB,Gabon,Latin America,2024-06-01,Sales Outreach
CUST00817,"Terry, Williams and Huff",Manufacturing,Enterprise,Greece,North America,2024-01-12,Sales Outreach
CUST00818,Davis and Sons,Healthcare,SMB,Guinea-Bissau,Latin America,2025-05-22,Webinar
CUST00819,Palmer-Byrd,Technology,Mid-Market,Eritrea,Asia-Pacific,2024-09-03,Paid Search
CUST00820,Johnson Group,Financial Services,SMB,Timor-Leste,Europe,2025-07-17,Sales Outreach
CUST00821,Hawkins-Pierce,Retail,Mid-Market,Bhutan,North America,2025-04-15,Referral
CUST00822,Garcia-Leon,Manufacturing,SMB,British Virgin Islands,Latin America,2025-04-02,Paid Search
CUST00823,Brown and Sons,Retail,Mid-Market,Bulgaria,North America,2024-04-15,Referral
CUST00824,Colon LLC,Technology,Mid-Market,Poland,North America,2024-04-03,Sales Outreach
CUST00825,"Pace, Miller and Willis",Manufacturing,Mid-Market,United States Virgin Islands,Europe,2025-11-01,Sales Outreach
CUST00826,Johnson Inc,Financial Services,SMB,Congo,North America,2024-08-16,Sales Outreach
CUST00827,"Ramos, Anderson and Stein",Financial Services,Mid-Market,Switzerland,Latin America,2025-11-03,Referral
CUST00828,Martinez-Dunlap,Retail,SMB,Australia,Europe,2024-01-03,Paid Search
CUST00829,Glass Group,Professional Services,Mid-Market,Swaziland,Asia-Pacific,2025-07-14,Partner
CUST00830,"Foster, Johnson and Vega",Education,SMB,China,Europe,2025-05-19,Organic Search
CUST00831,Lewis-Lopez,Education,Mid-Market,Fiji,Latin America,2024-04-19,Paid Search
CUST00832,Stephenson-Johnson,Healthcare,SMB,Niger,Latin America,2024-08-08,Referral
CUST00833,"Sanchez, Phillips and Jenkins",Professional Services,SMB,Mexico,Asia-Pacific,2024-04-20,Sales Outreach
CUST00834,Brown-Ramirez,Technology,Enterprise,Burundi,North America,2025-04-06,Referral
CUST00835,Gonzalez-Wilkerson,Manufacturing,Enterprise,Malta,Europe,2025-05-25,Organic Search
CUST00836,Mccoy PLC,Education,SMB,South Africa,Latin America,2025-08-22,Referral
CUST00837,Mayo Ltd,Manufacturing,Mid-Market,Guinea-Bissau,Europe,2025-12-09,Partner
CUST00838,Stephens-Washington,Education,Mid-Market,United States Minor Outlying Islands,North America,2025-01-31,Sales Outreach
CUST00839,"Shaw, Price and White",Manufacturing,Enterprise,Ghana,Latin America,2025-03-04,Webinar
CUST00840,"Robinson, Huang and Osborne",Education,Mid-Market,Azerbaijan,Asia-Pacific,2025-02-11,Webinar
CUST00841,Moreno-Wang,Financial Services,SMB,Djibouti,Europe,2024-05-21,Referral
CUST00842,Garcia Ltd,Education,Enterprise,Dominican Republic,Asia-Pacific,2025-12-19,Partner
CUST00843,Ferguson-Moody,Financial Services,Mid-Market,Saint Pierre and Miquelon,Europe,2024-07-24,Paid Search
CUST00844,Gallagher and Sons,Education,SMB,Morocco,Asia-Pacific,2025-11-19,Organic Search
CUST00845,Kelly-Combs,Education,Mid-Market,Tanzania,Europe,2025-05-30,Partner
CUST00846,Thompson PLC,Education,SMB,Ghana,North America,2024-12-26,Partner
CUST00847,"Wolfe, Sloan and Johnson",Manufacturing,Mid-Market,Reunion,Latin America,2025-11-21,Sales Outreach
CUST00848,Meza-Elliott,Professional Services,SMB,Mongolia,Latin America,2024-01-14,Partner
CUST00849,Copeland Group,Technology,SMB,Mauritius,North America,2025-11-17,Organic Search
CUST00850,Thompson-Johnson,Financial Services,Mid-Market,Azerbaijan,Europe,2024-10-20,Sales Outreach
CUST00851,Guzman Inc,Healthcare,Mid-Market,Malta,Asia-Pacific,2024-07-27,Sales Outreach
CUST00852,Smith-Hardin,Technology,SMB,Cook Islands,Latin America,2024-04-14,Sales Outreach
CUST00853,Peterson and Sons,Education,Mid-Market,Uruguay,Europe,2025-10-24,Partner
CUST00854,Brown-Hernandez,Healthcare,SMB,Romania,Asia-Pacific,2025-12-10,Sales Outreach
CUST00855,Schroeder PLC,Retail,SMB,Tokelau,Asia-Pacific,2025-07-19,Organic Search
CUST00856,Yu-Brooks,Education,SMB,Western Sahara,Latin America,2024-08-18,Webinar
CUST00857,"Foster, Garcia and Turner",Education,Mid-Market,Burkina Faso,Asia-Pacific,2025-08-25,Partner
CUST00858,Oconnor Group,Manufacturing,SMB,Somalia,Europe,2024-10-28,Referral
CUST00859,"Yu, Banks and Thompson",Education,SMB,Monaco,Europe,2025-06-10,Organic Search
CUST00860,"Preston, Austin and Kelly",Technology,SMB,Papua New Guinea,Asia-Pacific,2024-05-13,Organic Search
CUST00861,"Olsen, Gray and Gross",Professional Services,SMB,French Polynesia,Asia-Pacific,2025-04-22,Sales Outreach
CUST00862,Thompson Inc,Healthcare,SMB,Yemen,Asia-Pacific,2025-09-03,Organic Search
CUST00863,"Fry, Myers and Gamble",Education,Mid-Market,Montenegro,Asia-Pacific,2025-05-17,Sales Outreach
CUST00864,White LLC,Manufacturing,SMB,Uruguay,Asia-Pacific,2025-06-22,Paid Search
CUST00865,"Walker, Cunningham and Zuniga",Healthcare,SMB,Cambodia,Europe,2025-03-01,Partner
CUST00866,Mcgee-Young,Retail,SMB,Ghana,Europe,2024-08-06,Sales Outreach
CUST00867,Fields Inc,Financial Services,SMB,Swaziland,Europe,2025-09-25,Partner
CUST00868,"Santiago, Daniel and Rogers",Manufacturing,Mid-Market,Algeria,North America,2024-04-27,Sales Outreach
CUST00869,Clark-Steele,Retail,SMB,Guernsey,Europe,2024-02-10,Sales Outreach
CUST00870,Buchanan-Le,Financial Services,SMB,Australia,North America,2025-01-30,Paid Search
CUST00871,Kim-Barnes,Education,SMB,Chad,Asia-Pacific,2025-06-10,Sales Outreach
CUST00872,Snyder-Gray,Retail,SMB,Mayotte,Asia-Pacific,2025-10-29,Organic Search
CUST00873,Garcia-Mendoza,Manufacturing,SMB,Tonga,North America,2024-06-20,Webinar
CUST00874,"Curtis, Mcdaniel and Martin",Professional Services,SMB,Barbados,North America,2025-10-03,Organic Search
CUST00875,Phillips LLC,Education,Mid-Market,Eritrea,Europe,2025-12-02,Referral
CUST00876,Jones and Sons,Technology,SMB,Tuvalu,Latin America,2025-10-24,Sales Outreach
CUST00877,Martin-Jones,Technology,Mid-Market,Western Sahara,Europe,2024-01-25,Referral
CUST00878,Morgan PLC,Financial Services,SMB,Uganda,North America,2024-02-25,Organic Search
CUST00879,Bush-Reynolds,Financial Services,Mid-Market,Palau,Europe,2024-09-21,Referral
CUST00880,Lawson Group,Retail,Mid-Market,Cayman Islands,Latin America,2024-11-19,Organic Search
CUST00881,Garcia and Sons,Education,SMB,Comoros,North America,2025-10-18,Sales Outreach
CUST00882,Terry-Bowen,Technology,Mid-Market,Saint Lucia,North America,2025-12-18,Sales Outreach
CUST00883,"Baker, Campbell and Young",Financial Services,Enterprise,Australia,North America,2024-10-23,Sales Outreach
CUST00884,Armstrong-Larsen,Financial Services,Mid-Market,Cape Verde,Asia-Pacific,2025-03-24,Referral
CUST00885,Ward Group,Professional Services,Mid-Market,Benin,Latin America,2024-06-09,Partner
CUST00886,Colon-Weber,Healthcare,Mid-Market,Lesotho,Asia-Pacific,2025-10-11,Organic Search
CUST00887,Davis and Sons,Education,Enterprise,Chile,Asia-Pacific,2024-01-12,Partner
CUST00888,"Carter, Miller and Anthony",Manufacturing,SMB,Gambia,North America,2024-01-06,Partner
CUST00889,Ruiz-Jacobson,Retail,SMB,Estonia,North America,2024-11-08,Paid Search
CUST00890,May Group,Education,Enterprise,Colombia,Asia-Pacific,2024-08-04,Referral
CUST00891,Mcclure-Wood,Education,Enterprise,Kiribati,Europe,2024-06-13,Organic Search
CUST00892,Baker Group,Manufacturing,Mid-Market,Estonia,Europe,2024-04-27,Organic Search
CUST00893,Hood PLC,Professional Services,Mid-Market,Bahamas,North America,2025-07-16,Referral
CUST00894,Goodwin Ltd,Manufacturing,SMB,Bhutan,North America,2024-09-13,Organic Search
CUST00895,Barnett PLC,Education,Mid-Market,Isle of Man,Asia-Pacific,2024-12-31,Organic Search
CUST00896,"Perez, Brown and Hughes",Education,SMB,Mali,Asia-Pacific,2025-09-26,Organic Search
CUST00897,Sheppard-Mcdaniel,Healthcare,SMB,Vietnam,Latin America,2024-12-02,Sales Outreach
CUST00898,Armstrong-Young,Financial Services,Mid-Market,French Southern Territories,Europe,2025-08-02,Partner
CUST00899,Foster Ltd,Professional Services,SMB,Antigua and Barbuda,Latin America,2024-06-21,Organic Search
CUST00900,"Duncan, Black and Duncan",Healthcare,Mid-Market,Niger,Latin America,2024-10-10,Sales Outreach
CUST00901,Martinez Group,Healthcare,Mid-Market,China,Asia-Pacific,2025-05-06,Referral
CUST00902,Stanton and Sons,Financial Services,Mid-Market,Brunei Darussalam,Latin America,2025-07-18,Organic Search
CUST00903,Henderson Ltd,Education,Mid-Market,Jordan,Asia-Pacific,2024-05-23,Webinar
CUST00904,Osborn Ltd,Healthcare,SMB,Cameroon,North America,2024-03-18,Webinar
CUST00905,"Scott, Bartlett and Sloan",Professional Services,SMB,Bangladesh,North America,2025-08-18,Partner
CUST00906,Hughes Group,Professional Services,Mid-Market,Micronesia,North America,2025-07-18,Paid Search
CUST00907,Gates-Stone,Manufacturing,SMB,United States Virgin Islands,Europe,2025-01-09,Referral
CUST00908,Buchanan PLC,Professional Services,Mid-Market,Namibia,Asia-Pacific,2024-05-17,Referral
CUST00909,"Harrington, Rodriguez and Hernandez",Manufacturing,SMB,Montenegro,Asia-Pacific,2025-05-29,Organic Search
CUST00910,"Aguilar, Hanna and Garcia",Healthcare,Mid-Market,Botswana,Europe,2025-06-10,Organic Search
CUST00911,"Chan, Floyd and Dillon",Healthcare,SMB,Turkmenistan,Europe,2025-05-10,Webinar
CUST00912,Humphrey-Baker,Technology,SMB,Palau,Latin America,2024-08-25,Organic Search
CUST00913,Armstrong-Kennedy,Financial Services,SMB,China,Europe,2025-06-14,Webinar
CUST00914,Powell-Montgomery,Financial Services,SMB,Pitcairn Islands,Latin America,2024-02-17,Organic Search
CUST00915,"Morales, Foster and Koch",Education,SMB,Portugal,Asia-Pacific,2024-09-26,Partner
CUST00916,Williams Group,Manufacturing,SMB,Uruguay,Latin America,2025-01-09,Partner
CUST00917,Prince-Smith,Professional Services,SMB,Svalbard & Jan Mayen Islands,Asia-Pacific,2025-01-20,Webinar
CUST00918,Collins-Cameron,Healthcare,SMB,Togo,Asia-Pacific,2024-12-19,Referral
CUST00919,"Cohen, Compton and Perez",Retail,Enterprise,French Southern Territories,North America,2025-05-28,Webinar
CUST00920,"Ramos, Petersen and Adams",Retail,SMB,Israel,North America,2025-06-10,Sales Outreach
CUST00921,"Brewer, Lopez and Lewis",Healthcare,SMB,Swaziland,Europe,2025-01-05,Sales Outreach
CUST00922,Figueroa-Malone,Professional Services,SMB,Trinidad and Tobago,Europe,2025-02-28,Sales Outreach
CUST00923,Nicholson-Robertson,Education,SMB,Cayman Islands,Latin America,2025-05-05,Paid Search
CUST00924,Collins PLC,Healthcare,Mid-Market,Iraq,Latin America,2024-01-23,Paid Search
CUST00925,Deleon PLC,Healthcare,Mid-Market,Turkmenistan,Europe,2024-05-17,Sales Outreach
CUST00926,"Johnson, Lee and Whitaker",Technology,Enterprise,Taiwan,Europe,2024-02-27,Organic Search
CUST00927,Wright Group,Healthcare,SMB,Australia,Latin America,2025-09-05,Webinar
CUST00928,Bush-Hill,Education,SMB,Swaziland,Asia-Pacific,2024-03-28,Paid Search
CUST00929,Wagner-Reid,Manufacturing,Enterprise,British Virgin Islands,Latin America,2024-06-23,Paid Search
CUST00930,"Johnson, Watson and Wheeler",Retail,Mid-Market,Christmas Island,Europe,2025-09-30,Sales Outreach
CUST00931,Matthews-Bailey,Financial Services,SMB,Central African Republic,Asia-Pacific,2025-04-09,Partner
CUST00932,Curry-Barker,Technology,SMB,Finland,Latin America,2024-05-15,Organic Search
CUST00933,Hughes and Sons,Healthcare,SMB,Timor-Leste,Latin America,2024-06-02,Sales Outreach
CUST00934,"Chan, Lewis and Walker",Healthcare,SMB,Czech Republic,North America,2025-06-28,Partner
CUST00935,"Clark, Pearson and Palmer",Technology,SMB,Tonga,Europe,2025-09-09,Partner
CUST00936,"Smith, Buck and Holland",Technology,Enterprise,Netherlands Antilles,Latin America,2025-06-18,Referral
CUST00937,Walker PLC,Professional Services,SMB,Sri Lanka,Latin America,2024-08-22,Webinar
CUST00938,Marquez-Fletcher,Retail,Mid-Market,Falkland Islands (Malvinas),Latin America,2024-12-24,Partner
CUST00939,Woodard-York,Education,Enterprise,Kuwait,North America,2025-03-11,Organic Search
CUST00940,Robinson-Turner,Retail,Mid-Market,Mali,North America,2024-10-17,Partner
CUST00941,"Sanders, Garcia and Hunt",Manufacturing,SMB,Panama,Europe,2024-01-06,Sales Outreach
CUST00942,Hoffman-Wheeler,Professional Services,SMB,Finland,North America,2025-06-16,Organic Search
CUST00943,Cohen-Olson,Education,SMB,Guadeloupe,Asia-Pacific,2025-02-22,Referral
CUST00944,Davidson-Hensley,Healthcare,SMB,Eritrea,Asia-Pacific,2024-09-24,Webinar
CUST00945,"Dawson, Stafford and Evans",Retail,Mid-Market,Canada,Asia-Pacific,2025-11-27,Referral
CUST00946,"Cannon, Yoder and Trujillo",Healthcare,SMB,Spain,Latin America,2024-07-02,Referral
CUST00947,"Powell, Flores and Taylor",Manufacturing,SMB,Anguilla,Asia-Pacific,2025-08-14,Paid Search
CUST00948,"Jimenez, Phillips and Meadows",Education,SMB,Iraq,Europe,2025-11-06,Organic Search
CUST00949,Doyle-Aguilar,Healthcare,SMB,Montserrat,Europe,2024-04-12,Paid Search
CUST00950,Cooper Ltd,Retail,Mid-Market,Cyprus,North America,2024-06-13,Referral
CUST00951,"Nichols, Glover and Knox",Education,SMB,Paraguay,North America,2024-05-28,Referral
CUST00952,Romero-Bruce,Manufacturing,SMB,Tajikistan,North America,2024-09-26,Paid Search
CUST00953,"Walter, White and Davis",Technology,Mid-Market,Brunei Darussalam,Latin America,2025-02-14,Sales Outreach
CUST00954,"Green, Stokes and Hines",Manufacturing,SMB,Cocos (Keeling) Islands,North America,2024-06-28,Sales Outreach
CUST00955,"Lam, Pena and Walker",Retail,SMB,Czech Republic,Asia-Pacific,2024-07-18,Organic Search
CUST00956,"Savage, Fisher and Eaton",Manufacturing,SMB,Holy See (Vatican City State),Europe,2025-09-21,Organic Search
CUST00957,Richards-Ford,Technology,SMB,British Indian Ocean Territory (Chagos Archipelago),North America,2024-06-10,Organic Search
CUST00958,Brown-Walters,Financial Services,Mid-Market,Mozambique,Asia-Pacific,2025-11-16,Referral
CUST00959,"Jones, Preston and Mason",Manufacturing,SMB,Trinidad and Tobago,North America,2025-12-21,Organic Search
CUST00960,"James, Evans and Brown",Technology,SMB,Timor-Leste,Asia-Pacific,2024-12-21,Webinar
CUST00961,Taylor and Sons,Financial Services,SMB,Guam,Europe,2025-04-10,Webinar
CUST00962,Benitez-Orozco,Manufacturing,SMB,Kuwait,Europe,2025-02-20,Partner
CUST00963,Stewart Ltd,Manufacturing,SMB,Cocos (Keeling) Islands,Asia-Pacific,2024-12-14,Webinar
CUST00964,Freeman Ltd,Professional Services,SMB,Christmas Island,Asia-Pacific,2025-07-04,Sales Outreach
CUST00965,Walters-Smith,Manufacturing,SMB,Falkland Islands (Malvinas),Latin America,2025-01-21,Partner
CUST00966,Juarez and Sons,Professional Services,SMB,Morocco,Asia-Pacific,2025-04-14,Sales Outreach
CUST00967,Burns Inc,Manufacturing,Enterprise,Bulgaria,Latin America,2024-04-29,Paid Search
CUST00968,"Hamilton, Jordan and Patterson",Retail,Mid-Market,Lesotho,Europe,2025-11-24,Sales Outreach
CUST00969,Smith-Ferguson,Professional Services,SMB,Saint Martin,Asia-Pacific,2025-06-12,Partner
CUST00970,Dodson-Mcclain,Education,Mid-Market,Saudi Arabia,Europe,2024-10-21,Organic Search
CUST00971,"Lee, Rhodes and Sims",Education,Mid-Market,Egypt,Asia-Pacific,2024-03-18,Partner
CUST00972,Steele LLC,Healthcare,SMB,Georgia,Asia-Pacific,2024-08-11,Webinar
CUST00973,Garcia PLC,Financial Services,SMB,Namibia,Europe,2025-05-25,Sales Outreach
CUST00974,Jackson-Colon,Healthcare,Mid-Market,French Southern Territories,Asia-Pacific,2024-07-30,Paid Search
CUST00975,Bryant-Meyer,Professional Services,SMB,Malta,Asia-Pacific,2024-06-08,Sales Outreach
CUST00976,Hamilton-Mcdaniel,Technology,Enterprise,Burkina Faso,Latin America,2025-09-20,Organic Search
CUST00977,Ferrell-Henry,Professional Services,SMB,Sao Tome and Principe,North America,2025-05-08,Referral
CUST00978,Martin Group,Financial Services,SMB,Andorra,Asia-Pacific,2025-05-17,Organic Search
CUST00979,Walker and Sons,Professional Services,Enterprise,Croatia,Asia-Pacific,2025-02-11,Paid Search
CUST00980,"Johnson, Wagner and Martinez",Manufacturing,SMB,Rwanda,Latin America,2025-05-04,Webinar
CUST00981,"Conner, Brooks and Bowman",Technology,SMB,Sierra Leone,Latin America,2025-12-03,Sales Outreach
CUST00982,"Dean, Wheeler and Williams",Retail,Enterprise,Botswana,Latin America,2024-11-19,Sales Outreach
CUST00983,"Huff, Williams and Wilson",Technology,Mid-Market,Kenya,Latin America,2025-08-17,Organic Search
CUST00984,Martinez-King,Financial Services,Mid-Market,Reunion,Asia-Pacific,2024-07-10,Partner
CUST00985,Harris Ltd,Healthcare,SMB,Norfolk Island,Asia-Pacific,2025-01-09,Organic Search
CUST00986,Turner Ltd,Retail,SMB,Bolivia,Asia-Pacific,2025-01-08,Webinar
CUST00987,"Meyer, Dean and Haynes",Financial Services,SMB,Italy,Europe,2025-08-12,Sales Outreach
CUST00988,Hunt PLC,Professional Services,SMB,British Indian Ocean Territory (Chagos Archipelago),Asia-Pacific,2024-08-29,Partner
CUST00989,Wilson-Rodriguez,Professional Services,SMB,Congo,Europe,2024-06-02,Referral
CUST00990,"Gonzalez, Baker and Mills",Technology,SMB,Cook Islands,Latin America,2024-05-17,Webinar
CUST00991,Warner-Phillips,Professional Services,Mid-Market,Armenia,Asia-Pacific,2025-05-13,Paid Search
CUST00992,"Crawford, Clark and Fitzpatrick",Manufacturing,Enterprise,Greenland,North America,2025-02-11,Organic Search
CUST00993,Smith Ltd,Healthcare,SMB,Benin,Asia-Pacific,2025-05-02,Sales Outreach
CUST00994,Conley Ltd,Technology,SMB,Lithuania,Asia-Pacific,2024-09-23,Referral
CUST00995,Herring PLC,Manufacturing,Mid-Market,Belarus,Asia-Pacific,2024-12-18,Organic Search
CUST00996,"Cummings, Conway and Newman",Technology,SMB,Korea,Europe,2025-08-13,Partner
CUST00997,Baker-Williams,Education,SMB,Suriname,Asia-Pacific,2024-12-29,Paid Search
CUST00998,Sawyer LLC,Manufacturing,SMB,Guyana,Latin America,2024-03-21,Referral
CUST00999,"Edwards, Rodgers and Davis",Financial Services,SMB,Senegal,Europe,2024-06-20,Sales Outreach
CUST01000,Smith and Sons,Financial Services,SMB,Panama,Latin America,2024-03-14,Organic Search
CUST01001,"Jackson, Howard and Kim",Financial Services,SMB,Nigeria,Asia-Pacific,2025-10-30,Paid Search
CUST01002,Johns-Davis,Financial Services,Mid-Market,Suriname,Latin America,2024-10-04,Webinar
CUST01003,White-Morales,Professional Services,Enterprise,Korea,Asia-Pacific,2025-08-24,Partner
CUST01004,Houston-Vaughn,Retail,SMB,Lesotho,Europe,2024-01-24,Organic Search
CUST01005,Banks-Robles,Healthcare,Mid-Market,Bouvet Island (Bouvetoya),North America,2024-08-03,Organic Search
CUST01006,Horton Inc,Technology,SMB,Western Sahara,Latin America,2025-07-15,Organic Search
CUST01007,Garcia PLC,Professional Services,SMB,Liberia,North America,2024-04-16,Paid Search
CUST01008,"Gregory, White and James",Healthcare,SMB,Guinea-Bissau,Latin America,2024-11-12,Paid Search
CUST01009,"Johnson, Cohen and Roberson",Education,SMB,Uganda,Europe,2024-05-14,Partner
CUST01010,Webb Group,Healthcare,SMB,Bouvet Island (Bouvetoya),Asia-Pacific,2024-11-29,Webinar
CUST01011,Alexander-Brown,Retail,Enterprise,Palau,Asia-Pacific,2025-07-15,Referral
CUST01012,Smith-Oneill,Education,SMB,Malta,Latin America,2025-10-08,Sales Outreach
CUST01013,"Ray, Cunningham and Levine",Manufacturing,SMB,Paraguay,Asia-Pacific,2024-12-21,Referral
CUST01014,Stone-Watts,Healthcare,Mid-Market,Niger,Latin America,2024-11-11,Referral
CUST01015,Reynolds Ltd,Financial Services,SMB,Egypt,North America,2024-01-01,Partner
CUST01016,Reed-Rhodes,Professional Services,Mid-Market,Hungary,Asia-Pacific,2024-10-20,Referral
CUST01017,Combs PLC,Technology,Mid-Market,Uganda,Latin America,2025-05-03,Paid Search
CUST01018,"Brown, Schneider and Moore",Professional Services,SMB,Thailand,Asia-Pacific,2025-09-03,Paid Search
CUST01019,Christian-Booth,Technology,SMB,Belarus,Europe,2025-02-25,Webinar
CUST01020,Flores-Rivera,Retail,SMB,Fiji,Europe,2025-10-23,Referral
CUST01021,Hunter PLC,Retail,SMB,Norway,North America,2025-03-08,Sales Outreach
CUST01022,Powell-Young,Manufacturing,Mid-Market,Kuwait,Asia-Pacific,2024-10-18,Sales Outreach
CUST01023,Solis-West,Manufacturing,Mid-Market,Togo,Latin America,2024-07-11,Webinar
CUST01024,West-Wilson,Healthcare,SMB,Luxembourg,North America,2025-10-14,Referral
CUST01025,"Valdez, Garcia and Gutierrez",Retail,SMB,Moldova,Latin America,2024-07-11,Paid Search
CUST01026,"Smith, Davis and Munoz",Healthcare,SMB,Niger,North America,2024-07-09,Webinar
CUST01027,"Torres, Romero and Clark",Financial Services,SMB,Paraguay,Latin America,2024-01-09,Paid Search
CUST01028,Clements-Cox,Healthcare,SMB,Austria,Europe,2024-12-16,Referral
CUST01029,Richard LLC,Professional Services,Mid-Market,Monaco,Asia-Pacific,2025-04-19,Sales Outreach
CUST01030,"Greene, Moran and Cox",Technology,SMB,Korea,Europe,2024-02-27,Paid Search
CUST01031,Davis Ltd,Retail,SMB,Cyprus,Latin America,2024-07-04,Organic Search
CUST01032,Peterson Ltd,Professional Services,SMB,South Georgia and the South Sandwich Islands,Latin America,2024-01-13,Organic Search
CUST01033,Kelley-Brooks,Professional Services,Mid-Market,Botswana,Latin America,2025-03-29,Paid Search
CUST01034,Prince Group,Technology,SMB,Burundi,North America,2025-06-17,Sales Outreach
CUST01035,"Newton, Ortiz and King",Healthcare,SMB,Congo,Asia-Pacific,2024-11-26,Organic Search
CUST01036,Martinez Group,Education,SMB,Cuba,North America,2024-09-16,Referral
CUST01037,Summers-Lee,Financial Services,SMB,Guadeloupe,North America,2025-11-13,Paid Search
CUST01038,Sherman Inc,Technology,SMB,Vanuatu,Latin America,2024-11-28,Organic Search
CUST01039,"Monroe, Chapman and Barton",Professional Services,SMB,Korea,North America,2025-02-09,Sales Outreach
CUST01040,Barrett-Blanchard,Technology,Enterprise,Burkina Faso,Latin America,2025-12-05,Partner
CUST01041,Smith-Fitzgerald,Financial Services,Mid-Market,Micronesia,Europe,2024-06-10,Referral
CUST01042,Roberson-Webb,Education,Mid-Market,Malawi,North America,2024-03-02,Referral
CUST01043,Holt and Sons,Healthcare,Mid-Market,Saint Martin,North America,2024-05-08,Referral
CUST01044,Garcia Ltd,Financial Services,Enterprise,Netherlands Antilles,Asia-Pacific,2025-03-25,Sales Outreach
CUST01045,"Andrade, Gordon and Cruz",Technology,Mid-Market,New Caledonia,Asia-Pacific,2024-05-17,Paid Search
CUST01046,"Farmer, Hill and Stuart",Technology,SMB,French Polynesia,Latin America,2025-07-26,Paid Search
CUST01047,Ballard-Taylor,Education,SMB,Netherlands,Europe,2025-07-10,Paid Search
CUST01048,"Tanner, Hunt and Cameron",Education,SMB,Mexico,Europe,2024-03-11,Partner
CUST01049,Joseph-Walls,Retail,SMB,Norfolk Island,Asia-Pacific,2025-07-08,Referral
CUST01050,Harris PLC,Technology,Mid-Market,Rwanda,Latin America,2024-07-08,Webinar
CUST01051,Parks-Morse,Manufacturing,Enterprise,Bulgaria,Europe,2024-11-24,Sales Outreach
CUST01052,"Santos, Mullen and Gordon",Education,Enterprise,Puerto Rico,Latin America,2024-07-13,Partner
CUST01053,"Morris, Wilson and Bell",Retail,Mid-Market,Lesotho,Europe,2025-09-19,Paid Search
CUST01054,"Duncan, Contreras and Butler",Retail,Mid-Market,San Marino,North America,2024-04-08,Partner
CUST01055,"Mitchell, Boone and Stokes",Technology,SMB,Mali,Europe,2024-07-01,Webinar
CUST01056,Johnson and Sons,Healthcare,SMB,Austria,Europe,2024-04-11,Organic Search
CUST01057,"Brown, Adams and Floyd",Education,Mid-Market,France,Latin America,2025-06-22,Sales Outreach
CUST01058,"King, Franco and Vaughn",Manufacturing,SMB,French Polynesia,Asia-Pacific,2024-08-14,Sales Outreach
CUST01059,Molina Inc,Technology,SMB,Guinea-Bissau,Europe,2025-11-02,Referral
CUST01060,Garcia-Parrish,Professional Services,SMB,Saint Vincent and the Grenadines,North America,2025-01-04,Partner
CUST01061,"Hancock, Newton and Hoffman",Retail,Mid-Market,Dominica,North America,2025-09-23,Paid Search
CUST01062,"Mueller, Lindsey and Roberts",Technology,Mid-Market,Papua New Guinea,Asia-Pacific,2024-03-20,Webinar
CUST01063,House Group,Manufacturing,SMB,Israel,Europe,2025-06-28,Referral
CUST01064,"Edwards, Arnold and Smith",Healthcare,SMB,El Salvador,Europe,2025-08-06,Sales Outreach
CUST01065,Oliver Group,Healthcare,Mid-Market,Switzerland,Latin America,2024-04-18,Sales Outreach
CUST01066,Pruitt Ltd,Manufacturing,SMB,Russian Federation,Latin America,2025-12-20,Sales Outreach
CUST01067,"Richardson, Chapman and Rodgers",Technology,SMB,Congo,Europe,2025-07-17,Referral
CUST01068,"Brandt, Phillips and Thompson",Financial Services,Mid-Market,Pitcairn Islands,Latin America,2024-12-26,Webinar
CUST01069,Lopez and Sons,Manufacturing,Enterprise,Saint Pierre and Miquelon,Asia-Pacific,2025-01-15,Referral
CUST01070,"Wilson, Williams and Ramirez",Education,SMB,Estonia,Asia-Pacific,2025-09-15,Paid Search
CUST01071,Martin LLC,Manufacturing,SMB,Albania,Asia-Pacific,2025-01-03,Webinar
CUST01072,Owens-Pineda,Retail,Enterprise,Armenia,North America,2024-02-05,Webinar
CUST01073,Mcfarland PLC,Manufacturing,SMB,Austria,Europe,2024-11-05,Organic Search
CUST01074,"Gilbert, Stanley and Henry",Healthcare,SMB,Montserrat,Asia-Pacific,2024-01-23,Sales Outreach
CUST01075,"Howard, Bowers and Stewart",Education,Mid-Market,Cyprus,Europe,2024-04-06,Organic Search
CUST01076,Meyer PLC,Financial Services,SMB,Cayman Islands,Asia-Pacific,2025-01-10,Webinar
CUST01077,Daniels-Powell,Healthcare,SMB,Guernsey,Asia-Pacific,2024-04-04,Partner
CUST01078,Ware Ltd,Manufacturing,Enterprise,Greenland,North America,2024-11-28,Sales Outreach
CUST01079,Ward-Robinson,Healthcare,SMB,Sao Tome and Principe,North America,2025-09-01,Sales Outreach
CUST01080,"Moreno, Barajas and Colon",Technology,Mid-Market,Pakistan,Latin America,2024-03-21,Sales Outreach
CUST01081,Wilson LLC,Professional Services,SMB,Kiribati,Latin America,2025-03-02,Webinar
CUST01082,Conway PLC,Technology,Enterprise,Uruguay,Europe,2025-10-30,Sales Outreach
CUST01083,"Sanchez, Williams and Blackwell",Technology,Mid-Market,Hong Kong,Latin America,2024-02-25,Paid Search
CUST01084,Cruz PLC,Technology,SMB,Saint Kitts and Nevis,Europe,2024-11-30,Partner
CUST01085,Johnson-Black,Healthcare,SMB,Sierra Leone,Latin America,2025-04-01,Sales Outreach
CUST01086,Robertson-Hicks,Manufacturing,SMB,Libyan Arab Jamahiriya,Europe,2025-03-18,Paid Search
CUST01087,Phillips Ltd,Retail,SMB,Congo,Asia-Pacific,2024-03-25,Referral
CUST01088,Palmer-Vaughan,Education,SMB,Chad,Latin America,2024-09-25,Organic Search
CUST01089,"Ferguson, Sims and Clark",Manufacturing,SMB,Norfolk Island,Europe,2024-05-18,Referral
CUST01090,Hancock Group,Healthcare,SMB,Syrian Arab Republic,Europe,2025-07-28,Sales Outreach
CUST01091,Harris Ltd,Education,SMB,Turkey,Europe,2024-03-14,Paid Search
CUST01092,"Rowe, Lucas and Case",Retail,SMB,San Marino,North America,2024-04-25,Sales Outreach
CUST01093,"Hernandez, Stevens and Rivera",Retail,SMB,Benin,Europe,2024-11-24,Paid Search
CUST01094,Brown LLC,Education,SMB,Moldova,Asia-Pacific,2024-06-22,Webinar
CUST01095,Andrews and Sons,Manufacturing,Mid-Market,United States Minor Outlying Islands,Latin America,2025-09-30,Organic Search
CUST01096,Russell-Hayes,Technology,Enterprise,Iraq,Europe,2024-07-23,Sales Outreach
CUST01097,Stewart-Price,Healthcare,Mid-Market,British Indian Ocean Territory (Chagos Archipelago),North America,2024-04-25,Sales Outreach
CUST01098,"Smith, Cortez and Brown",Healthcare,Enterprise,Samoa,Europe,2024-10-21,Organic Search
CUST01099,"Williams, Charles and Howard",Education,Mid-Market,Macao,Asia-Pacific,2025-04-05,Referral
CUST01100,Roberts Ltd,Financial Services,SMB,Gabon,Europe,2024-07-27,Partner
CUST01101,"Miller, Hubbard and Kim",Professional Services,SMB,Indonesia,Latin America,2025-09-29,Sales Outreach
CUST01102,"Johnson, Moore and Robinson",Healthcare,Mid-Market,San Marino,North America,2025-01-20,Partner
CUST01103,Robles-Atkinson,Education,SMB,French Polynesia,Asia-Pacific,2024-06-23,Organic Search
CUST01104,"Thomas, Byrd and Sloan",Healthcare,Mid-Market,South Africa,Asia-Pacific,2024-02-24,Referral
CUST01105,"Wong, Bernard and Smith",Technology,SMB,Tunisia,Asia-Pacific,2025-11-09,Webinar
CUST01106,"Thomas, Williams and Armstrong",Education,SMB,India,North America,2024-01-20,Paid Search
CUST01107,"Kelley, Miller and Clark",Education,SMB,Saint Vincent and the Grenadines,Latin America,2025-06-04,Webinar
CUST01108,"Cooper, Gutierrez and Brewer",Technology,Enterprise,Malaysia,Latin America,2025-09-03,Partner
CUST01109,Martin and Sons,Healthcare,SMB,Nicaragua,Latin America,2025-07-28,Webinar
CUST01110,Lee-White,Technology,SMB,South Georgia and the South Sandwich Islands,Asia-Pacific,2024-12-07,Referral
CUST01111,"Phelps, York and Randolph",Education,SMB,Mexico,Asia-Pacific,2025-12-01,Referral
CUST01112,Newman-Jones,Education,SMB,Paraguay,Asia-Pacific,2024-03-04,Sales Outreach
CUST01113,King and Sons,Retail,Enterprise,Saint Kitts and Nevis,North America,2025-07-22,Webinar
CUST01114,"Freeman, Rivera and Anderson",Healthcare,SMB,Palau,Latin America,2025-11-03,Organic Search
CUST01115,Garcia PLC,Education,SMB,Bangladesh,Europe,2025-03-03,Paid Search
CUST01116,Stewart Group,Healthcare,SMB,Greenland,Asia-Pacific,2025-09-11,Paid Search
CUST01117,"Hopkins, Steele and Hernandez",Manufacturing,SMB,Montenegro,Europe,2025-08-17,Partner
CUST01118,Aguirre-Benjamin,Professional Services,SMB,Chile,Europe,2024-11-12,Sales Outreach
CUST01119,Edwards and Sons,Manufacturing,Enterprise,Rwanda,Latin America,2024-05-28,Sales Outreach
CUST01120,"Davidson, Hill and Ward",Manufacturing,Enterprise,Philippines,Asia-Pacific,2024-03-10,Partner
CUST01121,"Rivera, Castillo and Griffin",Education,SMB,Singapore,Asia-Pacific,2024-05-29,Sales Outreach
CUST01122,Tucker-Rodriguez,Professional Services,SMB,Oman,Latin America,2025-02-25,Paid Search
CUST01123,"Miller, Ramirez and Serrano",Education,Enterprise,Uganda,Asia-Pacific,2024-06-04,Sales Outreach
CUST01124,"Gonzalez, Gross and Sims",Technology,SMB,Saint Lucia,North America,2025-09-18,Sales Outreach
CUST01125,Mcclain PLC,Manufacturing,Mid-Market,Norfolk Island,Europe,2025-09-02,Paid Search
CUST01126,Hess PLC,Education,SMB,Iraq,North America,2025-12-05,Sales Outreach
CUST01127,"Lewis, Johnson and Green",Healthcare,SMB,Uganda,Latin America,2025-12-30,Sales Outreach
CUST01128,"Kennedy, Rowe and Diaz",Healthcare,Enterprise,Czech Republic,Latin America,2025-04-30,Organic Search
CUST01129,"Quinn, Carter and Marshall",Healthcare,SMB,Malawi,Latin America,2024-01-16,Webinar
CUST01130,Sanders PLC,Retail,SMB,Algeria,Europe,2024-07-28,Organic Search
CUST01131,"Allen, Maynard and Holden",Retail,Enterprise,Poland,Latin America,2025-12-05,Paid Search
CUST01132,Todd and Sons,Retail,Enterprise,Kiribati,Latin America,2025-02-18,Sales Outreach
CUST01133,White PLC,Manufacturing,Mid-Market,Palestinian Territory,Latin America,2024-11-16,Referral
CUST01134,Fitzgerald Group,Education,Mid-Market,Wallis and Futuna,North America,2025-06-17,Organic Search
CUST01135,Williams-Juarez,Retail,Mid-Market,Djibouti,North America,2024-09-08,Partner
CUST01136,Baker and Sons,Retail,Enterprise,Armenia,North America,2025-07-25,Referral
CUST01137,"Clark, Velez and Ward",Professional Services,Mid-Market,Latvia,North America,2024-07-13,Paid Search
CUST01138,Keith-Williams,Retail,Enterprise,Pakistan,Asia-Pacific,2025-04-17,Organic Search
CUST01139,Garcia-Schmitt,Financial Services,Mid-Market,North Macedonia,North America,2025-12-07,Partner
CUST01140,Davenport-Baker,Healthcare,SMB,Mayotte,Latin America,2024-04-02,Sales Outreach
CUST01141,"Thompson, Valdez and Diaz",Technology,SMB,Palau,Europe,2025-02-06,Referral
CUST01142,Black Group,Retail,SMB,United States of America,Latin America,2025-08-27,Webinar
CUST01143,Black LLC,Healthcare,Enterprise,Svalbard & Jan Mayen Islands,North America,2024-09-13,Paid Search
CUST01144,Tucker-Olson,Education,Enterprise,Netherlands,Europe,2024-05-06,Organic Search
CUST01145,Shaw and Sons,Education,SMB,Kazakhstan,Asia-Pacific,2024-03-28,Partner
CUST01146,Hall PLC,Retail,Mid-Market,Norway,Europe,2025-01-22,Partner
CUST01147,Lewis-Lopez,Technology,Mid-Market,Guyana,Asia-Pacific,2025-08-02,Webinar
CUST01148,"Love, Wilson and Hall",Professional Services,SMB,Sudan,Europe,2024-07-02,Sales Outreach
CUST01149,Cortez-Olson,Technology,SMB,Lesotho,Asia-Pacific,2025-04-01,Paid Search
CUST01150,Clark-Martin,Healthcare,SMB,Syrian Arab Republic,Europe,2024-07-26,Organic Search
CUST01151,Johnson-Williams,Professional Services,SMB,Montserrat,Latin America,2025-05-24,Webinar
CUST01152,"Martin, Soto and Williams",Manufacturing,Mid-Market,Montserrat,Latin America,2024-08-31,Paid Search
CUST01153,Brown LLC,Education,SMB,Uzbekistan,Latin America,2025-03-28,Organic Search
CUST01154,Black Group,Manufacturing,SMB,Netherlands Antilles,Asia-Pacific,2025-09-26,Sales Outreach
CUST01155,"Walsh, Johns and Luna",Professional Services,Mid-Market,Swaziland,North America,2024-07-08,Organic Search
CUST01156,Valentine-Robinson,Education,SMB,New Caledonia,Europe,2024-02-03,Sales Outreach
CUST01157,Dillon-Jackson,Professional Services,Mid-Market,Switzerland,Asia-Pacific,2024-03-30,Organic Search
CUST01158,Burke-Norton,Retail,Enterprise,Swaziland,Europe,2025-11-19,Paid Search
CUST01159,Hanson PLC,Education,Mid-Market,Estonia,Europe,2025-04-11,Sales Outreach
CUST01160,Ramsey LLC,Financial Services,Enterprise,Uzbekistan,North America,2024-11-02,Paid Search
CUST01161,Carlson-Jones,Retail,Mid-Market,Honduras,Latin America,2025-07-17,Organic Search
CUST01162,Anderson-Smith,Retail,SMB,Mali,Asia-Pacific,2024-12-03,Partner
CUST01163,"Cohen, Serrano and Jacobs",Manufacturing,SMB,Christmas Island,Europe,2025-09-18,Organic Search
CUST01164,Valenzuela-Greene,Manufacturing,Mid-Market,Turkey,North America,2025-05-10,Sales Outreach
CUST01165,"Gordon, Wilson and Olson",Manufacturing,Enterprise,Bulgaria,Asia-Pacific,2025-03-13,Sales Outreach
CUST01166,"Ryan, Smith and Pace",Financial Services,SMB,Philippines,Asia-Pacific,2024-05-12,Sales Outreach
CUST01167,"Reynolds, Fisher and Golden",Retail,SMB,Qatar,Latin America,2025-05-19,Sales Outreach
CUST01168,"Patterson, Mays and Olson",Manufacturing,SMB,Seychelles,Asia-Pacific,2024-07-17,Organic Search
CUST01169,Bell-Ballard,Technology,SMB,United States of America,North America,2024-07-31,Sales Outreach
CUST01170,"Johnston, Coleman and Scott",Retail,SMB,Seychelles,Asia-Pacific,2024-12-24,Partner
CUST01171,Kent Inc,Education,SMB,Finland,Europe,2025-12-07,Paid Search
CUST01172,"Mcdowell, Ortiz and Lopez",Professional Services,SMB,Russian Federation,Asia-Pacific,2025-06-02,Partner
CUST01173,"Clarke, Lane and Wilson",Professional Services,SMB,Albania,Asia-Pacific,2024-12-15,Referral
CUST01174,Pena-Watts,Manufacturing,Mid-Market,Germany,North America,2024-06-28,Organic Search
CUST01175,Cox-Moore,Professional Services,SMB,Pakistan,Latin America,2025-04-30,Sales Outreach
CUST01176,"King, Wyatt and Henderson",Education,SMB,Haiti,Europe,2025-10-04,Referral
CUST01177,"Hill, Becker and Fischer",Professional Services,SMB,Isle of Man,Asia-Pacific,2025-04-18,Sales Outreach
CUST01178,"Bowers, Olson and Wood",Retail,Enterprise,Moldova,North America,2025-06-17,Paid Search
CUST01179,King-Parker,Education,Mid-Market,Guatemala,North America,2024-08-01,Partner
CUST01180,"Sanders, Taylor and Shields",Financial Services,Mid-Market,British Indian Ocean Territory (Chagos Archipelago),Asia-Pacific,2024-03-08,Webinar
CUST01181,"Hall, Logan and Avery",Financial Services,Mid-Market,Bolivia,Asia-Pacific,2025-01-19,Sales Outreach
CUST01182,Romero LLC,Professional Services,SMB,Spain,Latin America,2024-07-10,Partner
CUST01183,"Mendez, Cohen and Williams",Professional Services,Mid-Market,Iceland,Asia-Pacific,2025-12-23,Webinar
CUST01184,"Smith, Davis and Thomas",Education,SMB,Vanuatu,Latin America,2024-03-29,Referral
CUST01185,"Graham, Brown and Walker",Healthcare,SMB,Belgium,Asia-Pacific,2024-08-09,Partner
CUST01186,"Johnson, Cruz and Joyce",Healthcare,SMB,Nicaragua,North America,2024-07-25,Webinar
CUST01187,"Meyer, Dawson and Harper",Retail,SMB,Yemen,Latin America,2025-05-27,Organic Search
CUST01188,Bowman Group,Financial Services,Enterprise,Algeria,Asia-Pacific,2024-12-01,Organic Search
CUST01189,Jefferson PLC,Professional Services,SMB,France,Europe,2024-07-29,Sales Outreach
CUST01190,Johnson PLC,Retail,SMB,Malawi,North America,2024-01-05,Paid Search
CUST01191,"Hale, Gilbert and Craig",Technology,Mid-Market,Guyana,North America,2024-12-07,Referral
CUST01192,Pena and Sons,Technology,SMB,Benin,Asia-Pacific,2024-01-24,Partner
CUST01193,Chan-Gomez,Financial Services,Mid-Market,Indonesia,Europe,2024-11-24,Paid Search
CUST01194,Willis-Holmes,Financial Services,SMB,Saint Pierre and Miquelon,Asia-Pacific,2025-03-27,Sales Outreach
CUST01195,"Jones, Davis and Mitchell",Financial Services,SMB,Switzerland,Asia-Pacific,2024-04-27,Organic Search
CUST01196,"Herman, Bailey and Richmond",Manufacturing,Mid-Market,Falkland Islands (Malvinas),North America,2024-07-30,Partner
CUST01197,Obrien and Sons,Manufacturing,SMB,Korea,Europe,2025-12-22,Sales Outreach
CUST01198,Andrews-Green,Manufacturing,SMB,Ireland,North America,2024-11-14,Sales Outreach
CUST01199,"Rodriguez, Jones and Phillips",Financial Services,SMB,Yemen,North America,2024-05-13,Organic Search
CUST01200,Pratt LLC,Education,SMB,Turkey,Latin America,2024-02-25,Organic Search
CUST01201,"Li, Andrews and Benson",Retail,SMB,Honduras,Latin America,2025-09-23,Referral
CUST01202,"Webb, Sanchez and Morgan",Financial Services,Mid-Market,Singapore,North America,2025-04-21,Partner
CUST01203,Maldonado-Mosley,Technology,Mid-Market,Tokelau,Latin America,2024-04-09,Referral
CUST01204,Olson LLC,Education,Mid-Market,Bangladesh,Latin America,2025-04-26,Paid Search
CUST01205,Schultz-Gamble,Healthcare,SMB,Philippines,Asia-Pacific,2025-01-07,Referral
CUST01206,"Hall, Stewart and Moses",Education,Enterprise,Maldives,Asia-Pacific,2024-11-28,Referral
CUST01207,"Smith, Collier and Wright",Technology,SMB,Bermuda,North America,2024-12-25,Referral
CUST01208,Nunez-Nicholson,Professional Services,SMB,Belarus,Asia-Pacific,2025-09-10,Partner
CUST01209,"Velazquez, Woods and Gomez",Manufacturing,SMB,Uganda,North America,2024-11-29,Partner
CUST01210,"Adams, Valentine and Vega",Technology,Mid-Market,United States of America,Latin America,2025-02-14,Partner
CUST01211,Porter and Sons,Healthcare,Mid-Market,Dominica,Europe,2025-05-08,Referral
CUST01212,"Allen, Baker and Perez",Financial Services,SMB,Syrian Arab Republic,Latin America,2025-03-21,Partner
CUST01213,Huff LLC,Financial Services,SMB,Cape Verde,Europe,2024-06-26,Sales Outreach
CUST01214,Wilson Inc,Technology,Mid-Market,Philippines,Latin America,2024-04-27,Partner
CUST01215,"Vasquez, Smith and Vincent",Retail,SMB,Armenia,North America,2025-03-31,Organic Search
CUST01216,Watson-Stewart,Retail,SMB,Ukraine,North America,2025-12-02,Sales Outreach
CUST01217,"Melton, Henry and Joyce",Professional Services,Mid-Market,United States Virgin Islands,Asia-Pacific,2025-05-21,Sales Outreach
CUST01218,"Ramirez, Walker and Ray",Technology,SMB,Austria,Europe,2025-08-17,Webinar
CUST01219,"Lloyd, Mendoza and Fernandez",Education,Mid-Market,Macao,Europe,2025-11-07,Organic Search
CUST01220,Long-Parks,Manufacturing,SMB,China,Latin America,2024-07-19,Paid Search
CUST01221,Bray-Wolfe,Financial Services,SMB,Kuwait,Asia-Pacific,2025-03-21,Sales Outreach
CUST01222,Norris-Smith,Financial Services,Enterprise,Cote d'Ivoire,North America,2025-09-18,Webinar
CUST01223,Carpenter-Nguyen,Retail,Mid-Market,New Zealand,Asia-Pacific,2024-03-04,Referral
CUST01224,Lopez-Baker,Manufacturing,Enterprise,Ethiopia,North America,2025-12-21,Partner
CUST01225,Mullen-Cooper,Financial Services,SMB,Colombia,Asia-Pacific,2024-02-01,Paid Search
CUST01226,Coleman-Barnes,Education,Mid-Market,Sao Tome and Principe,Asia-Pacific,2025-12-29,Referral
CUST01227,Diaz-Morales,Retail,SMB,Korea,Europe,2025-11-09,Organic Search
CUST01228,Duncan PLC,Healthcare,SMB,Poland,Latin America,2025-01-03,Sales Outreach
CUST01229,Olsen Ltd,Healthcare,SMB,Faroe Islands,Europe,2024-05-17,Organic Search
CUST01230,Peters Group,Education,SMB,Congo,Latin America,2025-11-04,Referral
CUST01231,Marsh Ltd,Healthcare,SMB,Canada,Latin America,2025-04-11,Webinar
CUST01232,Shaffer-Thompson,Education,Mid-Market,Luxembourg,Latin America,2025-09-30,Organic Search
CUST01233,Cowan Ltd,Manufacturing,SMB,Maldives,Latin America,2025-01-28,Referral
CUST01234,"Le, Floyd and Evans",Healthcare,SMB,Monaco,North America,2025-08-14,Referral
CUST01235,"Williams, Garcia and Martin",Education,SMB,Cuba,Asia-Pacific,2025-02-24,Webinar
CUST01236,Woods-Soto,Manufacturing,SMB,Korea,North America,2025-08-04,Referral
CUST01237,"Cook, Ward and Castro",Financial Services,SMB,Venezuela,Latin America,2025-12-08,Organic Search
CUST01238,Cooper-Jenkins,Education,Mid-Market,Guernsey,Asia-Pacific,2025-04-21,Partner
CUST01239,"Mccarty, Gonzalez and Johnston",Manufacturing,Enterprise,Pakistan,North America,2024-09-08,Referral
CUST01240,"Thompson, Deleon and Kelly",Education,Mid-Market,Peru,North America,2025-12-01,Sales Outreach
CUST01241,"Freeman, Doyle and Preston",Professional Services,Mid-Market,Hong Kong,North America,2024-12-17,Partner
CUST01242,"Mitchell, Welch and Thomas",Technology,SMB,Chad,Latin America,2025-08-10,Sales Outreach
CUST01243,"Morton, Rogers and Welch",Retail,SMB,Montserrat,Asia-Pacific,2024-10-23,Organic Search
CUST01244,Sweeney-Jones,Education,Enterprise,Central African Republic,Asia-Pacific,2025-07-31,Paid Search
CUST01245,Perez-Stewart,Education,SMB,French Guiana,Europe,2025-08-09,Organic Search
CUST01246,"Adams, Newman and Nelson",Financial Services,Mid-Market,Kenya,North America,2024-10-20,Referral
CUST01247,Adkins-Meyer,Healthcare,SMB,Korea,Asia-Pacific,2024-09-15,Organic Search
CUST01248,Jackson-Dickerson,Financial Services,SMB,Brunei Darussalam,Asia-Pacific,2024-01-15,Sales Outreach
CUST01249,"Young, King and Manning",Manufacturing,SMB,San Marino,Europe,2025-11-05,Referral
CUST01250,Clark Group,Professional Services,SMB,Bosnia and Herzegovina,Europe,2025-05-11,Organic Search
CUST01251,Brown Group,Manufacturing,Enterprise,Mexico,Asia-Pacific,2024-03-27,Webinar
CUST01252,Johnson Group,Manufacturing,Enterprise,Malta,Europe,2025-05-22,Sales Outreach
CUST01253,Garcia PLC,Retail,Mid-Market,Cape Verde,Europe,2025-11-07,Referral
CUST01254,Pena Group,Education,SMB,Georgia,Asia-Pacific,2024-02-25,Sales Outreach
CUST01255,Wright LLC,Professional Services,Mid-Market,Kenya,North America,2024-06-20,Referral
CUST01256,"Martinez, Rose and Jackson",Retail,SMB,Antigua and Barbuda,Europe,2025-01-23,Sales Outreach
CUST01257,"Kelly, Herman and Lin",Retail,SMB,Lao People's Democratic Republic,Europe,2025-06-27,Webinar
CUST01258,"Donovan, Dunn and Taylor",Technology,SMB,Yemen,Latin America,2025-01-26,Sales Outreach
CUST01259,"Ryan, Garza and Bryant",Manufacturing,Mid-Market,San Marino,North America,2024-04-09,Webinar
CUST01260,"Wiley, Graham and Bowman",Education,SMB,Martinique,Latin America,2025-09-17,Webinar
CUST01261,Stout-Olson,Professional Services,SMB,Denmark,Asia-Pacific,2024-09-30,Sales Outreach
CUST01262,Ramos LLC,Financial Services,Mid-Market,Isle of Man,Latin America,2025-04-17,Sales Outreach
CUST01263,Moore-Smith,Education,SMB,Mali,Europe,2025-06-16,Paid Search
CUST01264,Cooper Group,Education,Enterprise,Martinique,Asia-Pacific,2025-07-14,Organic Search
CUST01265,Watts Group,Technology,Mid-Market,Yemen,North America,2025-02-25,Organic Search
CUST01266,Evans-Cannon,Technology,Mid-Market,South Georgia and the South Sandwich Islands,Asia-Pacific,2024-08-12,Sales Outreach
CUST01267,Harper-Robles,Financial Services,SMB,Mexico,North America,2025-09-26,Organic Search
CUST01268,Lopez-Khan,Manufacturing,Mid-Market,Jordan,Europe,2025-09-05,Sales Outreach
CUST01269,Wright-Espinoza,Education,Enterprise,Oman,North America,2025-09-11,Organic Search
CUST01270,Clayton-Walker,Education,Mid-Market,Belgium,Europe,2024-04-23,Sales Outreach
CUST01271,Garrett-Black,Financial Services,SMB,South Georgia and the South Sandwich Islands,North America,2025-10-16,Referral
CUST01272,"Aguirre, Cohen and Mitchell",Financial Services,Mid-Market,Samoa,Asia-Pacific,2024-09-20,Organic Search
CUST01273,"Lamb, Gutierrez and Castaneda",Technology,SMB,Cocos (Keeling) Islands,North America,2025-01-26,Referral
CUST01274,Roberts Ltd,Technology,SMB,Korea,Asia-Pacific,2024-07-01,Referral
CUST01275,"Chavez, Graves and Vasquez",Retail,Enterprise,Gibraltar,Europe,2025-09-16,Referral
CUST01276,Hernandez PLC,Education,SMB,Angola,Europe,2025-07-07,Sales Outreach
CUST01277,Compton LLC,Healthcare,Mid-Market,Ethiopia,North America,2025-03-28,Sales Outreach
CUST01278,Espinoza Ltd,Technology,SMB,Algeria,North America,2025-08-08,Sales Outreach
CUST01279,Davis Inc,Professional Services,SMB,Lithuania,Latin America,2024-06-01,Sales Outreach
CUST01280,Peterson LLC,Technology,Enterprise,Solomon Islands,Latin America,2024-09-29,Organic Search
CUST01281,Bolton-Ford,Financial Services,Enterprise,Somalia,North America,2025-06-11,Sales Outreach
CUST01282,Rivera and Sons,Professional Services,SMB,Azerbaijan,Latin America,2025-02-17,Sales Outreach
CUST01283,Rowe-Jones,Professional Services,Mid-Market,Latvia,North America,2025-07-07,Paid Search
CUST01284,Lee LLC,Retail,Enterprise,Svalbard & Jan Mayen Islands,Latin America,2024-05-04,Partner
CUST01285,Clayton-Martinez,Financial Services,SMB,Seychelles,Asia-Pacific,2025-02-14,Organic Search
CUST01286,"Wright, Wise and Ramos",Education,SMB,Saint Pierre and Miquelon,Asia-Pacific,2024-03-23,Sales Outreach
CUST01287,Gonzalez Ltd,Professional Services,Mid-Market,Sierra Leone,Europe,2024-06-29,Partner
CUST01288,Boyd and Sons,Retail,Mid-Market,Lebanon,Asia-Pacific,2025-12-13,Referral
CUST01289,Maldonado-Collins,Technology,Mid-Market,Gibraltar,Asia-Pacific,2025-05-13,Organic Search
CUST01290,Soto Inc,Education,SMB,Samoa,Europe,2024-05-23,Organic Search
CUST01291,"Meyer, King and Little",Technology,Mid-Market,Congo,Europe,2025-05-15,Referral
CUST01292,Clay-Boyer,Professional Services,SMB,Cuba,Asia-Pacific,2025-05-26,Partner
CUST01293,Young Group,Professional Services,Mid-Market,Greece,North America,2024-02-07,Paid Search
CUST01294,Jackson LLC,Financial Services,Mid-Market,Myanmar,North America,2025-02-19,Organic Search
CUST01295,Foster and Sons,Professional Services,Mid-Market,Algeria,Latin America,2025-11-25,Webinar
CUST01296,Perkins Ltd,Manufacturing,SMB,Lebanon,Europe,2024-03-14,Organic Search
CUST01297,"Carlson, Watson and Davis",Healthcare,SMB,Cayman Islands,North America,2025-04-27,Webinar
CUST01298,Davis-Montgomery,Manufacturing,SMB,Venezuela,Europe,2024-01-15,Organic Search
CUST01299,"Brown, Kelly and Moore",Technology,Enterprise,Mauritania,North America,2025-04-12,Sales Outreach
CUST01300,Martinez and Sons,Professional Services,Mid-Market,Ghana,North America,2024-04-26,Referral
CUST01301,"Kramer, Sherman and Trujillo",Professional Services,Mid-Market,Kazakhstan,North America,2024-07-26,Referral
CUST01302,"Lee, Norris and Howard",Professional Services,Mid-Market,Burkina Faso,Latin America,2024-11-28,Organic Search
CUST01303,Roach-Washington,Education,Mid-Market,Kazakhstan,Europe,2024-11-25,Sales Outreach
CUST01304,"Phillips, Terry and Lopez",Professional Services,SMB,Colombia,North America,2025-08-30,Organic Search
CUST01305,"Bailey, Oconnor and Hill",Technology,SMB,Switzerland,Europe,2025-03-01,Organic Search
CUST01306,"Rocha, Spencer and Jones",Financial Services,Mid-Market,Cape Verde,Latin America,2024-09-06,Webinar
CUST01307,Phillips-Baker,Technology,SMB,Haiti,Latin America,2024-06-10,Organic Search
CUST01308,Smith-Little,Retail,SMB,Hong Kong,North America,2024-07-02,Webinar
CUST01309,"Lopez, Smith and Vincent",Education,Mid-Market,Singapore,Asia-Pacific,2025-03-02,Sales Outreach
CUST01310,"Allen, Le and Barrett",Professional Services,Mid-Market,Mauritania,Europe,2024-07-30,Organic Search
CUST01311,Lee-Vega,Financial Services,SMB,Seychelles,Latin America,2024-09-01,Webinar
CUST01312,"Moore, Campbell and Ortiz",Manufacturing,Mid-Market,Gibraltar,Europe,2025-05-26,Sales Outreach
CUST01313,Davis Ltd,Technology,Mid-Market,Bangladesh,Asia-Pacific,2024-12-22,Referral
CUST01314,Conley and Sons,Manufacturing,SMB,Christmas Island,North America,2025-06-26,Webinar
CUST01315,Harris Group,Manufacturing,SMB,Congo,Europe,2025-04-20,Sales Outreach
CUST01316,Johnson Ltd,Education,SMB,Taiwan,North America,2024-07-17,Organic Search
CUST01317,Barrett-Fox,Healthcare,Mid-Market,Reunion,Latin America,2025-05-24,Organic Search
CUST01318,"Scott, Diaz and Obrien",Education,Enterprise,Barbados,North America,2025-10-22,Referral
CUST01319,Conrad and Sons,Healthcare,SMB,Palau,Asia-Pacific,2025-09-23,Sales Outreach
CUST01320,Hebert-Collier,Professional Services,SMB,Lao People's Democratic Republic,North America,2024-02-23,Webinar
CUST01321,"Brown, Grant and Hurley",Healthcare,SMB,Israel,North America,2025-05-11,Partner
CUST01322,Bauer-Brown,Technology,Enterprise,Nicaragua,Latin America,2025-08-29,Partner
CUST01323,Rice-Navarro,Retail,SMB,Syrian Arab Republic,Asia-Pacific,2024-08-23,Sales Outreach
CUST01324,Miller-Lewis,Financial Services,SMB,Maldives,Europe,2025-02-26,Webinar
CUST01325,Garcia and Sons,Retail,Enterprise,Martinique,North America,2025-04-27,Partner
CUST01326,Lopez-Fox,Technology,Enterprise,Egypt,Europe,2024-08-09,Webinar
CUST01327,"Garrett, White and Curry",Retail,SMB,Israel,Asia-Pacific,2024-05-19,Referral
CUST01328,"Garcia, Fowler and Howard",Healthcare,Mid-Market,Kuwait,Asia-Pacific,2024-07-26,Paid Search
CUST01329,"Ortega, Andrade and Jackson",Technology,Mid-Market,Cocos (Keeling) Islands,North America,2024-10-14,Organic Search
CUST01330,"Morales, Morgan and Moore",Professional Services,SMB,Netherlands Antilles,Latin America,2024-06-24,Sales Outreach
CUST01331,Mahoney-Orr,Healthcare,Enterprise,Mexico,Europe,2025-10-15,Webinar
CUST01332,Kirk-Gutierrez,Healthcare,Mid-Market,North Macedonia,Europe,2024-03-29,Referral
CUST01333,Mckenzie-Morris,Manufacturing,SMB,Dominican Republic,Europe,2025-08-28,Referral
CUST01334,"Gardner, Brooks and Pierce",Retail,SMB,Samoa,Latin America,2024-09-09,Paid Search
CUST01335,Ward-Chavez,Retail,Mid-Market,Indonesia,Europe,2025-08-10,Webinar
CUST01336,Barber LLC,Retail,Enterprise,Nepal,North America,2025-04-26,Sales Outreach
CUST01337,Holmes LLC,Manufacturing,SMB,Albania,Latin America,2025-05-05,Sales Outreach
CUST01338,Joyce-Lewis,Education,Mid-Market,Germany,Latin America,2025-05-22,Paid Search
CUST01339,Ingram Ltd,Manufacturing,Mid-Market,Swaziland,Latin America,2024-08-11,Organic Search
CUST01340,Ellison-Dixon,Financial Services,SMB,Montserrat,North America,2024-01-17,Referral
CUST01341,"Moore, Johnson and Kelly",Financial Services,SMB,Burundi,Latin America,2025-08-07,Sales Outreach
CUST01342,Richardson-Perkins,Technology,Enterprise,Djibouti,Latin America,2024-05-21,Webinar
CUST01343,Shepherd-Davis,Retail,SMB,Iran,Asia-Pacific,2025-10-03,Referral
CUST01344,"Hardin, Navarro and Cummings",Education,SMB,Somalia,North America,2025-01-29,Webinar
CUST01345,Thompson-Petersen,Financial Services,SMB,Portugal,Asia-Pacific,2025-03-12,Sales Outreach
CUST01346,"Johnston, Velez and Larson",Education,Enterprise,French Southern Territories,Europe,2025-12-02,Organic Search
CUST01347,Cross PLC,Financial Services,Mid-Market,Hong Kong,North America,2025-06-11,Webinar
CUST01348,Deleon LLC,Education,SMB,Guernsey,North America,2024-04-23,Referral
CUST01349,Butler-Parrish,Retail,Mid-Market,Trinidad and Tobago,Asia-Pacific,2025-01-10,Organic Search
CUST01350,Adkins PLC,Manufacturing,Mid-Market,Vanuatu,Europe,2024-05-21,Webinar
CUST01351,Walters Ltd,Healthcare,SMB,Hong Kong,Latin America,2025-08-17,Webinar
CUST01352,Torres Inc,Education,SMB,Ghana,Europe,2024-11-24,Referral
CUST01353,"Cunningham, Murphy and Wolfe",Financial Services,SMB,Cape Verde,Latin America,2024-10-10,Organic Search
CUST01354,Nunez Group,Financial Services,SMB,Kiribati,Latin America,2025-05-28,Partner
CUST01355,"Johnston, Davis and Reynolds",Technology,SMB,Solomon Islands,Asia-Pacific,2025-04-07,Sales Outreach
CUST01356,Hernandez-Rogers,Professional Services,Mid-Market,Lebanon,North America,2024-07-11,Webinar
CUST01357,"Mcgee, Kelley and Baker",Retail,SMB,Iran,Latin America,2024-07-02,Paid Search
CUST01358,"Hamilton, Wolfe and Gill",Technology,SMB,Liberia,Asia-Pacific,2024-04-24,Sales Outreach
CUST01359,"Gonzalez, Foster and Duncan",Retail,SMB,Monaco,Europe,2025-06-17,Webinar
CUST01360,"Shea, Warren and Allen",Technology,SMB,Ethiopia,Europe,2025-04-30,Paid Search
CUST01361,Morris-Glass,Retail,Mid-Market,Benin,North America,2024-10-25,Organic Search
CUST01362,Powers Group,Technology,Enterprise,Haiti,Europe,2025-06-16,Sales Outreach
CUST01363,Lee-Cooper,Retail,Mid-Market,Palau,Asia-Pacific,2025-05-12,Partner
CUST01364,Carrillo and Sons,Education,SMB,Guernsey,Latin America,2025-04-13,Paid Search
CUST01365,"Underwood, Lang and Hanson",Healthcare,Enterprise,Kazakhstan,Asia-Pacific,2024-06-24,Sales Outreach
CUST01366,Glass and Sons,Healthcare,SMB,Cook Islands,Asia-Pacific,2024-02-18,Organic Search
CUST01367,"Brooks, Todd and Farrell",Financial Services,SMB,Bouvet Island (Bouvetoya),Europe,2025-09-25,Webinar
CUST01368,"Brown, Rush and Mcintosh",Education,SMB,Trinidad and Tobago,Europe,2024-06-28,Sales Outreach
CUST01369,Smith-Benson,Education,Enterprise,Bouvet Island (Bouvetoya),Europe,2024-06-14,Paid Search
CUST01370,Cole-Johnson,Technology,Enterprise,Cote d'Ivoire,Europe,2025-03-27,Paid Search
CUST01371,"Medina, Harris and Mills",Healthcare,SMB,Eritrea,North America,2025-11-12,Paid Search
CUST01372,"Webb, Blair and Thomas",Financial Services,SMB,Qatar,Latin America,2025-07-06,Webinar
CUST01373,"Smith, Aguilar and Alvarado",Manufacturing,SMB,Aruba,North America,2025-02-18,Webinar
CUST01374,Jackson-Campbell,Professional Services,SMB,Somalia,Latin America,2024-11-23,Organic Search
CUST01375,"Williamson, Brown and Pena",Education,SMB,Algeria,Asia-Pacific,2025-10-24,Sales Outreach
CUST01376,Price LLC,Retail,Enterprise,Panama,Europe,2025-08-01,Sales Outreach
CUST01377,"Ward, Rodriguez and Carter",Retail,SMB,Turks and Caicos Islands,North America,2025-05-05,Webinar
CUST01378,"Hughes, Whitney and Romero",Healthcare,Mid-Market,Russian Federation,North America,2024-11-11,Organic Search
CUST01379,Mckee Group,Manufacturing,Mid-Market,Tonga,Latin America,2024-12-31,Organic Search
CUST01380,"Schmidt, Lopez and Mason",Technology,Mid-Market,Kuwait,Europe,2025-08-20,Partner
CUST01381,"House, Smith and Wright",Professional Services,Enterprise,Marshall Islands,Asia-Pacific,2024-07-19,Organic Search
CUST01382,Cook-Long,Manufacturing,Mid-Market,Cayman Islands,North America,2025-06-08,Referral
CUST01383,Reed LLC,Retail,SMB,Guinea,North America,2025-11-13,Referral
CUST01384,"Turner, Ferrell and Irwin",Healthcare,Mid-Market,Falkland Islands (Malvinas),Latin America,2025-01-13,Referral
CUST01385,Garrett Group,Technology,SMB,Tuvalu,Asia-Pacific,2024-11-11,Webinar
CUST01386,Raymond LLC,Professional Services,Mid-Market,Czech Republic,Europe,2025-03-30,Sales Outreach
CUST01387,Peterson Group,Retail,Mid-Market,Palestinian Territory,Asia-Pacific,2024-06-16,Sales Outreach
CUST01388,Miller Group,Retail,Mid-Market,Mali,Latin America,2024-05-22,Sales Outreach
CUST01389,"Salazar, Garrett and Perez",Manufacturing,SMB,Dominican Republic,Europe,2024-11-06,Referral
CUST01390,"Hernandez, Waller and Browning",Professional Services,SMB,Greenland,Asia-Pacific,2024-03-08,Webinar
CUST01391,Daniels-Clark,Manufacturing,Mid-Market,Burundi,North America,2024-01-07,Referral
CUST01392,"Weaver, Mcbride and Huffman",Financial Services,SMB,Georgia,Latin America,2025-12-28,Partner
CUST01393,"Thornton, Mills and Taylor",Healthcare,SMB,United States of America,Latin America,2024-10-23,Partner
CUST01394,Douglas PLC,Technology,Mid-Market,United States Virgin Islands,Asia-Pacific,2025-08-22,Paid Search
CUST01395,Stewart PLC,Manufacturing,Mid-Market,Martinique,Europe,2024-01-28,Sales Outreach
CUST01396,"Wilson, Stewart and Hobbs",Healthcare,SMB,Saint Lucia,Latin America,2024-05-07,Sales Outreach
CUST01397,Cannon Group,Financial Services,SMB,Isle of Man,Latin America,2025-12-05,Sales Outreach
CUST01398,Ramos-Peck,Technology,SMB,Uganda,Asia-Pacific,2025-05-19,Webinar
CUST01399,"Mahoney, Hill and Maxwell",Technology,Mid-Market,Botswana,Asia-Pacific,2025-08-18,Referral
CUST01400,Lopez PLC,Retail,Enterprise,Nicaragua,Latin America,2025-12-11,Sales Outreach
CUST01401,Obrien-Salazar,Financial Services,SMB,Nepal,North America,2024-09-22,Organic Search
CUST01402,Hall Inc,Technology,SMB,Guinea-Bissau,Latin America,2025-12-10,Organic Search
CUST01403,Watts Group,Healthcare,SMB,Burkina Faso,Asia-Pacific,2025-03-05,Sales Outreach
CUST01404,"Mathis, Harrison and Banks",Financial Services,SMB,Colombia,Asia-Pacific,2025-06-26,Sales Outreach
CUST01405,Henry-Taylor,Technology,SMB,Congo,Europe,2024-04-06,Partner
CUST01406,Johnson Inc,Healthcare,SMB,Uzbekistan,Asia-Pacific,2025-12-02,Sales Outreach
CUST01407,Clements-Walker,Financial Services,Mid-Market,Paraguay,Asia-Pacific,2024-04-08,Partner
CUST01408,Todd Inc,Financial Services,Mid-Market,Christmas Island,North America,2024-05-20,Partner
CUST01409,Camacho-Burns,Financial Services,Mid-Market,Greece,Latin America,2024-12-14,Webinar
CUST01410,Clay-Patterson,Healthcare,SMB,Singapore,Europe,2025-05-30,Paid Search
CUST01411,Franklin Group,Healthcare,Mid-Market,Saint Helena,North America,2025-03-03,Referral
CUST01412,Long-Crosby,Technology,SMB,Montserrat,Europe,2024-01-18,Referral
CUST01413,"Herrera, Davidson and Padilla",Financial Services,Mid-Market,Argentina,Europe,2025-03-28,Webinar
CUST01414,"Rodriguez, Bryant and Rich",Manufacturing,SMB,Turkey,Asia-Pacific,2024-06-25,Sales Outreach
CUST01415,Stone Group,Technology,Mid-Market,Saint Pierre and Miquelon,North America,2024-08-15,Organic Search
CUST01416,Grant PLC,Education,SMB,Serbia,Europe,2024-11-10,Organic Search
CUST01417,"Estes, Lee and Gonzales",Healthcare,Enterprise,Turks and Caicos Islands,Latin America,2025-12-08,Sales Outreach
CUST01418,Ayala-Mitchell,Technology,SMB,Chad,Latin America,2025-03-17,Organic Search
CUST01419,Phillips-Ellison,Technology,SMB,Portugal,North America,2025-04-25,Organic Search
CUST01420,"Mckee, Ford and Lucas",Financial Services,SMB,Bermuda,Asia-Pacific,2025-11-14,Organic Search
CUST01421,"Mason, White and Richards",Technology,Mid-Market,Uganda,Europe,2025-08-24,Webinar
CUST01422,"Payne, Long and Morris",Healthcare,Mid-Market,Anguilla,North America,2024-04-02,Organic Search
CUST01423,Chavez Ltd,Education,Enterprise,Ukraine,Asia-Pacific,2024-12-26,Organic Search
CUST01424,Khan Inc,Manufacturing,Mid-Market,El Salvador,Europe,2025-06-01,Partner
CUST01425,Holt-Meadows,Technology,Mid-Market,South Africa,North America,2025-06-25,Paid Search
CUST01426,Higgins Inc,Healthcare,Enterprise,Bermuda,Europe,2025-07-04,Organic Search
CUST01427,Mccarthy Ltd,Education,SMB,Guyana,Europe,2025-05-31,Webinar
CUST01428,Mills Group,Retail,SMB,Saint Lucia,Europe,2025-03-26,Sales Outreach
CUST01429,"Salazar, Moore and Pierce",Technology,SMB,Aruba,Asia-Pacific,2025-01-23,Referral
CUST01430,Barr PLC,Manufacturing,SMB,Tunisia,North America,2024-11-17,Organic Search
CUST01431,"Huffman, Martin and Thomas",Technology,SMB,Seychelles,Latin America,2025-01-04,Sales Outreach
CUST01432,"Williams, Parker and Cross",Manufacturing,Mid-Market,Kiribati,North America,2024-12-01,Referral
CUST01433,Sims-Wilson,Retail,SMB,Bulgaria,Asia-Pacific,2025-12-04,Webinar
CUST01434,Smith LLC,Retail,SMB,American Samoa,Latin America,2024-10-24,Webinar
CUST01435,Jimenez-Jimenez,Retail,SMB,Sri Lanka,North America,2025-05-02,Webinar
CUST01436,Franklin Group,Financial Services,SMB,Dominica,Latin America,2025-11-19,Organic Search
CUST01437,Chapman Group,Retail,SMB,Korea,North America,2024-05-02,Organic Search
CUST01438,Ramos-Burke,Retail,Mid-Market,Albania,North America,2024-06-21,Organic Search
CUST01439,Khan LLC,Healthcare,SMB,Niger,Latin America,2024-05-05,Paid Search
CUST01440,"Grant, Bryan and Williams",Retail,Mid-Market,Cameroon,Asia-Pacific,2025-12-31,Sales Outreach
CUST01441,Delgado Inc,Manufacturing,SMB,Cameroon,Latin America,2024-12-30,Referral
CUST01442,Estrada PLC,Manufacturing,Enterprise,French Southern Territories,Latin America,2025-06-07,Paid Search
CUST01443,Knapp-Williams,Professional Services,SMB,Israel,North America,2024-09-13,Referral
CUST01444,Martin LLC,Healthcare,Mid-Market,New Zealand,Europe,2024-01-31,Organic Search
CUST01445,"Holt, Larson and Cobb",Technology,Mid-Market,Christmas Island,Latin America,2025-11-25,Organic Search
CUST01446,Curry-Ward,Healthcare,SMB,Argentina,Asia-Pacific,2024-06-05,Paid Search
CUST01447,Mack LLC,Manufacturing,SMB,Heard Island and McDonald Islands,North America,2025-11-07,Sales Outreach
CUST01448,Wilkins-Chang,Professional Services,SMB,Tajikistan,Latin America,2024-07-25,Paid Search
CUST01449,"Brown, Ruiz and Martinez",Retail,SMB,Tokelau,Asia-Pacific,2025-07-09,Paid Search
CUST01450,Murphy-Gutierrez,Professional Services,SMB,Cote d'Ivoire,North America,2024-02-02,Webinar
CUST01451,"Clark, Brown and Duncan",Technology,SMB,Norfolk Island,Asia-Pacific,2025-01-20,Referral
CUST01452,"Benitez, Webb and Barker",Technology,SMB,Vietnam,Asia-Pacific,2025-12-24,Organic Search
CUST01453,"Mitchell, Lynch and Stewart",Retail,SMB,Malta,Latin America,2025-05-14,Sales Outreach
CUST01454,"Carney, Gomez and Anderson",Manufacturing,Mid-Market,Mongolia,Latin America,2025-05-02,Partner
CUST01455,Stone-Welch,Healthcare,SMB,Lithuania,Latin America,2024-09-26,Referral
CUST01456,Stephenson and Sons,Retail,Mid-Market,Russian Federation,Asia-Pacific,2024-10-18,Paid Search
CUST01457,Krause-Smith,Technology,Mid-Market,Anguilla,Europe,2025-01-10,Paid Search
CUST01458,Garrett-Wilson,Education,Mid-Market,Thailand,Asia-Pacific,2025-01-24,Organic Search
CUST01459,Marsh Group,Financial Services,Enterprise,Isle of Man,Latin America,2024-12-25,Organic Search
CUST01460,Cook PLC,Healthcare,SMB,Sri Lanka,Asia-Pacific,2025-08-29,Organic Search
CUST01461,"Lewis, Davidson and Vaughn",Education,SMB,Equatorial Guinea,Asia-Pacific,2024-04-27,Paid Search
CUST01462,Parker PLC,Technology,SMB,Mexico,North America,2025-04-16,Sales Outreach
CUST01463,Wang-Wilson,Retail,Mid-Market,Grenada,Latin America,2024-09-30,Organic Search
CUST01464,Foster-Carroll,Retail,Mid-Market,Antarctica (the territory South of 60 deg S),Asia-Pacific,2025-01-21,Partner
CUST01465,Lee LLC,Financial Services,Mid-Market,Uzbekistan,Latin America,2024-04-12,Sales Outreach
CUST01466,"Mendoza, Wells and Johnson",Healthcare,SMB,Burkina Faso,Asia-Pacific,2024-06-19,Sales Outreach
CUST01467,Moore-Murray,Financial Services,Enterprise,Tonga,Europe,2025-05-23,Sales Outreach
CUST01468,"Huang, Ford and Olsen",Professional Services,SMB,Vanuatu,Europe,2024-10-21,Paid Search
CUST01469,"Brown, Meyer and Cunningham",Financial Services,Enterprise,Philippines,Latin America,2024-08-19,Sales Outreach
CUST01470,Peters-Smith,Technology,Mid-Market,Morocco,North America,2025-08-29,Paid Search
CUST01471,"Rivera, Hendricks and Flynn",Technology,Mid-Market,Bahrain,Latin America,2025-03-13,Paid Search
CUST01472,Ramirez Inc,Professional Services,SMB,Guadeloupe,Asia-Pacific,2025-05-31,Sales Outreach
CUST01473,Sims-Kirby,Retail,Mid-Market,Montserrat,Asia-Pacific,2024-07-23,Referral
CUST01474,"Price, Larson and Hancock",Financial Services,Mid-Market,Sao Tome and Principe,Latin America,2025-11-18,Sales Outreach
CUST01475,Thornton-Edwards,Healthcare,Enterprise,Antigua and Barbuda,Europe,2025-08-13,Referral
CUST01476,Gutierrez-Crawford,Education,Enterprise,Dominica,Latin America,2024-10-01,Webinar
CUST01477,Hayes-Sampson,Manufacturing,Mid-Market,Cuba,Latin America,2025-08-02,Sales Outreach
CUST01478,"Turner, Rodriguez and Glover",Technology,SMB,Slovakia (Slovak Republic),Asia-Pacific,2025-04-18,Organic Search
CUST01479,Gentry Group,Healthcare,Mid-Market,Madagascar,Asia-Pacific,2025-03-21,Referral
CUST01480,Lloyd PLC,Professional Services,Mid-Market,Cape Verde,North America,2025-10-11,Paid Search
CUST01481,Peterson Group,Retail,SMB,Saint Martin,Asia-Pacific,2025-10-23,Organic Search
CUST01482,"Collins, Murphy and Hammond",Education,Mid-Market,Bolivia,Latin America,2024-09-01,Organic Search
CUST01483,"Rhodes, Anderson and Hardy",Healthcare,SMB,Kuwait,Asia-Pacific,2025-04-20,Referral
CUST01484,Reeves-Boyd,Retail,SMB,Albania,North America,2024-07-25,Organic Search
CUST01485,Randolph-Mcdaniel,Healthcare,SMB,Nepal,Asia-Pacific,2025-11-05,Partner
CUST01486,Cook Inc,Education,Enterprise,Bosnia and Herzegovina,Latin America,2024-01-21,Organic Search
CUST01487,"Miranda, Reese and Johnson",Technology,SMB,Senegal,Asia-Pacific,2024-03-06,Webinar
CUST01488,Fowler-Clark,Retail,Enterprise,Cook Islands,North America,2025-02-10,Webinar
CUST01489,Mitchell PLC,Education,Mid-Market,Ghana,Europe,2024-04-24,Partner
CUST01490,Lambert-Nelson,Manufacturing,Enterprise,Cayman Islands,Asia-Pacific,2025-05-23,Webinar
CUST01491,Wilson-Mullen,Healthcare,Mid-Market,Monaco,Asia-Pacific,2024-12-03,Sales Outreach
CUST01492,"Garcia, Daniels and Dunn",Education,SMB,Faroe Islands,Europe,2025-03-09,Paid Search
CUST01493,Harding LLC,Technology,SMB,Montserrat,Asia-Pacific,2025-03-26,Referral
CUST01494,Jackson LLC,Professional Services,Mid-Market,New Zealand,Latin America,2025-06-30,Referral
CUST01495,Fernandez-Williams,Technology,SMB,Antarctica (the territory South of 60 deg S),Latin America,2025-05-01,Sales Outreach
CUST01496,Berger-Williams,Financial Services,Enterprise,Hungary,Europe,2025-01-06,Referral
CUST01497,Miller Group,Financial Services,Mid-Market,Christmas Island,North America,2025-10-22,Webinar
CUST01498,"Carlson, Watkins and Huff",Manufacturing,SMB,Reunion,North America,2025-12-08,Webinar
CUST01499,Jensen-Edwards,Education,SMB,Svalbard & Jan Mayen Islands,Latin America,2024-11-12,Sales Outreach
CUST01500,Marquez Ltd,Education,SMB,Sudan,North America,2025-07-01,Webinar
CUST01501,"Miller, Livingston and Duran",Professional Services,SMB,Montenegro,North America,2025-02-06,Webinar
CUST01502,Davis Ltd,Financial Services,SMB,Lao People's Democratic Republic,Europe,2024-10-31,Paid Search
CUST01503,Bryant Ltd,Healthcare,Enterprise,Norway,Asia-Pacific,2025-10-21,Referral
CUST01504,"Miranda, Ruiz and Meza",Technology,SMB,Cambodia,North America,2025-05-18,Referral
CUST01505,"Scott, Cox and White",Retail,Enterprise,United States Virgin Islands,Asia-Pacific,2025-03-08,Webinar
CUST01506,"Rivera, Valencia and Nguyen",Professional Services,SMB,Libyan Arab Jamahiriya,Europe,2025-12-16,Paid Search
CUST01507,Jones Inc,Technology,SMB,Guernsey,Asia-Pacific,2025-04-09,Sales Outreach
CUST01508,Murray-Jackson,Professional Services,SMB,Seychelles,Europe,2025-10-07,Referral
CUST01509,Munoz-Anderson,Education,SMB,Bosnia and Herzegovina,Latin America,2024-07-23,Sales Outreach
CUST01510,Roth-Robles,Financial Services,Mid-Market,Greece,North America,2024-06-10,Paid Search
CUST01511,"Banks, Sparks and Patel",Education,Enterprise,Iran,Europe,2025-08-31,Sales Outreach
CUST01512,"Gutierrez, Oliver and Kelley",Professional Services,Enterprise,Liberia,Latin America,2025-05-04,Webinar
CUST01513,Jones-Clark,Healthcare,SMB,Puerto Rico,Asia-Pacific,2024-10-15,Organic Search
CUST01514,"Reynolds, Baird and Bradley",Retail,SMB,Guam,Latin America,2025-01-21,Webinar
CUST01515,"Benson, Thompson and Caldwell",Manufacturing,SMB,Saint Vincent and the Grenadines,North America,2025-07-25,Sales Outreach
CUST01516,"Andrews, Tucker and Vargas",Education,SMB,Kyrgyz Republic,North America,2025-04-18,Organic Search
CUST01517,Peters-Short,Education,Enterprise,Christmas Island,North America,2025-02-14,Sales Outreach
CUST01518,Blanchard-Jones,Manufacturing,SMB,Botswana,North America,2025-01-11,Organic Search
CUST01519,"Cervantes, Wise and Gray",Manufacturing,SMB,Lithuania,Latin America,2025-04-09,Sales Outreach
CUST01520,"Keller, Davis and Montoya",Retail,SMB,Tuvalu,Europe,2024-07-14,Webinar
CUST01521,"Berger, Fields and Smith",Professional Services,Mid-Market,Cameroon,Asia-Pacific,2025-05-21,Referral
CUST01522,"Hernandez, Schmidt and Price",Retail,Enterprise,Morocco,Europe,2024-10-16,Sales Outreach
CUST01523,Gonzalez-Maldonado,Healthcare,SMB,Ghana,Latin America,2024-05-29,Organic Search
CUST01524,Hudson-Gentry,Financial Services,SMB,Gabon,Latin America,2024-09-11,Referral
CUST01525,Robbins-Herman,Education,Mid-Market,Benin,North America,2024-01-11,Referral
CUST01526,"Smith, Downs and Powell",Professional Services,SMB,Brunei Darussalam,Latin America,2025-12-04,Paid Search
CUST01527,Brown-Santana,Retail,Mid-Market,Austria,Asia-Pacific,2024-03-15,Organic Search
CUST01528,Warner LLC,Technology,SMB,Bouvet Island (Bouvetoya),Europe,2025-04-27,Webinar
CUST01529,Glenn-Young,Manufacturing,Enterprise,Reunion,North America,2024-01-06,Paid Search
CUST01530,"Long, Flores and Reyes",Manufacturing,SMB,Hong Kong,Latin America,2025-11-18,Referral
CUST01531,Gardner-Bates,Manufacturing,SMB,Lebanon,Europe,2024-09-23,Organic Search
CUST01532,Lopez Group,Retail,Enterprise,Tajikistan,Latin America,2024-05-15,Organic Search
CUST01533,Larsen-Moore,Education,SMB,Tunisia,Europe,2024-09-23,Organic Search
CUST01534,"Martinez, Smith and Wong",Technology,Enterprise,Cambodia,Latin America,2024-10-14,Sales Outreach
CUST01535,"Dyer, Barrett and Proctor",Retail,SMB,Burkina Faso,Asia-Pacific,2025-09-19,Sales Outreach
CUST01536,Taylor Group,Financial Services,SMB,Tokelau,Latin America,2024-06-17,Paid Search
CUST01537,English-Dominguez,Retail,Mid-Market,Venezuela,Europe,2025-07-23,Webinar
CUST01538,Hanson-Gibson,Education,Mid-Market,Jamaica,Latin America,2024-02-24,Organic Search
CUST01539,"Wilkins, Cruz and Perez",Technology,SMB,Jamaica,North America,2025-04-26,Paid Search
CUST01540,"Smith, Jimenez and Simon",Education,SMB,Rwanda,North America,2025-05-21,Organic Search
CUST01541,"Adams, House and Johnston",Financial Services,Enterprise,Antigua and Barbuda,Latin America,2025-04-13,Referral
CUST01542,Carroll Ltd,Professional Services,Mid-Market,Heard Island and McDonald Islands,Europe,2024-05-06,Paid Search
CUST01543,Carpenter Ltd,Healthcare,Enterprise,Belgium,Europe,2024-06-21,Sales Outreach
CUST01544,Cross PLC,Professional Services,SMB,Togo,Europe,2025-08-20,Webinar
CUST01545,Marshall-Miller,Technology,SMB,Tuvalu,Europe,2025-03-02,Webinar
CUST01546,"Davis, Kennedy and Harmon",Healthcare,Mid-Market,Paraguay,North America,2024-12-02,Organic Search
CUST01547,Sutton PLC,Education,Enterprise,South Georgia and the South Sandwich Islands,North America,2025-02-07,Referral
CUST01548,"Edwards, Brown and Cooper",Technology,Mid-Market,Slovakia (Slovak Republic),Europe,2024-01-30,Organic Search
CUST01549,Harrison PLC,Professional Services,Mid-Market,United Kingdom,Latin America,2025-04-09,Sales Outreach
CUST01550,Berry-Rivera,Financial Services,Mid-Market,Guinea,North America,2024-12-03,Webinar
CUST01551,Roberts-Johnson,Education,Mid-Market,Uzbekistan,Latin America,2024-11-28,Webinar
CUST01552,"Curry, Acosta and Elliott",Education,Enterprise,Bahamas,Europe,2024-08-04,Webinar
CUST01553,"Kennedy, Jackson and Williams",Professional Services,Mid-Market,French Guiana,Asia-Pacific,2024-02-26,Sales Outreach
CUST01554,"Weber, Mitchell and Miller",Manufacturing,Enterprise,Madagascar,Latin America,2024-04-04,Referral
CUST01555,York LLC,Healthcare,SMB,El Salvador,Latin America,2024-04-01,Organic Search
CUST01556,Gilbert LLC,Healthcare,SMB,Togo,Latin America,2024-10-18,Sales Outreach
CUST01557,Smith-Rodriguez,Education,SMB,China,Asia-Pacific,2025-05-17,Sales Outreach
CUST01558,"Stevenson, Hopkins and Wood",Education,Mid-Market,China,Asia-Pacific,2025-12-02,Sales Outreach
CUST01559,Patton-Young,Financial Services,Mid-Market,Cocos (Keeling) Islands,Asia-Pacific,2025-06-08,Organic Search
CUST01560,"Atkins, Cooper and Miller",Retail,Enterprise,Cameroon,Latin America,2024-10-01,Partner
CUST01561,"Peck, Moore and Crawford",Retail,SMB,Isle of Man,Latin America,2025-01-12,Sales Outreach
CUST01562,Young-Alexander,Retail,Mid-Market,Northern Mariana Islands,North America,2024-02-11,Partner
CUST01563,Clark Ltd,Retail,Mid-Market,Tajikistan,Europe,2025-05-22,Partner
CUST01564,Brown-Baker,Education,SMB,Svalbard & Jan Mayen Islands,Asia-Pacific,2025-04-24,Referral
CUST01565,Williams Group,Professional Services,SMB,Iran,Europe,2024-05-10,Sales Outreach
CUST01566,Turner-Reese,Financial Services,Mid-Market,Sao Tome and Principe,Latin America,2024-10-29,Partner
CUST01567,"Hall, Vega and Price",Manufacturing,SMB,Estonia,North America,2025-06-09,Organic Search
CUST01568,Moreno Group,Retail,SMB,American Samoa,Latin America,2025-11-07,Sales Outreach
CUST01569,Ho-Cole,Professional Services,SMB,Philippines,Asia-Pacific,2025-08-22,Organic Search
CUST01570,Nixon-Vega,Manufacturing,SMB,Armenia,Latin America,2024-07-02,Sales Outreach
CUST01571,Hardin Ltd,Professional Services,SMB,Guinea,North America,2025-03-02,Webinar
CUST01572,Bishop-Pearson,Financial Services,SMB,Faroe Islands,Latin America,2025-11-17,Referral
CUST01573,Nelson-Lang,Professional Services,SMB,Equatorial Guinea,Europe,2024-08-04,Organic Search
CUST01574,"Silva, Murray and Leonard",Education,Enterprise,Dominican Republic,Asia-Pacific,2025-11-20,Organic Search
CUST01575,"Powers, Townsend and Meyer",Manufacturing,SMB,Philippines,Latin America,2024-04-29,Organic Search
CUST01576,"Kaiser, Edwards and Smith",Education,SMB,Algeria,Latin America,2025-11-04,Webinar
CUST01577,Smith Inc,Manufacturing,Mid-Market,Malta,Asia-Pacific,2025-09-25,Sales Outreach
CUST01578,Jennings LLC,Manufacturing,SMB,Cyprus,Latin America,2024-11-05,Organic Search
CUST01579,"Campbell, Lee and Johnson",Healthcare,SMB,Bermuda,North America,2024-01-17,Sales Outreach
CUST01580,Mays Ltd,Healthcare,Enterprise,Uganda,Europe,2025-05-07,Sales Outreach
CUST01581,Sampson Ltd,Education,SMB,British Virgin Islands,Europe,2024-03-29,Paid Search
CUST01582,"Rosario, Miller and Jacobs",Retail,SMB,Honduras,Latin America,2024-01-23,Organic Search
CUST01583,"Gallagher, Wong and Pratt",Healthcare,Mid-Market,Colombia,Latin America,2025-05-11,Referral
CUST01584,Dominguez LLC,Professional Services,SMB,French Polynesia,Europe,2024-07-25,Paid Search
CUST01585,Guerrero-Jones,Professional Services,Mid-Market,Korea,North America,2024-12-07,Organic Search
CUST01586,Hammond-Schwartz,Education,Mid-Market,Papua New Guinea,Latin America,2025-03-01,Sales Outreach
CUST01587,Scott-Norman,Education,Mid-Market,Falkland Islands (Malvinas),Asia-Pacific,2024-02-07,Referral
CUST01588,Reyes LLC,Retail,SMB,Bahamas,Latin America,2024-08-25,Sales Outreach
CUST01589,Sosa-Baker,Manufacturing,SMB,Kazakhstan,Asia-Pacific,2025-07-20,Organic Search
CUST01590,Vasquez and Sons,Education,SMB,New Zealand,Latin America,2024-04-29,Referral
CUST01591,White-Vasquez,Education,SMB,Cambodia,Latin America,2024-01-22,Organic Search
CUST01592,"Mack, Robinson and Schneider",Education,SMB,United States Minor Outlying Islands,Asia-Pacific,2025-03-24,Paid Search
CUST01593,Baldwin-Garcia,Healthcare,Mid-Market,Barbados,Asia-Pacific,2025-09-08,Webinar
CUST01594,Duncan LLC,Education,Mid-Market,Singapore,Europe,2024-10-27,Sales Outreach
CUST01595,Smith-Jimenez,Retail,Enterprise,Palau,Asia-Pacific,2025-04-28,Sales Outreach
CUST01596,"Smith, Johnson and Myers",Professional Services,SMB,Canada,Europe,2024-10-16,Sales Outreach
CUST01597,"Rivera, Myers and Smith",Technology,Mid-Market,Russian Federation,Europe,2024-06-26,Organic Search
CUST01598,Mendoza-Powell,Manufacturing,SMB,Saint Lucia,Latin America,2025-05-20,Paid Search
CUST01599,Fernandez Inc,Healthcare,Mid-Market,Hungary,North America,2025-01-02,Webinar
CUST01600,"Meyers, Olson and Bradley",Financial Services,Mid-Market,Vietnam,Europe,2025-05-30,Organic Search
CUST01601,Cook-Turner,Technology,SMB,Azerbaijan,North America,2025-09-24,Paid Search
CUST01602,"Shea, Holland and Diaz",Manufacturing,SMB,Timor-Leste,Asia-Pacific,2024-12-14,Sales Outreach
CUST01603,Miller-Stevens,Professional Services,SMB,Seychelles,Asia-Pacific,2024-06-03,Webinar
CUST01604,Holland-Thompson,Professional Services,SMB,Armenia,North America,2025-12-24,Organic Search
CUST01605,Guerrero-Evans,Retail,Mid-Market,Iceland,North America,2024-04-18,Sales Outreach
CUST01606,Mccoy LLC,Manufacturing,Mid-Market,Libyan Arab Jamahiriya,North America,2025-07-29,Organic Search
CUST01607,Mcclure Group,Technology,SMB,Saint Pierre and Miquelon,North America,2024-07-29,Webinar
CUST01608,Taylor and Sons,Healthcare,Mid-Market,Anguilla,Latin America,2025-06-02,Referral
CUST01609,"Davies, Allen and Price",Professional Services,SMB,Somalia,Asia-Pacific,2024-12-08,Sales Outreach
CUST01610,"Schneider, Porter and Hanna",Technology,Mid-Market,Sudan,Latin America,2025-03-01,Sales Outreach
CUST01611,Levy-Smith,Technology,SMB,Guadeloupe,Latin America,2024-12-15,Paid Search
CUST01612,Morgan Ltd,Healthcare,SMB,Armenia,Asia-Pacific,2025-02-28,Referral
CUST01613,Wilson-Roman,Education,SMB,Papua New Guinea,Latin America,2024-08-21,Organic Search
CUST01614,"Ellis, Gregory and Sawyer",Retail,SMB,Canada,Latin America,2025-04-14,Webinar
CUST01615,"Riley, Buckley and Johnson",Manufacturing,Mid-Market,Cambodia,Asia-Pacific,2024-01-31,Referral
CUST01616,Valdez-Ruiz,Professional Services,SMB,Uruguay,North America,2024-03-27,Paid Search
CUST01617,"Williams, Haynes and Anderson",Retail,Enterprise,China,Europe,2025-03-20,Organic Search
CUST01618,"Williams, Parker and Leon",Professional Services,SMB,Korea,Europe,2025-08-11,Organic Search
CUST01619,"Jackson, Garza and Meyers",Education,Enterprise,Botswana,Asia-Pacific,2025-03-05,Referral
CUST01620,Crawford PLC,Education,Mid-Market,Cyprus,Asia-Pacific,2024-11-17,Webinar
CUST01621,Brock Group,Technology,Mid-Market,Guadeloupe,Europe,2025-12-18,Referral
CUST01622,"Gregory, Nguyen and Daugherty",Education,SMB,Morocco,Latin America,2025-12-15,Paid Search
CUST01623,"Taylor, Copeland and Mcguire",Professional Services,Mid-Market,Serbia,Latin America,2024-07-21,Webinar
CUST01624,Watkins LLC,Technology,SMB,Bahrain,Asia-Pacific,2025-02-03,Sales Outreach
CUST01625,Hill Group,Education,Enterprise,Chile,Asia-Pacific,2024-08-06,Organic Search
CUST01626,"Wood, Martin and Sanchez",Manufacturing,SMB,Mozambique,Asia-Pacific,2025-10-12,Organic Search
CUST01627,Anderson Ltd,Technology,Enterprise,New Zealand,Asia-Pacific,2024-09-04,Sales Outreach
CUST01628,Strickland-Smith,Financial Services,Mid-Market,Libyan Arab Jamahiriya,North America,2024-03-02,Sales Outreach
CUST01629,Smith and Sons,Financial Services,Mid-Market,Vanuatu,Asia-Pacific,2024-05-06,Organic Search
CUST01630,Mann PLC,Education,Enterprise,Tuvalu,Latin America,2024-11-01,Partner
CUST01631,Butler-Aguirre,Technology,SMB,Sierra Leone,Europe,2025-08-18,Partner
CUST01632,Schwartz-Harris,Education,Mid-Market,Northern Mariana Islands,Europe,2024-12-24,Paid Search
CUST01633,Mills-Jenkins,Education,Mid-Market,Wallis and Futuna,Europe,2025-01-21,Partner
CUST01634,Bishop Inc,Healthcare,SMB,Nepal,Europe,2025-01-04,Referral
CUST01635,Love PLC,Healthcare,Mid-Market,Zambia,Latin America,2024-03-24,Organic Search
CUST01636,Burton LLC,Retail,Enterprise,Guernsey,Latin America,2024-08-07,Referral
CUST01637,Smith-Young,Financial Services,Mid-Market,British Indian Ocean Territory (Chagos Archipelago),Latin America,2025-08-25,Partner
CUST01638,"Davila, Montgomery and Huffman",Professional Services,SMB,Mauritius,Asia-Pacific,2025-08-21,Referral
CUST01639,"Robinson, Townsend and Hopkins",Retail,Enterprise,Falkland Islands (Malvinas),Latin America,2025-03-02,Sales Outreach
CUST01640,Lee and Sons,Healthcare,SMB,Poland,Latin America,2025-12-29,Referral
CUST01641,Jimenez-Moore,Education,SMB,Uzbekistan,North America,2025-12-12,Paid Search
CUST01642,Brown LLC,Retail,SMB,Finland,Europe,2025-07-26,Referral
CUST01643,Hamilton LLC,Technology,Mid-Market,Nicaragua,Latin America,2024-04-22,Organic Search
CUST01644,Williams-Yang,Manufacturing,SMB,Uzbekistan,Europe,2024-04-30,Referral
CUST01645,"Thompson, Floyd and Washington",Financial Services,SMB,Brazil,Latin America,2024-01-29,Sales Outreach
CUST01646,Jacobson Ltd,Healthcare,Mid-Market,Kenya,Latin America,2024-02-19,Webinar
CUST01647,"Riley, Barnes and Burgess",Financial Services,Enterprise,Ukraine,Europe,2024-07-06,Sales Outreach
CUST01648,Hall-Rodriguez,Retail,SMB,Denmark,Asia-Pacific,2024-03-10,Webinar
CUST01649,Young Group,Retail,SMB,Trinidad and Tobago,Asia-Pacific,2025-08-02,Referral
CUST01650,Bennett and Sons,Financial Services,Mid-Market,Barbados,Latin America,2025-09-12,Organic Search
CUST01651,Richards-Brown,Healthcare,SMB,Jordan,Latin America,2025-04-05,Sales Outreach
CUST01652,Robinson PLC,Healthcare,Enterprise,Korea,Asia-Pacific,2024-04-01,Sales Outreach
CUST01653,Hughes and Sons,Education,Mid-Market,Kuwait,Latin America,2024-08-26,Webinar
CUST01654,"Lee, Howard and Nelson",Financial Services,SMB,Grenada,Latin America,2024-10-11,Sales Outreach
CUST01655,Johnson PLC,Professional Services,SMB,Bahamas,North America,2025-08-08,Sales Outreach
CUST01656,Taylor-York,Professional Services,Mid-Market,Kuwait,North America,2025-10-21,Partner
CUST01657,Jackson-Cooper,Healthcare,Enterprise,Turks and Caicos Islands,North America,2025-08-06,Partner
CUST01658,Munoz-Clarke,Professional Services,SMB,Northern Mariana Islands,North America,2024-05-03,Sales Outreach
CUST01659,"Whitehead, Lane and Tran",Manufacturing,SMB,Denmark,North America,2024-10-08,Sales Outreach
CUST01660,Jenkins PLC,Healthcare,Mid-Market,Liechtenstein,Latin America,2024-03-27,Sales Outreach
CUST01661,Vargas Group,Manufacturing,SMB,Fiji,North America,2025-05-18,Webinar
CUST01662,Blair Ltd,Technology,SMB,Tunisia,Europe,2025-02-28,Organic Search
CUST01663,Wright Group,Manufacturing,SMB,Mozambique,Asia-Pacific,2024-04-03,Organic Search
CUST01664,Snow PLC,Technology,SMB,Yemen,Asia-Pacific,2024-05-27,Organic Search
CUST01665,Mcintyre Inc,Professional Services,SMB,Israel,Asia-Pacific,2025-02-21,Sales Outreach
CUST01666,Williams Group,Technology,Mid-Market,Saint Martin,Asia-Pacific,2024-07-04,Organic Search
CUST01667,"Johnson, Schmidt and Mendoza",Technology,SMB,South Georgia and the South Sandwich Islands,North America,2024-11-23,Organic Search
CUST01668,"Nicholson, Chavez and Allen",Financial Services,SMB,Moldova,North America,2024-02-23,Paid Search
CUST01669,Steele Group,Professional Services,Mid-Market,Zambia,Europe,2025-05-19,Partner
CUST01670,Anderson LLC,Manufacturing,SMB,Dominican Republic,North America,2024-10-02,Organic Search
CUST01671,"Duarte, Smith and Caldwell",Retail,Mid-Market,Central African Republic,North America,2025-05-10,Organic Search
CUST01672,"Stevens, Hudson and Silva",Education,SMB,Korea,North America,2024-10-02,Partner
CUST01673,Ingram-Sawyer,Manufacturing,Mid-Market,Iraq,Europe,2025-07-22,Sales Outreach
CUST01674,Clarke LLC,Healthcare,SMB,Niue,Latin America,2025-04-01,Organic Search
CUST01675,Padilla-Smith,Education,SMB,Niue,Europe,2025-01-17,Partner
CUST01676,Cruz Ltd,Healthcare,Mid-Market,Grenada,Latin America,2025-07-22,Referral
CUST01677,"Johnson, Simmons and Nelson",Technology,Mid-Market,Yemen,Asia-Pacific,2025-10-30,Webinar
CUST01678,"Daniels, Norton and French",Technology,SMB,Belgium,Latin America,2024-10-06,Partner
CUST01679,"Gilmore, Fitzgerald and Brown",Professional Services,Mid-Market,Yemen,Asia-Pacific,2025-10-09,Paid Search
CUST01680,"Cox, Williams and Reyes",Professional Services,SMB,Lao People's Democratic Republic,North America,2024-06-14,Sales Outreach
CUST01681,"Williams, Richardson and Wong",Manufacturing,SMB,Romania,North America,2025-02-08,Sales Outreach
CUST01682,Castro and Sons,Professional Services,SMB,Burundi,Asia-Pacific,2025-03-18,Paid Search
CUST01683,Allen-Wilson,Manufacturing,Enterprise,Lesotho,Asia-Pacific,2025-11-29,Webinar
CUST01684,"Crosby, Carpenter and Haley",Education,SMB,Cote d'Ivoire,Latin America,2024-10-06,Paid Search
CUST01685,"Hodges, Flores and Hurst",Financial Services,SMB,Macao,Latin America,2025-09-05,Paid Search
CUST01686,"Henderson, Brown and Watson",Education,SMB,Korea,North America,2025-09-15,Referral
CUST01687,Mason-Gallegos,Technology,Mid-Market,Latvia,Latin America,2025-07-23,Webinar
CUST01688,"Patel, Bryan and Lam",Education,SMB,Korea,Latin America,2025-07-05,Organic Search
CUST01689,"Richardson, Nunez and Steele",Education,Mid-Market,Wallis and Futuna,North America,2025-11-18,Referral
CUST01690,Lopez Group,Technology,SMB,Benin,Latin America,2025-09-07,Referral
CUST01691,Myers and Sons,Healthcare,Mid-Market,France,North America,2024-05-07,Referral
CUST01692,Rodriguez LLC,Healthcare,SMB,Bouvet Island (Bouvetoya),Europe,2024-01-21,Sales Outreach
CUST01693,"Hernandez, Hernandez and Harris",Education,Enterprise,Zambia,Asia-Pacific,2024-07-15,Organic Search
CUST01694,"Johnson, Butler and Fleming",Manufacturing,Mid-Market,Venezuela,Europe,2024-08-27,Webinar
CUST01695,Wells Group,Financial Services,SMB,Kenya,Latin America,2025-12-21,Sales Outreach
CUST01696,"Newman, Carter and Brown",Healthcare,SMB,Tunisia,Latin America,2024-04-23,Webinar
CUST01697,Conley PLC,Manufacturing,SMB,Oman,Europe,2025-07-19,Organic Search
CUST01698,Jenkins-Cooper,Education,Mid-Market,Oman,Europe,2024-03-07,Partner
CUST01699,Tucker-Wade,Education,SMB,Marshall Islands,Asia-Pacific,2025-08-06,Webinar
CUST01700,"Wallace, Torres and Anderson",Manufacturing,Mid-Market,Somalia,Asia-Pacific,2024-07-15,Sales Outreach
CUST01701,Jackson-Green,Technology,Enterprise,Liberia,Asia-Pacific,2025-11-28,Partner
CUST01702,Arellano-Carrillo,Retail,SMB,Australia,Latin America,2025-10-18,Sales Outreach
CUST01703,Gomez Group,Education,SMB,Zimbabwe,Asia-Pacific,2025-03-18,Sales Outreach
CUST01704,Montgomery and Sons,Retail,SMB,Rwanda,Latin America,2025-05-22,Referral
CUST01705,"Mitchell, Mcpherson and Franco",Professional Services,SMB,Puerto Rico,Europe,2024-02-18,Paid Search
CUST01706,"Bauer, Martin and Wilson",Retail,SMB,Ghana,Asia-Pacific,2024-01-06,Referral
CUST01707,"Martinez, Green and Lopez",Financial Services,SMB,Monaco,North America,2024-08-19,Webinar
CUST01708,"Johnson, Stewart and Cooper",Retail,Enterprise,Holy See (Vatican City State),Europe,2024-07-20,Organic Search
CUST01709,Fernandez-Martin,Financial Services,SMB,Gabon,North America,2024-01-29,Referral
CUST01710,Knapp Group,Professional Services,SMB,Venezuela,Asia-Pacific,2024-09-13,Paid Search
CUST01711,Mack-Gould,Retail,SMB,Vanuatu,Asia-Pacific,2024-02-25,Sales Outreach
CUST01712,Moore-Cordova,Manufacturing,Mid-Market,Mayotte,North America,2025-09-06,Sales Outreach
CUST01713,"Rivera, Thornton and Wells",Professional Services,SMB,French Guiana,Latin America,2025-08-15,Organic Search
CUST01714,"Estrada, Marsh and Chandler",Technology,Enterprise,Uzbekistan,Latin America,2024-11-16,Webinar
CUST01715,Morgan-Rodriguez,Education,SMB,Lesotho,Europe,2024-03-04,Webinar
CUST01716,Taylor PLC,Retail,SMB,Brazil,Latin America,2024-03-08,Organic Search
CUST01717,Johnson-Williamson,Technology,Mid-Market,Cyprus,Asia-Pacific,2025-01-25,Referral
CUST01718,Howard-Nguyen,Manufacturing,Mid-Market,New Caledonia,Europe,2025-09-05,Sales Outreach
CUST01719,"Lee, Fox and Harrington",Manufacturing,SMB,Seychelles,Latin America,2025-04-20,Sales Outreach
CUST01720,Gonzalez-Miller,Manufacturing,Mid-Market,Thailand,Asia-Pacific,2025-10-28,Webinar
CUST01721,Rhodes-Rosario,Professional Services,SMB,Malaysia,Asia-Pacific,2025-08-24,Organic Search
CUST01722,Lee-Stewart,Technology,SMB,Netherlands,North America,2025-08-30,Sales Outreach
CUST01723,"Harding, Kerr and Ward",Healthcare,Enterprise,Cameroon,Europe,2025-10-14,Partner
CUST01724,"Nash, Wood and Watson",Financial Services,SMB,Finland,Latin America,2024-07-09,Paid Search
CUST01725,Bell-Madden,Professional Services,SMB,Tunisia,Europe,2024-11-15,Partner
CUST01726,"Miller, Luna and Wallace",Manufacturing,Enterprise,Israel,Asia-Pacific,2024-11-14,Partner
CUST01727,Roberts-Shaffer,Manufacturing,Mid-Market,Ukraine,Europe,2025-04-25,Paid Search
CUST01728,Chandler-Perry,Financial Services,SMB,Syrian Arab Republic,North America,2025-06-14,Partner
CUST01729,"Harper, Thomas and Turner",Education,SMB,Trinidad and Tobago,Europe,2025-06-03,Sales Outreach
CUST01730,"Hatfield, Jones and Choi",Manufacturing,Enterprise,Saudi Arabia,Latin America,2024-12-18,Organic Search
CUST01731,Davis-Ortiz,Healthcare,Mid-Market,United States Virgin Islands,Europe,2024-03-11,Paid Search
CUST01732,Perry-Peters,Education,SMB,Russian Federation,Latin America,2025-09-06,Sales Outreach
CUST01733,"Fischer, Taylor and Lopez",Professional Services,Mid-Market,Hong Kong,Asia-Pacific,2025-09-22,Paid Search
CUST01734,Spencer-Williams,Financial Services,SMB,Sweden,Latin America,2024-02-13,Referral
CUST01735,Davenport-Torres,Technology,Mid-Market,Monaco,Europe,2025-04-22,Sales Outreach
CUST01736,"Ford, Johnson and Smith",Healthcare,SMB,Estonia,Asia-Pacific,2025-01-19,Paid Search
CUST01737,Blanchard-Flowers,Healthcare,Mid-Market,Latvia,North America,2025-01-06,Organic Search
CUST01738,Valdez LLC,Financial Services,SMB,Israel,North America,2024-05-25,Paid Search
CUST01739,Vasquez Ltd,Healthcare,Mid-Market,Oman,Asia-Pacific,2024-02-14,Webinar
CUST01740,Johnson LLC,Healthcare,SMB,Lithuania,Europe,2024-08-12,Webinar
CUST01741,George LLC,Education,SMB,Mozambique,Europe,2024-07-01,Organic Search
CUST01742,Cunningham-Oneill,Healthcare,Mid-Market,Niue,North America,2024-01-22,Sales Outreach
CUST01743,"Alvarez, Benson and Wilson",Healthcare,SMB,Malaysia,North America,2024-12-12,Webinar
CUST01744,"Johnston, Bruce and Martin",Financial Services,SMB,Azerbaijan,Asia-Pacific,2025-01-16,Sales Outreach
CUST01745,Flores Ltd,Manufacturing,Enterprise,Burkina Faso,Latin America,2025-12-29,Organic Search
CUST01746,Martin-Nelson,Healthcare,Enterprise,Italy,Europe,2024-07-13,Organic Search
CUST01747,"Barr, Kelly and Roberts",Retail,Mid-Market,Marshall Islands,Asia-Pacific,2025-09-05,Referral
CUST01748,"Mayer, Palmer and Miranda",Education,SMB,Cocos (Keeling) Islands,North America,2025-09-22,Partner
CUST01749,George and Sons,Professional Services,SMB,Mayotte,Europe,2024-12-01,Paid Search
CUST01750,Brennan-Serrano,Education,Mid-Market,Poland,Europe,2025-06-04,Webinar
CUST01751,Nelson-Wolfe,Retail,SMB,Guyana,North America,2025-04-26,Sales Outreach
CUST01752,Ferguson LLC,Manufacturing,SMB,Swaziland,Latin America,2025-10-22,Sales Outreach
CUST01753,Smith PLC,Financial Services,SMB,Finland,Latin America,2024-07-02,Paid Search
CUST01754,Maxwell-Jenkins,Financial Services,SMB,Uruguay,Latin America,2025-05-21,Referral
CUST01755,Garcia and Sons,Manufacturing,SMB,Macao,North America,2024-07-31,Paid Search
CUST01756,Decker PLC,Healthcare,SMB,Nicaragua,Europe,2025-02-09,Paid Search
CUST01757,"Guerra, Fox and Patel",Retail,Enterprise,Micronesia,Europe,2025-01-18,Paid Search
CUST01758,"Avila, Wilson and Stevens",Technology,SMB,Belarus,North America,2024-10-29,Referral
CUST01759,Fuentes Inc,Financial Services,SMB,Lesotho,North America,2025-04-21,Partner
CUST01760,Collins-Cox,Financial Services,SMB,Svalbard & Jan Mayen Islands,Latin America,2025-03-18,Referral
CUST01761,Preston-Harper,Professional Services,SMB,Serbia,Asia-Pacific,2025-01-26,Organic Search
CUST01762,Jackson-Torres,Retail,SMB,Samoa,North America,2025-01-02,Webinar
CUST01763,Walker Ltd,Financial Services,Mid-Market,Cambodia,North America,2024-10-10,Webinar
CUST01764,"Perez, Martinez and Anderson",Technology,SMB,Belgium,Asia-Pacific,2024-02-09,Partner
CUST01765,Vazquez-Bowers,Financial Services,SMB,Belarus,Asia-Pacific,2024-09-13,Paid Search
CUST01766,Hampton Group,Professional Services,Mid-Market,Armenia,Asia-Pacific,2024-07-14,Sales Outreach
CUST01767,Rodriguez Ltd,Healthcare,Enterprise,Malaysia,Asia-Pacific,2024-01-09,Sales Outreach
CUST01768,"Brown, Wilson and King",Financial Services,Mid-Market,Bahrain,Latin America,2025-02-19,Sales Outreach
CUST01769,Contreras-Webster,Professional Services,Mid-Market,Slovenia,Latin America,2025-10-31,Partner
CUST01770,Mora and Sons,Professional Services,Enterprise,Namibia,Latin America,2024-08-21,Paid Search
CUST01771,Lopez LLC,Education,SMB,Antarctica (the territory South of 60 deg S),Europe,2025-06-12,Partner
CUST01772,Thomas Ltd,Manufacturing,Mid-Market,Western Sahara,Latin America,2024-12-14,Sales Outreach
CUST01773,Rush-Bailey,Financial Services,Mid-Market,Central African Republic,Latin America,2025-12-15,Referral
CUST01774,"Norman, Austin and Wagner",Retail,SMB,Bangladesh,North America,2025-01-18,Organic Search
CUST01775,Weiss Inc,Professional Services,SMB,Marshall Islands,North America,2025-05-26,Sales Outreach
CUST01776,Baldwin LLC,Professional Services,SMB,Chile,Europe,2025-03-05,Referral
CUST01777,"Smith, Swanson and Glass",Professional Services,SMB,Uruguay,Asia-Pacific,2024-11-29,Partner
CUST01778,"York, Wells and Wolfe",Manufacturing,Mid-Market,Colombia,Europe,2024-06-06,Webinar
CUST01779,Nunez-Rodriguez,Financial Services,Mid-Market,Syrian Arab Republic,Latin America,2025-01-25,Paid Search
CUST01780,Zavala-Coleman,Retail,SMB,Malaysia,Latin America,2024-07-11,Referral
CUST01781,Russell LLC,Financial Services,Mid-Market,British Virgin Islands,Latin America,2025-10-16,Webinar
CUST01782,Rodriguez-Taylor,Technology,SMB,Serbia,Europe,2024-02-02,Sales Outreach
CUST01783,Bush-Hawkins,Manufacturing,SMB,Armenia,Europe,2024-07-22,Organic Search
CUST01784,Murphy Inc,Retail,SMB,Hungary,Europe,2024-10-25,Sales Outreach
CUST01785,Bryant-Fitzgerald,Technology,SMB,Poland,Asia-Pacific,2025-06-14,Organic Search
CUST01786,Perez-Russell,Financial Services,Enterprise,Timor-Leste,Latin America,2025-02-04,Organic Search
CUST01787,Lopez-Jones,Technology,SMB,Tajikistan,Latin America,2025-05-04,Sales Outreach
CUST01788,Crosby-Richardson,Retail,Enterprise,American Samoa,Europe,2024-05-13,Webinar
CUST01789,"Vasquez, Garcia and Kim",Financial Services,SMB,Palestinian Territory,Latin America,2024-06-11,Sales Outreach
CUST01790,"Miller, Thomas and Morales",Financial Services,Mid-Market,Nauru,Latin America,2024-10-09,Paid Search
CUST01791,Figueroa and Sons,Healthcare,SMB,Bahrain,Latin America,2025-09-11,Sales Outreach
CUST01792,Hester-Morgan,Manufacturing,SMB,Nepal,Latin America,2025-04-16,Referral
CUST01793,Martinez-Massey,Technology,Mid-Market,Saint Kitts and Nevis,Asia-Pacific,2025-10-23,Webinar
CUST01794,Ramirez-Reeves,Retail,SMB,Mozambique,Asia-Pacific,2025-02-04,Sales Outreach
CUST01795,"Nelson, Clarke and Schneider",Professional Services,Mid-Market,Iran,Latin America,2024-09-12,Organic Search
CUST01796,Alvarez-Morrison,Manufacturing,Mid-Market,Iraq,Latin America,2025-01-28,Webinar
CUST01797,Dixon-Hernandez,Healthcare,Mid-Market,Korea,North America,2025-02-06,Sales Outreach
CUST01798,Martinez Group,Technology,SMB,Luxembourg,Europe,2024-10-07,Webinar
CUST01799,Fuller and Sons,Manufacturing,SMB,Antarctica (the territory South of 60 deg S),North America,2025-12-15,Sales Outreach
CUST01800,Rojas Inc,Healthcare,Enterprise,Luxembourg,Latin America,2025-07-20,Organic Search
CUST01801,"Johnson, White and Jacobs",Financial Services,SMB,Greece,North America,2025-05-31,Sales Outreach
CUST01802,Turner PLC,Financial Services,SMB,Bhutan,Europe,2024-09-15,Paid Search
CUST01803,Guerrero PLC,Technology,SMB,Seychelles,North America,2025-10-16,Sales Outreach
CUST01804,Sparks-Harris,Education,SMB,Panama,Asia-Pacific,2025-02-12,Webinar
CUST01805,Henry-Green,Retail,SMB,Guam,Asia-Pacific,2024-04-27,Sales Outreach
CUST01806,"Payne, Cisneros and Johnson",Healthcare,SMB,Jersey,Latin America,2025-05-11,Referral
CUST01807,Reyes LLC,Technology,SMB,Timor-Leste,Europe,2025-12-31,Webinar
CUST01808,Ramos-Johnson,Healthcare,SMB,Christmas Island,Asia-Pacific,2024-06-14,Organic Search
CUST01809,"Hopkins, Chan and Dyer",Technology,Mid-Market,Chad,Europe,2024-10-28,Organic Search
CUST01810,Jordan-Edwards,Education,SMB,Iceland,North America,2025-11-18,Sales Outreach
CUST01811,Gallagher-Carroll,Education,SMB,Liechtenstein,Latin America,2025-01-01,Organic Search
CUST01812,"Spencer, Ryan and Harrison",Education,SMB,Monaco,Europe,2025-03-28,Sales Outreach
CUST01813,Hunter Group,Professional Services,Mid-Market,Estonia,North America,2025-02-03,Sales Outreach
CUST01814,Garza-Gray,Retail,SMB,Philippines,North America,2024-02-19,Sales Outreach
CUST01815,Miranda-Mitchell,Professional Services,SMB,Bahamas,Europe,2025-01-18,Webinar
CUST01816,Garza and Sons,Healthcare,SMB,Taiwan,Latin America,2024-01-29,Webinar
CUST01817,Bailey-Harmon,Financial Services,Mid-Market,Anguilla,North America,2024-08-13,Webinar
CUST01818,"Peterson, Davis and Reed",Technology,Mid-Market,Guinea-Bissau,Europe,2024-06-20,Organic Search
CUST01819,Bell-Stanley,Manufacturing,SMB,Egypt,Asia-Pacific,2024-11-26,Partner
CUST01820,Wong PLC,Healthcare,Mid-Market,Belize,Latin America,2025-03-14,Organic Search
CUST01821,"Jones, Torres and Morgan",Healthcare,SMB,Angola,Asia-Pacific,2024-06-26,Organic Search
CUST01822,"Nguyen, Murray and Boyer",Education,SMB,Montenegro,Latin America,2024-08-05,Referral
CUST01823,"Valenzuela, Adams and Dominguez",Technology,Mid-Market,Namibia,Asia-Pacific,2025-10-27,Sales Outreach
CUST01824,Odom Group,Technology,SMB,Montserrat,Europe,2025-02-24,Paid Search
CUST01825,Morris-Davis,Manufacturing,SMB,Liechtenstein,North America,2025-12-30,Partner
CUST01826,Vazquez and Sons,Professional Services,Mid-Market,Guadeloupe,Asia-Pacific,2024-04-07,Partner
CUST01827,Shaw-Hubbard,Education,Mid-Market,Guadeloupe,Europe,2024-12-06,Organic Search
CUST01828,Mendez LLC,Professional Services,Enterprise,Jordan,Asia-Pacific,2025-11-13,Referral
CUST01829,Crawford Inc,Financial Services,SMB,Tajikistan,Latin America,2025-01-26,Partner
CUST01830,"Lewis, Baker and Evans",Education,SMB,Montserrat,North America,2024-08-26,Organic Search
CUST01831,Ballard-Weber,Professional Services,Enterprise,Bermuda,Asia-Pacific,2024-08-30,Sales Outreach
CUST01832,"Richard, Davis and Rogers",Professional Services,SMB,Bangladesh,North America,2024-03-02,Organic Search
CUST01833,"Solis, Alvarez and Clark",Retail,SMB,South Africa,Europe,2025-01-19,Paid Search
CUST01834,Pearson LLC,Technology,SMB,Madagascar,Latin America,2024-12-02,Organic Search
CUST01835,Reynolds-Fernandez,Financial Services,Mid-Market,Cook Islands,North America,2025-06-17,Sales Outreach
CUST01836,Morales-Weber,Retail,Mid-Market,Korea,Asia-Pacific,2024-01-25,Paid Search
CUST01837,"Hines, White and Smith",Education,SMB,Romania,Europe,2024-07-29,Partner
CUST01838,"Huffman, Ray and Lewis",Education,Enterprise,Swaziland,Europe,2025-09-14,Webinar
CUST01839,"Hurley, Adams and Little",Manufacturing,SMB,Sudan,Latin America,2025-10-06,Organic Search
CUST01840,"Farrell, Meadows and Michael",Professional Services,SMB,Saint Lucia,Europe,2024-02-23,Sales Outreach
CUST01841,"Brown, Gonzalez and Ford",Healthcare,Enterprise,Dominican Republic,Europe,2024-04-03,Organic Search
CUST01842,Francis LLC,Manufacturing,Mid-Market,Tanzania,Europe,2024-08-29,Partner
CUST01843,Jenkins-Dalton,Retail,Mid-Market,United States Minor Outlying Islands,Asia-Pacific,2024-06-17,Sales Outreach
CUST01844,Walters Group,Healthcare,SMB,Ethiopia,Europe,2024-11-06,Paid Search
CUST01845,Lucas-Scott,Retail,Enterprise,Netherlands Antilles,Europe,2024-10-05,Webinar
CUST01846,Sullivan Inc,Retail,SMB,Canada,Asia-Pacific,2025-02-11,Referral
CUST01847,Johnson LLC,Retail,SMB,Kyrgyz Republic,Latin America,2024-06-08,Sales Outreach
CUST01848,Castro-Graham,Professional Services,SMB,Oman,Latin America,2025-03-13,Webinar
CUST01849,Harris LLC,Professional Services,Enterprise,Burkina Faso,Asia-Pacific,2025-09-01,Partner
CUST01850,Green LLC,Manufacturing,Mid-Market,Palestinian Territory,Asia-Pacific,2025-01-24,Referral
CUST01851,"Thompson, Phelps and Stuart",Retail,SMB,Libyan Arab Jamahiriya,Latin America,2024-03-14,Paid Search
CUST01852,Brown Inc,Education,SMB,Germany,Europe,2024-07-13,Organic Search
CUST01853,"Evans, Brown and Friedman",Professional Services,SMB,Ukraine,Asia-Pacific,2025-05-18,Referral
CUST01854,Powers-Blackwell,Retail,Enterprise,Indonesia,Asia-Pacific,2025-01-28,Referral
CUST01855,"Cameron, Young and Duncan",Education,Enterprise,Macao,North America,2025-02-22,Webinar
CUST01856,Boyd PLC,Technology,SMB,Zambia,Europe,2024-07-17,Sales Outreach
CUST01857,"King, Wilkerson and Young",Financial Services,Mid-Market,British Virgin Islands,Asia-Pacific,2025-06-05,Sales Outreach
CUST01858,Murphy-Silva,Education,Mid-Market,Iceland,North America,2025-10-28,Referral
CUST01859,"Manning, Walls and Robinson",Retail,Mid-Market,Botswana,Europe,2025-05-04,Organic Search
CUST01860,Lewis LLC,Professional Services,SMB,Kazakhstan,North America,2025-12-15,Sales Outreach
CUST01861,King-Lawrence,Healthcare,SMB,Liechtenstein,Latin America,2025-11-28,Organic Search
CUST01862,"Brooks, Fry and Stewart",Healthcare,Mid-Market,Jamaica,Europe,2024-01-13,Organic Search
CUST01863,Vega-Richmond,Technology,Mid-Market,Turkmenistan,Latin America,2025-02-11,Sales Outreach
CUST01864,Cox Ltd,Technology,SMB,Heard Island and McDonald Islands,Europe,2025-03-09,Organic Search
CUST01865,Smith-Rasmussen,Retail,SMB,New Caledonia,Asia-Pacific,2025-05-27,Webinar
CUST01866,Skinner Ltd,Education,Enterprise,South Georgia and the South Sandwich Islands,Asia-Pacific,2025-02-25,Sales Outreach
CUST01867,Vazquez Ltd,Education,Enterprise,Dominican Republic,North America,2025-10-13,Partner
CUST01868,Tran-Parker,Professional Services,SMB,Reunion,Europe,2024-10-02,Sales Outreach
CUST01869,Leach-Jennings,Education,SMB,Martinique,Asia-Pacific,2024-01-07,Webinar
CUST01870,Mathews Group,Professional Services,SMB,Algeria,North America,2024-03-12,Sales Outreach
CUST01871,Pennington-Hardin,Retail,SMB,Gabon,Asia-Pacific,2025-03-17,Organic Search
CUST01872,Mayer and Sons,Financial Services,SMB,French Southern Territories,Europe,2024-07-21,Referral
CUST01873,Villarreal and Sons,Manufacturing,Enterprise,United States Virgin Islands,Latin America,2025-08-03,Sales Outreach
CUST01874,Welch-Suarez,Healthcare,SMB,Seychelles,Europe,2024-07-15,Paid Search
CUST01875,"Sullivan, Johnson and Delacruz",Professional Services,SMB,Swaziland,North America,2025-10-13,Organic Search
CUST01876,Ruiz-Gutierrez,Financial Services,SMB,Tajikistan,North America,2024-10-10,Organic Search
CUST01877,Love-Mcdowell,Technology,Mid-Market,Svalbard & Jan Mayen Islands,Latin America,2025-05-11,Sales Outreach
CUST01878,Holloway Ltd,Technology,SMB,Eritrea,Asia-Pacific,2024-01-08,Sales Outreach
CUST01879,"Jones, Fisher and Daniel",Professional Services,Enterprise,Mexico,North America,2024-08-04,Partner
CUST01880,"Murphy, Neal and Gill",Technology,SMB,Norway,Asia-Pacific,2025-05-12,Referral
CUST01881,"White, Ramos and Davidson",Financial Services,Mid-Market,Afghanistan,Asia-Pacific,2025-01-14,Sales Outreach
CUST01882,Gonzalez-Torres,Financial Services,Enterprise,Morocco,Europe,2025-01-04,Sales Outreach
CUST01883,Rodriguez and Sons,Retail,Mid-Market,Maldives,Asia-Pacific,2024-12-04,Sales Outreach
CUST01884,"Booker, Rivas and Hines",Technology,SMB,Tanzania,Latin America,2024-05-22,Organic Search
CUST01885,"Jennings, Sparks and Flores",Technology,Enterprise,Lesotho,Asia-Pacific,2025-12-17,Sales Outreach
CUST01886,"Anderson, Thompson and Watkins",Healthcare,SMB,Greece,Latin America,2025-06-11,Referral
CUST01887,Gonzalez-Perry,Healthcare,SMB,Cocos (Keeling) Islands,Asia-Pacific,2024-01-18,Sales Outreach
CUST01888,Walter-Duffy,Professional Services,SMB,Turks and Caicos Islands,Asia-Pacific,2025-11-25,Referral
CUST01889,"Walker, Vaughan and Leblanc",Manufacturing,SMB,Oman,North America,2024-12-22,Referral
CUST01890,"Sims, Meadows and Mccann",Retail,Enterprise,Congo,North America,2025-01-29,Paid Search
CUST01891,Haynes-Jackson,Healthcare,Mid-Market,Iran,North America,2024-05-10,Referral
CUST01892,"Patterson, Green and Davis",Technology,SMB,Heard Island and McDonald Islands,Latin America,2024-06-21,Webinar
CUST01893,Valentine Inc,Technology,SMB,American Samoa,Europe,2024-09-06,Paid Search
CUST01894,"Fox, Ayala and Hebert",Professional Services,Enterprise,Sweden,North America,2024-04-18,Referral
CUST01895,"Snyder, Walker and Harris",Education,SMB,Yemen,Asia-Pacific,2025-01-27,Sales Outreach
CUST01896,Roberts-Snyder,Healthcare,Mid-Market,Bulgaria,Latin America,2025-11-17,Organic Search
CUST01897,Gates-Greene,Healthcare,Enterprise,Swaziland,Latin America,2024-04-02,Sales Outreach
CUST01898,Acosta-Lopez,Financial Services,Enterprise,Cocos (Keeling) Islands,North America,2025-10-21,Paid Search
CUST01899,Sparks-Johnson,Education,Mid-Market,Estonia,Latin America,2025-10-31,Sales Outreach
CUST01900,Williamson and Sons,Manufacturing,Enterprise,Heard Island and McDonald Islands,Latin America,2024-08-26,Paid Search
CUST01901,"Sutton, Ellis and Smith",Technology,SMB,Burkina Faso,North America,2024-04-01,Paid Search
CUST01902,Mccann-Sanders,Manufacturing,Enterprise,Croatia,North America,2025-08-09,Referral
CUST01903,"Reyes, Henderson and Harper",Professional Services,SMB,Barbados,Latin America,2025-08-13,Sales Outreach
CUST01904,Hawkins Inc,Financial Services,SMB,Grenada,Europe,2025-02-01,Webinar
CUST01905,Ruiz LLC,Financial Services,Mid-Market,New Caledonia,Europe,2025-06-16,Sales Outreach
CUST01906,"Coffey, George and Goodman",Manufacturing,SMB,Aruba,Latin America,2024-01-10,Partner
CUST01907,King PLC,Retail,SMB,Hong Kong,Asia-Pacific,2024-08-12,Referral
CUST01908,Madden-Lambert,Retail,SMB,Bulgaria,Asia-Pacific,2024-05-29,Sales Outreach
CUST01909,"Williams, White and Jackson",Professional Services,Mid-Market,Lithuania,North America,2025-09-05,Paid Search
CUST01910,Humphrey-Anderson,Manufacturing,Enterprise,Ghana,North America,2024-10-07,Webinar
CUST01911,"Moreno, Thomas and Wilson",Education,Mid-Market,Aruba,Europe,2025-05-21,Paid Search
CUST01912,Porter LLC,Retail,SMB,San Marino,Asia-Pacific,2024-06-05,Sales Outreach
CUST01913,Howe-Campbell,Healthcare,Mid-Market,Turkey,Europe,2025-12-18,Sales Outreach
CUST01914,Austin-Juarez,Professional Services,Mid-Market,Estonia,Latin America,2025-02-05,Paid Search
CUST01915,"Edwards, Stafford and Stewart",Professional Services,Mid-Market,Liechtenstein,Europe,2024-01-23,Partner
CUST01916,Peters Ltd,Financial Services,SMB,North Macedonia,Latin America,2024-12-22,Sales Outreach
CUST01917,Brown-Hernandez,Retail,SMB,Denmark,Asia-Pacific,2024-10-16,Sales Outreach
CUST01918,Johnson LLC,Healthcare,Mid-Market,Central African Republic,Latin America,2024-04-09,Organic Search
CUST01919,"Mcdonald, Wilson and Woodard",Professional Services,Mid-Market,Lithuania,North America,2025-12-27,Paid Search
CUST01920,Alexander Ltd,Education,SMB,Monaco,Europe,2025-03-28,Sales Outreach
CUST01921,Ellis-Rodriguez,Financial Services,Enterprise,Saint Helena,Europe,2024-08-11,Sales Outreach
CUST01922,Martinez Inc,Healthcare,Mid-Market,Costa Rica,North America,2025-01-05,Sales Outreach
CUST01923,White-Jackson,Manufacturing,SMB,Malawi,Europe,2025-01-20,Webinar
CUST01924,Elliott-Alvarado,Retail,Mid-Market,Croatia,Europe,2024-02-27,Organic Search
CUST01925,"Bolton, Smith and Wang",Retail,SMB,Cocos (Keeling) Islands,North America,2024-04-30,Webinar
CUST01926,Knapp-Sanchez,Education,SMB,Luxembourg,Latin America,2024-06-01,Sales Outreach
CUST01927,"Davis, Murphy and Mitchell",Retail,SMB,Pitcairn Islands,North America,2024-09-03,Referral
CUST01928,Long PLC,Financial Services,Mid-Market,Vanuatu,Europe,2025-10-30,Sales Outreach
CUST01929,Hood and Sons,Professional Services,Mid-Market,Antarctica (the territory South of 60 deg S),North America,2025-04-19,Webinar
CUST01930,Stevens Ltd,Education,SMB,Palestinian Territory,Latin America,2025-01-11,Organic Search
CUST01931,Gibson-Moses,Technology,SMB,Nepal,Latin America,2025-10-18,Sales Outreach
CUST01932,"Smith, Booker and Douglas",Manufacturing,SMB,Zambia,Latin America,2024-10-07,Sales Outreach
CUST01933,Nguyen-Dennis,Technology,Mid-Market,Saint Martin,Europe,2025-01-28,Referral
CUST01934,"Anderson, Boyer and Solis",Education,Mid-Market,Finland,Asia-Pacific,2025-08-08,Organic Search
CUST01935,Yates-Manning,Financial Services,SMB,Mexico,Europe,2025-02-19,Sales Outreach
CUST01936,"James, Ross and Thompson",Technology,SMB,Sierra Leone,Latin America,2024-03-06,Partner
CUST01937,Davis-Phelps,Manufacturing,SMB,Central African Republic,North America,2024-07-31,Webinar
CUST01938,Chan-Mitchell,Technology,SMB,Sao Tome and Principe,Europe,2024-01-06,Partner
CUST01939,"Moore, Evans and Owen",Professional Services,SMB,Saint Pierre and Miquelon,North America,2024-05-11,Partner
CUST01940,Mckee-Munoz,Education,SMB,Guinea-Bissau,Asia-Pacific,2024-02-05,Organic Search
CUST01941,"Davis, Richardson and Gonzalez",Technology,SMB,Kiribati,Asia-Pacific,2025-07-11,Organic Search
CUST01942,Alvarez-Hart,Education,SMB,Jamaica,Asia-Pacific,2024-02-17,Webinar
CUST01943,Avila LLC,Manufacturing,Enterprise,Nicaragua,Asia-Pacific,2025-11-05,Partner
CUST01944,Hamilton Group,Healthcare,Mid-Market,Bermuda,Asia-Pacific,2025-06-19,Webinar
CUST01945,Palmer Group,Financial Services,Mid-Market,Philippines,Europe,2025-12-05,Organic Search
CUST01946,Holland Ltd,Professional Services,SMB,Cape Verde,North America,2024-07-11,Organic Search
CUST01947,Rose-Holland,Professional Services,Mid-Market,Belize,Europe,2025-09-08,Partner
CUST01948,Mcdonald-Miller,Manufacturing,SMB,Spain,Europe,2025-09-29,Referral
CUST01949,Evans-Joyce,Manufacturing,SMB,Poland,Latin America,2025-10-27,Webinar
CUST01950,Skinner-Mills,Retail,SMB,French Polynesia,Asia-Pacific,2025-11-23,Referral
CUST01951,"Williams, Jones and Williams",Education,SMB,Botswana,Europe,2024-03-13,Sales Outreach
CUST01952,"Coleman, Davis and Guerrero",Financial Services,Enterprise,Montenegro,Europe,2025-01-16,Partner
CUST01953,Kelly-Richards,Education,Mid-Market,Seychelles,Europe,2025-03-05,Sales Outreach
CUST01954,"Smith, Yang and Ford",Financial Services,Enterprise,Solomon Islands,Latin America,2025-01-23,Organic Search
CUST01955,Cameron Inc,Manufacturing,SMB,Belize,Asia-Pacific,2024-05-07,Partner
CUST01956,Mcdowell-Evans,Education,SMB,Namibia,North America,2024-12-03,Sales Outreach
CUST01957,"Gibson, Santiago and Hanson",Financial Services,Enterprise,Estonia,Asia-Pacific,2024-05-29,Webinar
CUST01958,Levy-Savage,Healthcare,SMB,Colombia,North America,2025-01-21,Webinar
CUST01959,Lopez Ltd,Healthcare,SMB,Netherlands,North America,2024-05-06,Organic Search
CUST01960,Savage-Rodriguez,Education,Enterprise,Martinique,Latin America,2024-04-07,Partner
CUST01961,Smith Inc,Education,Mid-Market,American Samoa,Asia-Pacific,2025-07-18,Paid Search
CUST01962,Rios Group,Technology,Enterprise,Puerto Rico,Europe,2024-11-21,Webinar
CUST01963,Melton-Church,Retail,SMB,Netherlands,Latin America,2025-05-03,Partner
CUST01964,"Tucker, Montgomery and Dickson",Financial Services,SMB,Guyana,Europe,2025-11-04,Organic Search
CUST01965,"Nunez, Vaughn and Foster",Retail,Mid-Market,Gabon,Asia-Pacific,2024-02-24,Webinar
CUST01966,Martinez Inc,Education,Enterprise,Comoros,Europe,2025-11-25,Sales Outreach
CUST01967,Cabrera Ltd,Education,SMB,Comoros,Latin America,2024-12-28,Sales Outreach
CUST01968,Clark Ltd,Manufacturing,SMB,Cameroon,Latin America,2025-06-17,Webinar
CUST01969,"Allen, Wilkinson and Garrison",Professional Services,SMB,Mauritania,North America,2024-11-08,Referral
CUST01970,Miller Group,Financial Services,Mid-Market,Cameroon,North America,2024-03-19,Sales Outreach
CUST01971,Henderson-Wilson,Technology,SMB,United Kingdom,North America,2024-03-27,Sales Outreach
CUST01972,Rodgers Group,Manufacturing,Enterprise,Libyan Arab Jamahiriya,North America,2025-03-10,Sales Outreach
CUST01973,Smith-Cole,Education,SMB,Ecuador,Latin America,2025-06-11,Sales Outreach
CUST01974,Phillips Group,Education,Enterprise,Austria,North America,2025-02-19,Organic Search
CUST01975,Smith-Mccoy,Healthcare,Enterprise,Rwanda,North America,2025-03-11,Sales Outreach
CUST01976,Petty-Allison,Education,SMB,Saint Pierre and Miquelon,North America,2025-09-13,Referral
CUST01977,"Larson, Spencer and Roberts",Healthcare,Mid-Market,Libyan Arab Jamahiriya,Europe,2024-06-28,Organic Search
CUST01978,Tucker-Garza,Professional Services,SMB,New Zealand,Asia-Pacific,2024-02-22,Referral
CUST01979,"Stein, Dillon and Hall",Retail,SMB,Bahamas,North America,2024-12-12,Webinar
CUST01980,"Smith, Ray and Tran",Healthcare,Mid-Market,Ethiopia,North America,2024-10-24,Paid Search
CUST01981,"Butler, Kennedy and Simpson",Financial Services,SMB,Wallis and Futuna,North America,2025-10-08,Partner
CUST01982,"Reed, Terry and Smith",Healthcare,Enterprise,France,North America,2025-04-19,Webinar
CUST01983,"Lee, Cooper and Hall",Professional Services,SMB,Cyprus,Asia-Pacific,2024-01-07,Sales Outreach
CUST01984,"Stout, Morgan and Guzman",Financial Services,SMB,Tajikistan,North America,2024-01-06,Paid Search
CUST01985,"Sandoval, Anderson and Carter",Education,SMB,Rwanda,Asia-Pacific,2024-01-10,Organic Search
CUST01986,Moyer-Whitaker,Retail,SMB,Peru,Europe,2025-02-24,Organic Search
CUST01987,"Navarro, Flynn and Marsh",Retail,SMB,Tanzania,Asia-Pacific,2024-08-19,Referral
CUST01988,Howell LLC,Financial Services,SMB,Portugal,Latin America,2024-07-05,Partner
CUST01989,"Miller, Webb and Thompson",Financial Services,SMB,Cayman Islands,Latin America,2025-11-03,Sales Outreach
CUST01990,"Vasquez, Leon and Hahn",Healthcare,SMB,Lithuania,Latin America,2024-01-06,Referral
CUST01991,Young-Hawkins,Professional Services,Mid-Market,Andorra,North America,2024-07-13,Paid Search
CUST01992,Ibarra-Kelly,Healthcare,SMB,Cayman Islands,Asia-Pacific,2024-02-02,Organic Search
CUST01993,Clayton PLC,Healthcare,Enterprise,Antigua and Barbuda,Asia-Pacific,2024-05-01,Referral
CUST01994,Morgan Inc,Manufacturing,SMB,Niger,Europe,2024-11-28,Sales Outreach
CUST01995,Martinez and Sons,Professional Services,Enterprise,Libyan Arab Jamahiriya,Latin America,2024-05-14,Organic Search
CUST01996,Chaney-Glover,Technology,Mid-Market,Seychelles,Europe,2024-06-08,Paid Search
CUST01997,Carrillo PLC,Technology,Mid-Market,Ethiopia,Europe,2024-02-23,Sales Outreach
CUST01998,Castaneda PLC,Financial Services,SMB,Netherlands,North America,2025-03-20,Referral
CUST01999,"Garcia, Williams and Shah",Financial Services,SMB,South Georgia and the South Sandwich Islands,Latin America,2024-09-10,Sales Outreach
CUST02000,Estes-Campos,Education,SMB,Botswana,Europe,2024-10-14,Sales Outreach
