invoice_id,customer_id,subscription_id,invoice_date,due_date,amount,invoice_status
INV0000001,CUST00001,SUB00001,2024-09-07,2024-09-22,29.0,Paid
INV0000002,CUST00001,SUB00001,2024-10-07,2024-10-22,29.0,Paid
INV0000003,CUST00001,SUB00001,2024-11-07,2024-11-22,29.0,Paid
INV0000004,CUST00001,SUB00001,2024-12-07,2024-12-22,29.0,Paid
INV0000005,CUST00001,SUB00001,2025-01-07,2025-01-22,29.0,Paid
INV0000006,CUST00001,SUB00001,2025-02-07,2025-02-22,29.0,Paid
INV0000007,CUST00001,SUB00001,2025-03-07,2025-03-22,29.0,Paid
INV0000008,CUST00001,SUB00001,2025-04-07,2025-04-22,29.0,Paid
INV0000009,CUST00001,SUB00001,2025-05-07,2025-05-22,29.0,Paid
INV0000010,CUST00001,SUB00001,2025-06-07,2025-06-22,29.0,Paid
INV0000011,CUST00001,SUB00001,2025-07-07,2025-07-22,29.0,Paid
INV0000012,CUST00001,SUB00001,2025-08-07,2025-08-22,29.0,Paid
INV0000013,CUST00002,SUB00002,2025-08-27,2025-09-11,199.0,Paid
INV0000014,CUST00002,SUB00002,2025-09-27,2025-10-12,199.0,Paid
INV0000015,CUST00002,SUB00002,2025-10-27,2025-11-11,199.0,Paid
INV0000016,CUST00002,SUB00002,2025-11-27,2025-12-12,199.0,Paid
INV0000017,CUST00002,SUB00002,2025-12-27,2026-01-11,199.0,Paid
INV0000018,CUST00003,SUB00003,2025-06-01,2025-06-16,29.0,Paid
INV0000019,CUST00003,SUB00003,2025-07-01,2025-07-16,29.0,Paid
INV0000020,CUST00003,SUB00003,2025-08-01,2025-08-16,29.0,Paid
INV0000021,CUST00004,SUB00004,2024-08-13,2024-08-28,29.0,Paid
INV0000022,CUST00004,SUB00004,2024-09-13,2024-09-28,29.0,Paid
INV0000023,CUST00004,SUB00004,2024-10-13,2024-10-28,29.0,Paid
INV0000024,CUST00004,SUB00004,2024-11-13,2024-11-28,29.0,Paid
INV0000025,CUST00004,SUB00004,2024-12-13,2024-12-28,29.0,Paid
INV0000026,CUST00004,SUB00004,2025-01-13,2025-01-28,29.0,Paid
INV0000027,CUST00005,SUB00005,2024-06-12,2024-06-27,79.0,Paid
INV0000028,CUST00005,SUB00005,2024-07-12,2024-07-27,79.0,Paid
INV0000029,CUST00005,SUB00005,2024-08-12,2024-08-27,79.0,Paid
INV0000030,CUST00005,SUB00005,2024-09-12,2024-09-27,79.0,Paid
INV0000031,CUST00005,SUB00005,2024-10-12,2024-10-27,79.0,Paid
INV0000032,CUST00005,SUB00005,2024-11-12,2024-11-27,79.0,Paid
INV0000033,CUST00005,SUB00005,2024-12-12,2024-12-27,79.0,Paid
INV0000034,CUST00005,SUB00005,2025-01-12,2025-01-27,79.0,Paid
INV0000035,CUST00005,SUB00005,2025-02-12,2025-02-27,79.0,Paid
INV0000036,CUST00005,SUB00005,2025-03-12,2025-03-27,79.0,Paid
INV0000037,CUST00005,SUB00005,2025-04-12,2025-04-27,79.0,Paid
INV0000038,CUST00005,SUB00005,2025-05-12,2025-05-27,79.0,Overdue
INV0000039,CUST00005,SUB00005,2025-06-12,2025-06-27,79.0,Pending
INV0000040,CUST00005,SUB00005,2025-07-12,2025-07-27,79.0,Paid
INV0000041,CUST00005,SUB00005,2025-08-12,2025-08-27,79.0,Paid
INV0000042,CUST00005,SUB00005,2025-09-12,2025-09-27,79.0,Paid
INV0000043,CUST00005,SUB00005,2025-10-12,2025-10-27,79.0,Paid
INV0000044,CUST00005,SUB00005,2025-11-12,2025-11-27,79.0,Paid
INV0000045,CUST00006,SUB00006,2024-12-10,2024-12-25,295.8,Paid
INV0000046,CUST00006,SUB00006,2025-12-10,2025-12-25,295.8,Paid
INV0000047,CUST00007,SUB00007,2025-09-10,2025-09-25,79.0,Paid
INV0000048,CUST00007,SUB00007,2025-10-10,2025-10-25,79.0,Paid
INV0000049,CUST00007,SUB00007,2025-11-10,2025-11-25,79.0,Pending
INV0000050,CUST00007,SUB00007,2025-12-10,2025-12-25,79.0,Paid
INV0000051,CUST00008,SUB00008,2025-01-22,2025-02-06,79.0,Paid
INV0000052,CUST00008,SUB00008,2025-02-22,2025-03-09,79.0,Paid
INV0000053,CUST00008,SUB00008,2025-03-22,2025-04-06,79.0,Paid
INV0000054,CUST00008,SUB00008,2025-04-22,2025-05-07,79.0,Paid
INV0000055,CUST00008,SUB00008,2025-05-22,2025-06-06,79.0,Pending
INV0000056,CUST00008,SUB00008,2025-06-22,2025-07-07,79.0,Paid
INV0000057,CUST00009,SUB00009,2025-08-14,2025-08-29,805.8,Paid
INV0000058,CUST00010,SUB00010,2024-10-23,2024-11-07,295.8,Paid
INV0000059,CUST00011,SUB00011,2025-01-24,2025-02-08,79.0,Paid
INV0000060,CUST00011,SUB00011,2025-02-24,2025-03-11,79.0,Overdue
INV0000061,CUST00011,SUB00011,2025-03-24,2025-04-08,79.0,Paid
INV0000062,CUST00011,SUB00011,2025-04-24,2025-05-09,79.0,Paid
INV0000063,CUST00011,SUB00011,2025-05-24,2025-06-08,79.0,Paid
INV0000064,CUST00011,SUB00011,2025-06-24,2025-07-09,79.0,Paid
INV0000065,CUST00011,SUB00011,2025-07-24,2025-08-08,79.0,Paid
INV0000066,CUST00011,SUB00011,2025-08-24,2025-09-08,79.0,Paid
INV0000067,CUST00011,SUB00011,2025-09-24,2025-10-09,79.0,Paid
INV0000068,CUST00011,SUB00011,2025-10-24,2025-11-08,79.0,Overdue
INV0000069,CUST00011,SUB00011,2025-11-24,2025-12-09,79.0,Overdue
INV0000070,CUST00011,SUB00011,2025-12-24,2026-01-08,79.0,Pending
INV0000071,CUST00012,SUB00012,2025-01-14,2025-01-29,79.0,Pending
INV0000072,CUST00012,SUB00012,2025-02-14,2025-03-01,79.0,Paid
INV0000073,CUST00012,SUB00012,2025-03-14,2025-03-29,79.0,Paid
INV0000074,CUST00013,SUB00013,2025-09-15,2025-09-30,29.0,Paid
INV0000075,CUST00013,SUB00013,2025-10-15,2025-10-30,29.0,Paid
INV0000076,CUST00013,SUB00013,2025-11-15,2025-11-30,29.0,Paid
INV0000077,CUST00013,SUB00013,2025-12-15,2025-12-30,29.0,Paid
INV0000078,CUST00014,SUB00014,2025-04-18,2025-05-03,29.0,Paid
INV0000079,CUST00014,SUB00014,2025-05-18,2025-06-02,29.0,Paid
INV0000080,CUST00014,SUB00014,2025-06-18,2025-07-03,29.0,Paid
INV0000081,CUST00014,SUB00014,2025-07-18,2025-08-02,29.0,Paid
INV0000082,CUST00014,SUB00014,2025-08-18,2025-09-02,29.0,Paid
INV0000083,CUST00014,SUB00014,2025-09-18,2025-10-03,29.0,Paid
INV0000084,CUST00014,SUB00014,2025-10-18,2025-11-02,29.0,Paid
INV0000085,CUST00014,SUB00014,2025-11-18,2025-12-03,29.0,Paid
INV0000086,CUST00014,SUB00014,2025-12-18,2026-01-02,29.0,Paid
INV0000087,CUST00015,SUB00015,2025-12-02,2025-12-17,79.0,Paid
INV0000088,CUST00016,SUB00016,2024-02-02,2024-02-17,805.8,Paid
INV0000089,CUST00016,SUB00016,2025-02-02,2025-02-17,805.8,Overdue
INV0000090,CUST00017,SUB00017,2025-08-03,2025-08-18,29.0,Paid
INV0000091,CUST00017,SUB00017,2025-09-03,2025-09-18,29.0,Paid
INV0000092,CUST00017,SUB00017,2025-10-03,2025-10-18,29.0,Paid
INV0000093,CUST00017,SUB00017,2025-11-03,2025-11-18,29.0,Paid
INV0000094,CUST00017,SUB00017,2025-12-03,2025-12-18,29.0,Paid
INV0000095,CUST00018,SUB00018,2025-02-09,2025-02-24,295.8,Paid
INV0000096,CUST00019,SUB00019,2024-05-22,2024-06-06,79.0,Paid
INV0000097,CUST00019,SUB00019,2024-06-22,2024-07-07,79.0,Paid
INV0000098,CUST00019,SUB00019,2024-07-22,2024-08-06,79.0,Overdue
INV0000099,CUST00019,SUB00019,2024-08-22,2024-09-06,79.0,Paid
INV0000100,CUST00019,SUB00019,2024-09-22,2024-10-07,79.0,Paid
INV0000101,CUST00019,SUB00019,2024-10-22,2024-11-06,79.0,Paid
INV0000102,CUST00019,SUB00019,2024-11-22,2024-12-07,79.0,Paid
INV0000103,CUST00019,SUB00019,2024-12-22,2025-01-06,79.0,Paid
INV0000104,CUST00019,SUB00019,2025-01-22,2025-02-06,79.0,Paid
INV0000105,CUST00019,SUB00019,2025-02-22,2025-03-09,79.0,Paid
INV0000106,CUST00019,SUB00019,2025-03-22,2025-04-06,79.0,Paid
INV0000107,CUST00019,SUB00019,2025-04-22,2025-05-07,79.0,Paid
INV0000108,CUST00019,SUB00019,2025-05-22,2025-06-06,79.0,Paid
INV0000109,CUST00019,SUB00019,2025-06-22,2025-07-07,79.0,Paid
INV0000110,CUST00019,SUB00019,2025-07-22,2025-08-06,79.0,Paid
INV0000111,CUST00019,SUB00019,2025-08-22,2025-09-06,79.0,Paid
INV0000112,CUST00019,SUB00019,2025-09-22,2025-10-07,79.0,Paid
INV0000113,CUST00019,SUB00019,2025-10-22,2025-11-06,79.0,Paid
INV0000114,CUST00019,SUB00019,2025-11-22,2025-12-07,79.0,Paid
INV0000115,CUST00019,SUB00019,2025-12-22,2026-01-06,79.0,Paid
INV0000116,CUST00020,SUB00020,2025-08-20,2025-09-04,79.0,Paid
INV0000117,CUST00020,SUB00020,2025-09-20,2025-10-05,79.0,Paid
INV0000118,CUST00020,SUB00020,2025-10-20,2025-11-04,79.0,Paid
INV0000119,CUST00021,SUB00021,2025-06-05,2025-06-20,79.0,Paid
INV0000120,CUST00021,SUB00021,2025-07-05,2025-07-20,79.0,Paid
INV0000121,CUST00021,SUB00021,2025-08-05,2025-08-20,79.0,Paid
INV0000122,CUST00021,SUB00021,2025-09-05,2025-09-20,79.0,Paid
INV0000123,CUST00021,SUB00021,2025-10-05,2025-10-20,79.0,Paid
INV0000124,CUST00021,SUB00021,2025-11-05,2025-11-20,79.0,Paid
INV0000125,CUST00021,SUB00021,2025-12-05,2025-12-20,79.0,Paid
INV0000126,CUST00022,SUB00022,2024-06-05,2024-06-20,79.0,Paid
INV0000127,CUST00022,SUB00022,2024-07-05,2024-07-20,79.0,Paid
INV0000128,CUST00022,SUB00022,2024-08-05,2024-08-20,79.0,Overdue
INV0000129,CUST00022,SUB00022,2024-09-05,2024-09-20,199.0,Paid
INV0000130,CUST00022,SUB00022,2024-10-05,2024-10-20,199.0,Paid
INV0000131,CUST00022,SUB00022,2024-11-05,2024-11-20,199.0,Paid
INV0000132,CUST00022,SUB00022,2024-12-05,2024-12-20,199.0,Paid
INV0000133,CUST00022,SUB00022,2025-01-05,2025-01-20,199.0,Paid
INV0000134,CUST00022,SUB00022,2025-02-05,2025-02-20,199.0,Paid
INV0000135,CUST00022,SUB00022,2025-03-05,2025-03-20,199.0,Paid
INV0000136,CUST00022,SUB00022,2025-04-05,2025-04-20,199.0,Paid
INV0000137,CUST00022,SUB00022,2025-05-05,2025-05-20,199.0,Paid
INV0000138,CUST00022,SUB00022,2025-06-05,2025-06-20,199.0,Paid
INV0000139,CUST00022,SUB00022,2025-07-05,2025-07-20,199.0,Paid
INV0000140,CUST00022,SUB00022,2025-08-05,2025-08-20,199.0,Paid
INV0000141,CUST00022,SUB00022,2025-09-05,2025-09-20,199.0,Overdue
INV0000142,CUST00022,SUB00022,2025-10-05,2025-10-20,199.0,Paid
INV0000143,CUST00022,SUB00022,2025-11-05,2025-11-20,199.0,Paid
INV0000144,CUST00023,SUB00023,2025-01-29,2025-02-13,199.0,Paid
INV0000145,CUST00023,SUB00023,2025-02-28,2025-03-15,199.0,Paid
INV0000146,CUST00023,SUB00023,2025-03-28,2025-04-12,199.0,Paid
INV0000147,CUST00023,SUB00023,2025-04-28,2025-05-13,199.0,Paid
INV0000148,CUST00023,SUB00023,2025-05-28,2025-06-12,199.0,Paid
INV0000149,CUST00023,SUB00023,2025-06-28,2025-07-13,199.0,Paid
INV0000150,CUST00023,SUB00023,2025-07-28,2025-08-12,199.0,Paid
INV0000151,CUST00023,SUB00023,2025-08-28,2025-09-12,199.0,Paid
INV0000152,CUST00023,SUB00023,2025-09-28,2025-10-13,199.0,Paid
INV0000153,CUST00023,SUB00023,2025-10-28,2025-11-12,199.0,Paid
INV0000154,CUST00023,SUB00023,2025-11-28,2025-12-13,199.0,Paid
INV0000155,CUST00023,SUB00023,2025-12-28,2026-01-12,199.0,Paid
INV0000156,CUST00024,SUB00024,2025-11-27,2025-12-12,79.0,Paid
INV0000157,CUST00024,SUB00024,2025-12-27,2026-01-11,79.0,Paid
INV0000158,CUST00025,SUB00025,2025-10-18,2025-11-02,2029.8,Paid
INV0000159,CUST00026,SUB00026,2024-01-04,2024-01-19,295.8,Paid
INV0000160,CUST00027,SUB00027,2025-06-03,2025-06-18,79.0,Paid
INV0000161,CUST00027,SUB00027,2025-07-03,2025-07-18,79.0,Paid
INV0000162,CUST00027,SUB00027,2025-08-03,2025-08-18,79.0,Paid
INV0000163,CUST00027,SUB00027,2025-09-03,2025-09-18,79.0,Paid
INV0000164,CUST00027,SUB00027,2025-10-03,2025-10-18,79.0,Overdue
INV0000165,CUST00027,SUB00027,2025-11-03,2025-11-18,79.0,Paid
INV0000166,CUST00027,SUB00027,2025-12-03,2025-12-18,79.0,Paid
INV0000167,CUST00028,SUB00028,2024-06-05,2024-06-20,79.0,Paid
INV0000168,CUST00028,SUB00028,2024-07-05,2024-07-20,79.0,Paid
INV0000169,CUST00028,SUB00028,2024-08-05,2024-08-20,79.0,Paid
INV0000170,CUST00029,SUB00029,2025-09-05,2025-09-20,199.0,Paid
INV0000171,CUST00029,SUB00029,2025-10-05,2025-10-20,199.0,Paid
INV0000172,CUST00029,SUB00029,2025-11-05,2025-11-20,199.0,Paid
INV0000173,CUST00029,SUB00029,2025-12-05,2025-12-20,199.0,Paid
INV0000174,CUST00030,SUB00030,2024-11-10,2024-11-25,79.0,Paid
INV0000175,CUST00030,SUB00030,2024-12-10,2024-12-25,79.0,Paid
INV0000176,CUST00030,SUB00030,2025-01-10,2025-01-25,79.0,Paid
INV0000177,CUST00030,SUB00030,2025-02-10,2025-02-25,79.0,Paid
INV0000178,CUST00030,SUB00030,2025-03-10,2025-03-25,79.0,Paid
INV0000179,CUST00030,SUB00030,2025-04-10,2025-04-25,79.0,Paid
INV0000180,CUST00030,SUB00030,2025-05-10,2025-05-25,79.0,Paid
INV0000181,CUST00030,SUB00030,2025-06-10,2025-06-25,79.0,Paid
INV0000182,CUST00030,SUB00030,2025-07-10,2025-07-25,79.0,Paid
INV0000183,CUST00030,SUB00030,2025-08-10,2025-08-25,79.0,Paid
INV0000184,CUST00030,SUB00030,2025-09-10,2025-09-25,79.0,Paid
INV0000185,CUST00030,SUB00030,2025-10-10,2025-10-25,79.0,Paid
INV0000186,CUST00030,SUB00030,2025-11-10,2025-11-25,79.0,Paid
INV0000187,CUST00030,SUB00030,2025-12-10,2025-12-25,79.0,Paid
INV0000188,CUST00031,SUB00031,2024-03-28,2024-04-12,199.0,Paid
INV0000189,CUST00031,SUB00031,2024-04-28,2024-05-13,199.0,Paid
INV0000190,CUST00031,SUB00031,2024-05-28,2024-06-12,199.0,Paid
INV0000191,CUST00031,SUB00031,2024-06-28,2024-07-13,199.0,Paid
INV0000192,CUST00031,SUB00031,2024-07-28,2024-08-12,199.0,Paid
INV0000193,CUST00031,SUB00031,2024-08-28,2024-09-12,199.0,Paid
INV0000194,CUST00031,SUB00031,2024-09-28,2024-10-13,199.0,Paid
INV0000195,CUST00031,SUB00031,2024-10-28,2024-11-12,199.0,Paid
INV0000196,CUST00031,SUB00031,2024-11-28,2024-12-13,199.0,Paid
INV0000197,CUST00031,SUB00031,2024-12-28,2025-01-12,199.0,Paid
INV0000198,CUST00031,SUB00031,2025-01-28,2025-02-12,199.0,Paid
INV0000199,CUST00031,SUB00031,2025-02-28,2025-03-15,199.0,Paid
INV0000200,CUST00032,SUB00032,2024-05-11,2024-05-26,29.0,Paid
INV0000201,CUST00032,SUB00032,2024-06-11,2024-06-26,29.0,Paid
INV0000202,CUST00032,SUB00032,2024-07-11,2024-07-26,29.0,Paid
INV0000203,CUST00032,SUB00032,2024-08-11,2024-08-26,29.0,Paid
INV0000204,CUST00032,SUB00032,2024-09-11,2024-09-26,29.0,Paid
INV0000205,CUST00032,SUB00032,2024-10-11,2024-10-26,79.0,Paid
INV0000206,CUST00032,SUB00032,2024-11-11,2024-11-26,79.0,Paid
INV0000207,CUST00032,SUB00032,2024-12-11,2024-12-26,79.0,Paid
INV0000208,CUST00032,SUB00032,2025-01-11,2025-01-26,79.0,Pending
INV0000209,CUST00032,SUB00032,2025-02-11,2025-02-26,79.0,Overdue
INV0000210,CUST00032,SUB00032,2025-03-11,2025-03-26,79.0,Paid
INV0000211,CUST00032,SUB00032,2025-04-11,2025-04-26,79.0,Paid
INV0000212,CUST00033,SUB00033,2024-08-04,2024-08-19,79.0,Paid
INV0000213,CUST00033,SUB00033,2024-09-04,2024-09-19,79.0,Paid
INV0000214,CUST00033,SUB00033,2024-10-04,2024-10-19,79.0,Paid
INV0000215,CUST00033,SUB00033,2024-11-04,2024-11-19,79.0,Paid
INV0000216,CUST00033,SUB00033,2024-12-04,2024-12-19,79.0,Paid
INV0000217,CUST00033,SUB00033,2025-01-04,2025-01-19,79.0,Paid
INV0000218,CUST00033,SUB00033,2025-02-04,2025-02-19,79.0,Paid
INV0000219,CUST00033,SUB00033,2025-03-04,2025-03-19,79.0,Paid
INV0000220,CUST00033,SUB00033,2025-04-04,2025-04-19,79.0,Paid
INV0000221,CUST00033,SUB00033,2025-05-04,2025-05-19,79.0,Paid
INV0000222,CUST00033,SUB00033,2025-06-04,2025-06-19,79.0,Paid
INV0000223,CUST00033,SUB00033,2025-07-04,2025-07-19,79.0,Paid
INV0000224,CUST00034,SUB00034,2025-12-31,2026-01-15,2029.8,Paid
INV0000225,CUST00035,SUB00035,2025-06-13,2025-06-28,79.0,Paid
INV0000226,CUST00035,SUB00035,2025-07-13,2025-07-28,79.0,Paid
INV0000227,CUST00035,SUB00035,2025-08-13,2025-08-28,79.0,Paid
INV0000228,CUST00035,SUB00035,2025-09-13,2025-09-28,79.0,Paid
INV0000229,CUST00035,SUB00035,2025-10-13,2025-10-28,79.0,Paid
INV0000230,CUST00035,SUB00035,2025-11-13,2025-11-28,79.0,Paid
INV0000231,CUST00036,SUB00036,2024-01-22,2024-02-06,295.8,Paid
INV0000232,CUST00036,SUB00036,2025-01-22,2025-02-06,295.8,Paid
INV0000233,CUST00037,SUB00037,2024-03-13,2024-03-28,79.0,Paid
INV0000234,CUST00037,SUB00037,2024-04-13,2024-04-28,79.0,Paid
INV0000235,CUST00037,SUB00037,2024-05-13,2024-05-28,79.0,Paid
INV0000236,CUST00037,SUB00037,2024-06-13,2024-06-28,79.0,Paid
INV0000237,CUST00037,SUB00037,2024-07-13,2024-07-28,79.0,Paid
INV0000238,CUST00037,SUB00037,2024-08-13,2024-08-28,79.0,Overdue
INV0000239,CUST00037,SUB00037,2024-09-13,2024-09-28,79.0,Paid
INV0000240,CUST00037,SUB00037,2024-10-13,2024-10-28,79.0,Paid
INV0000241,CUST00037,SUB00037,2024-11-13,2024-11-28,79.0,Paid
INV0000242,CUST00037,SUB00037,2024-12-13,2024-12-28,79.0,Paid
INV0000243,CUST00037,SUB00037,2025-01-13,2025-01-28,79.0,Paid
INV0000244,CUST00037,SUB00037,2025-02-13,2025-02-28,79.0,Paid
INV0000245,CUST00037,SUB00037,2025-03-13,2025-03-28,79.0,Paid
INV0000246,CUST00037,SUB00037,2025-04-13,2025-04-28,79.0,Paid
INV0000247,CUST00037,SUB00037,2025-05-13,2025-05-28,79.0,Paid
INV0000248,CUST00037,SUB00037,2025-06-13,2025-06-28,79.0,Paid
INV0000249,CUST00037,SUB00037,2025-07-13,2025-07-28,79.0,Paid
INV0000250,CUST00037,SUB00037,2025-08-13,2025-08-28,79.0,Paid
INV0000251,CUST00037,SUB00037,2025-09-13,2025-09-28,79.0,Overdue
INV0000252,CUST00037,SUB00037,2025-10-13,2025-10-28,79.0,Paid
INV0000253,CUST00037,SUB00037,2025-11-13,2025-11-28,79.0,Paid
INV0000254,CUST00037,SUB00037,2025-12-13,2025-12-28,79.0,Pending
INV0000255,CUST00038,SUB00038,2024-12-04,2024-12-19,805.8,Paid
INV0000256,CUST00039,SUB00039,2024-08-07,2024-08-22,805.8,Paid
INV0000257,CUST00040,SUB00040,2024-09-05,2024-09-20,2029.8,Paid
INV0000258,CUST00040,SUB00040,2025-09-05,2025-09-20,2029.8,Paid
INV0000259,CUST00041,SUB00041,2024-04-09,2024-04-24,29.0,Paid
INV0000260,CUST00041,SUB00041,2024-05-09,2024-05-24,29.0,Paid
INV0000261,CUST00041,SUB00041,2024-06-09,2024-06-24,29.0,Paid
INV0000262,CUST00041,SUB00041,2024-07-09,2024-07-24,29.0,Paid
INV0000263,CUST00041,SUB00041,2024-08-09,2024-08-24,29.0,Paid
INV0000264,CUST00041,SUB00041,2024-09-09,2024-09-24,29.0,Paid
INV0000265,CUST00041,SUB00041,2024-10-09,2024-10-24,29.0,Paid
INV0000266,CUST00041,SUB00041,2024-11-09,2024-11-24,29.0,Paid
INV0000267,CUST00041,SUB00041,2024-12-09,2024-12-24,29.0,Paid
INV0000268,CUST00041,SUB00041,2025-01-09,2025-01-24,29.0,Paid
INV0000269,CUST00041,SUB00041,2025-02-09,2025-02-24,29.0,Paid
INV0000270,CUST00041,SUB00041,2025-03-09,2025-03-24,29.0,Paid
INV0000271,CUST00041,SUB00041,2025-04-09,2025-04-24,29.0,Paid
INV0000272,CUST00041,SUB00041,2025-05-09,2025-05-24,29.0,Paid
INV0000273,CUST00041,SUB00041,2025-06-09,2025-06-24,29.0,Paid
INV0000274,CUST00041,SUB00041,2025-07-09,2025-07-24,29.0,Paid
INV0000275,CUST00041,SUB00041,2025-08-09,2025-08-24,29.0,Paid
INV0000276,CUST00041,SUB00041,2025-09-09,2025-09-24,29.0,Paid
INV0000277,CUST00042,SUB00042,2024-02-25,2024-03-11,79.0,Paid
INV0000278,CUST00042,SUB00042,2024-03-25,2024-04-09,79.0,Paid
INV0000279,CUST00042,SUB00042,2024-04-25,2024-05-10,79.0,Paid
INV0000280,CUST00042,SUB00042,2024-05-25,2024-06-09,79.0,Paid
INV0000281,CUST00042,SUB00042,2024-06-25,2024-07-10,79.0,Paid
INV0000282,CUST00042,SUB00042,2024-07-25,2024-08-09,79.0,Paid
INV0000283,CUST00043,SUB00043,2024-12-13,2024-12-28,79.0,Paid
INV0000284,CUST00043,SUB00043,2025-01-13,2025-01-28,79.0,Paid
INV0000285,CUST00043,SUB00043,2025-02-13,2025-02-28,79.0,Paid
INV0000286,CUST00043,SUB00043,2025-03-13,2025-03-28,79.0,Paid
INV0000287,CUST00043,SUB00043,2025-04-13,2025-04-28,79.0,Paid
INV0000288,CUST00043,SUB00043,2025-05-13,2025-05-28,79.0,Paid
INV0000289,CUST00043,SUB00043,2025-06-13,2025-06-28,79.0,Paid
INV0000290,CUST00043,SUB00043,2025-07-13,2025-07-28,79.0,Paid
INV0000291,CUST00043,SUB00043,2025-08-13,2025-08-28,79.0,Paid
INV0000292,CUST00043,SUB00043,2025-09-13,2025-09-28,79.0,Pending
INV0000293,CUST00043,SUB00043,2025-10-13,2025-10-28,79.0,Paid
INV0000294,CUST00043,SUB00043,2025-11-13,2025-11-28,79.0,Paid
INV0000295,CUST00044,SUB00044,2025-07-03,2025-07-18,79.0,Overdue
INV0000296,CUST00044,SUB00044,2025-08-03,2025-08-18,79.0,Paid
INV0000297,CUST00044,SUB00044,2025-09-03,2025-09-18,79.0,Paid
INV0000298,CUST00044,SUB00044,2025-10-03,2025-10-18,79.0,Paid
INV0000299,CUST00044,SUB00044,2025-11-03,2025-11-18,79.0,Paid
INV0000300,CUST00044,SUB00044,2025-12-03,2025-12-18,79.0,Paid
INV0000301,CUST00045,SUB00045,2024-09-12,2024-09-27,29.0,Paid
INV0000302,CUST00045,SUB00045,2024-10-12,2024-10-27,29.0,Paid
INV0000303,CUST00045,SUB00045,2024-11-12,2024-11-27,29.0,Paid
INV0000304,CUST00045,SUB00045,2024-12-12,2024-12-27,29.0,Paid
INV0000305,CUST00045,SUB00045,2025-01-12,2025-01-27,29.0,Paid
INV0000306,CUST00045,SUB00045,2025-02-12,2025-02-27,29.0,Paid
INV0000307,CUST00045,SUB00045,2025-03-12,2025-03-27,29.0,Paid
INV0000308,CUST00045,SUB00045,2025-04-12,2025-04-27,29.0,Paid
INV0000309,CUST00045,SUB00045,2025-05-12,2025-05-27,29.0,Paid
INV0000310,CUST00045,SUB00045,2025-06-12,2025-06-27,29.0,Paid
INV0000311,CUST00045,SUB00045,2025-07-12,2025-07-27,29.0,Paid
INV0000312,CUST00045,SUB00045,2025-08-12,2025-08-27,29.0,Paid
INV0000313,CUST00046,SUB00046,2024-02-21,2024-03-07,29.0,Paid
INV0000314,CUST00046,SUB00046,2024-03-21,2024-04-05,29.0,Paid
INV0000315,CUST00046,SUB00046,2024-04-21,2024-05-06,29.0,Paid
INV0000316,CUST00047,SUB00047,2024-08-30,2024-09-14,805.8,Paid
INV0000317,CUST00047,SUB00047,2025-08-30,2025-09-14,805.8,Paid
INV0000318,CUST00048,SUB00048,2024-03-01,2024-03-16,29.0,Paid
INV0000319,CUST00048,SUB00048,2024-04-01,2024-04-16,29.0,Paid
INV0000320,CUST00048,SUB00048,2024-05-01,2024-05-16,29.0,Paid
INV0000321,CUST00048,SUB00048,2024-06-01,2024-06-16,29.0,Paid
INV0000322,CUST00048,SUB00048,2024-07-01,2024-07-16,29.0,Paid
INV0000323,CUST00048,SUB00048,2024-08-01,2024-08-16,29.0,Paid
INV0000324,CUST00048,SUB00048,2024-09-01,2024-09-16,29.0,Paid
INV0000325,CUST00048,SUB00048,2024-10-01,2024-10-16,29.0,Paid
INV0000326,CUST00048,SUB00048,2024-11-01,2024-11-16,29.0,Paid
INV0000327,CUST00048,SUB00048,2024-12-01,2024-12-16,29.0,Paid
INV0000328,CUST00048,SUB00048,2025-01-01,2025-01-16,29.0,Paid
INV0000329,CUST00048,SUB00048,2025-02-01,2025-02-16,29.0,Overdue
INV0000330,CUST00048,SUB00048,2025-03-01,2025-03-16,29.0,Paid
INV0000331,CUST00048,SUB00048,2025-04-01,2025-04-16,29.0,Paid
INV0000332,CUST00048,SUB00048,2025-05-01,2025-05-16,29.0,Paid
INV0000333,CUST00048,SUB00048,2025-06-01,2025-06-16,29.0,Paid
INV0000334,CUST00048,SUB00048,2025-07-01,2025-07-16,29.0,Paid
INV0000335,CUST00048,SUB00048,2025-08-01,2025-08-16,29.0,Paid
INV0000336,CUST00049,SUB00049,2025-04-10,2025-04-25,805.8,Paid
INV0000337,CUST00050,SUB00050,2024-06-07,2024-06-22,2029.8,Paid
INV0000338,CUST00050,SUB00050,2025-06-07,2025-06-22,2029.8,Paid
INV0000339,CUST00051,SUB00051,2024-11-17,2024-12-02,79.0,Paid
INV0000340,CUST00051,SUB00051,2024-12-17,2025-01-01,79.0,Paid
INV0000341,CUST00051,SUB00051,2025-01-17,2025-02-01,79.0,Paid
INV0000342,CUST00051,SUB00051,2025-02-17,2025-03-04,79.0,Paid
INV0000343,CUST00051,SUB00051,2025-03-17,2025-04-01,79.0,Paid
INV0000344,CUST00051,SUB00051,2025-04-17,2025-05-02,79.0,Paid
INV0000345,CUST00051,SUB00051,2025-05-17,2025-06-01,79.0,Pending
INV0000346,CUST00051,SUB00051,2025-06-17,2025-07-02,79.0,Paid
INV0000347,CUST00051,SUB00051,2025-07-17,2025-08-01,79.0,Paid
INV0000348,CUST00051,SUB00051,2025-08-17,2025-09-01,79.0,Paid
INV0000349,CUST00051,SUB00051,2025-09-17,2025-10-02,79.0,Paid
INV0000350,CUST00051,SUB00051,2025-10-17,2025-11-01,79.0,Paid
INV0000351,CUST00052,SUB00052,2024-02-28,2024-03-14,29.0,Pending
INV0000352,CUST00052,SUB00052,2024-03-28,2024-04-12,29.0,Paid
INV0000353,CUST00052,SUB00052,2024-04-28,2024-05-13,29.0,Paid
INV0000354,CUST00052,SUB00052,2024-05-28,2024-06-12,29.0,Paid
INV0000355,CUST00052,SUB00052,2024-06-28,2024-07-13,29.0,Paid
INV0000356,CUST00052,SUB00052,2024-07-28,2024-08-12,29.0,Paid
INV0000357,CUST00052,SUB00052,2024-08-28,2024-09-12,29.0,Paid
INV0000358,CUST00052,SUB00052,2024-09-28,2024-10-13,29.0,Paid
INV0000359,CUST00052,SUB00052,2024-10-28,2024-11-12,29.0,Paid
INV0000360,CUST00052,SUB00052,2024-11-28,2024-12-13,29.0,Paid
INV0000361,CUST00052,SUB00052,2024-12-28,2025-01-12,29.0,Paid
INV0000362,CUST00052,SUB00052,2025-01-28,2025-02-12,29.0,Pending
INV0000363,CUST00052,SUB00052,2025-02-28,2025-03-15,29.0,Paid
INV0000364,CUST00052,SUB00052,2025-03-28,2025-04-12,29.0,Paid
INV0000365,CUST00052,SUB00052,2025-04-28,2025-05-13,29.0,Overdue
INV0000366,CUST00052,SUB00052,2025-05-28,2025-06-12,29.0,Pending
INV0000367,CUST00052,SUB00052,2025-06-28,2025-07-13,29.0,Paid
INV0000368,CUST00052,SUB00052,2025-07-28,2025-08-12,29.0,Paid
INV0000369,CUST00053,SUB00053,2025-09-01,2025-09-16,79.0,Paid
INV0000370,CUST00053,SUB00053,2025-10-01,2025-10-16,79.0,Paid
INV0000371,CUST00053,SUB00053,2025-11-01,2025-11-16,79.0,Paid
INV0000372,CUST00053,SUB00053,2025-12-01,2025-12-16,79.0,Paid
INV0000373,CUST00054,SUB00054,2025-08-06,2025-08-21,79.0,Overdue
INV0000374,CUST00054,SUB00054,2025-09-06,2025-09-21,79.0,Paid
INV0000375,CUST00054,SUB00054,2025-10-06,2025-10-21,79.0,Paid
INV0000376,CUST00054,SUB00054,2025-11-06,2025-11-21,79.0,Paid
INV0000377,CUST00054,SUB00054,2025-12-06,2025-12-21,79.0,Pending
INV0000378,CUST00055,SUB00055,2025-03-05,2025-03-20,29.0,Paid
INV0000379,CUST00055,SUB00055,2025-04-05,2025-04-20,29.0,Paid
INV0000380,CUST00055,SUB00055,2025-05-05,2025-05-20,29.0,Paid
INV0000381,CUST00055,SUB00055,2025-06-05,2025-06-20,29.0,Paid
INV0000382,CUST00055,SUB00055,2025-07-05,2025-07-20,29.0,Paid
INV0000383,CUST00055,SUB00055,2025-08-05,2025-08-20,29.0,Paid
INV0000384,CUST00055,SUB00055,2025-09-05,2025-09-20,29.0,Paid
INV0000385,CUST00055,SUB00055,2025-10-05,2025-10-20,29.0,Paid
INV0000386,CUST00055,SUB00055,2025-11-05,2025-11-20,29.0,Paid
INV0000387,CUST00055,SUB00055,2025-12-05,2025-12-20,29.0,Paid
INV0000388,CUST00056,SUB00056,2024-07-28,2024-08-12,295.8,Paid
INV0000389,CUST00057,SUB00057,2024-05-14,2024-05-29,29.0,Paid
INV0000390,CUST00057,SUB00057,2024-06-14,2024-06-29,29.0,Paid
INV0000391,CUST00057,SUB00057,2024-07-14,2024-07-29,29.0,Paid
INV0000392,CUST00057,SUB00057,2024-08-14,2024-08-29,29.0,Paid
INV0000393,CUST00057,SUB00057,2024-09-14,2024-09-29,29.0,Paid
INV0000394,CUST00057,SUB00057,2024-10-14,2024-10-29,29.0,Paid
INV0000395,CUST00057,SUB00057,2024-11-14,2024-11-29,29.0,Paid
INV0000396,CUST00057,SUB00057,2024-12-14,2024-12-29,29.0,Paid
INV0000397,CUST00057,SUB00057,2025-01-14,2025-01-29,29.0,Paid
INV0000398,CUST00057,SUB00057,2025-02-14,2025-03-01,29.0,Paid
INV0000399,CUST00057,SUB00057,2025-03-14,2025-03-29,29.0,Paid
INV0000400,CUST00057,SUB00057,2025-04-14,2025-04-29,29.0,Paid
INV0000401,CUST00057,SUB00057,2025-05-14,2025-05-29,29.0,Paid
INV0000402,CUST00057,SUB00057,2025-06-14,2025-06-29,29.0,Paid
INV0000403,CUST00057,SUB00057,2025-07-14,2025-07-29,29.0,Paid
INV0000404,CUST00057,SUB00057,2025-08-14,2025-08-29,29.0,Paid
INV0000405,CUST00057,SUB00057,2025-09-14,2025-09-29,29.0,Paid
INV0000406,CUST00057,SUB00057,2025-10-14,2025-10-29,29.0,Paid
INV0000407,CUST00057,SUB00057,2025-11-14,2025-11-29,29.0,Paid
INV0000408,CUST00057,SUB00057,2025-12-14,2025-12-29,29.0,Paid
INV0000409,CUST00058,SUB00058,2024-01-10,2024-01-25,805.8,Paid
INV0000410,CUST00058,SUB00058,2025-01-10,2025-01-25,805.8,Paid
INV0000411,CUST00059,SUB00059,2025-07-04,2025-07-19,79.0,Overdue
INV0000412,CUST00059,SUB00059,2025-08-04,2025-08-19,79.0,Pending
INV0000413,CUST00059,SUB00059,2025-09-04,2025-09-19,79.0,Paid
INV0000414,CUST00059,SUB00059,2025-10-04,2025-10-19,79.0,Paid
INV0000415,CUST00059,SUB00059,2025-11-04,2025-11-19,79.0,Paid
INV0000416,CUST00059,SUB00059,2025-12-04,2025-12-19,79.0,Paid
INV0000417,CUST00060,SUB00060,2024-03-11,2024-03-26,29.0,Paid
INV0000418,CUST00060,SUB00060,2024-04-11,2024-04-26,29.0,Paid
INV0000419,CUST00060,SUB00060,2024-05-11,2024-05-26,29.0,Paid
INV0000420,CUST00060,SUB00060,2024-06-11,2024-06-26,29.0,Paid
INV0000421,CUST00060,SUB00060,2024-07-11,2024-07-26,29.0,Paid
INV0000422,CUST00060,SUB00060,2024-08-11,2024-08-26,29.0,Overdue
INV0000423,CUST00060,SUB00060,2024-09-11,2024-09-26,29.0,Paid
INV0000424,CUST00060,SUB00060,2024-10-11,2024-10-26,29.0,Paid
INV0000425,CUST00060,SUB00060,2024-11-11,2024-11-26,29.0,Overdue
INV0000426,CUST00060,SUB00060,2024-12-11,2024-12-26,29.0,Paid
INV0000427,CUST00060,SUB00060,2025-01-11,2025-01-26,29.0,Paid
INV0000428,CUST00060,SUB00060,2025-02-11,2025-02-26,79.0,Paid
INV0000429,CUST00061,SUB00061,2025-07-10,2025-07-25,295.8,Paid
INV0000430,CUST00062,SUB00062,2025-11-14,2025-11-29,2029.8,Paid
INV0000431,CUST00063,SUB00063,2024-05-17,2024-06-01,199.0,Paid
INV0000432,CUST00063,SUB00063,2024-06-17,2024-07-02,199.0,Paid
INV0000433,CUST00063,SUB00063,2024-07-17,2024-08-01,199.0,Paid
INV0000434,CUST00063,SUB00063,2024-08-17,2024-09-01,199.0,Paid
INV0000435,CUST00063,SUB00063,2024-09-17,2024-10-02,199.0,Paid
INV0000436,CUST00063,SUB00063,2024-10-17,2024-11-01,199.0,Paid
INV0000437,CUST00064,SUB00064,2024-10-05,2024-10-20,199.0,Paid
INV0000438,CUST00064,SUB00064,2024-11-05,2024-11-20,199.0,Paid
INV0000439,CUST00064,SUB00064,2024-12-05,2024-12-20,199.0,Paid
INV0000440,CUST00064,SUB00064,2025-01-05,2025-01-20,199.0,Paid
INV0000441,CUST00064,SUB00064,2025-02-05,2025-02-20,199.0,Overdue
INV0000442,CUST00064,SUB00064,2025-03-05,2025-03-20,199.0,Paid
INV0000443,CUST00064,SUB00064,2025-04-05,2025-04-20,199.0,Paid
INV0000444,CUST00064,SUB00064,2025-05-05,2025-05-20,199.0,Paid
INV0000445,CUST00064,SUB00064,2025-06-05,2025-06-20,199.0,Paid
INV0000446,CUST00064,SUB00064,2025-07-05,2025-07-20,199.0,Paid
INV0000447,CUST00064,SUB00064,2025-08-05,2025-08-20,199.0,Paid
INV0000448,CUST00064,SUB00064,2025-09-05,2025-09-20,199.0,Paid
INV0000449,CUST00064,SUB00064,2025-10-05,2025-10-20,199.0,Paid
INV0000450,CUST00064,SUB00064,2025-11-05,2025-11-20,199.0,Paid
INV0000451,CUST00064,SUB00064,2025-12-05,2025-12-20,199.0,Paid
INV0000452,CUST00065,SUB00065,2025-12-04,2025-12-19,79.0,Paid
INV0000453,CUST00066,SUB00066,2024-02-22,2024-03-08,295.8,Paid
INV0000454,CUST00067,SUB00067,2024-01-04,2024-01-19,29.0,Paid
INV0000455,CUST00067,SUB00067,2024-02-04,2024-02-19,29.0,Paid
INV0000456,CUST00067,SUB00067,2024-03-04,2024-03-19,29.0,Paid
INV0000457,CUST00067,SUB00067,2024-04-04,2024-04-19,29.0,Paid
INV0000458,CUST00067,SUB00067,2024-05-04,2024-05-19,29.0,Paid
INV0000459,CUST00067,SUB00067,2024-06-04,2024-06-19,29.0,Paid
INV0000460,CUST00067,SUB00067,2024-07-04,2024-07-19,29.0,Paid
INV0000461,CUST00067,SUB00067,2024-08-04,2024-08-19,29.0,Paid
INV0000462,CUST00067,SUB00067,2024-09-04,2024-09-19,29.0,Paid
INV0000463,CUST00067,SUB00067,2024-10-04,2024-10-19,29.0,Paid
INV0000464,CUST00067,SUB00067,2024-11-04,2024-11-19,29.0,Paid
INV0000465,CUST00067,SUB00067,2024-12-04,2024-12-19,29.0,Paid
INV0000466,CUST00067,SUB00067,2025-01-04,2025-01-19,29.0,Paid
INV0000467,CUST00067,SUB00067,2025-02-04,2025-02-19,29.0,Paid
INV0000468,CUST00067,SUB00067,2025-03-04,2025-03-19,79.0,Paid
INV0000469,CUST00067,SUB00067,2025-04-04,2025-04-19,79.0,Paid
INV0000470,CUST00067,SUB00067,2025-05-04,2025-05-19,79.0,Paid
INV0000471,CUST00067,SUB00067,2025-06-04,2025-06-19,79.0,Pending
INV0000472,CUST00068,SUB00068,2024-06-14,2024-06-29,79.0,Paid
INV0000473,CUST00068,SUB00068,2024-07-14,2024-07-29,79.0,Paid
INV0000474,CUST00068,SUB00068,2024-08-14,2024-08-29,79.0,Paid
INV0000475,CUST00068,SUB00068,2024-09-14,2024-09-29,79.0,Paid
INV0000476,CUST00068,SUB00068,2024-10-14,2024-10-29,79.0,Paid
INV0000477,CUST00068,SUB00068,2024-11-14,2024-11-29,79.0,Paid
INV0000478,CUST00068,SUB00068,2024-12-14,2024-12-29,79.0,Paid
INV0000479,CUST00068,SUB00068,2025-01-14,2025-01-29,79.0,Paid
INV0000480,CUST00068,SUB00068,2025-02-14,2025-03-01,79.0,Paid
INV0000481,CUST00068,SUB00068,2025-03-14,2025-03-29,79.0,Paid
INV0000482,CUST00068,SUB00068,2025-04-14,2025-04-29,79.0,Paid
INV0000483,CUST00068,SUB00068,2025-05-14,2025-05-29,79.0,Paid
INV0000484,CUST00068,SUB00068,2025-06-14,2025-06-29,79.0,Paid
INV0000485,CUST00068,SUB00068,2025-07-14,2025-07-29,79.0,Paid
INV0000486,CUST00068,SUB00068,2025-08-14,2025-08-29,79.0,Paid
INV0000487,CUST00068,SUB00068,2025-09-14,2025-09-29,79.0,Paid
INV0000488,CUST00068,SUB00068,2025-10-14,2025-10-29,79.0,Paid
INV0000489,CUST00068,SUB00068,2025-11-14,2025-11-29,79.0,Paid
INV0000490,CUST00068,SUB00068,2025-12-14,2025-12-29,79.0,Paid
INV0000491,CUST00069,SUB00069,2024-04-24,2024-05-09,29.0,Paid
INV0000492,CUST00069,SUB00069,2024-05-24,2024-06-08,29.0,Paid
INV0000493,CUST00069,SUB00069,2024-06-24,2024-07-09,29.0,Paid
INV0000494,CUST00069,SUB00069,2024-07-24,2024-08-08,29.0,Paid
INV0000495,CUST00069,SUB00069,2024-08-24,2024-09-08,29.0,Paid
INV0000496,CUST00069,SUB00069,2024-09-24,2024-10-09,29.0,Paid
INV0000497,CUST00069,SUB00069,2024-10-24,2024-11-08,29.0,Paid
INV0000498,CUST00069,SUB00069,2024-11-24,2024-12-09,29.0,Overdue
INV0000499,CUST00069,SUB00069,2024-12-24,2025-01-08,29.0,Paid
INV0000500,CUST00069,SUB00069,2025-01-24,2025-02-08,29.0,Paid
INV0000501,CUST00069,SUB00069,2025-02-24,2025-03-11,29.0,Paid
INV0000502,CUST00069,SUB00069,2025-03-24,2025-04-08,29.0,Paid
INV0000503,CUST00069,SUB00069,2025-04-24,2025-05-09,29.0,Paid
INV0000504,CUST00069,SUB00069,2025-05-24,2025-06-08,29.0,Paid
INV0000505,CUST00069,SUB00069,2025-06-24,2025-07-09,29.0,Paid
INV0000506,CUST00069,SUB00069,2025-07-24,2025-08-08,29.0,Paid
INV0000507,CUST00069,SUB00069,2025-08-24,2025-09-08,29.0,Paid
INV0000508,CUST00069,SUB00069,2025-09-24,2025-10-09,29.0,Paid
INV0000509,CUST00070,SUB00070,2025-01-13,2025-01-28,199.0,Paid
INV0000510,CUST00070,SUB00070,2025-02-13,2025-02-28,199.0,Paid
INV0000511,CUST00070,SUB00070,2025-03-13,2025-03-28,199.0,Paid
INV0000512,CUST00070,SUB00070,2025-04-13,2025-04-28,199.0,Paid
INV0000513,CUST00070,SUB00070,2025-05-13,2025-05-28,199.0,Paid
INV0000514,CUST00070,SUB00070,2025-06-13,2025-06-28,199.0,Paid
INV0000515,CUST00070,SUB00070,2025-07-13,2025-07-28,199.0,Paid
INV0000516,CUST00070,SUB00070,2025-08-13,2025-08-28,199.0,Paid
INV0000517,CUST00070,SUB00070,2025-09-13,2025-09-28,199.0,Paid
INV0000518,CUST00070,SUB00070,2025-10-13,2025-10-28,199.0,Paid
INV0000519,CUST00070,SUB00070,2025-11-13,2025-11-28,199.0,Paid
INV0000520,CUST00070,SUB00070,2025-12-13,2025-12-28,199.0,Paid
INV0000521,CUST00071,SUB00071,2024-11-11,2024-11-26,29.0,Paid
INV0000522,CUST00071,SUB00071,2024-12-11,2024-12-26,29.0,Paid
INV0000523,CUST00071,SUB00071,2025-01-11,2025-01-26,29.0,Paid
INV0000524,CUST00071,SUB00071,2025-02-11,2025-02-26,29.0,Paid
INV0000525,CUST00071,SUB00071,2025-03-11,2025-03-26,29.0,Paid
INV0000526,CUST00071,SUB00071,2025-04-11,2025-04-26,29.0,Paid
INV0000527,CUST00071,SUB00071,2025-05-11,2025-05-26,29.0,Overdue
INV0000528,CUST00071,SUB00071,2025-06-11,2025-06-26,29.0,Paid
INV0000529,CUST00071,SUB00071,2025-07-11,2025-07-26,29.0,Paid
INV0000530,CUST00071,SUB00071,2025-08-11,2025-08-26,29.0,Paid
INV0000531,CUST00071,SUB00071,2025-09-11,2025-09-26,29.0,Paid
INV0000532,CUST00071,SUB00071,2025-10-11,2025-10-26,29.0,Paid
INV0000533,CUST00072,SUB00072,2025-01-01,2025-01-16,199.0,Paid
INV0000534,CUST00072,SUB00072,2025-02-01,2025-02-16,199.0,Paid
INV0000535,CUST00072,SUB00072,2025-03-01,2025-03-16,199.0,Paid
INV0000536,CUST00072,SUB00072,2025-04-01,2025-04-16,199.0,Paid
INV0000537,CUST00072,SUB00072,2025-05-01,2025-05-16,199.0,Paid
INV0000538,CUST00072,SUB00072,2025-06-01,2025-06-16,199.0,Paid
INV0000539,CUST00072,SUB00072,2025-07-01,2025-07-16,199.0,Paid
INV0000540,CUST00072,SUB00072,2025-08-01,2025-08-16,199.0,Overdue
INV0000541,CUST00072,SUB00072,2025-09-01,2025-09-16,199.0,Paid
INV0000542,CUST00072,SUB00072,2025-10-01,2025-10-16,199.0,Paid
INV0000543,CUST00072,SUB00072,2025-11-01,2025-11-16,199.0,Paid
INV0000544,CUST00072,SUB00072,2025-12-01,2025-12-16,199.0,Paid
INV0000545,CUST00073,SUB00073,2025-07-27,2025-08-11,29.0,Paid
INV0000546,CUST00073,SUB00073,2025-08-27,2025-09-11,29.0,Paid
INV0000547,CUST00073,SUB00073,2025-09-27,2025-10-12,29.0,Paid
INV0000548,CUST00073,SUB00073,2025-10-27,2025-11-11,29.0,Paid
INV0000549,CUST00073,SUB00073,2025-11-27,2025-12-12,29.0,Paid
INV0000550,CUST00073,SUB00073,2025-12-27,2026-01-11,29.0,Paid
INV0000551,CUST00074,SUB00074,2024-08-30,2024-09-14,199.0,Paid
INV0000552,CUST00074,SUB00074,2024-09-30,2024-10-15,199.0,Paid
INV0000553,CUST00074,SUB00074,2024-10-30,2024-11-14,199.0,Paid
INV0000554,CUST00074,SUB00074,2024-11-30,2024-12-15,199.0,Paid
INV0000555,CUST00074,SUB00074,2024-12-30,2025-01-14,199.0,Paid
INV0000556,CUST00074,SUB00074,2025-01-30,2025-02-14,199.0,Paid
INV0000557,CUST00075,SUB00075,2024-01-26,2024-02-10,2029.8,Paid
INV0000558,CUST00075,SUB00075,2025-01-26,2025-02-10,2029.8,Paid
INV0000559,CUST00076,SUB00076,2025-11-16,2025-12-01,79.0,Paid
INV0000560,CUST00076,SUB00076,2025-12-16,2025-12-31,79.0,Paid
INV0000561,CUST00077,SUB00077,2025-12-19,2026-01-03,29.0,Paid
INV0000562,CUST00078,SUB00078,2024-08-15,2024-08-30,79.0,Paid
INV0000563,CUST00078,SUB00078,2024-09-15,2024-09-30,79.0,Paid
INV0000564,CUST00078,SUB00078,2024-10-15,2024-10-30,79.0,Paid
INV0000565,CUST00078,SUB00078,2024-11-15,2024-11-30,79.0,Paid
INV0000566,CUST00078,SUB00078,2024-12-15,2024-12-30,79.0,Paid
INV0000567,CUST00078,SUB00078,2025-01-15,2025-01-30,79.0,Paid
INV0000568,CUST00078,SUB00078,2025-02-15,2025-03-02,79.0,Paid
INV0000569,CUST00078,SUB00078,2025-03-15,2025-03-30,79.0,Paid
INV0000570,CUST00078,SUB00078,2025-04-15,2025-04-30,79.0,Paid
INV0000571,CUST00078,SUB00078,2025-05-15,2025-05-30,79.0,Paid
INV0000572,CUST00078,SUB00078,2025-06-15,2025-06-30,79.0,Paid
INV0000573,CUST00078,SUB00078,2025-07-15,2025-07-30,79.0,Overdue
INV0000574,CUST00078,SUB00078,2025-08-15,2025-08-30,79.0,Paid
INV0000575,CUST00078,SUB00078,2025-09-15,2025-09-30,79.0,Paid
INV0000576,CUST00078,SUB00078,2025-10-15,2025-10-30,79.0,Paid
INV0000577,CUST00078,SUB00078,2025-11-15,2025-11-30,79.0,Paid
INV0000578,CUST00078,SUB00078,2025-12-15,2025-12-30,79.0,Paid
INV0000579,CUST00079,SUB00079,2024-08-16,2024-08-31,29.0,Paid
INV0000580,CUST00079,SUB00079,2024-09-16,2024-10-01,29.0,Paid
INV0000581,CUST00079,SUB00079,2024-10-16,2024-10-31,29.0,Paid
INV0000582,CUST00079,SUB00079,2024-11-16,2024-12-01,29.0,Paid
INV0000583,CUST00079,SUB00079,2024-12-16,2024-12-31,29.0,Paid
INV0000584,CUST00079,SUB00079,2025-01-16,2025-01-31,29.0,Paid
INV0000585,CUST00079,SUB00079,2025-02-16,2025-03-03,29.0,Paid
INV0000586,CUST00079,SUB00079,2025-03-16,2025-03-31,29.0,Paid
INV0000587,CUST00079,SUB00079,2025-04-16,2025-05-01,29.0,Paid
INV0000588,CUST00079,SUB00079,2025-05-16,2025-05-31,29.0,Paid
INV0000589,CUST00079,SUB00079,2025-06-16,2025-07-01,29.0,Paid
INV0000590,CUST00079,SUB00079,2025-07-16,2025-07-31,29.0,Paid
INV0000591,CUST00079,SUB00079,2025-08-16,2025-08-31,29.0,Overdue
INV0000592,CUST00079,SUB00079,2025-09-16,2025-10-01,29.0,Paid
INV0000593,CUST00079,SUB00079,2025-10-16,2025-10-31,29.0,Paid
INV0000594,CUST00079,SUB00079,2025-11-16,2025-12-01,29.0,Paid
INV0000595,CUST00079,SUB00079,2025-12-16,2025-12-31,29.0,Paid
INV0000596,CUST00080,SUB00080,2024-03-12,2024-03-27,29.0,Paid
INV0000597,CUST00080,SUB00080,2024-04-12,2024-04-27,29.0,Paid
INV0000598,CUST00080,SUB00080,2024-05-12,2024-05-27,79.0,Paid
INV0000599,CUST00080,SUB00080,2024-06-12,2024-06-27,79.0,Paid
INV0000600,CUST00080,SUB00080,2024-07-12,2024-07-27,79.0,Paid
INV0000601,CUST00080,SUB00080,2024-08-12,2024-08-27,79.0,Paid
INV0000602,CUST00081,SUB00081,2025-11-26,2025-12-11,79.0,Paid
INV0000603,CUST00081,SUB00081,2025-12-26,2026-01-10,79.0,Paid
INV0000604,CUST00082,SUB00082,2024-04-28,2024-05-13,29.0,Paid
INV0000605,CUST00082,SUB00082,2024-05-28,2024-06-12,29.0,Paid
INV0000606,CUST00082,SUB00082,2024-06-28,2024-07-13,29.0,Paid
INV0000607,CUST00082,SUB00082,2024-07-28,2024-08-12,29.0,Paid
INV0000608,CUST00082,SUB00082,2024-08-28,2024-09-12,29.0,Paid
INV0000609,CUST00082,SUB00082,2024-09-28,2024-10-13,29.0,Paid
INV0000610,CUST00082,SUB00082,2024-10-28,2024-11-12,29.0,Paid
INV0000611,CUST00082,SUB00082,2024-11-28,2024-12-13,29.0,Pending
INV0000612,CUST00082,SUB00082,2024-12-28,2025-01-12,29.0,Paid
INV0000613,CUST00082,SUB00082,2025-01-28,2025-02-12,29.0,Pending
INV0000614,CUST00082,SUB00082,2025-02-28,2025-03-15,29.0,Paid
INV0000615,CUST00082,SUB00082,2025-03-28,2025-04-12,29.0,Paid
INV0000616,CUST00083,SUB00083,2024-02-09,2024-02-24,805.8,Overdue
INV0000617,CUST00084,SUB00084,2025-03-22,2025-04-06,29.0,Paid
INV0000618,CUST00084,SUB00084,2025-04-22,2025-05-07,29.0,Paid
INV0000619,CUST00084,SUB00084,2025-05-22,2025-06-06,29.0,Paid
INV0000620,CUST00084,SUB00084,2025-06-22,2025-07-07,29.0,Paid
INV0000621,CUST00084,SUB00084,2025-07-22,2025-08-06,29.0,Paid
INV0000622,CUST00084,SUB00084,2025-08-22,2025-09-06,29.0,Paid
INV0000623,CUST00084,SUB00084,2025-09-22,2025-10-07,29.0,Paid
INV0000624,CUST00084,SUB00084,2025-10-22,2025-11-06,29.0,Paid
INV0000625,CUST00084,SUB00084,2025-11-22,2025-12-07,29.0,Overdue
INV0000626,CUST00084,SUB00084,2025-12-22,2026-01-06,29.0,Pending
INV0000627,CUST00085,SUB00085,2024-09-17,2024-10-02,29.0,Paid
INV0000628,CUST00085,SUB00085,2024-10-17,2024-11-01,29.0,Paid
INV0000629,CUST00085,SUB00085,2024-11-17,2024-12-02,29.0,Paid
INV0000630,CUST00085,SUB00085,2024-12-17,2025-01-01,29.0,Paid
INV0000631,CUST00085,SUB00085,2025-01-17,2025-02-01,29.0,Paid
INV0000632,CUST00085,SUB00085,2025-02-17,2025-03-04,29.0,Paid
INV0000633,CUST00085,SUB00085,2025-03-17,2025-04-01,29.0,Paid
INV0000634,CUST00085,SUB00085,2025-04-17,2025-05-02,29.0,Paid
INV0000635,CUST00085,SUB00085,2025-05-17,2025-06-01,29.0,Paid
INV0000636,CUST00085,SUB00085,2025-06-17,2025-07-02,29.0,Paid
INV0000637,CUST00085,SUB00085,2025-07-17,2025-08-01,29.0,Paid
INV0000638,CUST00085,SUB00085,2025-08-17,2025-09-01,29.0,Paid
INV0000639,CUST00085,SUB00085,2025-09-17,2025-10-02,29.0,Paid
INV0000640,CUST00085,SUB00085,2025-10-17,2025-11-01,29.0,Paid
INV0000641,CUST00085,SUB00085,2025-11-17,2025-12-02,29.0,Paid
INV0000642,CUST00085,SUB00085,2025-12-17,2026-01-01,29.0,Pending
INV0000643,CUST00086,SUB00086,2025-01-07,2025-01-22,29.0,Paid
INV0000644,CUST00086,SUB00086,2025-02-07,2025-02-22,29.0,Pending
INV0000645,CUST00086,SUB00086,2025-03-07,2025-03-22,29.0,Paid
INV0000646,CUST00087,SUB00087,2025-11-10,2025-11-25,2029.8,Paid
INV0000647,CUST00088,SUB00088,2025-11-13,2025-11-28,199.0,Overdue
INV0000648,CUST00088,SUB00088,2025-12-13,2025-12-28,199.0,Paid
INV0000649,CUST00089,SUB00089,2024-07-15,2024-07-30,29.0,Paid
INV0000650,CUST00089,SUB00089,2024-08-15,2024-08-30,29.0,Paid
INV0000651,CUST00089,SUB00089,2024-09-15,2024-09-30,29.0,Paid
INV0000652,CUST00089,SUB00089,2024-10-15,2024-10-30,29.0,Overdue
INV0000653,CUST00089,SUB00089,2024-11-15,2024-11-30,29.0,Paid
INV0000654,CUST00089,SUB00089,2024-12-15,2024-12-30,29.0,Paid
INV0000655,CUST00089,SUB00089,2025-01-15,2025-01-30,29.0,Paid
INV0000656,CUST00089,SUB00089,2025-02-15,2025-03-02,29.0,Pending
INV0000657,CUST00089,SUB00089,2025-03-15,2025-03-30,29.0,Paid
INV0000658,CUST00089,SUB00089,2025-04-15,2025-04-30,29.0,Paid
INV0000659,CUST00089,SUB00089,2025-05-15,2025-05-30,29.0,Paid
INV0000660,CUST00089,SUB00089,2025-06-15,2025-06-30,29.0,Paid
INV0000661,CUST00089,SUB00089,2025-07-15,2025-07-30,29.0,Paid
INV0000662,CUST00089,SUB00089,2025-08-15,2025-08-30,29.0,Paid
INV0000663,CUST00089,SUB00089,2025-09-15,2025-09-30,29.0,Paid
INV0000664,CUST00089,SUB00089,2025-10-15,2025-10-30,29.0,Paid
INV0000665,CUST00089,SUB00089,2025-11-15,2025-11-30,29.0,Paid
INV0000666,CUST00089,SUB00089,2025-12-15,2025-12-30,29.0,Paid
INV0000667,CUST00090,SUB00090,2025-09-22,2025-10-07,805.8,Paid
INV0000668,CUST00091,SUB00091,2024-11-07,2024-11-22,29.0,Paid
INV0000669,CUST00091,SUB00091,2024-12-07,2024-12-22,29.0,Paid
INV0000670,CUST00091,SUB00091,2025-01-07,2025-01-22,29.0,Paid
INV0000671,CUST00091,SUB00091,2025-02-07,2025-02-22,79.0,Paid
INV0000672,CUST00091,SUB00091,2025-03-07,2025-03-22,79.0,Paid
INV0000673,CUST00091,SUB00091,2025-04-07,2025-04-22,79.0,Pending
INV0000674,CUST00092,SUB00092,2025-04-21,2025-05-06,199.0,Paid
INV0000675,CUST00092,SUB00092,2025-05-21,2025-06-05,199.0,Paid
INV0000676,CUST00092,SUB00092,2025-06-21,2025-07-06,199.0,Paid
INV0000677,CUST00092,SUB00092,2025-07-21,2025-08-05,199.0,Paid
INV0000678,CUST00092,SUB00092,2025-08-21,2025-09-05,199.0,Paid
INV0000679,CUST00092,SUB00092,2025-09-21,2025-10-06,199.0,Paid
INV0000680,CUST00092,SUB00092,2025-10-21,2025-11-05,199.0,Paid
INV0000681,CUST00092,SUB00092,2025-11-21,2025-12-06,199.0,Paid
INV0000682,CUST00092,SUB00092,2025-12-21,2026-01-05,199.0,Paid
INV0000683,CUST00093,SUB00093,2024-06-22,2024-07-07,295.8,Paid
INV0000684,CUST00093,SUB00093,2025-06-22,2025-07-07,295.8,Paid
INV0000685,CUST00094,SUB00094,2024-04-05,2024-04-20,2029.8,Paid
INV0000686,CUST00094,SUB00094,2025-04-05,2025-04-20,2029.8,Overdue
INV0000687,CUST00095,SUB00095,2024-08-18,2024-09-02,29.0,Paid
INV0000688,CUST00095,SUB00095,2024-09-18,2024-10-03,29.0,Paid
INV0000689,CUST00095,SUB00095,2024-10-18,2024-11-02,79.0,Paid
INV0000690,CUST00095,SUB00095,2024-11-18,2024-12-03,79.0,Paid
INV0000691,CUST00095,SUB00095,2024-12-18,2025-01-02,79.0,Paid
INV0000692,CUST00095,SUB00095,2025-01-18,2025-02-02,79.0,Paid
INV0000693,CUST00095,SUB00095,2025-02-18,2025-03-05,79.0,Paid
INV0000694,CUST00095,SUB00095,2025-03-18,2025-04-02,79.0,Paid
INV0000695,CUST00095,SUB00095,2025-04-18,2025-05-03,79.0,Paid
INV0000696,CUST00095,SUB00095,2025-05-18,2025-06-02,79.0,Paid
INV0000697,CUST00095,SUB00095,2025-06-18,2025-07-03,79.0,Paid
INV0000698,CUST00095,SUB00095,2025-07-18,2025-08-02,79.0,Paid
INV0000699,CUST00096,SUB00096,2025-05-01,2025-05-16,2029.8,Paid
INV0000700,CUST00097,SUB00097,2025-10-06,2025-10-21,295.8,Paid
INV0000701,CUST00098,SUB00098,2025-02-13,2025-02-28,2029.8,Paid
INV0000702,CUST00099,SUB00099,2025-03-11,2025-03-26,199.0,Paid
INV0000703,CUST00099,SUB00099,2025-04-11,2025-04-26,199.0,Paid
INV0000704,CUST00099,SUB00099,2025-05-11,2025-05-26,199.0,Paid
INV0000705,CUST00099,SUB00099,2025-06-11,2025-06-26,199.0,Paid
INV0000706,CUST00099,SUB00099,2025-07-11,2025-07-26,199.0,Paid
INV0000707,CUST00099,SUB00099,2025-08-11,2025-08-26,199.0,Paid
INV0000708,CUST00099,SUB00099,2025-09-11,2025-09-26,199.0,Paid
INV0000709,CUST00099,SUB00099,2025-10-11,2025-10-26,199.0,Paid
INV0000710,CUST00099,SUB00099,2025-11-11,2025-11-26,199.0,Paid
INV0000711,CUST00099,SUB00099,2025-12-11,2025-12-26,199.0,Paid
INV0000712,CUST00100,SUB00100,2024-02-21,2024-03-07,79.0,Paid
INV0000713,CUST00100,SUB00100,2024-03-21,2024-04-05,79.0,Paid
INV0000714,CUST00100,SUB00100,2024-04-21,2024-05-06,79.0,Paid
INV0000715,CUST00100,SUB00100,2024-05-21,2024-06-05,79.0,Paid
INV0000716,CUST00100,SUB00100,2024-06-21,2024-07-06,79.0,Paid
INV0000717,CUST00100,SUB00100,2024-07-21,2024-08-05,79.0,Paid
INV0000718,CUST00101,SUB00101,2025-04-20,2025-05-05,295.8,Paid
INV0000719,CUST00102,SUB00102,2025-09-19,2025-10-04,79.0,Paid
INV0000720,CUST00102,SUB00102,2025-10-19,2025-11-03,79.0,Paid
INV0000721,CUST00102,SUB00102,2025-11-19,2025-12-04,79.0,Paid
INV0000722,CUST00102,SUB00102,2025-12-19,2026-01-03,79.0,Paid
INV0000723,CUST00103,SUB00103,2024-06-11,2024-06-26,295.8,Paid
INV0000724,CUST00104,SUB00104,2025-10-14,2025-10-29,295.8,Paid
INV0000725,CUST00105,SUB00105,2024-10-08,2024-10-23,29.0,Paid
INV0000726,CUST00105,SUB00105,2024-11-08,2024-11-23,29.0,Paid
INV0000727,CUST00105,SUB00105,2024-12-08,2024-12-23,29.0,Paid
INV0000728,CUST00105,SUB00105,2025-01-08,2025-01-23,29.0,Paid
INV0000729,CUST00105,SUB00105,2025-02-08,2025-02-23,29.0,Paid
INV0000730,CUST00105,SUB00105,2025-03-08,2025-03-23,29.0,Paid
INV0000731,CUST00105,SUB00105,2025-04-08,2025-04-23,29.0,Paid
INV0000732,CUST00105,SUB00105,2025-05-08,2025-05-23,29.0,Paid
INV0000733,CUST00105,SUB00105,2025-06-08,2025-06-23,29.0,Paid
INV0000734,CUST00105,SUB00105,2025-07-08,2025-07-23,29.0,Paid
INV0000735,CUST00105,SUB00105,2025-08-08,2025-08-23,29.0,Paid
INV0000736,CUST00105,SUB00105,2025-09-08,2025-09-23,29.0,Paid
INV0000737,CUST00105,SUB00105,2025-10-08,2025-10-23,29.0,Paid
INV0000738,CUST00105,SUB00105,2025-11-08,2025-11-23,29.0,Overdue
INV0000739,CUST00105,SUB00105,2025-12-08,2025-12-23,29.0,Overdue
INV0000740,CUST00106,SUB00106,2024-12-09,2024-12-24,29.0,Paid
INV0000741,CUST00106,SUB00106,2025-01-09,2025-01-24,29.0,Paid
INV0000742,CUST00106,SUB00106,2025-02-09,2025-02-24,29.0,Paid
INV0000743,CUST00106,SUB00106,2025-03-09,2025-03-24,29.0,Paid
INV0000744,CUST00106,SUB00106,2025-04-09,2025-04-24,29.0,Overdue
INV0000745,CUST00106,SUB00106,2025-05-09,2025-05-24,29.0,Paid
INV0000746,CUST00106,SUB00106,2025-06-09,2025-06-24,29.0,Paid
INV0000747,CUST00106,SUB00106,2025-07-09,2025-07-24,29.0,Paid
INV0000748,CUST00106,SUB00106,2025-08-09,2025-08-24,29.0,Paid
INV0000749,CUST00106,SUB00106,2025-09-09,2025-09-24,29.0,Paid
INV0000750,CUST00106,SUB00106,2025-10-09,2025-10-24,29.0,Paid
INV0000751,CUST00106,SUB00106,2025-11-09,2025-11-24,29.0,Paid
INV0000752,CUST00107,SUB00107,2024-08-24,2024-09-08,79.0,Paid
INV0000753,CUST00107,SUB00107,2024-09-24,2024-10-09,79.0,Paid
INV0000754,CUST00107,SUB00107,2024-10-24,2024-11-08,79.0,Paid
INV0000755,CUST00107,SUB00107,2024-11-24,2024-12-09,79.0,Paid
INV0000756,CUST00107,SUB00107,2024-12-24,2025-01-08,79.0,Paid
INV0000757,CUST00107,SUB00107,2025-01-24,2025-02-08,79.0,Paid
INV0000758,CUST00107,SUB00107,2025-02-24,2025-03-11,79.0,Paid
INV0000759,CUST00107,SUB00107,2025-03-24,2025-04-08,79.0,Paid
INV0000760,CUST00107,SUB00107,2025-04-24,2025-05-09,79.0,Paid
INV0000761,CUST00107,SUB00107,2025-05-24,2025-06-08,79.0,Paid
INV0000762,CUST00107,SUB00107,2025-06-24,2025-07-09,79.0,Paid
INV0000763,CUST00107,SUB00107,2025-07-24,2025-08-08,79.0,Paid
INV0000764,CUST00107,SUB00107,2025-08-24,2025-09-08,79.0,Paid
INV0000765,CUST00107,SUB00107,2025-09-24,2025-10-09,79.0,Paid
INV0000766,CUST00107,SUB00107,2025-10-24,2025-11-08,79.0,Paid
INV0000767,CUST00107,SUB00107,2025-11-24,2025-12-09,79.0,Overdue
INV0000768,CUST00107,SUB00107,2025-12-24,2026-01-08,79.0,Paid
INV0000769,CUST00108,SUB00108,2025-02-28,2025-03-15,295.8,Paid
INV0000770,CUST00109,SUB00109,2024-07-30,2024-08-14,79.0,Paid
INV0000771,CUST00109,SUB00109,2024-08-30,2024-09-14,79.0,Paid
INV0000772,CUST00109,SUB00109,2024-09-30,2024-10-15,79.0,Paid
INV0000773,CUST00109,SUB00109,2024-10-30,2024-11-14,79.0,Paid
INV0000774,CUST00109,SUB00109,2024-11-30,2024-12-15,79.0,Overdue
INV0000775,CUST00109,SUB00109,2024-12-30,2025-01-14,79.0,Paid
INV0000776,CUST00109,SUB00109,2025-01-30,2025-02-14,79.0,Paid
INV0000777,CUST00109,SUB00109,2025-02-28,2025-03-15,79.0,Overdue
INV0000778,CUST00109,SUB00109,2025-03-28,2025-04-12,79.0,Paid
INV0000779,CUST00109,SUB00109,2025-04-28,2025-05-13,79.0,Paid
INV0000780,CUST00109,SUB00109,2025-05-28,2025-06-12,79.0,Paid
INV0000781,CUST00109,SUB00109,2025-06-28,2025-07-13,79.0,Paid
INV0000782,CUST00109,SUB00109,2025-07-28,2025-08-12,79.0,Paid
INV0000783,CUST00109,SUB00109,2025-08-28,2025-09-12,79.0,Paid
INV0000784,CUST00109,SUB00109,2025-09-28,2025-10-13,79.0,Paid
INV0000785,CUST00109,SUB00109,2025-10-28,2025-11-12,79.0,Paid
INV0000786,CUST00109,SUB00109,2025-11-28,2025-12-13,79.0,Paid
INV0000787,CUST00109,SUB00109,2025-12-28,2026-01-12,79.0,Paid
INV0000788,CUST00110,SUB00110,2025-08-12,2025-08-27,199.0,Paid
INV0000789,CUST00110,SUB00110,2025-09-12,2025-09-27,199.0,Paid
INV0000790,CUST00110,SUB00110,2025-10-12,2025-10-27,199.0,Paid
INV0000791,CUST00110,SUB00110,2025-11-12,2025-11-27,199.0,Paid
INV0000792,CUST00110,SUB00110,2025-12-12,2025-12-27,199.0,Paid
INV0000793,CUST00111,SUB00111,2025-02-03,2025-02-18,79.0,Paid
INV0000794,CUST00111,SUB00111,2025-03-03,2025-03-18,79.0,Paid
INV0000795,CUST00111,SUB00111,2025-04-03,2025-04-18,79.0,Paid
INV0000796,CUST00111,SUB00111,2025-05-03,2025-05-18,79.0,Paid
INV0000797,CUST00111,SUB00111,2025-06-03,2025-06-18,79.0,Paid
INV0000798,CUST00111,SUB00111,2025-07-03,2025-07-18,79.0,Paid
INV0000799,CUST00111,SUB00111,2025-08-03,2025-08-18,79.0,Paid
INV0000800,CUST00111,SUB00111,2025-09-03,2025-09-18,79.0,Paid
INV0000801,CUST00111,SUB00111,2025-10-03,2025-10-18,79.0,Paid
INV0000802,CUST00111,SUB00111,2025-11-03,2025-11-18,79.0,Paid
INV0000803,CUST00111,SUB00111,2025-12-03,2025-12-18,79.0,Overdue
INV0000804,CUST00112,SUB00112,2025-05-14,2025-05-29,79.0,Paid
INV0000805,CUST00112,SUB00112,2025-06-14,2025-06-29,79.0,Paid
INV0000806,CUST00112,SUB00112,2025-07-14,2025-07-29,79.0,Pending
INV0000807,CUST00112,SUB00112,2025-08-14,2025-08-29,79.0,Paid
INV0000808,CUST00112,SUB00112,2025-09-14,2025-09-29,79.0,Paid
INV0000809,CUST00112,SUB00112,2025-10-14,2025-10-29,79.0,Paid
INV0000810,CUST00112,SUB00112,2025-11-14,2025-11-29,79.0,Paid
INV0000811,CUST00112,SUB00112,2025-12-14,2025-12-29,79.0,Paid
INV0000812,CUST00113,SUB00113,2024-12-10,2024-12-25,29.0,Paid
INV0000813,CUST00113,SUB00113,2025-01-10,2025-01-25,29.0,Paid
INV0000814,CUST00113,SUB00113,2025-02-10,2025-02-25,29.0,Paid
INV0000815,CUST00113,SUB00113,2025-03-10,2025-03-25,29.0,Paid
INV0000816,CUST00113,SUB00113,2025-04-10,2025-04-25,29.0,Paid
INV0000817,CUST00113,SUB00113,2025-05-10,2025-05-25,29.0,Paid
INV0000818,CUST00113,SUB00113,2025-06-10,2025-06-25,29.0,Paid
INV0000819,CUST00113,SUB00113,2025-07-10,2025-07-25,29.0,Overdue
INV0000820,CUST00113,SUB00113,2025-08-10,2025-08-25,29.0,Paid
INV0000821,CUST00113,SUB00113,2025-09-10,2025-09-25,29.0,Paid
INV0000822,CUST00113,SUB00113,2025-10-10,2025-10-25,29.0,Pending
INV0000823,CUST00113,SUB00113,2025-11-10,2025-11-25,29.0,Paid
INV0000824,CUST00114,SUB00114,2025-04-23,2025-05-08,295.8,Paid
INV0000825,CUST00115,SUB00115,2025-08-29,2025-09-13,79.0,Paid
INV0000826,CUST00115,SUB00115,2025-09-29,2025-10-14,79.0,Overdue
INV0000827,CUST00115,SUB00115,2025-10-29,2025-11-13,79.0,Paid
INV0000828,CUST00115,SUB00115,2025-11-29,2025-12-14,79.0,Paid
INV0000829,CUST00115,SUB00115,2025-12-29,2026-01-13,79.0,Paid
INV0000830,CUST00116,SUB00116,2024-05-18,2024-06-02,29.0,Paid
INV0000831,CUST00116,SUB00116,2024-06-18,2024-07-03,29.0,Paid
INV0000832,CUST00116,SUB00116,2024-07-18,2024-08-02,29.0,Paid
INV0000833,CUST00116,SUB00116,2024-08-18,2024-09-02,29.0,Paid
INV0000834,CUST00116,SUB00116,2024-09-18,2024-10-03,29.0,Pending
INV0000835,CUST00116,SUB00116,2024-10-18,2024-11-02,29.0,Paid
INV0000836,CUST00116,SUB00116,2024-11-18,2024-12-03,29.0,Paid
INV0000837,CUST00116,SUB00116,2024-12-18,2025-01-02,29.0,Paid
INV0000838,CUST00116,SUB00116,2025-01-18,2025-02-02,29.0,Paid
INV0000839,CUST00116,SUB00116,2025-02-18,2025-03-05,29.0,Paid
INV0000840,CUST00116,SUB00116,2025-03-18,2025-04-02,29.0,Overdue
INV0000841,CUST00116,SUB00116,2025-04-18,2025-05-03,29.0,Overdue
INV0000842,CUST00117,SUB00117,2024-12-01,2024-12-16,29.0,Paid
INV0000843,CUST00117,SUB00117,2025-01-01,2025-01-16,29.0,Paid
INV0000844,CUST00117,SUB00117,2025-02-01,2025-02-16,29.0,Paid
INV0000845,CUST00117,SUB00117,2025-03-01,2025-03-16,29.0,Paid
INV0000846,CUST00117,SUB00117,2025-04-01,2025-04-16,29.0,Paid
INV0000847,CUST00117,SUB00117,2025-05-01,2025-05-16,29.0,Paid
INV0000848,CUST00117,SUB00117,2025-06-01,2025-06-16,29.0,Paid
INV0000849,CUST00117,SUB00117,2025-07-01,2025-07-16,29.0,Paid
INV0000850,CUST00117,SUB00117,2025-08-01,2025-08-16,29.0,Paid
INV0000851,CUST00117,SUB00117,2025-09-01,2025-09-16,29.0,Overdue
INV0000852,CUST00117,SUB00117,2025-10-01,2025-10-16,29.0,Paid
INV0000853,CUST00117,SUB00117,2025-11-01,2025-11-16,29.0,Paid
INV0000854,CUST00118,SUB00118,2024-10-11,2024-10-26,29.0,Overdue
INV0000855,CUST00118,SUB00118,2024-11-11,2024-11-26,29.0,Paid
INV0000856,CUST00118,SUB00118,2024-12-11,2024-12-26,29.0,Paid
INV0000857,CUST00118,SUB00118,2025-01-11,2025-01-26,29.0,Paid
INV0000858,CUST00118,SUB00118,2025-02-11,2025-02-26,29.0,Paid
INV0000859,CUST00118,SUB00118,2025-03-11,2025-03-26,29.0,Paid
INV0000860,CUST00118,SUB00118,2025-04-11,2025-04-26,29.0,Paid
INV0000861,CUST00118,SUB00118,2025-05-11,2025-05-26,29.0,Paid
INV0000862,CUST00118,SUB00118,2025-06-11,2025-06-26,29.0,Paid
INV0000863,CUST00118,SUB00118,2025-07-11,2025-07-26,29.0,Paid
INV0000864,CUST00118,SUB00118,2025-08-11,2025-08-26,29.0,Paid
INV0000865,CUST00118,SUB00118,2025-09-11,2025-09-26,29.0,Paid
INV0000866,CUST00118,SUB00118,2025-10-11,2025-10-26,29.0,Paid
INV0000867,CUST00118,SUB00118,2025-11-11,2025-11-26,29.0,Paid
INV0000868,CUST00118,SUB00118,2025-12-11,2025-12-26,29.0,Paid
INV0000869,CUST00119,SUB00119,2025-04-26,2025-05-11,79.0,Paid
INV0000870,CUST00119,SUB00119,2025-05-26,2025-06-10,79.0,Overdue
INV0000871,CUST00119,SUB00119,2025-06-26,2025-07-11,199.0,Paid
INV0000872,CUST00119,SUB00119,2025-07-26,2025-08-10,199.0,Paid
INV0000873,CUST00119,SUB00119,2025-08-26,2025-09-10,199.0,Paid
INV0000874,CUST00119,SUB00119,2025-09-26,2025-10-11,199.0,Paid
INV0000875,CUST00120,SUB00120,2024-08-17,2024-09-01,29.0,Paid
INV0000876,CUST00120,SUB00120,2024-09-17,2024-10-02,29.0,Pending
INV0000877,CUST00120,SUB00120,2024-10-17,2024-11-01,29.0,Paid
INV0000878,CUST00120,SUB00120,2024-11-17,2024-12-02,29.0,Paid
INV0000879,CUST00120,SUB00120,2024-12-17,2025-01-01,29.0,Paid
INV0000880,CUST00120,SUB00120,2025-01-17,2025-02-01,29.0,Paid
INV0000881,CUST00120,SUB00120,2025-02-17,2025-03-04,29.0,Paid
INV0000882,CUST00120,SUB00120,2025-03-17,2025-04-01,29.0,Paid
INV0000883,CUST00120,SUB00120,2025-04-17,2025-05-02,29.0,Paid
INV0000884,CUST00120,SUB00120,2025-05-17,2025-06-01,29.0,Paid
INV0000885,CUST00120,SUB00120,2025-06-17,2025-07-02,29.0,Overdue
INV0000886,CUST00120,SUB00120,2025-07-17,2025-08-01,29.0,Paid
INV0000887,CUST00120,SUB00120,2025-08-17,2025-09-01,29.0,Paid
INV0000888,CUST00120,SUB00120,2025-09-17,2025-10-02,29.0,Paid
INV0000889,CUST00120,SUB00120,2025-10-17,2025-11-01,29.0,Paid
INV0000890,CUST00120,SUB00120,2025-11-17,2025-12-02,29.0,Paid
INV0000891,CUST00120,SUB00120,2025-12-17,2026-01-01,29.0,Paid
INV0000892,CUST00121,SUB00121,2024-02-01,2024-02-16,199.0,Paid
INV0000893,CUST00121,SUB00121,2024-03-01,2024-03-16,199.0,Paid
INV0000894,CUST00121,SUB00121,2024-04-01,2024-04-16,199.0,Pending
INV0000895,CUST00121,SUB00121,2024-05-01,2024-05-16,199.0,Paid
INV0000896,CUST00121,SUB00121,2024-06-01,2024-06-16,199.0,Paid
INV0000897,CUST00121,SUB00121,2024-07-01,2024-07-16,199.0,Paid
INV0000898,CUST00122,SUB00122,2024-09-01,2024-09-16,29.0,Paid
INV0000899,CUST00122,SUB00122,2024-10-01,2024-10-16,29.0,Paid
INV0000900,CUST00122,SUB00122,2024-11-01,2024-11-16,29.0,Paid
INV0000901,CUST00122,SUB00122,2024-12-01,2024-12-16,29.0,Paid
INV0000902,CUST00122,SUB00122,2025-01-01,2025-01-16,29.0,Paid
INV0000903,CUST00122,SUB00122,2025-02-01,2025-02-16,79.0,Paid
INV0000904,CUST00122,SUB00122,2025-03-01,2025-03-16,79.0,Pending
INV0000905,CUST00122,SUB00122,2025-04-01,2025-04-16,79.0,Paid
INV0000906,CUST00122,SUB00122,2025-05-01,2025-05-16,79.0,Paid
INV0000907,CUST00122,SUB00122,2025-06-01,2025-06-16,79.0,Paid
INV0000908,CUST00122,SUB00122,2025-07-01,2025-07-16,79.0,Paid
INV0000909,CUST00122,SUB00122,2025-08-01,2025-08-16,79.0,Paid
INV0000910,CUST00123,SUB00123,2025-04-21,2025-05-06,79.0,Paid
INV0000911,CUST00123,SUB00123,2025-05-21,2025-06-05,79.0,Overdue
INV0000912,CUST00123,SUB00123,2025-06-21,2025-07-06,79.0,Paid
INV0000913,CUST00123,SUB00123,2025-07-21,2025-08-05,79.0,Paid
INV0000914,CUST00123,SUB00123,2025-08-21,2025-09-05,79.0,Overdue
INV0000915,CUST00123,SUB00123,2025-09-21,2025-10-06,79.0,Paid
INV0000916,CUST00123,SUB00123,2025-10-21,2025-11-05,79.0,Paid
INV0000917,CUST00123,SUB00123,2025-11-21,2025-12-06,79.0,Paid
INV0000918,CUST00123,SUB00123,2025-12-21,2026-01-05,79.0,Paid
INV0000919,CUST00124,SUB00124,2024-06-16,2024-07-01,29.0,Paid
INV0000920,CUST00124,SUB00124,2024-07-16,2024-07-31,29.0,Paid
INV0000921,CUST00124,SUB00124,2024-08-16,2024-08-31,29.0,Paid
INV0000922,CUST00124,SUB00124,2024-09-16,2024-10-01,29.0,Paid
INV0000923,CUST00124,SUB00124,2024-10-16,2024-10-31,29.0,Paid
INV0000924,CUST00124,SUB00124,2024-11-16,2024-12-01,29.0,Paid
INV0000925,CUST00124,SUB00124,2024-12-16,2024-12-31,79.0,Paid
INV0000926,CUST00124,SUB00124,2025-01-16,2025-01-31,79.0,Paid
INV0000927,CUST00124,SUB00124,2025-02-16,2025-03-03,79.0,Paid
INV0000928,CUST00124,SUB00124,2025-03-16,2025-03-31,79.0,Paid
INV0000929,CUST00124,SUB00124,2025-04-16,2025-05-01,79.0,Paid
INV0000930,CUST00124,SUB00124,2025-05-16,2025-05-31,79.0,Paid
INV0000931,CUST00125,SUB00125,2025-08-12,2025-08-27,79.0,Paid
INV0000932,CUST00125,SUB00125,2025-09-12,2025-09-27,79.0,Paid
INV0000933,CUST00125,SUB00125,2025-10-12,2025-10-27,79.0,Paid
INV0000934,CUST00125,SUB00125,2025-11-12,2025-11-27,79.0,Paid
INV0000935,CUST00125,SUB00125,2025-12-12,2025-12-27,79.0,Paid
INV0000936,CUST00126,SUB00126,2024-03-18,2024-04-02,79.0,Paid
INV0000937,CUST00126,SUB00126,2024-04-18,2024-05-03,79.0,Paid
INV0000938,CUST00126,SUB00126,2024-05-18,2024-06-02,79.0,Paid
INV0000939,CUST00126,SUB00126,2024-06-18,2024-07-03,79.0,Paid
INV0000940,CUST00126,SUB00126,2024-07-18,2024-08-02,79.0,Paid
INV0000941,CUST00126,SUB00126,2024-08-18,2024-09-02,79.0,Paid
INV0000942,CUST00126,SUB00126,2024-09-18,2024-10-03,79.0,Paid
INV0000943,CUST00126,SUB00126,2024-10-18,2024-11-02,79.0,Paid
INV0000944,CUST00126,SUB00126,2024-11-18,2024-12-03,79.0,Paid
INV0000945,CUST00126,SUB00126,2024-12-18,2025-01-02,79.0,Paid
INV0000946,CUST00126,SUB00126,2025-01-18,2025-02-02,79.0,Paid
INV0000947,CUST00126,SUB00126,2025-02-18,2025-03-05,199.0,Paid
INV0000948,CUST00127,SUB00127,2025-12-14,2025-12-29,199.0,Paid
INV0000949,CUST00128,SUB00128,2025-08-02,2025-08-17,805.8,Paid
INV0000950,CUST00129,SUB00129,2024-03-11,2024-03-26,79.0,Paid
INV0000951,CUST00129,SUB00129,2024-04-11,2024-04-26,79.0,Paid
INV0000952,CUST00129,SUB00129,2024-05-11,2024-05-26,79.0,Paid
INV0000953,CUST00129,SUB00129,2024-06-11,2024-06-26,79.0,Paid
INV0000954,CUST00129,SUB00129,2024-07-11,2024-07-26,79.0,Paid
INV0000955,CUST00129,SUB00129,2024-08-11,2024-08-26,79.0,Paid
INV0000956,CUST00129,SUB00129,2024-09-11,2024-09-26,79.0,Overdue
INV0000957,CUST00129,SUB00129,2024-10-11,2024-10-26,79.0,Paid
INV0000958,CUST00129,SUB00129,2024-11-11,2024-11-26,79.0,Paid
INV0000959,CUST00129,SUB00129,2024-12-11,2024-12-26,79.0,Paid
INV0000960,CUST00129,SUB00129,2025-01-11,2025-01-26,79.0,Paid
INV0000961,CUST00129,SUB00129,2025-02-11,2025-02-26,79.0,Paid
INV0000962,CUST00129,SUB00129,2025-03-11,2025-03-26,79.0,Paid
INV0000963,CUST00129,SUB00129,2025-04-11,2025-04-26,79.0,Paid
INV0000964,CUST00129,SUB00129,2025-05-11,2025-05-26,79.0,Paid
INV0000965,CUST00129,SUB00129,2025-06-11,2025-06-26,79.0,Paid
INV0000966,CUST00129,SUB00129,2025-07-11,2025-07-26,79.0,Paid
INV0000967,CUST00129,SUB00129,2025-08-11,2025-08-26,79.0,Paid
INV0000968,CUST00129,SUB00129,2025-09-11,2025-09-26,79.0,Overdue
INV0000969,CUST00129,SUB00129,2025-10-11,2025-10-26,79.0,Paid
INV0000970,CUST00129,SUB00129,2025-11-11,2025-11-26,79.0,Paid
INV0000971,CUST00129,SUB00129,2025-12-11,2025-12-26,79.0,Pending
INV0000972,CUST00130,SUB00130,2025-05-16,2025-05-31,295.8,Overdue
INV0000973,CUST00131,SUB00131,2025-12-25,2026-01-09,79.0,Paid
INV0000974,CUST00132,SUB00132,2025-09-22,2025-10-07,79.0,Paid
INV0000975,CUST00132,SUB00132,2025-10-22,2025-11-06,79.0,Paid
INV0000976,CUST00132,SUB00132,2025-11-22,2025-12-07,79.0,Overdue
INV0000977,CUST00132,SUB00132,2025-12-22,2026-01-06,79.0,Paid
INV0000978,CUST00133,SUB00133,2025-03-22,2025-04-06,79.0,Paid
INV0000979,CUST00133,SUB00133,2025-04-22,2025-05-07,79.0,Paid
INV0000980,CUST00133,SUB00133,2025-05-22,2025-06-06,79.0,Paid
INV0000981,CUST00133,SUB00133,2025-06-22,2025-07-07,79.0,Overdue
INV0000982,CUST00133,SUB00133,2025-07-22,2025-08-06,79.0,Paid
INV0000983,CUST00133,SUB00133,2025-08-22,2025-09-06,79.0,Paid
INV0000984,CUST00133,SUB00133,2025-09-22,2025-10-07,79.0,Paid
INV0000985,CUST00133,SUB00133,2025-10-22,2025-11-06,79.0,Paid
INV0000986,CUST00133,SUB00133,2025-11-22,2025-12-07,79.0,Paid
INV0000987,CUST00133,SUB00133,2025-12-22,2026-01-06,79.0,Paid
INV0000988,CUST00134,SUB00134,2024-03-29,2024-04-13,29.0,Paid
INV0000989,CUST00134,SUB00134,2024-04-29,2024-05-14,29.0,Paid
INV0000990,CUST00134,SUB00134,2024-05-29,2024-06-13,29.0,Paid
INV0000991,CUST00134,SUB00134,2024-06-29,2024-07-14,29.0,Paid
INV0000992,CUST00134,SUB00134,2024-07-29,2024-08-13,29.0,Paid
INV0000993,CUST00134,SUB00134,2024-08-29,2024-09-13,29.0,Paid
INV0000994,CUST00134,SUB00134,2024-09-29,2024-10-14,29.0,Paid
INV0000995,CUST00134,SUB00134,2024-10-29,2024-11-13,29.0,Paid
INV0000996,CUST00134,SUB00134,2024-11-29,2024-12-14,29.0,Paid
INV0000997,CUST00134,SUB00134,2024-12-29,2025-01-13,29.0,Paid
INV0000998,CUST00134,SUB00134,2025-01-29,2025-02-13,29.0,Paid
INV0000999,CUST00134,SUB00134,2025-02-28,2025-03-15,29.0,Paid
INV0001000,CUST00134,SUB00134,2025-03-28,2025-04-12,29.0,Paid
INV0001001,CUST00134,SUB00134,2025-04-28,2025-05-13,29.0,Paid
INV0001002,CUST00134,SUB00134,2025-05-28,2025-06-12,29.0,Paid
INV0001003,CUST00134,SUB00134,2025-06-28,2025-07-13,29.0,Paid
INV0001004,CUST00134,SUB00134,2025-07-28,2025-08-12,29.0,Paid
INV0001005,CUST00134,SUB00134,2025-08-28,2025-09-12,29.0,Paid
INV0001006,CUST00135,SUB00135,2025-08-06,2025-08-21,29.0,Paid
INV0001007,CUST00135,SUB00135,2025-09-06,2025-09-21,29.0,Paid
INV0001008,CUST00135,SUB00135,2025-10-06,2025-10-21,29.0,Paid
INV0001009,CUST00136,SUB00136,2024-11-28,2024-12-13,29.0,Paid
INV0001010,CUST00136,SUB00136,2024-12-28,2025-01-12,29.0,Paid
INV0001011,CUST00136,SUB00136,2025-01-28,2025-02-12,29.0,Overdue
INV0001012,CUST00136,SUB00136,2025-02-28,2025-03-15,29.0,Paid
INV0001013,CUST00136,SUB00136,2025-03-28,2025-04-12,29.0,Paid
INV0001014,CUST00136,SUB00136,2025-04-28,2025-05-13,29.0,Paid
INV0001015,CUST00136,SUB00136,2025-05-28,2025-06-12,29.0,Overdue
INV0001016,CUST00136,SUB00136,2025-06-28,2025-07-13,29.0,Paid
INV0001017,CUST00136,SUB00136,2025-07-28,2025-08-12,29.0,Paid
INV0001018,CUST00136,SUB00136,2025-08-28,2025-09-12,29.0,Paid
INV0001019,CUST00136,SUB00136,2025-09-28,2025-10-13,29.0,Paid
INV0001020,CUST00136,SUB00136,2025-10-28,2025-11-12,29.0,Pending
INV0001021,CUST00136,SUB00136,2025-11-28,2025-12-13,29.0,Paid
INV0001022,CUST00136,SUB00136,2025-12-28,2026-01-12,29.0,Paid
INV0001023,CUST00137,SUB00137,2024-12-14,2024-12-29,29.0,Overdue
INV0001024,CUST00137,SUB00137,2025-01-14,2025-01-29,29.0,Paid
INV0001025,CUST00137,SUB00137,2025-02-14,2025-03-01,29.0,Paid
INV0001026,CUST00137,SUB00137,2025-03-14,2025-03-29,29.0,Paid
INV0001027,CUST00137,SUB00137,2025-04-14,2025-04-29,29.0,Paid
INV0001028,CUST00137,SUB00137,2025-05-14,2025-05-29,29.0,Paid
INV0001029,CUST00137,SUB00137,2025-06-14,2025-06-29,29.0,Paid
INV0001030,CUST00137,SUB00137,2025-07-14,2025-07-29,29.0,Paid
INV0001031,CUST00137,SUB00137,2025-08-14,2025-08-29,29.0,Paid
INV0001032,CUST00137,SUB00137,2025-09-14,2025-09-29,29.0,Paid
INV0001033,CUST00137,SUB00137,2025-10-14,2025-10-29,29.0,Paid
INV0001034,CUST00137,SUB00137,2025-11-14,2025-11-29,29.0,Paid
INV0001035,CUST00137,SUB00137,2025-12-14,2025-12-29,29.0,Paid
INV0001036,CUST00138,SUB00138,2025-07-23,2025-08-07,79.0,Paid
INV0001037,CUST00138,SUB00138,2025-08-23,2025-09-07,79.0,Paid
INV0001038,CUST00138,SUB00138,2025-09-23,2025-10-08,79.0,Paid
INV0001039,CUST00138,SUB00138,2025-10-23,2025-11-07,79.0,Paid
INV0001040,CUST00138,SUB00138,2025-11-23,2025-12-08,79.0,Paid
INV0001041,CUST00138,SUB00138,2025-12-23,2026-01-07,79.0,Paid
INV0001042,CUST00139,SUB00139,2025-05-15,2025-05-30,29.0,Paid
INV0001043,CUST00139,SUB00139,2025-06-15,2025-06-30,29.0,Paid
INV0001044,CUST00139,SUB00139,2025-07-15,2025-07-30,29.0,Paid
INV0001045,CUST00139,SUB00139,2025-08-15,2025-08-30,29.0,Paid
INV0001046,CUST00139,SUB00139,2025-09-15,2025-09-30,29.0,Paid
INV0001047,CUST00139,SUB00139,2025-10-15,2025-10-30,29.0,Paid
INV0001048,CUST00140,SUB00140,2025-04-03,2025-04-18,199.0,Paid
INV0001049,CUST00140,SUB00140,2025-05-03,2025-05-18,199.0,Paid
INV0001050,CUST00140,SUB00140,2025-06-03,2025-06-18,199.0,Paid
INV0001051,CUST00140,SUB00140,2025-07-03,2025-07-18,199.0,Paid
INV0001052,CUST00140,SUB00140,2025-08-03,2025-08-18,199.0,Paid
INV0001053,CUST00140,SUB00140,2025-09-03,2025-09-18,199.0,Overdue
INV0001054,CUST00140,SUB00140,2025-10-03,2025-10-18,199.0,Paid
INV0001055,CUST00140,SUB00140,2025-11-03,2025-11-18,199.0,Paid
INV0001056,CUST00140,SUB00140,2025-12-03,2025-12-18,199.0,Paid
INV0001057,CUST00141,SUB00141,2025-12-09,2025-12-24,805.8,Paid
INV0001058,CUST00142,SUB00142,2025-07-20,2025-08-04,79.0,Paid
INV0001059,CUST00142,SUB00142,2025-08-20,2025-09-04,79.0,Paid
INV0001060,CUST00142,SUB00142,2025-09-20,2025-10-05,79.0,Paid
INV0001061,CUST00142,SUB00142,2025-10-20,2025-11-04,79.0,Paid
INV0001062,CUST00142,SUB00142,2025-11-20,2025-12-05,79.0,Paid
INV0001063,CUST00142,SUB00142,2025-12-20,2026-01-04,79.0,Paid
INV0001064,CUST00143,SUB00143,2024-12-26,2025-01-10,2029.8,Paid
INV0001065,CUST00144,SUB00144,2024-05-03,2024-05-18,29.0,Paid
INV0001066,CUST00144,SUB00144,2024-06-03,2024-06-18,29.0,Paid
INV0001067,CUST00144,SUB00144,2024-07-03,2024-07-18,29.0,Paid
INV0001068,CUST00144,SUB00144,2024-08-03,2024-08-18,29.0,Paid
INV0001069,CUST00144,SUB00144,2024-09-03,2024-09-18,29.0,Overdue
INV0001070,CUST00144,SUB00144,2024-10-03,2024-10-18,29.0,Overdue
INV0001071,CUST00145,SUB00145,2024-07-15,2024-07-30,29.0,Paid
INV0001072,CUST00145,SUB00145,2024-08-15,2024-08-30,29.0,Paid
INV0001073,CUST00145,SUB00145,2024-09-15,2024-09-30,29.0,Paid
INV0001074,CUST00145,SUB00145,2024-10-15,2024-10-30,29.0,Paid
INV0001075,CUST00145,SUB00145,2024-11-15,2024-11-30,29.0,Paid
INV0001076,CUST00145,SUB00145,2024-12-15,2024-12-30,29.0,Paid
INV0001077,CUST00145,SUB00145,2025-01-15,2025-01-30,29.0,Paid
INV0001078,CUST00145,SUB00145,2025-02-15,2025-03-02,29.0,Paid
INV0001079,CUST00145,SUB00145,2025-03-15,2025-03-30,29.0,Paid
INV0001080,CUST00145,SUB00145,2025-04-15,2025-04-30,29.0,Paid
INV0001081,CUST00145,SUB00145,2025-05-15,2025-05-30,29.0,Paid
INV0001082,CUST00145,SUB00145,2025-06-15,2025-06-30,29.0,Overdue
INV0001083,CUST00146,SUB00146,2024-04-12,2024-04-27,29.0,Paid
INV0001084,CUST00146,SUB00146,2024-05-12,2024-05-27,29.0,Paid
INV0001085,CUST00146,SUB00146,2024-06-12,2024-06-27,29.0,Paid
INV0001086,CUST00146,SUB00146,2024-07-12,2024-07-27,29.0,Paid
INV0001087,CUST00146,SUB00146,2024-08-12,2024-08-27,29.0,Paid
INV0001088,CUST00146,SUB00146,2024-09-12,2024-09-27,29.0,Paid
INV0001089,CUST00146,SUB00146,2024-10-12,2024-10-27,29.0,Paid
INV0001090,CUST00146,SUB00146,2024-11-12,2024-11-27,29.0,Overdue
INV0001091,CUST00146,SUB00146,2024-12-12,2024-12-27,29.0,Pending
INV0001092,CUST00146,SUB00146,2025-01-12,2025-01-27,29.0,Overdue
INV0001093,CUST00146,SUB00146,2025-02-12,2025-02-27,29.0,Paid
INV0001094,CUST00146,SUB00146,2025-03-12,2025-03-27,29.0,Paid
INV0001095,CUST00147,SUB00147,2024-11-05,2024-11-20,29.0,Overdue
INV0001096,CUST00147,SUB00147,2024-12-05,2024-12-20,29.0,Paid
INV0001097,CUST00147,SUB00147,2025-01-05,2025-01-20,29.0,Paid
INV0001098,CUST00147,SUB00147,2025-02-05,2025-02-20,29.0,Paid
INV0001099,CUST00147,SUB00147,2025-03-05,2025-03-20,29.0,Paid
INV0001100,CUST00147,SUB00147,2025-04-05,2025-04-20,29.0,Paid
INV0001101,CUST00147,SUB00147,2025-05-05,2025-05-20,29.0,Paid
INV0001102,CUST00147,SUB00147,2025-06-05,2025-06-20,29.0,Paid
INV0001103,CUST00147,SUB00147,2025-07-05,2025-07-20,29.0,Paid
INV0001104,CUST00147,SUB00147,2025-08-05,2025-08-20,29.0,Paid
INV0001105,CUST00147,SUB00147,2025-09-05,2025-09-20,29.0,Paid
INV0001106,CUST00147,SUB00147,2025-10-05,2025-10-20,29.0,Paid
INV0001107,CUST00148,SUB00148,2024-02-25,2024-03-11,29.0,Paid
INV0001108,CUST00148,SUB00148,2024-03-25,2024-04-09,29.0,Paid
INV0001109,CUST00148,SUB00148,2024-04-25,2024-05-10,29.0,Paid
INV0001110,CUST00148,SUB00148,2024-05-25,2024-06-09,29.0,Paid
INV0001111,CUST00148,SUB00148,2024-06-25,2024-07-10,29.0,Paid
INV0001112,CUST00148,SUB00148,2024-07-25,2024-08-09,29.0,Paid
INV0001113,CUST00149,SUB00149,2024-04-15,2024-04-30,79.0,Paid
INV0001114,CUST00149,SUB00149,2024-05-15,2024-05-30,79.0,Paid
INV0001115,CUST00149,SUB00149,2024-06-15,2024-06-30,79.0,Paid
INV0001116,CUST00149,SUB00149,2024-07-15,2024-07-30,79.0,Paid
INV0001117,CUST00149,SUB00149,2024-08-15,2024-08-30,79.0,Paid
INV0001118,CUST00149,SUB00149,2024-09-15,2024-09-30,79.0,Paid
INV0001119,CUST00150,SUB00150,2025-03-27,2025-04-11,79.0,Paid
INV0001120,CUST00150,SUB00150,2025-04-27,2025-05-12,79.0,Paid
INV0001121,CUST00150,SUB00150,2025-05-27,2025-06-11,79.0,Paid
INV0001122,CUST00150,SUB00150,2025-06-27,2025-07-12,79.0,Paid
INV0001123,CUST00150,SUB00150,2025-07-27,2025-08-11,79.0,Paid
INV0001124,CUST00150,SUB00150,2025-08-27,2025-09-11,79.0,Paid
INV0001125,CUST00150,SUB00150,2025-09-27,2025-10-12,79.0,Paid
INV0001126,CUST00150,SUB00150,2025-10-27,2025-11-11,79.0,Paid
INV0001127,CUST00150,SUB00150,2025-11-27,2025-12-12,79.0,Paid
INV0001128,CUST00150,SUB00150,2025-12-27,2026-01-11,79.0,Paid
INV0001129,CUST00151,SUB00151,2024-04-26,2024-05-11,79.0,Paid
INV0001130,CUST00151,SUB00151,2024-05-26,2024-06-10,79.0,Paid
INV0001131,CUST00151,SUB00151,2024-06-26,2024-07-11,79.0,Paid
INV0001132,CUST00151,SUB00151,2024-07-26,2024-08-10,79.0,Paid
INV0001133,CUST00151,SUB00151,2024-08-26,2024-09-10,79.0,Paid
INV0001134,CUST00151,SUB00151,2024-09-26,2024-10-11,79.0,Paid
INV0001135,CUST00152,SUB00152,2024-06-04,2024-06-19,295.8,Paid
INV0001136,CUST00153,SUB00153,2024-09-11,2024-09-26,199.0,Overdue
INV0001137,CUST00153,SUB00153,2024-10-11,2024-10-26,199.0,Paid
INV0001138,CUST00153,SUB00153,2024-11-11,2024-11-26,199.0,Paid
INV0001139,CUST00153,SUB00153,2024-12-11,2024-12-26,199.0,Paid
INV0001140,CUST00153,SUB00153,2025-01-11,2025-01-26,199.0,Paid
INV0001141,CUST00153,SUB00153,2025-02-11,2025-02-26,199.0,Paid
INV0001142,CUST00153,SUB00153,2025-03-11,2025-03-26,199.0,Paid
INV0001143,CUST00153,SUB00153,2025-04-11,2025-04-26,199.0,Paid
INV0001144,CUST00153,SUB00153,2025-05-11,2025-05-26,199.0,Pending
INV0001145,CUST00153,SUB00153,2025-06-11,2025-06-26,199.0,Paid
INV0001146,CUST00153,SUB00153,2025-07-11,2025-07-26,199.0,Paid
INV0001147,CUST00153,SUB00153,2025-08-11,2025-08-26,199.0,Paid
INV0001148,CUST00153,SUB00153,2025-09-11,2025-09-26,199.0,Paid
INV0001149,CUST00153,SUB00153,2025-10-11,2025-10-26,199.0,Paid
INV0001150,CUST00153,SUB00153,2025-11-11,2025-11-26,199.0,Paid
INV0001151,CUST00153,SUB00153,2025-12-11,2025-12-26,199.0,Paid
INV0001152,CUST00154,SUB00154,2025-06-19,2025-07-04,79.0,Paid
INV0001153,CUST00154,SUB00154,2025-07-19,2025-08-03,79.0,Paid
INV0001154,CUST00154,SUB00154,2025-08-19,2025-09-03,79.0,Paid
INV0001155,CUST00155,SUB00155,2024-11-08,2024-11-23,29.0,Paid
INV0001156,CUST00155,SUB00155,2024-12-08,2024-12-23,29.0,Paid
INV0001157,CUST00155,SUB00155,2025-01-08,2025-01-23,29.0,Paid
INV0001158,CUST00155,SUB00155,2025-02-08,2025-02-23,29.0,Paid
INV0001159,CUST00155,SUB00155,2025-03-08,2025-03-23,29.0,Paid
INV0001160,CUST00155,SUB00155,2025-04-08,2025-04-23,29.0,Paid
INV0001161,CUST00155,SUB00155,2025-05-08,2025-05-23,29.0,Paid
INV0001162,CUST00155,SUB00155,2025-06-08,2025-06-23,29.0,Paid
INV0001163,CUST00155,SUB00155,2025-07-08,2025-07-23,29.0,Paid
INV0001164,CUST00155,SUB00155,2025-08-08,2025-08-23,29.0,Paid
INV0001165,CUST00155,SUB00155,2025-09-08,2025-09-23,29.0,Paid
INV0001166,CUST00155,SUB00155,2025-10-08,2025-10-23,29.0,Paid
INV0001167,CUST00155,SUB00155,2025-11-08,2025-11-23,29.0,Paid
INV0001168,CUST00155,SUB00155,2025-12-08,2025-12-23,29.0,Paid
INV0001169,CUST00156,SUB00156,2024-07-31,2024-08-15,79.0,Paid
INV0001170,CUST00156,SUB00156,2024-08-31,2024-09-15,79.0,Paid
INV0001171,CUST00156,SUB00156,2024-09-30,2024-10-15,79.0,Paid
INV0001172,CUST00156,SUB00156,2024-10-30,2024-11-14,79.0,Paid
INV0001173,CUST00156,SUB00156,2024-11-30,2024-12-15,79.0,Paid
INV0001174,CUST00156,SUB00156,2024-12-30,2025-01-14,79.0,Paid
INV0001175,CUST00156,SUB00156,2025-01-30,2025-02-14,79.0,Paid
INV0001176,CUST00156,SUB00156,2025-02-28,2025-03-15,79.0,Paid
INV0001177,CUST00156,SUB00156,2025-03-28,2025-04-12,79.0,Paid
INV0001178,CUST00156,SUB00156,2025-04-28,2025-05-13,79.0,Paid
INV0001179,CUST00156,SUB00156,2025-05-28,2025-06-12,79.0,Paid
INV0001180,CUST00156,SUB00156,2025-06-28,2025-07-13,79.0,Paid
INV0001181,CUST00156,SUB00156,2025-07-28,2025-08-12,79.0,Paid
INV0001182,CUST00156,SUB00156,2025-08-28,2025-09-12,79.0,Paid
INV0001183,CUST00156,SUB00156,2025-09-28,2025-10-13,79.0,Paid
INV0001184,CUST00156,SUB00156,2025-10-28,2025-11-12,79.0,Pending
INV0001185,CUST00156,SUB00156,2025-11-28,2025-12-13,79.0,Paid
INV0001186,CUST00156,SUB00156,2025-12-28,2026-01-12,79.0,Paid
INV0001187,CUST00157,SUB00157,2024-09-02,2024-09-17,29.0,Paid
INV0001188,CUST00157,SUB00157,2024-10-02,2024-10-17,29.0,Paid
INV0001189,CUST00157,SUB00157,2024-11-02,2024-11-17,29.0,Paid
INV0001190,CUST00157,SUB00157,2024-12-02,2024-12-17,29.0,Paid
INV0001191,CUST00157,SUB00157,2025-01-02,2025-01-17,29.0,Paid
INV0001192,CUST00157,SUB00157,2025-02-02,2025-02-17,29.0,Paid
INV0001193,CUST00157,SUB00157,2025-03-02,2025-03-17,29.0,Paid
INV0001194,CUST00157,SUB00157,2025-04-02,2025-04-17,29.0,Paid
INV0001195,CUST00157,SUB00157,2025-05-02,2025-05-17,29.0,Paid
INV0001196,CUST00157,SUB00157,2025-06-02,2025-06-17,29.0,Paid
INV0001197,CUST00157,SUB00157,2025-07-02,2025-07-17,29.0,Paid
INV0001198,CUST00157,SUB00157,2025-08-02,2025-08-17,29.0,Paid
INV0001199,CUST00157,SUB00157,2025-09-02,2025-09-17,29.0,Paid
INV0001200,CUST00157,SUB00157,2025-10-02,2025-10-17,29.0,Paid
INV0001201,CUST00157,SUB00157,2025-11-02,2025-11-17,29.0,Paid
INV0001202,CUST00157,SUB00157,2025-12-02,2025-12-17,29.0,Paid
INV0001203,CUST00158,SUB00158,2025-04-06,2025-04-21,295.8,Paid
INV0001204,CUST00159,SUB00159,2024-10-22,2024-11-06,29.0,Paid
INV0001205,CUST00159,SUB00159,2024-11-22,2024-12-07,29.0,Paid
INV0001206,CUST00159,SUB00159,2024-12-22,2025-01-06,29.0,Paid
INV0001207,CUST00159,SUB00159,2025-01-22,2025-02-06,29.0,Pending
INV0001208,CUST00159,SUB00159,2025-02-22,2025-03-09,29.0,Paid
INV0001209,CUST00159,SUB00159,2025-03-22,2025-04-06,29.0,Paid
INV0001210,CUST00159,SUB00159,2025-04-22,2025-05-07,29.0,Paid
INV0001211,CUST00159,SUB00159,2025-05-22,2025-06-06,29.0,Paid
INV0001212,CUST00159,SUB00159,2025-06-22,2025-07-07,29.0,Paid
INV0001213,CUST00159,SUB00159,2025-07-22,2025-08-06,29.0,Paid
INV0001214,CUST00159,SUB00159,2025-08-22,2025-09-06,29.0,Paid
INV0001215,CUST00159,SUB00159,2025-09-22,2025-10-07,29.0,Paid
INV0001216,CUST00160,SUB00160,2025-12-04,2025-12-19,79.0,Paid
INV0001217,CUST00161,SUB00161,2025-03-11,2025-03-26,29.0,Paid
INV0001218,CUST00161,SUB00161,2025-04-11,2025-04-26,29.0,Paid
INV0001219,CUST00161,SUB00161,2025-05-11,2025-05-26,29.0,Paid
INV0001220,CUST00161,SUB00161,2025-06-11,2025-06-26,29.0,Paid
INV0001221,CUST00161,SUB00161,2025-07-11,2025-07-26,29.0,Paid
INV0001222,CUST00161,SUB00161,2025-08-11,2025-08-26,29.0,Paid
INV0001223,CUST00161,SUB00161,2025-09-11,2025-09-26,29.0,Paid
INV0001224,CUST00161,SUB00161,2025-10-11,2025-10-26,29.0,Paid
INV0001225,CUST00161,SUB00161,2025-11-11,2025-11-26,29.0,Paid
INV0001226,CUST00161,SUB00161,2025-12-11,2025-12-26,29.0,Paid
INV0001227,CUST00162,SUB00162,2024-05-25,2024-06-09,295.8,Paid
INV0001228,CUST00162,SUB00162,2025-05-25,2025-06-09,295.8,Paid
INV0001229,CUST00163,SUB00163,2025-03-25,2025-04-09,79.0,Paid
INV0001230,CUST00163,SUB00163,2025-04-25,2025-05-10,79.0,Paid
INV0001231,CUST00163,SUB00163,2025-05-25,2025-06-09,79.0,Paid
INV0001232,CUST00163,SUB00163,2025-06-25,2025-07-10,79.0,Paid
INV0001233,CUST00163,SUB00163,2025-07-25,2025-08-09,79.0,Paid
INV0001234,CUST00163,SUB00163,2025-08-25,2025-09-09,79.0,Paid
INV0001235,CUST00163,SUB00163,2025-09-25,2025-10-10,79.0,Paid
INV0001236,CUST00163,SUB00163,2025-10-25,2025-11-09,79.0,Paid
INV0001237,CUST00163,SUB00163,2025-11-25,2025-12-10,79.0,Paid
INV0001238,CUST00163,SUB00163,2025-12-25,2026-01-09,79.0,Overdue
INV0001239,CUST00164,SUB00164,2024-10-05,2024-10-20,79.0,Paid
INV0001240,CUST00164,SUB00164,2024-11-05,2024-11-20,79.0,Paid
INV0001241,CUST00164,SUB00164,2024-12-05,2024-12-20,79.0,Paid
INV0001242,CUST00164,SUB00164,2025-01-05,2025-01-20,79.0,Paid
INV0001243,CUST00164,SUB00164,2025-02-05,2025-02-20,79.0,Paid
INV0001244,CUST00164,SUB00164,2025-03-05,2025-03-20,79.0,Paid
INV0001245,CUST00164,SUB00164,2025-04-05,2025-04-20,79.0,Pending
INV0001246,CUST00164,SUB00164,2025-05-05,2025-05-20,79.0,Paid
INV0001247,CUST00164,SUB00164,2025-06-05,2025-06-20,79.0,Paid
INV0001248,CUST00164,SUB00164,2025-07-05,2025-07-20,79.0,Paid
INV0001249,CUST00164,SUB00164,2025-08-05,2025-08-20,79.0,Paid
INV0001250,CUST00164,SUB00164,2025-09-05,2025-09-20,79.0,Paid
INV0001251,CUST00165,SUB00165,2025-03-18,2025-04-02,79.0,Paid
INV0001252,CUST00165,SUB00165,2025-04-18,2025-05-03,79.0,Paid
INV0001253,CUST00165,SUB00165,2025-05-18,2025-06-02,79.0,Paid
INV0001254,CUST00165,SUB00165,2025-06-18,2025-07-03,79.0,Paid
INV0001255,CUST00165,SUB00165,2025-07-18,2025-08-02,79.0,Paid
INV0001256,CUST00165,SUB00165,2025-08-18,2025-09-02,79.0,Paid
INV0001257,CUST00165,SUB00165,2025-09-18,2025-10-03,79.0,Paid
INV0001258,CUST00165,SUB00165,2025-10-18,2025-11-02,79.0,Overdue
INV0001259,CUST00165,SUB00165,2025-11-18,2025-12-03,79.0,Paid
INV0001260,CUST00165,SUB00165,2025-12-18,2026-01-02,79.0,Paid
INV0001261,CUST00166,SUB00166,2024-08-22,2024-09-06,29.0,Paid
INV0001262,CUST00166,SUB00166,2024-09-22,2024-10-07,29.0,Paid
INV0001263,CUST00166,SUB00166,2024-10-22,2024-11-06,29.0,Paid
INV0001264,CUST00166,SUB00166,2024-11-22,2024-12-07,29.0,Paid
INV0001265,CUST00166,SUB00166,2024-12-22,2025-01-06,29.0,Overdue
INV0001266,CUST00166,SUB00166,2025-01-22,2025-02-06,29.0,Paid
INV0001267,CUST00166,SUB00166,2025-02-22,2025-03-09,29.0,Paid
INV0001268,CUST00166,SUB00166,2025-03-22,2025-04-06,29.0,Paid
INV0001269,CUST00166,SUB00166,2025-04-22,2025-05-07,29.0,Paid
INV0001270,CUST00166,SUB00166,2025-05-22,2025-06-06,29.0,Paid
INV0001271,CUST00166,SUB00166,2025-06-22,2025-07-07,29.0,Paid
INV0001272,CUST00166,SUB00166,2025-07-22,2025-08-06,29.0,Paid
INV0001273,CUST00166,SUB00166,2025-08-22,2025-09-06,29.0,Paid
INV0001274,CUST00166,SUB00166,2025-09-22,2025-10-07,29.0,Paid
INV0001275,CUST00166,SUB00166,2025-10-22,2025-11-06,29.0,Paid
INV0001276,CUST00166,SUB00166,2025-11-22,2025-12-07,29.0,Paid
INV0001277,CUST00166,SUB00166,2025-12-22,2026-01-06,29.0,Overdue
INV0001278,CUST00167,SUB00167,2025-11-19,2025-12-04,2029.8,Paid
INV0001279,CUST00168,SUB00168,2025-04-26,2025-05-11,79.0,Paid
INV0001280,CUST00168,SUB00168,2025-05-26,2025-06-10,79.0,Paid
INV0001281,CUST00168,SUB00168,2025-06-26,2025-07-11,79.0,Paid
INV0001282,CUST00168,SUB00168,2025-07-26,2025-08-10,79.0,Paid
INV0001283,CUST00168,SUB00168,2025-08-26,2025-09-10,79.0,Paid
INV0001284,CUST00168,SUB00168,2025-09-26,2025-10-11,79.0,Pending
INV0001285,CUST00168,SUB00168,2025-10-26,2025-11-10,79.0,Paid
INV0001286,CUST00168,SUB00168,2025-11-26,2025-12-11,79.0,Paid
INV0001287,CUST00168,SUB00168,2025-12-26,2026-01-10,79.0,Paid
INV0001288,CUST00169,SUB00169,2025-08-22,2025-09-06,805.8,Paid
INV0001289,CUST00170,SUB00170,2025-04-26,2025-05-11,29.0,Paid
INV0001290,CUST00170,SUB00170,2025-05-26,2025-06-10,29.0,Paid
INV0001291,CUST00170,SUB00170,2025-06-26,2025-07-11,29.0,Paid
INV0001292,CUST00170,SUB00170,2025-07-26,2025-08-10,29.0,Paid
INV0001293,CUST00170,SUB00170,2025-08-26,2025-09-10,29.0,Paid
INV0001294,CUST00170,SUB00170,2025-09-26,2025-10-11,29.0,Paid
INV0001295,CUST00170,SUB00170,2025-10-26,2025-11-10,29.0,Overdue
INV0001296,CUST00170,SUB00170,2025-11-26,2025-12-11,29.0,Paid
INV0001297,CUST00170,SUB00170,2025-12-26,2026-01-10,29.0,Paid
INV0001298,CUST00171,SUB00171,2024-06-13,2024-06-28,805.8,Paid
INV0001299,CUST00171,SUB00171,2025-06-13,2025-06-28,805.8,Paid
INV0001300,CUST00172,SUB00172,2025-07-17,2025-08-01,295.8,Paid
INV0001301,CUST00173,SUB00173,2024-04-28,2024-05-13,29.0,Paid
INV0001302,CUST00173,SUB00173,2024-05-28,2024-06-12,29.0,Paid
INV0001303,CUST00173,SUB00173,2024-06-28,2024-07-13,29.0,Paid
INV0001304,CUST00173,SUB00173,2024-07-28,2024-08-12,29.0,Paid
INV0001305,CUST00173,SUB00173,2024-08-28,2024-09-12,29.0,Paid
INV0001306,CUST00173,SUB00173,2024-09-28,2024-10-13,79.0,Paid
INV0001307,CUST00173,SUB00173,2024-10-28,2024-11-12,79.0,Pending
INV0001308,CUST00173,SUB00173,2024-11-28,2024-12-13,79.0,Paid
INV0001309,CUST00173,SUB00173,2024-12-28,2025-01-12,79.0,Paid
INV0001310,CUST00173,SUB00173,2025-01-28,2025-02-12,79.0,Paid
INV0001311,CUST00173,SUB00173,2025-02-28,2025-03-15,79.0,Paid
INV0001312,CUST00173,SUB00173,2025-03-28,2025-04-12,79.0,Paid
INV0001313,CUST00174,SUB00174,2025-11-04,2025-11-19,199.0,Paid
INV0001314,CUST00174,SUB00174,2025-12-04,2025-12-19,199.0,Paid
INV0001315,CUST00175,SUB00175,2025-06-14,2025-06-29,79.0,Paid
INV0001316,CUST00175,SUB00175,2025-07-14,2025-07-29,79.0,Paid
INV0001317,CUST00175,SUB00175,2025-08-14,2025-08-29,79.0,Paid
INV0001318,CUST00175,SUB00175,2025-09-14,2025-09-29,79.0,Paid
INV0001319,CUST00175,SUB00175,2025-10-14,2025-10-29,79.0,Paid
INV0001320,CUST00175,SUB00175,2025-11-14,2025-11-29,79.0,Paid
INV0001321,CUST00175,SUB00175,2025-12-14,2025-12-29,79.0,Paid
INV0001322,CUST00176,SUB00176,2024-02-22,2024-03-08,79.0,Paid
INV0001323,CUST00176,SUB00176,2024-03-22,2024-04-06,79.0,Paid
INV0001324,CUST00176,SUB00176,2024-04-22,2024-05-07,79.0,Paid
INV0001325,CUST00176,SUB00176,2024-05-22,2024-06-06,79.0,Pending
INV0001326,CUST00177,SUB00177,2025-03-24,2025-04-08,29.0,Paid
INV0001327,CUST00177,SUB00177,2025-04-24,2025-05-09,29.0,Paid
INV0001328,CUST00177,SUB00177,2025-05-24,2025-06-08,29.0,Paid
INV0001329,CUST00177,SUB00177,2025-06-24,2025-07-09,29.0,Paid
INV0001330,CUST00177,SUB00177,2025-07-24,2025-08-08,29.0,Paid
INV0001331,CUST00177,SUB00177,2025-08-24,2025-09-08,29.0,Paid
INV0001332,CUST00177,SUB00177,2025-09-24,2025-10-09,29.0,Paid
INV0001333,CUST00177,SUB00177,2025-10-24,2025-11-08,29.0,Paid
INV0001334,CUST00177,SUB00177,2025-11-24,2025-12-09,29.0,Paid
INV0001335,CUST00177,SUB00177,2025-12-24,2026-01-08,29.0,Paid
INV0001336,CUST00178,SUB00178,2025-12-27,2026-01-11,79.0,Paid
INV0001337,CUST00179,SUB00179,2024-04-05,2024-04-20,295.8,Paid
INV0001338,CUST00180,SUB00180,2024-04-30,2024-05-15,199.0,Overdue
INV0001339,CUST00180,SUB00180,2024-05-30,2024-06-14,199.0,Paid
INV0001340,CUST00180,SUB00180,2024-06-30,2024-07-15,199.0,Overdue
INV0001341,CUST00180,SUB00180,2024-07-30,2024-08-14,199.0,Paid
INV0001342,CUST00180,SUB00180,2024-08-30,2024-09-14,199.0,Paid
INV0001343,CUST00180,SUB00180,2024-09-30,2024-10-15,199.0,Paid
INV0001344,CUST00180,SUB00180,2024-10-30,2024-11-14,199.0,Paid
INV0001345,CUST00180,SUB00180,2024-11-30,2024-12-15,199.0,Paid
INV0001346,CUST00180,SUB00180,2024-12-30,2025-01-14,199.0,Paid
INV0001347,CUST00180,SUB00180,2025-01-30,2025-02-14,199.0,Paid
INV0001348,CUST00180,SUB00180,2025-02-28,2025-03-15,199.0,Paid
INV0001349,CUST00180,SUB00180,2025-03-28,2025-04-12,199.0,Pending
INV0001350,CUST00180,SUB00180,2025-04-28,2025-05-13,199.0,Overdue
INV0001351,CUST00180,SUB00180,2025-05-28,2025-06-12,199.0,Paid
INV0001352,CUST00180,SUB00180,2025-06-28,2025-07-13,199.0,Paid
INV0001353,CUST00180,SUB00180,2025-07-28,2025-08-12,199.0,Paid
INV0001354,CUST00180,SUB00180,2025-08-28,2025-09-12,199.0,Paid
INV0001355,CUST00180,SUB00180,2025-09-28,2025-10-13,199.0,Paid
INV0001356,CUST00181,SUB00181,2025-06-05,2025-06-20,79.0,Paid
INV0001357,CUST00181,SUB00181,2025-07-05,2025-07-20,79.0,Paid
INV0001358,CUST00181,SUB00181,2025-08-05,2025-08-20,79.0,Paid
INV0001359,CUST00181,SUB00181,2025-09-05,2025-09-20,79.0,Paid
INV0001360,CUST00181,SUB00181,2025-10-05,2025-10-20,79.0,Paid
INV0001361,CUST00181,SUB00181,2025-11-05,2025-11-20,79.0,Paid
INV0001362,CUST00181,SUB00181,2025-12-05,2025-12-20,79.0,Paid
INV0001363,CUST00182,SUB00182,2024-09-06,2024-09-21,79.0,Pending
INV0001364,CUST00182,SUB00182,2024-10-06,2024-10-21,79.0,Paid
INV0001365,CUST00182,SUB00182,2024-11-06,2024-11-21,79.0,Paid
INV0001366,CUST00182,SUB00182,2024-12-06,2024-12-21,79.0,Paid
INV0001367,CUST00182,SUB00182,2025-01-06,2025-01-21,79.0,Paid
INV0001368,CUST00182,SUB00182,2025-02-06,2025-02-21,79.0,Paid
INV0001369,CUST00182,SUB00182,2025-03-06,2025-03-21,79.0,Paid
INV0001370,CUST00182,SUB00182,2025-04-06,2025-04-21,79.0,Paid
INV0001371,CUST00182,SUB00182,2025-05-06,2025-05-21,79.0,Paid
INV0001372,CUST00182,SUB00182,2025-06-06,2025-06-21,79.0,Paid
INV0001373,CUST00182,SUB00182,2025-07-06,2025-07-21,79.0,Overdue
INV0001374,CUST00182,SUB00182,2025-08-06,2025-08-21,79.0,Paid
INV0001375,CUST00183,SUB00183,2024-03-12,2024-03-27,29.0,Paid
INV0001376,CUST00183,SUB00183,2024-04-12,2024-04-27,29.0,Paid
INV0001377,CUST00183,SUB00183,2024-05-12,2024-05-27,29.0,Paid
INV0001378,CUST00183,SUB00183,2024-06-12,2024-06-27,79.0,Overdue
INV0001379,CUST00183,SUB00183,2024-07-12,2024-07-27,79.0,Pending
INV0001380,CUST00183,SUB00183,2024-08-12,2024-08-27,79.0,Paid
INV0001381,CUST00184,SUB00184,2025-06-03,2025-06-18,199.0,Paid
INV0001382,CUST00184,SUB00184,2025-07-03,2025-07-18,199.0,Paid
INV0001383,CUST00184,SUB00184,2025-08-03,2025-08-18,199.0,Paid
INV0001384,CUST00184,SUB00184,2025-09-03,2025-09-18,199.0,Paid
INV0001385,CUST00184,SUB00184,2025-10-03,2025-10-18,199.0,Overdue
INV0001386,CUST00184,SUB00184,2025-11-03,2025-11-18,199.0,Paid
INV0001387,CUST00185,SUB00185,2025-08-24,2025-09-08,2029.8,Paid
INV0001388,CUST00186,SUB00186,2025-04-02,2025-04-17,29.0,Paid
INV0001389,CUST00186,SUB00186,2025-05-02,2025-05-17,29.0,Paid
INV0001390,CUST00186,SUB00186,2025-06-02,2025-06-17,29.0,Paid
INV0001391,CUST00186,SUB00186,2025-07-02,2025-07-17,29.0,Paid
INV0001392,CUST00186,SUB00186,2025-08-02,2025-08-17,29.0,Paid
INV0001393,CUST00186,SUB00186,2025-09-02,2025-09-17,29.0,Paid
INV0001394,CUST00187,SUB00187,2025-04-11,2025-04-26,79.0,Paid
INV0001395,CUST00187,SUB00187,2025-05-11,2025-05-26,79.0,Paid
INV0001396,CUST00187,SUB00187,2025-06-11,2025-06-26,79.0,Paid
INV0001397,CUST00187,SUB00187,2025-07-11,2025-07-26,79.0,Paid
INV0001398,CUST00187,SUB00187,2025-08-11,2025-08-26,79.0,Paid
INV0001399,CUST00187,SUB00187,2025-09-11,2025-09-26,79.0,Pending
INV0001400,CUST00187,SUB00187,2025-10-11,2025-10-26,79.0,Paid
INV0001401,CUST00187,SUB00187,2025-11-11,2025-11-26,79.0,Paid
INV0001402,CUST00187,SUB00187,2025-12-11,2025-12-26,79.0,Paid
INV0001403,CUST00188,SUB00188,2025-08-08,2025-08-23,295.8,Paid
INV0001404,CUST00189,SUB00189,2024-11-21,2024-12-06,79.0,Paid
INV0001405,CUST00189,SUB00189,2024-12-21,2025-01-05,79.0,Overdue
INV0001406,CUST00189,SUB00189,2025-01-21,2025-02-05,79.0,Paid
INV0001407,CUST00189,SUB00189,2025-02-21,2025-03-08,79.0,Paid
INV0001408,CUST00189,SUB00189,2025-03-21,2025-04-05,79.0,Paid
INV0001409,CUST00189,SUB00189,2025-04-21,2025-05-06,79.0,Paid
INV0001410,CUST00189,SUB00189,2025-05-21,2025-06-05,79.0,Paid
INV0001411,CUST00189,SUB00189,2025-06-21,2025-07-06,79.0,Paid
INV0001412,CUST00189,SUB00189,2025-07-21,2025-08-05,79.0,Paid
INV0001413,CUST00189,SUB00189,2025-08-21,2025-09-05,79.0,Paid
INV0001414,CUST00189,SUB00189,2025-09-21,2025-10-06,79.0,Paid
INV0001415,CUST00189,SUB00189,2025-10-21,2025-11-05,79.0,Paid
INV0001416,CUST00189,SUB00189,2025-11-21,2025-12-06,79.0,Paid
INV0001417,CUST00189,SUB00189,2025-12-21,2026-01-05,79.0,Paid
INV0001418,CUST00190,SUB00190,2025-01-30,2025-02-14,2029.8,Paid
INV0001419,CUST00191,SUB00191,2025-05-22,2025-06-06,79.0,Paid
INV0001420,CUST00191,SUB00191,2025-06-22,2025-07-07,79.0,Paid
INV0001421,CUST00191,SUB00191,2025-07-22,2025-08-06,29.0,Paid
INV0001422,CUST00191,SUB00191,2025-08-22,2025-09-06,29.0,Paid
INV0001423,CUST00191,SUB00191,2025-09-22,2025-10-07,29.0,Paid
INV0001424,CUST00191,SUB00191,2025-10-22,2025-11-06,29.0,Paid
INV0001425,CUST00192,SUB00192,2024-04-12,2024-04-27,79.0,Paid
INV0001426,CUST00192,SUB00192,2024-05-12,2024-05-27,79.0,Paid
INV0001427,CUST00192,SUB00192,2024-06-12,2024-06-27,79.0,Paid
INV0001428,CUST00192,SUB00192,2024-07-12,2024-07-27,79.0,Paid
INV0001429,CUST00192,SUB00192,2024-08-12,2024-08-27,79.0,Paid
INV0001430,CUST00192,SUB00192,2024-09-12,2024-09-27,79.0,Paid
INV0001431,CUST00192,SUB00192,2024-10-12,2024-10-27,79.0,Paid
INV0001432,CUST00192,SUB00192,2024-11-12,2024-11-27,79.0,Paid
INV0001433,CUST00192,SUB00192,2024-12-12,2024-12-27,79.0,Paid
INV0001434,CUST00192,SUB00192,2025-01-12,2025-01-27,79.0,Paid
INV0001435,CUST00192,SUB00192,2025-02-12,2025-02-27,79.0,Paid
INV0001436,CUST00192,SUB00192,2025-03-12,2025-03-27,79.0,Paid
INV0001437,CUST00192,SUB00192,2025-04-12,2025-04-27,79.0,Overdue
INV0001438,CUST00192,SUB00192,2025-05-12,2025-05-27,79.0,Paid
INV0001439,CUST00192,SUB00192,2025-06-12,2025-06-27,79.0,Paid
INV0001440,CUST00192,SUB00192,2025-07-12,2025-07-27,79.0,Paid
INV0001441,CUST00192,SUB00192,2025-08-12,2025-08-27,79.0,Paid
INV0001442,CUST00192,SUB00192,2025-09-12,2025-09-27,79.0,Overdue
INV0001443,CUST00192,SUB00192,2025-10-12,2025-10-27,79.0,Overdue
INV0001444,CUST00192,SUB00192,2025-11-12,2025-11-27,79.0,Paid
INV0001445,CUST00192,SUB00192,2025-12-12,2025-12-27,79.0,Paid
INV0001446,CUST00193,SUB00193,2024-01-16,2024-01-31,29.0,Paid
INV0001447,CUST00193,SUB00193,2024-02-16,2024-03-02,29.0,Paid
INV0001448,CUST00193,SUB00193,2024-03-16,2024-03-31,29.0,Paid
INV0001449,CUST00193,SUB00193,2024-04-16,2024-05-01,29.0,Paid
INV0001450,CUST00193,SUB00193,2024-05-16,2024-05-31,29.0,Paid
INV0001451,CUST00193,SUB00193,2024-06-16,2024-07-01,29.0,Paid
INV0001452,CUST00193,SUB00193,2024-07-16,2024-07-31,29.0,Paid
INV0001453,CUST00193,SUB00193,2024-08-16,2024-08-31,29.0,Paid
INV0001454,CUST00193,SUB00193,2024-09-16,2024-10-01,29.0,Paid
INV0001455,CUST00193,SUB00193,2024-10-16,2024-10-31,29.0,Paid
INV0001456,CUST00193,SUB00193,2024-11-16,2024-12-01,29.0,Paid
INV0001457,CUST00193,SUB00193,2024-12-16,2024-12-31,29.0,Paid
INV0001458,CUST00193,SUB00193,2025-01-16,2025-01-31,29.0,Paid
INV0001459,CUST00193,SUB00193,2025-02-16,2025-03-03,29.0,Paid
INV0001460,CUST00193,SUB00193,2025-03-16,2025-03-31,29.0,Paid
INV0001461,CUST00193,SUB00193,2025-04-16,2025-05-01,29.0,Paid
INV0001462,CUST00193,SUB00193,2025-05-16,2025-05-31,29.0,Paid
INV0001463,CUST00193,SUB00193,2025-06-16,2025-07-01,29.0,Paid
INV0001464,CUST00194,SUB00194,2024-03-17,2024-04-01,79.0,Paid
INV0001465,CUST00194,SUB00194,2024-04-17,2024-05-02,79.0,Paid
INV0001466,CUST00194,SUB00194,2024-05-17,2024-06-01,79.0,Paid
INV0001467,CUST00194,SUB00194,2024-06-17,2024-07-02,79.0,Paid
INV0001468,CUST00194,SUB00194,2024-07-17,2024-08-01,79.0,Paid
INV0001469,CUST00194,SUB00194,2024-08-17,2024-09-01,79.0,Paid
INV0001470,CUST00194,SUB00194,2024-09-17,2024-10-02,29.0,Paid
INV0001471,CUST00194,SUB00194,2024-10-17,2024-11-01,29.0,Paid
INV0001472,CUST00194,SUB00194,2024-11-17,2024-12-02,29.0,Paid
INV0001473,CUST00194,SUB00194,2024-12-17,2025-01-01,29.0,Paid
INV0001474,CUST00194,SUB00194,2025-01-17,2025-02-01,29.0,Paid
INV0001475,CUST00194,SUB00194,2025-02-17,2025-03-04,29.0,Paid
INV0001476,CUST00195,SUB00195,2025-10-27,2025-11-11,295.8,Paid
INV0001477,CUST00196,SUB00196,2024-11-20,2024-12-05,199.0,Paid
INV0001478,CUST00196,SUB00196,2024-12-20,2025-01-04,199.0,Paid
INV0001479,CUST00196,SUB00196,2025-01-20,2025-02-04,199.0,Paid
INV0001480,CUST00196,SUB00196,2025-02-20,2025-03-07,199.0,Paid
INV0001481,CUST00196,SUB00196,2025-03-20,2025-04-04,199.0,Paid
INV0001482,CUST00196,SUB00196,2025-04-20,2025-05-05,199.0,Paid
INV0001483,CUST00196,SUB00196,2025-05-20,2025-06-04,199.0,Paid
INV0001484,CUST00196,SUB00196,2025-06-20,2025-07-05,199.0,Overdue
INV0001485,CUST00196,SUB00196,2025-07-20,2025-08-04,199.0,Paid
INV0001486,CUST00196,SUB00196,2025-08-20,2025-09-04,199.0,Overdue
INV0001487,CUST00196,SUB00196,2025-09-20,2025-10-05,199.0,Paid
INV0001488,CUST00196,SUB00196,2025-10-20,2025-11-04,199.0,Paid
INV0001489,CUST00197,SUB00197,2025-09-24,2025-10-09,295.8,Paid
INV0001490,CUST00198,SUB00198,2024-08-20,2024-09-04,29.0,Paid
INV0001491,CUST00198,SUB00198,2024-09-20,2024-10-05,29.0,Paid
INV0001492,CUST00198,SUB00198,2024-10-20,2024-11-04,29.0,Paid
INV0001493,CUST00198,SUB00198,2024-11-20,2024-12-05,29.0,Paid
INV0001494,CUST00198,SUB00198,2024-12-20,2025-01-04,29.0,Paid
INV0001495,CUST00198,SUB00198,2025-01-20,2025-02-04,29.0,Pending
INV0001496,CUST00198,SUB00198,2025-02-20,2025-03-07,29.0,Paid
INV0001497,CUST00198,SUB00198,2025-03-20,2025-04-04,29.0,Paid
INV0001498,CUST00198,SUB00198,2025-04-20,2025-05-05,29.0,Paid
INV0001499,CUST00198,SUB00198,2025-05-20,2025-06-04,29.0,Paid
INV0001500,CUST00198,SUB00198,2025-06-20,2025-07-05,29.0,Paid
INV0001501,CUST00198,SUB00198,2025-07-20,2025-08-04,29.0,Paid
INV0001502,CUST00198,SUB00198,2025-08-20,2025-09-04,29.0,Paid
INV0001503,CUST00198,SUB00198,2025-09-20,2025-10-05,29.0,Paid
INV0001504,CUST00198,SUB00198,2025-10-20,2025-11-04,29.0,Paid
INV0001505,CUST00198,SUB00198,2025-11-20,2025-12-05,29.0,Overdue
INV0001506,CUST00198,SUB00198,2025-12-20,2026-01-04,29.0,Paid
INV0001507,CUST00199,SUB00199,2025-03-30,2025-04-14,2029.8,Paid
INV0001508,CUST00200,SUB00200,2024-11-28,2024-12-13,199.0,Paid
INV0001509,CUST00200,SUB00200,2024-12-28,2025-01-12,199.0,Paid
INV0001510,CUST00200,SUB00200,2025-01-28,2025-02-12,199.0,Paid
INV0001511,CUST00200,SUB00200,2025-02-28,2025-03-15,199.0,Paid
INV0001512,CUST00200,SUB00200,2025-03-28,2025-04-12,199.0,Paid
INV0001513,CUST00200,SUB00200,2025-04-28,2025-05-13,199.0,Paid
INV0001514,CUST00201,SUB00201,2024-05-29,2024-06-13,29.0,Paid
INV0001515,CUST00201,SUB00201,2024-06-29,2024-07-14,29.0,Paid
INV0001516,CUST00201,SUB00201,2024-07-29,2024-08-13,29.0,Paid
INV0001517,CUST00201,SUB00201,2024-08-29,2024-09-13,29.0,Pending
INV0001518,CUST00201,SUB00201,2024-09-29,2024-10-14,29.0,Paid
INV0001519,CUST00201,SUB00201,2024-10-29,2024-11-13,79.0,Paid
INV0001520,CUST00201,SUB00201,2024-11-29,2024-12-14,79.0,Paid
INV0001521,CUST00201,SUB00201,2024-12-29,2025-01-13,79.0,Paid
INV0001522,CUST00201,SUB00201,2025-01-29,2025-02-13,79.0,Paid
INV0001523,CUST00201,SUB00201,2025-02-28,2025-03-15,79.0,Paid
INV0001524,CUST00201,SUB00201,2025-03-28,2025-04-12,79.0,Paid
INV0001525,CUST00201,SUB00201,2025-04-28,2025-05-13,79.0,Paid
INV0001526,CUST00201,SUB00201,2025-05-28,2025-06-12,79.0,Paid
INV0001527,CUST00201,SUB00201,2025-06-28,2025-07-13,79.0,Paid
INV0001528,CUST00201,SUB00201,2025-07-28,2025-08-12,79.0,Paid
INV0001529,CUST00201,SUB00201,2025-08-28,2025-09-12,79.0,Paid
INV0001530,CUST00201,SUB00201,2025-09-28,2025-10-13,79.0,Paid
INV0001531,CUST00201,SUB00201,2025-10-28,2025-11-12,79.0,Paid
INV0001532,CUST00202,SUB00202,2024-06-23,2024-07-08,29.0,Paid
INV0001533,CUST00202,SUB00202,2024-07-23,2024-08-07,29.0,Paid
INV0001534,CUST00202,SUB00202,2024-08-23,2024-09-07,29.0,Overdue
INV0001535,CUST00202,SUB00202,2024-09-23,2024-10-08,29.0,Paid
INV0001536,CUST00202,SUB00202,2024-10-23,2024-11-07,29.0,Pending
INV0001537,CUST00202,SUB00202,2024-11-23,2024-12-08,29.0,Paid
INV0001538,CUST00202,SUB00202,2024-12-23,2025-01-07,29.0,Paid
INV0001539,CUST00202,SUB00202,2025-01-23,2025-02-07,29.0,Paid
INV0001540,CUST00202,SUB00202,2025-02-23,2025-03-10,29.0,Paid
INV0001541,CUST00202,SUB00202,2025-03-23,2025-04-07,29.0,Paid
INV0001542,CUST00202,SUB00202,2025-04-23,2025-05-08,29.0,Paid
INV0001543,CUST00202,SUB00202,2025-05-23,2025-06-07,29.0,Paid
INV0001544,CUST00202,SUB00202,2025-06-23,2025-07-08,29.0,Paid
INV0001545,CUST00202,SUB00202,2025-07-23,2025-08-07,29.0,Paid
INV0001546,CUST00202,SUB00202,2025-08-23,2025-09-07,29.0,Paid
INV0001547,CUST00202,SUB00202,2025-09-23,2025-10-08,29.0,Paid
INV0001548,CUST00202,SUB00202,2025-10-23,2025-11-07,29.0,Paid
INV0001549,CUST00202,SUB00202,2025-11-23,2025-12-08,29.0,Paid
INV0001550,CUST00203,SUB00203,2025-05-24,2025-06-08,2029.8,Paid
INV0001551,CUST00204,SUB00204,2025-04-15,2025-04-30,79.0,Overdue
INV0001552,CUST00204,SUB00204,2025-05-15,2025-05-30,79.0,Paid
INV0001553,CUST00204,SUB00204,2025-06-15,2025-06-30,79.0,Paid
INV0001554,CUST00204,SUB00204,2025-07-15,2025-07-30,79.0,Paid
INV0001555,CUST00204,SUB00204,2025-08-15,2025-08-30,79.0,Pending
INV0001556,CUST00204,SUB00204,2025-09-15,2025-09-30,79.0,Paid
INV0001557,CUST00204,SUB00204,2025-10-15,2025-10-30,79.0,Paid
INV0001558,CUST00204,SUB00204,2025-11-15,2025-11-30,79.0,Overdue
INV0001559,CUST00204,SUB00204,2025-12-15,2025-12-30,79.0,Paid
INV0001560,CUST00205,SUB00205,2024-10-21,2024-11-05,199.0,Paid
INV0001561,CUST00205,SUB00205,2024-11-21,2024-12-06,199.0,Paid
INV0001562,CUST00205,SUB00205,2024-12-21,2025-01-05,199.0,Paid
INV0001563,CUST00205,SUB00205,2025-01-21,2025-02-05,199.0,Paid
INV0001564,CUST00205,SUB00205,2025-02-21,2025-03-08,199.0,Paid
INV0001565,CUST00205,SUB00205,2025-03-21,2025-04-05,199.0,Paid
INV0001566,CUST00205,SUB00205,2025-04-21,2025-05-06,199.0,Paid
INV0001567,CUST00205,SUB00205,2025-05-21,2025-06-05,199.0,Paid
INV0001568,CUST00205,SUB00205,2025-06-21,2025-07-06,199.0,Paid
INV0001569,CUST00205,SUB00205,2025-07-21,2025-08-05,199.0,Paid
INV0001570,CUST00205,SUB00205,2025-08-21,2025-09-05,199.0,Paid
INV0001571,CUST00205,SUB00205,2025-09-21,2025-10-06,199.0,Paid
INV0001572,CUST00205,SUB00205,2025-10-21,2025-11-05,199.0,Paid
INV0001573,CUST00205,SUB00205,2025-11-21,2025-12-06,199.0,Paid
INV0001574,CUST00205,SUB00205,2025-12-21,2026-01-05,199.0,Paid
INV0001575,CUST00206,SUB00206,2025-08-24,2025-09-08,805.8,Paid
INV0001576,CUST00207,SUB00207,2024-11-05,2024-11-20,79.0,Paid
INV0001577,CUST00207,SUB00207,2024-12-05,2024-12-20,79.0,Paid
INV0001578,CUST00207,SUB00207,2025-01-05,2025-01-20,79.0,Paid
INV0001579,CUST00207,SUB00207,2025-02-05,2025-02-20,79.0,Overdue
INV0001580,CUST00207,SUB00207,2025-03-05,2025-03-20,79.0,Paid
INV0001581,CUST00207,SUB00207,2025-04-05,2025-04-20,79.0,Paid
INV0001582,CUST00207,SUB00207,2025-05-05,2025-05-20,79.0,Overdue
INV0001583,CUST00207,SUB00207,2025-06-05,2025-06-20,79.0,Paid
INV0001584,CUST00207,SUB00207,2025-07-05,2025-07-20,79.0,Pending
INV0001585,CUST00207,SUB00207,2025-08-05,2025-08-20,79.0,Paid
INV0001586,CUST00207,SUB00207,2025-09-05,2025-09-20,79.0,Paid
INV0001587,CUST00207,SUB00207,2025-10-05,2025-10-20,79.0,Paid
INV0001588,CUST00207,SUB00207,2025-11-05,2025-11-20,79.0,Paid
INV0001589,CUST00207,SUB00207,2025-12-05,2025-12-20,79.0,Paid
INV0001590,CUST00208,SUB00208,2024-08-30,2024-09-14,199.0,Paid
INV0001591,CUST00208,SUB00208,2024-09-30,2024-10-15,199.0,Paid
INV0001592,CUST00208,SUB00208,2024-10-30,2024-11-14,199.0,Paid
INV0001593,CUST00208,SUB00208,2024-11-30,2024-12-15,199.0,Paid
INV0001594,CUST00208,SUB00208,2024-12-30,2025-01-14,199.0,Paid
INV0001595,CUST00208,SUB00208,2025-01-30,2025-02-14,199.0,Paid
INV0001596,CUST00208,SUB00208,2025-02-28,2025-03-15,199.0,Paid
INV0001597,CUST00208,SUB00208,2025-03-28,2025-04-12,199.0,Paid
INV0001598,CUST00208,SUB00208,2025-04-28,2025-05-13,199.0,Paid
INV0001599,CUST00208,SUB00208,2025-05-28,2025-06-12,199.0,Paid
INV0001600,CUST00208,SUB00208,2025-06-28,2025-07-13,199.0,Paid
INV0001601,CUST00208,SUB00208,2025-07-28,2025-08-12,199.0,Paid
INV0001602,CUST00208,SUB00208,2025-08-28,2025-09-12,199.0,Paid
INV0001603,CUST00208,SUB00208,2025-09-28,2025-10-13,199.0,Paid
INV0001604,CUST00208,SUB00208,2025-10-28,2025-11-12,199.0,Paid
INV0001605,CUST00208,SUB00208,2025-11-28,2025-12-13,199.0,Paid
INV0001606,CUST00208,SUB00208,2025-12-28,2026-01-12,199.0,Paid
INV0001607,CUST00209,SUB00209,2024-01-23,2024-02-07,805.8,Paid
INV0001608,CUST00210,SUB00210,2025-08-02,2025-08-17,29.0,Paid
INV0001609,CUST00210,SUB00210,2025-09-02,2025-09-17,29.0,Paid
INV0001610,CUST00210,SUB00210,2025-10-02,2025-10-17,29.0,Paid
INV0001611,CUST00210,SUB00210,2025-11-02,2025-11-17,29.0,Paid
INV0001612,CUST00210,SUB00210,2025-12-02,2025-12-17,29.0,Paid
INV0001613,CUST00211,SUB00211,2025-09-12,2025-09-27,29.0,Overdue
INV0001614,CUST00211,SUB00211,2025-10-12,2025-10-27,29.0,Paid
INV0001615,CUST00211,SUB00211,2025-11-12,2025-11-27,29.0,Paid
INV0001616,CUST00211,SUB00211,2025-12-12,2025-12-27,29.0,Paid
INV0001617,CUST00212,SUB00212,2024-08-23,2024-09-07,2029.8,Paid
INV0001618,CUST00212,SUB00212,2025-08-23,2025-09-07,2029.8,Paid
INV0001619,CUST00213,SUB00213,2025-09-27,2025-10-12,805.8,Overdue
INV0001620,CUST00214,SUB00214,2025-10-05,2025-10-20,199.0,Paid
INV0001621,CUST00214,SUB00214,2025-11-05,2025-11-20,199.0,Paid
INV0001622,CUST00214,SUB00214,2025-12-05,2025-12-20,199.0,Paid
INV0001623,CUST00215,SUB00215,2025-03-27,2025-04-11,79.0,Pending
INV0001624,CUST00215,SUB00215,2025-04-27,2025-05-12,79.0,Paid
INV0001625,CUST00215,SUB00215,2025-05-27,2025-06-11,79.0,Paid
INV0001626,CUST00215,SUB00215,2025-06-27,2025-07-12,79.0,Paid
INV0001627,CUST00215,SUB00215,2025-07-27,2025-08-11,79.0,Paid
INV0001628,CUST00215,SUB00215,2025-08-27,2025-09-11,79.0,Paid
INV0001629,CUST00215,SUB00215,2025-09-27,2025-10-12,79.0,Paid
INV0001630,CUST00215,SUB00215,2025-10-27,2025-11-11,79.0,Paid
INV0001631,CUST00215,SUB00215,2025-11-27,2025-12-12,79.0,Paid
INV0001632,CUST00215,SUB00215,2025-12-27,2026-01-11,79.0,Overdue
INV0001633,CUST00216,SUB00216,2024-10-29,2024-11-13,29.0,Paid
INV0001634,CUST00216,SUB00216,2024-11-29,2024-12-14,29.0,Paid
INV0001635,CUST00216,SUB00216,2024-12-29,2025-01-13,29.0,Paid
INV0001636,CUST00216,SUB00216,2025-01-29,2025-02-13,29.0,Paid
INV0001637,CUST00216,SUB00216,2025-02-28,2025-03-15,29.0,Paid
INV0001638,CUST00216,SUB00216,2025-03-28,2025-04-12,29.0,Paid
INV0001639,CUST00216,SUB00216,2025-04-28,2025-05-13,29.0,Overdue
INV0001640,CUST00216,SUB00216,2025-05-28,2025-06-12,29.0,Paid
INV0001641,CUST00216,SUB00216,2025-06-28,2025-07-13,29.0,Paid
INV0001642,CUST00216,SUB00216,2025-07-28,2025-08-12,29.0,Overdue
INV0001643,CUST00216,SUB00216,2025-08-28,2025-09-12,29.0,Paid
INV0001644,CUST00216,SUB00216,2025-09-28,2025-10-13,29.0,Paid
INV0001645,CUST00216,SUB00216,2025-10-28,2025-11-12,29.0,Paid
INV0001646,CUST00216,SUB00216,2025-11-28,2025-12-13,29.0,Overdue
INV0001647,CUST00216,SUB00216,2025-12-28,2026-01-12,29.0,Paid
INV0001648,CUST00217,SUB00217,2025-07-06,2025-07-21,29.0,Pending
INV0001649,CUST00217,SUB00217,2025-08-06,2025-08-21,29.0,Paid
INV0001650,CUST00217,SUB00217,2025-09-06,2025-09-21,29.0,Paid
INV0001651,CUST00217,SUB00217,2025-10-06,2025-10-21,29.0,Paid
INV0001652,CUST00217,SUB00217,2025-11-06,2025-11-21,29.0,Paid
INV0001653,CUST00217,SUB00217,2025-12-06,2025-12-21,29.0,Paid
INV0001654,CUST00218,SUB00218,2024-06-17,2024-07-02,29.0,Overdue
INV0001655,CUST00218,SUB00218,2024-07-17,2024-08-01,29.0,Paid
INV0001656,CUST00218,SUB00218,2024-08-17,2024-09-01,29.0,Paid
INV0001657,CUST00218,SUB00218,2024-09-17,2024-10-02,29.0,Paid
INV0001658,CUST00218,SUB00218,2024-10-17,2024-11-01,29.0,Paid
INV0001659,CUST00218,SUB00218,2024-11-17,2024-12-02,29.0,Paid
INV0001660,CUST00218,SUB00218,2024-12-17,2025-01-01,29.0,Paid
INV0001661,CUST00218,SUB00218,2025-01-17,2025-02-01,29.0,Paid
INV0001662,CUST00218,SUB00218,2025-02-17,2025-03-04,29.0,Paid
INV0001663,CUST00218,SUB00218,2025-03-17,2025-04-01,29.0,Paid
INV0001664,CUST00218,SUB00218,2025-04-17,2025-05-02,29.0,Paid
INV0001665,CUST00218,SUB00218,2025-05-17,2025-06-01,29.0,Paid
INV0001666,CUST00218,SUB00218,2025-06-17,2025-07-02,29.0,Paid
INV0001667,CUST00218,SUB00218,2025-07-17,2025-08-01,29.0,Overdue
INV0001668,CUST00218,SUB00218,2025-08-17,2025-09-01,29.0,Paid
INV0001669,CUST00218,SUB00218,2025-09-17,2025-10-02,29.0,Paid
INV0001670,CUST00218,SUB00218,2025-10-17,2025-11-01,29.0,Paid
INV0001671,CUST00218,SUB00218,2025-11-17,2025-12-02,29.0,Paid
INV0001672,CUST00218,SUB00218,2025-12-17,2026-01-01,29.0,Overdue
INV0001673,CUST00219,SUB00219,2024-12-12,2024-12-27,79.0,Paid
INV0001674,CUST00219,SUB00219,2025-01-12,2025-01-27,79.0,Paid
INV0001675,CUST00219,SUB00219,2025-02-12,2025-02-27,79.0,Paid
INV0001676,CUST00219,SUB00219,2025-03-12,2025-03-27,79.0,Paid
INV0001677,CUST00219,SUB00219,2025-04-12,2025-04-27,79.0,Paid
INV0001678,CUST00219,SUB00219,2025-05-12,2025-05-27,79.0,Paid
INV0001679,CUST00219,SUB00219,2025-06-12,2025-06-27,79.0,Paid
INV0001680,CUST00219,SUB00219,2025-07-12,2025-07-27,79.0,Paid
INV0001681,CUST00219,SUB00219,2025-08-12,2025-08-27,79.0,Paid
INV0001682,CUST00219,SUB00219,2025-09-12,2025-09-27,79.0,Paid
INV0001683,CUST00219,SUB00219,2025-10-12,2025-10-27,79.0,Paid
INV0001684,CUST00219,SUB00219,2025-11-12,2025-11-27,79.0,Paid
INV0001685,CUST00220,SUB00220,2024-08-19,2024-09-03,199.0,Paid
INV0001686,CUST00220,SUB00220,2024-09-19,2024-10-04,199.0,Paid
INV0001687,CUST00220,SUB00220,2024-10-19,2024-11-03,199.0,Overdue
INV0001688,CUST00220,SUB00220,2024-11-19,2024-12-04,199.0,Paid
INV0001689,CUST00220,SUB00220,2024-12-19,2025-01-03,199.0,Paid
INV0001690,CUST00220,SUB00220,2025-01-19,2025-02-03,199.0,Paid
INV0001691,CUST00220,SUB00220,2025-02-19,2025-03-06,199.0,Paid
INV0001692,CUST00220,SUB00220,2025-03-19,2025-04-03,199.0,Paid
INV0001693,CUST00220,SUB00220,2025-04-19,2025-05-04,199.0,Paid
INV0001694,CUST00220,SUB00220,2025-05-19,2025-06-03,199.0,Paid
INV0001695,CUST00220,SUB00220,2025-06-19,2025-07-04,199.0,Paid
INV0001696,CUST00220,SUB00220,2025-07-19,2025-08-03,199.0,Paid
INV0001697,CUST00221,SUB00221,2025-07-24,2025-08-08,295.8,Paid
INV0001698,CUST00222,SUB00222,2025-07-03,2025-07-18,295.8,Paid
INV0001699,CUST00223,SUB00223,2025-08-21,2025-09-05,79.0,Paid
INV0001700,CUST00223,SUB00223,2025-09-21,2025-10-06,79.0,Paid
INV0001701,CUST00223,SUB00223,2025-10-21,2025-11-05,79.0,Paid
INV0001702,CUST00223,SUB00223,2025-11-21,2025-12-06,79.0,Paid
INV0001703,CUST00223,SUB00223,2025-12-21,2026-01-05,79.0,Paid
INV0001704,CUST00224,SUB00224,2025-11-22,2025-12-07,2029.8,Paid
INV0001705,CUST00225,SUB00225,2025-09-16,2025-10-01,199.0,Paid
INV0001706,CUST00225,SUB00225,2025-10-16,2025-10-31,199.0,Paid
INV0001707,CUST00225,SUB00225,2025-11-16,2025-12-01,199.0,Paid
INV0001708,CUST00225,SUB00225,2025-12-16,2025-12-31,199.0,Paid
INV0001709,CUST00226,SUB00226,2025-12-18,2026-01-02,79.0,Paid
INV0001710,CUST00227,SUB00227,2024-02-08,2024-02-23,295.8,Paid
INV0001711,CUST00227,SUB00227,2025-02-08,2025-02-23,295.8,Paid
INV0001712,CUST00228,SUB00228,2025-07-04,2025-07-19,29.0,Paid
INV0001713,CUST00228,SUB00228,2025-08-04,2025-08-19,29.0,Paid
INV0001714,CUST00228,SUB00228,2025-09-04,2025-09-19,29.0,Paid
INV0001715,CUST00228,SUB00228,2025-10-04,2025-10-19,29.0,Paid
INV0001716,CUST00228,SUB00228,2025-11-04,2025-11-19,29.0,Paid
INV0001717,CUST00228,SUB00228,2025-12-04,2025-12-19,29.0,Paid
INV0001718,CUST00229,SUB00229,2025-08-24,2025-09-08,295.8,Paid
INV0001719,CUST00230,SUB00230,2025-05-16,2025-05-31,79.0,Paid
INV0001720,CUST00230,SUB00230,2025-06-16,2025-07-01,79.0,Paid
INV0001721,CUST00230,SUB00230,2025-07-16,2025-07-31,79.0,Paid
INV0001722,CUST00230,SUB00230,2025-08-16,2025-08-31,79.0,Paid
INV0001723,CUST00230,SUB00230,2025-09-16,2025-10-01,79.0,Paid
INV0001724,CUST00230,SUB00230,2025-10-16,2025-10-31,79.0,Paid
INV0001725,CUST00230,SUB00230,2025-11-16,2025-12-01,79.0,Paid
INV0001726,CUST00230,SUB00230,2025-12-16,2025-12-31,79.0,Paid
INV0001727,CUST00231,SUB00231,2024-08-10,2024-08-25,29.0,Paid
INV0001728,CUST00231,SUB00231,2024-09-10,2024-09-25,29.0,Paid
INV0001729,CUST00231,SUB00231,2024-10-10,2024-10-25,29.0,Paid
INV0001730,CUST00231,SUB00231,2024-11-10,2024-11-25,29.0,Paid
INV0001731,CUST00231,SUB00231,2024-12-10,2024-12-25,29.0,Paid
INV0001732,CUST00231,SUB00231,2025-01-10,2025-01-25,29.0,Pending
INV0001733,CUST00231,SUB00231,2025-02-10,2025-02-25,29.0,Paid
INV0001734,CUST00231,SUB00231,2025-03-10,2025-03-25,29.0,Paid
INV0001735,CUST00231,SUB00231,2025-04-10,2025-04-25,29.0,Paid
INV0001736,CUST00231,SUB00231,2025-05-10,2025-05-25,29.0,Paid
INV0001737,CUST00231,SUB00231,2025-06-10,2025-06-25,29.0,Overdue
INV0001738,CUST00231,SUB00231,2025-07-10,2025-07-25,29.0,Paid
INV0001739,CUST00232,SUB00232,2025-12-03,2025-12-18,2029.8,Paid
INV0001740,CUST00233,SUB00233,2024-10-09,2024-10-24,29.0,Paid
INV0001741,CUST00233,SUB00233,2024-11-09,2024-11-24,29.0,Paid
INV0001742,CUST00233,SUB00233,2024-12-09,2024-12-24,29.0,Overdue
INV0001743,CUST00233,SUB00233,2025-01-09,2025-01-24,29.0,Paid
INV0001744,CUST00233,SUB00233,2025-02-09,2025-02-24,29.0,Paid
INV0001745,CUST00233,SUB00233,2025-03-09,2025-03-24,29.0,Paid
INV0001746,CUST00233,SUB00233,2025-04-09,2025-04-24,29.0,Paid
INV0001747,CUST00233,SUB00233,2025-05-09,2025-05-24,29.0,Paid
INV0001748,CUST00233,SUB00233,2025-06-09,2025-06-24,29.0,Paid
INV0001749,CUST00233,SUB00233,2025-07-09,2025-07-24,29.0,Paid
INV0001750,CUST00233,SUB00233,2025-08-09,2025-08-24,29.0,Overdue
INV0001751,CUST00233,SUB00233,2025-09-09,2025-09-24,29.0,Paid
INV0001752,CUST00233,SUB00233,2025-10-09,2025-10-24,29.0,Paid
INV0001753,CUST00233,SUB00233,2025-11-09,2025-11-24,29.0,Paid
INV0001754,CUST00233,SUB00233,2025-12-09,2025-12-24,29.0,Paid
INV0001755,CUST00234,SUB00234,2024-04-03,2024-04-18,2029.8,Paid
INV0001756,CUST00234,SUB00234,2025-04-03,2025-04-18,2029.8,Paid
INV0001757,CUST00235,SUB00235,2024-02-21,2024-03-07,805.8,Paid
INV0001758,CUST00236,SUB00236,2024-03-11,2024-03-26,2029.8,Paid
INV0001759,CUST00237,SUB00237,2024-08-26,2024-09-10,295.8,Paid
INV0001760,CUST00238,SUB00238,2024-10-10,2024-10-25,79.0,Paid
INV0001761,CUST00238,SUB00238,2024-11-10,2024-11-25,79.0,Paid
INV0001762,CUST00238,SUB00238,2024-12-10,2024-12-25,79.0,Paid
INV0001763,CUST00238,SUB00238,2025-01-10,2025-01-25,79.0,Paid
INV0001764,CUST00238,SUB00238,2025-02-10,2025-02-25,79.0,Paid
INV0001765,CUST00238,SUB00238,2025-03-10,2025-03-25,79.0,Paid
INV0001766,CUST00238,SUB00238,2025-04-10,2025-04-25,79.0,Overdue
INV0001767,CUST00238,SUB00238,2025-05-10,2025-05-25,79.0,Overdue
INV0001768,CUST00238,SUB00238,2025-06-10,2025-06-25,79.0,Paid
INV0001769,CUST00238,SUB00238,2025-07-10,2025-07-25,79.0,Paid
INV0001770,CUST00238,SUB00238,2025-08-10,2025-08-25,79.0,Paid
INV0001771,CUST00238,SUB00238,2025-09-10,2025-09-25,79.0,Paid
INV0001772,CUST00238,SUB00238,2025-10-10,2025-10-25,79.0,Paid
INV0001773,CUST00238,SUB00238,2025-11-10,2025-11-25,79.0,Paid
INV0001774,CUST00238,SUB00238,2025-12-10,2025-12-25,79.0,Paid
INV0001775,CUST00239,SUB00239,2024-06-27,2024-07-12,199.0,Paid
INV0001776,CUST00239,SUB00239,2024-07-27,2024-08-11,199.0,Paid
INV0001777,CUST00239,SUB00239,2024-08-27,2024-09-11,199.0,Paid
INV0001778,CUST00239,SUB00239,2024-09-27,2024-10-12,199.0,Paid
INV0001779,CUST00239,SUB00239,2024-10-27,2024-11-11,199.0,Paid
INV0001780,CUST00239,SUB00239,2024-11-27,2024-12-12,199.0,Paid
INV0001781,CUST00239,SUB00239,2024-12-27,2025-01-11,199.0,Paid
INV0001782,CUST00239,SUB00239,2025-01-27,2025-02-11,199.0,Paid
INV0001783,CUST00239,SUB00239,2025-02-27,2025-03-14,199.0,Pending
INV0001784,CUST00239,SUB00239,2025-03-27,2025-04-11,199.0,Paid
INV0001785,CUST00239,SUB00239,2025-04-27,2025-05-12,199.0,Paid
INV0001786,CUST00239,SUB00239,2025-05-27,2025-06-11,199.0,Paid
INV0001787,CUST00240,SUB00240,2025-01-01,2025-01-16,79.0,Paid
INV0001788,CUST00240,SUB00240,2025-02-01,2025-02-16,79.0,Paid
INV0001789,CUST00240,SUB00240,2025-03-01,2025-03-16,79.0,Paid
INV0001790,CUST00240,SUB00240,2025-04-01,2025-04-16,199.0,Paid
INV0001791,CUST00240,SUB00240,2025-05-01,2025-05-16,199.0,Paid
INV0001792,CUST00240,SUB00240,2025-06-01,2025-06-16,199.0,Paid
INV0001793,CUST00240,SUB00240,2025-07-01,2025-07-16,199.0,Paid
INV0001794,CUST00240,SUB00240,2025-08-01,2025-08-16,199.0,Paid
INV0001795,CUST00240,SUB00240,2025-09-01,2025-09-16,199.0,Paid
INV0001796,CUST00240,SUB00240,2025-10-01,2025-10-16,199.0,Paid
INV0001797,CUST00240,SUB00240,2025-11-01,2025-11-16,199.0,Paid
INV0001798,CUST00240,SUB00240,2025-12-01,2025-12-16,199.0,Paid
INV0001799,CUST00241,SUB00241,2024-06-27,2024-07-12,29.0,Paid
INV0001800,CUST00241,SUB00241,2024-07-27,2024-08-11,29.0,Paid
INV0001801,CUST00241,SUB00241,2024-08-27,2024-09-11,29.0,Paid
INV0001802,CUST00241,SUB00241,2024-09-27,2024-10-12,29.0,Paid
INV0001803,CUST00241,SUB00241,2024-10-27,2024-11-11,29.0,Paid
INV0001804,CUST00241,SUB00241,2024-11-27,2024-12-12,29.0,Paid
INV0001805,CUST00241,SUB00241,2024-12-27,2025-01-11,29.0,Paid
INV0001806,CUST00241,SUB00241,2025-01-27,2025-02-11,29.0,Paid
INV0001807,CUST00241,SUB00241,2025-02-27,2025-03-14,29.0,Paid
INV0001808,CUST00241,SUB00241,2025-03-27,2025-04-11,29.0,Paid
INV0001809,CUST00241,SUB00241,2025-04-27,2025-05-12,29.0,Paid
INV0001810,CUST00241,SUB00241,2025-05-27,2025-06-11,29.0,Paid
INV0001811,CUST00241,SUB00241,2025-06-27,2025-07-12,29.0,Paid
INV0001812,CUST00241,SUB00241,2025-07-27,2025-08-11,29.0,Paid
INV0001813,CUST00241,SUB00241,2025-08-27,2025-09-11,29.0,Paid
INV0001814,CUST00241,SUB00241,2025-09-27,2025-10-12,29.0,Paid
INV0001815,CUST00241,SUB00241,2025-10-27,2025-11-11,29.0,Paid
INV0001816,CUST00241,SUB00241,2025-11-27,2025-12-12,29.0,Paid
INV0001817,CUST00242,SUB00242,2024-03-06,2024-03-21,199.0,Paid
INV0001818,CUST00242,SUB00242,2024-04-06,2024-04-21,199.0,Paid
INV0001819,CUST00242,SUB00242,2024-05-06,2024-05-21,199.0,Paid
INV0001820,CUST00242,SUB00242,2024-06-06,2024-06-21,199.0,Paid
INV0001821,CUST00242,SUB00242,2024-07-06,2024-07-21,199.0,Overdue
INV0001822,CUST00242,SUB00242,2024-08-06,2024-08-21,199.0,Paid
INV0001823,CUST00242,SUB00242,2024-09-06,2024-09-21,199.0,Paid
INV0001824,CUST00242,SUB00242,2024-10-06,2024-10-21,199.0,Paid
INV0001825,CUST00242,SUB00242,2024-11-06,2024-11-21,199.0,Paid
INV0001826,CUST00242,SUB00242,2024-12-06,2024-12-21,199.0,Paid
INV0001827,CUST00242,SUB00242,2025-01-06,2025-01-21,199.0,Paid
INV0001828,CUST00242,SUB00242,2025-02-06,2025-02-21,199.0,Paid
INV0001829,CUST00242,SUB00242,2025-03-06,2025-03-21,199.0,Paid
INV0001830,CUST00242,SUB00242,2025-04-06,2025-04-21,199.0,Overdue
INV0001831,CUST00242,SUB00242,2025-05-06,2025-05-21,199.0,Paid
INV0001832,CUST00242,SUB00242,2025-06-06,2025-06-21,199.0,Paid
INV0001833,CUST00242,SUB00242,2025-07-06,2025-07-21,199.0,Paid
INV0001834,CUST00242,SUB00242,2025-08-06,2025-08-21,199.0,Paid
INV0001835,CUST00242,SUB00242,2025-09-06,2025-09-21,199.0,Paid
INV0001836,CUST00242,SUB00242,2025-10-06,2025-10-21,199.0,Paid
INV0001837,CUST00242,SUB00242,2025-11-06,2025-11-21,199.0,Paid
INV0001838,CUST00242,SUB00242,2025-12-06,2025-12-21,199.0,Paid
INV0001839,CUST00243,SUB00243,2025-04-07,2025-04-22,199.0,Paid
INV0001840,CUST00243,SUB00243,2025-05-07,2025-05-22,199.0,Paid
INV0001841,CUST00243,SUB00243,2025-06-07,2025-06-22,199.0,Paid
INV0001842,CUST00244,SUB00244,2025-04-14,2025-04-29,295.8,Paid
INV0001843,CUST00245,SUB00245,2025-02-15,2025-03-02,29.0,Paid
INV0001844,CUST00245,SUB00245,2025-03-15,2025-03-30,29.0,Paid
INV0001845,CUST00245,SUB00245,2025-04-15,2025-04-30,29.0,Paid
INV0001846,CUST00245,SUB00245,2025-05-15,2025-05-30,29.0,Paid
INV0001847,CUST00245,SUB00245,2025-06-15,2025-06-30,29.0,Paid
INV0001848,CUST00245,SUB00245,2025-07-15,2025-07-30,29.0,Paid
INV0001849,CUST00245,SUB00245,2025-08-15,2025-08-30,29.0,Paid
INV0001850,CUST00245,SUB00245,2025-09-15,2025-09-30,29.0,Paid
INV0001851,CUST00245,SUB00245,2025-10-15,2025-10-30,29.0,Paid
INV0001852,CUST00245,SUB00245,2025-11-15,2025-11-30,29.0,Paid
INV0001853,CUST00245,SUB00245,2025-12-15,2025-12-30,29.0,Paid
INV0001854,CUST00246,SUB00246,2024-03-16,2024-03-31,79.0,Paid
INV0001855,CUST00246,SUB00246,2024-04-16,2024-05-01,79.0,Paid
INV0001856,CUST00246,SUB00246,2024-05-16,2024-05-31,79.0,Paid
INV0001857,CUST00246,SUB00246,2024-06-16,2024-07-01,79.0,Paid
INV0001858,CUST00246,SUB00246,2024-07-16,2024-07-31,79.0,Paid
INV0001859,CUST00246,SUB00246,2024-08-16,2024-08-31,79.0,Paid
INV0001860,CUST00246,SUB00246,2024-09-16,2024-10-01,79.0,Paid
INV0001861,CUST00246,SUB00246,2024-10-16,2024-10-31,79.0,Paid
INV0001862,CUST00246,SUB00246,2024-11-16,2024-12-01,79.0,Paid
INV0001863,CUST00246,SUB00246,2024-12-16,2024-12-31,79.0,Paid
INV0001864,CUST00246,SUB00246,2025-01-16,2025-01-31,79.0,Paid
INV0001865,CUST00246,SUB00246,2025-02-16,2025-03-03,79.0,Paid
INV0001866,CUST00246,SUB00246,2025-03-16,2025-03-31,79.0,Paid
INV0001867,CUST00246,SUB00246,2025-04-16,2025-05-01,79.0,Overdue
INV0001868,CUST00246,SUB00246,2025-05-16,2025-05-31,79.0,Paid
INV0001869,CUST00246,SUB00246,2025-06-16,2025-07-01,79.0,Paid
INV0001870,CUST00246,SUB00246,2025-07-16,2025-07-31,79.0,Paid
INV0001871,CUST00246,SUB00246,2025-08-16,2025-08-31,79.0,Paid
INV0001872,CUST00247,SUB00247,2024-05-09,2024-05-24,805.8,Paid
INV0001873,CUST00248,SUB00248,2025-01-25,2025-02-09,295.8,Paid
INV0001874,CUST00249,SUB00249,2024-04-11,2024-04-26,79.0,Paid
INV0001875,CUST00249,SUB00249,2024-05-11,2024-05-26,79.0,Paid
INV0001876,CUST00249,SUB00249,2024-06-11,2024-06-26,79.0,Paid
INV0001877,CUST00249,SUB00249,2024-07-11,2024-07-26,79.0,Paid
INV0001878,CUST00249,SUB00249,2024-08-11,2024-08-26,79.0,Paid
INV0001879,CUST00249,SUB00249,2024-09-11,2024-09-26,79.0,Paid
INV0001880,CUST00249,SUB00249,2024-10-11,2024-10-26,79.0,Paid
INV0001881,CUST00249,SUB00249,2024-11-11,2024-11-26,79.0,Paid
INV0001882,CUST00249,SUB00249,2024-12-11,2024-12-26,79.0,Paid
INV0001883,CUST00249,SUB00249,2025-01-11,2025-01-26,79.0,Paid
INV0001884,CUST00249,SUB00249,2025-02-11,2025-02-26,79.0,Paid
INV0001885,CUST00249,SUB00249,2025-03-11,2025-03-26,79.0,Paid
INV0001886,CUST00250,SUB00250,2025-03-16,2025-03-31,2029.8,Paid
INV0001887,CUST00251,SUB00251,2025-02-12,2025-02-27,805.8,Paid
INV0001888,CUST00252,SUB00252,2025-11-12,2025-11-27,79.0,Paid
INV0001889,CUST00252,SUB00252,2025-12-12,2025-12-27,79.0,Paid
INV0001890,CUST00253,SUB00253,2024-03-09,2024-03-24,805.8,Paid
INV0001891,CUST00254,SUB00254,2025-01-16,2025-01-31,79.0,Overdue
INV0001892,CUST00254,SUB00254,2025-02-16,2025-03-03,79.0,Paid
INV0001893,CUST00254,SUB00254,2025-03-16,2025-03-31,79.0,Overdue
INV0001894,CUST00254,SUB00254,2025-04-16,2025-05-01,79.0,Paid
INV0001895,CUST00254,SUB00254,2025-05-16,2025-05-31,79.0,Overdue
INV0001896,CUST00254,SUB00254,2025-06-16,2025-07-01,79.0,Paid
INV0001897,CUST00254,SUB00254,2025-07-16,2025-07-31,79.0,Paid
INV0001898,CUST00254,SUB00254,2025-08-16,2025-08-31,79.0,Paid
INV0001899,CUST00254,SUB00254,2025-09-16,2025-10-01,79.0,Paid
INV0001900,CUST00254,SUB00254,2025-10-16,2025-10-31,79.0,Paid
INV0001901,CUST00254,SUB00254,2025-11-16,2025-12-01,79.0,Paid
INV0001902,CUST00254,SUB00254,2025-12-16,2025-12-31,79.0,Paid
INV0001903,CUST00255,SUB00255,2025-11-17,2025-12-02,29.0,Paid
INV0001904,CUST00255,SUB00255,2025-12-17,2026-01-01,29.0,Paid
INV0001905,CUST00256,SUB00256,2024-02-22,2024-03-08,199.0,Paid
INV0001906,CUST00256,SUB00256,2024-03-22,2024-04-06,199.0,Paid
INV0001907,CUST00256,SUB00256,2024-04-22,2024-05-07,199.0,Overdue
INV0001908,CUST00256,SUB00256,2024-05-22,2024-06-06,199.0,Paid
INV0001909,CUST00256,SUB00256,2024-06-22,2024-07-07,79.0,Overdue
INV0001910,CUST00256,SUB00256,2024-07-22,2024-08-06,79.0,Paid
INV0001911,CUST00256,SUB00256,2024-08-22,2024-09-06,79.0,Paid
INV0001912,CUST00256,SUB00256,2024-09-22,2024-10-07,79.0,Paid
INV0001913,CUST00256,SUB00256,2024-10-22,2024-11-06,79.0,Paid
INV0001914,CUST00256,SUB00256,2024-11-22,2024-12-07,79.0,Paid
INV0001915,CUST00256,SUB00256,2024-12-22,2025-01-06,79.0,Paid
INV0001916,CUST00256,SUB00256,2025-01-22,2025-02-06,79.0,Paid
INV0001917,CUST00256,SUB00256,2025-02-22,2025-03-09,79.0,Paid
INV0001918,CUST00256,SUB00256,2025-03-22,2025-04-06,79.0,Paid
INV0001919,CUST00256,SUB00256,2025-04-22,2025-05-07,79.0,Paid
INV0001920,CUST00256,SUB00256,2025-05-22,2025-06-06,79.0,Overdue
INV0001921,CUST00256,SUB00256,2025-06-22,2025-07-07,79.0,Paid
INV0001922,CUST00256,SUB00256,2025-07-22,2025-08-06,79.0,Paid
INV0001923,CUST00257,SUB00257,2025-08-14,2025-08-29,295.8,Paid
INV0001924,CUST00258,SUB00258,2024-04-20,2024-05-05,295.8,Paid
INV0001925,CUST00259,SUB00259,2025-08-10,2025-08-25,29.0,Paid
INV0001926,CUST00259,SUB00259,2025-09-10,2025-09-25,29.0,Paid
INV0001927,CUST00259,SUB00259,2025-10-10,2025-10-25,29.0,Paid
INV0001928,CUST00260,SUB00260,2025-09-15,2025-09-30,199.0,Paid
INV0001929,CUST00260,SUB00260,2025-10-15,2025-10-30,199.0,Paid
INV0001930,CUST00260,SUB00260,2025-11-15,2025-11-30,199.0,Overdue
INV0001931,CUST00260,SUB00260,2025-12-15,2025-12-30,199.0,Paid
INV0001932,CUST00261,SUB00261,2024-07-03,2024-07-18,79.0,Paid
INV0001933,CUST00261,SUB00261,2024-08-03,2024-08-18,79.0,Paid
INV0001934,CUST00261,SUB00261,2024-09-03,2024-09-18,79.0,Paid
INV0001935,CUST00261,SUB00261,2024-10-03,2024-10-18,79.0,Paid
INV0001936,CUST00261,SUB00261,2024-11-03,2024-11-18,79.0,Paid
INV0001937,CUST00261,SUB00261,2024-12-03,2024-12-18,79.0,Paid
INV0001938,CUST00261,SUB00261,2025-01-03,2025-01-18,79.0,Paid
INV0001939,CUST00261,SUB00261,2025-02-03,2025-02-18,79.0,Pending
INV0001940,CUST00261,SUB00261,2025-03-03,2025-03-18,79.0,Paid
INV0001941,CUST00261,SUB00261,2025-04-03,2025-04-18,29.0,Paid
INV0001942,CUST00261,SUB00261,2025-05-03,2025-05-18,29.0,Paid
INV0001943,CUST00261,SUB00261,2025-06-03,2025-06-18,29.0,Paid
INV0001944,CUST00261,SUB00261,2025-07-03,2025-07-18,29.0,Paid
INV0001945,CUST00261,SUB00261,2025-08-03,2025-08-18,29.0,Paid
INV0001946,CUST00261,SUB00261,2025-09-03,2025-09-18,29.0,Paid
INV0001947,CUST00261,SUB00261,2025-10-03,2025-10-18,29.0,Paid
INV0001948,CUST00261,SUB00261,2025-11-03,2025-11-18,29.0,Paid
INV0001949,CUST00261,SUB00261,2025-12-03,2025-12-18,29.0,Paid
INV0001950,CUST00262,SUB00262,2024-12-25,2025-01-09,29.0,Paid
INV0001951,CUST00262,SUB00262,2025-01-25,2025-02-09,29.0,Paid
INV0001952,CUST00262,SUB00262,2025-02-25,2025-03-12,29.0,Paid
INV0001953,CUST00262,SUB00262,2025-03-25,2025-04-09,29.0,Paid
INV0001954,CUST00262,SUB00262,2025-04-25,2025-05-10,29.0,Paid
INV0001955,CUST00262,SUB00262,2025-05-25,2025-06-09,29.0,Paid
INV0001956,CUST00262,SUB00262,2025-06-25,2025-07-10,29.0,Paid
INV0001957,CUST00262,SUB00262,2025-07-25,2025-08-09,29.0,Paid
INV0001958,CUST00262,SUB00262,2025-08-25,2025-09-09,29.0,Paid
INV0001959,CUST00262,SUB00262,2025-09-25,2025-10-10,29.0,Paid
INV0001960,CUST00262,SUB00262,2025-10-25,2025-11-09,29.0,Paid
INV0001961,CUST00262,SUB00262,2025-11-25,2025-12-10,29.0,Paid
INV0001962,CUST00262,SUB00262,2025-12-25,2026-01-09,29.0,Overdue
INV0001963,CUST00263,SUB00263,2024-03-12,2024-03-27,29.0,Paid
INV0001964,CUST00263,SUB00263,2024-04-12,2024-04-27,29.0,Paid
INV0001965,CUST00263,SUB00263,2024-05-12,2024-05-27,29.0,Paid
INV0001966,CUST00263,SUB00263,2024-06-12,2024-06-27,29.0,Pending
INV0001967,CUST00263,SUB00263,2024-07-12,2024-07-27,29.0,Paid
INV0001968,CUST00263,SUB00263,2024-08-12,2024-08-27,29.0,Paid
INV0001969,CUST00263,SUB00263,2024-09-12,2024-09-27,29.0,Paid
INV0001970,CUST00263,SUB00263,2024-10-12,2024-10-27,29.0,Paid
INV0001971,CUST00263,SUB00263,2024-11-12,2024-11-27,29.0,Pending
INV0001972,CUST00263,SUB00263,2024-12-12,2024-12-27,29.0,Paid
INV0001973,CUST00263,SUB00263,2025-01-12,2025-01-27,29.0,Paid
INV0001974,CUST00263,SUB00263,2025-02-12,2025-02-27,29.0,Paid
INV0001975,CUST00264,SUB00264,2025-06-27,2025-07-12,199.0,Paid
INV0001976,CUST00264,SUB00264,2025-07-27,2025-08-11,199.0,Overdue
INV0001977,CUST00264,SUB00264,2025-08-27,2025-09-11,199.0,Paid
INV0001978,CUST00264,SUB00264,2025-09-27,2025-10-12,199.0,Overdue
INV0001979,CUST00264,SUB00264,2025-10-27,2025-11-11,199.0,Paid
INV0001980,CUST00264,SUB00264,2025-11-27,2025-12-12,199.0,Paid
INV0001981,CUST00264,SUB00264,2025-12-27,2026-01-11,199.0,Paid
INV0001982,CUST00265,SUB00265,2025-01-13,2025-01-28,295.8,Paid
INV0001983,CUST00266,SUB00266,2024-02-23,2024-03-09,79.0,Paid
INV0001984,CUST00266,SUB00266,2024-03-23,2024-04-07,79.0,Paid
INV0001985,CUST00266,SUB00266,2024-04-23,2024-05-08,29.0,Paid
INV0001986,CUST00266,SUB00266,2024-05-23,2024-06-07,29.0,Paid
INV0001987,CUST00266,SUB00266,2024-06-23,2024-07-08,29.0,Paid
INV0001988,CUST00266,SUB00266,2024-07-23,2024-08-07,29.0,Paid
INV0001989,CUST00266,SUB00266,2024-08-23,2024-09-07,29.0,Paid
INV0001990,CUST00266,SUB00266,2024-09-23,2024-10-08,29.0,Paid
INV0001991,CUST00266,SUB00266,2024-10-23,2024-11-07,29.0,Paid
INV0001992,CUST00266,SUB00266,2024-11-23,2024-12-08,29.0,Paid
INV0001993,CUST00266,SUB00266,2024-12-23,2025-01-07,29.0,Paid
INV0001994,CUST00266,SUB00266,2025-01-23,2025-02-07,29.0,Paid
INV0001995,CUST00266,SUB00266,2025-02-23,2025-03-10,29.0,Paid
INV0001996,CUST00266,SUB00266,2025-03-23,2025-04-07,29.0,Paid
INV0001997,CUST00266,SUB00266,2025-04-23,2025-05-08,29.0,Paid
INV0001998,CUST00266,SUB00266,2025-05-23,2025-06-07,29.0,Paid
INV0001999,CUST00266,SUB00266,2025-06-23,2025-07-08,29.0,Paid
INV0002000,CUST00266,SUB00266,2025-07-23,2025-08-07,29.0,Paid
INV0002001,CUST00267,SUB00267,2024-10-05,2024-10-20,29.0,Paid
INV0002002,CUST00267,SUB00267,2024-11-05,2024-11-20,29.0,Paid
INV0002003,CUST00267,SUB00267,2024-12-05,2024-12-20,29.0,Paid
INV0002004,CUST00267,SUB00267,2025-01-05,2025-01-20,29.0,Paid
INV0002005,CUST00267,SUB00267,2025-02-05,2025-02-20,29.0,Paid
INV0002006,CUST00267,SUB00267,2025-03-05,2025-03-20,29.0,Paid
INV0002007,CUST00267,SUB00267,2025-04-05,2025-04-20,29.0,Paid
INV0002008,CUST00267,SUB00267,2025-05-05,2025-05-20,29.0,Paid
INV0002009,CUST00267,SUB00267,2025-06-05,2025-06-20,29.0,Paid
INV0002010,CUST00267,SUB00267,2025-07-05,2025-07-20,29.0,Paid
INV0002011,CUST00267,SUB00267,2025-08-05,2025-08-20,29.0,Paid
INV0002012,CUST00267,SUB00267,2025-09-05,2025-09-20,29.0,Paid
INV0002013,CUST00268,SUB00268,2025-02-28,2025-03-15,295.8,Paid
INV0002014,CUST00269,SUB00269,2025-03-16,2025-03-31,29.0,Paid
INV0002015,CUST00269,SUB00269,2025-04-16,2025-05-01,29.0,Paid
INV0002016,CUST00269,SUB00269,2025-05-16,2025-05-31,29.0,Paid
INV0002017,CUST00269,SUB00269,2025-06-16,2025-07-01,29.0,Paid
INV0002018,CUST00269,SUB00269,2025-07-16,2025-07-31,29.0,Paid
INV0002019,CUST00269,SUB00269,2025-08-16,2025-08-31,29.0,Paid
INV0002020,CUST00269,SUB00269,2025-09-16,2025-10-01,29.0,Paid
INV0002021,CUST00269,SUB00269,2025-10-16,2025-10-31,29.0,Paid
INV0002022,CUST00269,SUB00269,2025-11-16,2025-12-01,29.0,Paid
INV0002023,CUST00269,SUB00269,2025-12-16,2025-12-31,29.0,Paid
INV0002024,CUST00270,SUB00270,2025-06-23,2025-07-08,79.0,Paid
INV0002025,CUST00270,SUB00270,2025-07-23,2025-08-07,79.0,Paid
INV0002026,CUST00270,SUB00270,2025-08-23,2025-09-07,79.0,Paid
INV0002027,CUST00270,SUB00270,2025-09-23,2025-10-08,79.0,Overdue
INV0002028,CUST00270,SUB00270,2025-10-23,2025-11-07,79.0,Paid
INV0002029,CUST00270,SUB00270,2025-11-23,2025-12-08,79.0,Paid
INV0002030,CUST00270,SUB00270,2025-12-23,2026-01-07,79.0,Paid
INV0002031,CUST00271,SUB00271,2024-01-08,2024-01-23,79.0,Paid
INV0002032,CUST00271,SUB00271,2024-02-08,2024-02-23,79.0,Paid
INV0002033,CUST00271,SUB00271,2024-03-08,2024-03-23,79.0,Paid
INV0002034,CUST00271,SUB00271,2024-04-08,2024-04-23,79.0,Paid
INV0002035,CUST00271,SUB00271,2024-05-08,2024-05-23,79.0,Paid
INV0002036,CUST00271,SUB00271,2024-06-08,2024-06-23,79.0,Paid
INV0002037,CUST00271,SUB00271,2024-07-08,2024-07-23,79.0,Pending
INV0002038,CUST00271,SUB00271,2024-08-08,2024-08-23,79.0,Pending
INV0002039,CUST00271,SUB00271,2024-09-08,2024-09-23,79.0,Paid
INV0002040,CUST00271,SUB00271,2024-10-08,2024-10-23,79.0,Paid
INV0002041,CUST00271,SUB00271,2024-11-08,2024-11-23,79.0,Paid
INV0002042,CUST00271,SUB00271,2024-12-08,2024-12-23,79.0,Paid
INV0002043,CUST00271,SUB00271,2025-01-08,2025-01-23,79.0,Paid
INV0002044,CUST00271,SUB00271,2025-02-08,2025-02-23,79.0,Paid
INV0002045,CUST00271,SUB00271,2025-03-08,2025-03-23,79.0,Paid
INV0002046,CUST00271,SUB00271,2025-04-08,2025-04-23,79.0,Paid
INV0002047,CUST00271,SUB00271,2025-05-08,2025-05-23,79.0,Paid
INV0002048,CUST00271,SUB00271,2025-06-08,2025-06-23,79.0,Paid
INV0002049,CUST00271,SUB00271,2025-07-08,2025-07-23,79.0,Paid
INV0002050,CUST00271,SUB00271,2025-08-08,2025-08-23,79.0,Paid
INV0002051,CUST00271,SUB00271,2025-09-08,2025-09-23,79.0,Overdue
INV0002052,CUST00271,SUB00271,2025-10-08,2025-10-23,79.0,Overdue
INV0002053,CUST00271,SUB00271,2025-11-08,2025-11-23,79.0,Paid
INV0002054,CUST00271,SUB00271,2025-12-08,2025-12-23,79.0,Paid
INV0002055,CUST00272,SUB00272,2024-10-23,2024-11-07,199.0,Paid
INV0002056,CUST00272,SUB00272,2024-11-23,2024-12-08,199.0,Paid
INV0002057,CUST00272,SUB00272,2024-12-23,2025-01-07,199.0,Paid
INV0002058,CUST00272,SUB00272,2025-01-23,2025-02-07,199.0,Paid
INV0002059,CUST00272,SUB00272,2025-02-23,2025-03-10,199.0,Pending
INV0002060,CUST00272,SUB00272,2025-03-23,2025-04-07,199.0,Paid
INV0002061,CUST00272,SUB00272,2025-04-23,2025-05-08,199.0,Paid
INV0002062,CUST00272,SUB00272,2025-05-23,2025-06-07,199.0,Paid
INV0002063,CUST00272,SUB00272,2025-06-23,2025-07-08,199.0,Paid
INV0002064,CUST00272,SUB00272,2025-07-23,2025-08-07,199.0,Paid
INV0002065,CUST00272,SUB00272,2025-08-23,2025-09-07,199.0,Paid
INV0002066,CUST00272,SUB00272,2025-09-23,2025-10-08,199.0,Paid
INV0002067,CUST00272,SUB00272,2025-10-23,2025-11-07,199.0,Paid
INV0002068,CUST00272,SUB00272,2025-11-23,2025-12-08,199.0,Paid
INV0002069,CUST00272,SUB00272,2025-12-23,2026-01-07,199.0,Paid
INV0002070,CUST00273,SUB00273,2024-06-28,2024-07-13,79.0,Pending
INV0002071,CUST00273,SUB00273,2024-07-28,2024-08-12,79.0,Paid
INV0002072,CUST00273,SUB00273,2024-08-28,2024-09-12,79.0,Paid
INV0002073,CUST00273,SUB00273,2024-09-28,2024-10-13,79.0,Paid
INV0002074,CUST00273,SUB00273,2024-10-28,2024-11-12,79.0,Paid
INV0002075,CUST00273,SUB00273,2024-11-28,2024-12-13,79.0,Paid
INV0002076,CUST00273,SUB00273,2024-12-28,2025-01-12,79.0,Paid
INV0002077,CUST00273,SUB00273,2025-01-28,2025-02-12,79.0,Paid
INV0002078,CUST00273,SUB00273,2025-02-28,2025-03-15,79.0,Paid
INV0002079,CUST00273,SUB00273,2025-03-28,2025-04-12,79.0,Paid
INV0002080,CUST00273,SUB00273,2025-04-28,2025-05-13,79.0,Paid
INV0002081,CUST00273,SUB00273,2025-05-28,2025-06-12,79.0,Paid
INV0002082,CUST00274,SUB00274,2024-03-14,2024-03-29,29.0,Paid
INV0002083,CUST00274,SUB00274,2024-04-14,2024-04-29,29.0,Paid
INV0002084,CUST00274,SUB00274,2024-05-14,2024-05-29,29.0,Pending
INV0002085,CUST00274,SUB00274,2024-06-14,2024-06-29,29.0,Overdue
INV0002086,CUST00274,SUB00274,2024-07-14,2024-07-29,29.0,Paid
INV0002087,CUST00274,SUB00274,2024-08-14,2024-08-29,29.0,Paid
INV0002088,CUST00274,SUB00274,2024-09-14,2024-09-29,29.0,Paid
INV0002089,CUST00274,SUB00274,2024-10-14,2024-10-29,29.0,Paid
INV0002090,CUST00274,SUB00274,2024-11-14,2024-11-29,29.0,Paid
INV0002091,CUST00274,SUB00274,2024-12-14,2024-12-29,29.0,Overdue
INV0002092,CUST00274,SUB00274,2025-01-14,2025-01-29,29.0,Paid
INV0002093,CUST00274,SUB00274,2025-02-14,2025-03-01,29.0,Paid
INV0002094,CUST00274,SUB00274,2025-03-14,2025-03-29,29.0,Paid
INV0002095,CUST00274,SUB00274,2025-04-14,2025-04-29,29.0,Overdue
INV0002096,CUST00274,SUB00274,2025-05-14,2025-05-29,29.0,Paid
INV0002097,CUST00274,SUB00274,2025-06-14,2025-06-29,29.0,Paid
INV0002098,CUST00274,SUB00274,2025-07-14,2025-07-29,29.0,Paid
INV0002099,CUST00274,SUB00274,2025-08-14,2025-08-29,29.0,Paid
INV0002100,CUST00275,SUB00275,2025-04-15,2025-04-30,295.8,Paid
INV0002101,CUST00276,SUB00276,2025-08-10,2025-08-25,295.8,Paid
INV0002102,CUST00277,SUB00277,2025-02-18,2025-03-05,29.0,Paid
INV0002103,CUST00277,SUB00277,2025-03-18,2025-04-02,29.0,Paid
INV0002104,CUST00277,SUB00277,2025-04-18,2025-05-03,29.0,Paid
INV0002105,CUST00277,SUB00277,2025-05-18,2025-06-02,29.0,Paid
INV0002106,CUST00277,SUB00277,2025-06-18,2025-07-03,29.0,Paid
INV0002107,CUST00277,SUB00277,2025-07-18,2025-08-02,29.0,Paid
INV0002108,CUST00277,SUB00277,2025-08-18,2025-09-02,29.0,Paid
INV0002109,CUST00277,SUB00277,2025-09-18,2025-10-03,29.0,Overdue
INV0002110,CUST00277,SUB00277,2025-10-18,2025-11-02,29.0,Paid
INV0002111,CUST00277,SUB00277,2025-11-18,2025-12-03,29.0,Paid
INV0002112,CUST00277,SUB00277,2025-12-18,2026-01-02,29.0,Paid
INV0002113,CUST00278,SUB00278,2025-12-07,2025-12-22,295.8,Paid
INV0002114,CUST00279,SUB00279,2024-09-06,2024-09-21,805.8,Overdue
INV0002115,CUST00279,SUB00279,2025-09-06,2025-09-21,805.8,Paid
INV0002116,CUST00280,SUB00280,2024-11-13,2024-11-28,805.8,Paid
INV0002117,CUST00280,SUB00280,2025-11-13,2025-11-28,805.8,Pending
INV0002118,CUST00281,SUB00281,2024-03-19,2024-04-03,295.8,Paid
INV0002119,CUST00282,SUB00282,2024-12-23,2025-01-07,29.0,Paid
INV0002120,CUST00282,SUB00282,2025-01-23,2025-02-07,29.0,Paid
INV0002121,CUST00282,SUB00282,2025-02-23,2025-03-10,29.0,Paid
INV0002122,CUST00282,SUB00282,2025-03-23,2025-04-07,29.0,Paid
INV0002123,CUST00282,SUB00282,2025-04-23,2025-05-08,29.0,Paid
INV0002124,CUST00282,SUB00282,2025-05-23,2025-06-07,29.0,Paid
INV0002125,CUST00282,SUB00282,2025-06-23,2025-07-08,29.0,Overdue
INV0002126,CUST00282,SUB00282,2025-07-23,2025-08-07,29.0,Paid
INV0002127,CUST00282,SUB00282,2025-08-23,2025-09-07,29.0,Paid
INV0002128,CUST00282,SUB00282,2025-09-23,2025-10-08,29.0,Paid
INV0002129,CUST00282,SUB00282,2025-10-23,2025-11-07,29.0,Paid
INV0002130,CUST00282,SUB00282,2025-11-23,2025-12-08,29.0,Overdue
INV0002131,CUST00282,SUB00282,2025-12-23,2026-01-07,29.0,Paid
INV0002132,CUST00283,SUB00283,2024-08-29,2024-09-13,295.8,Paid
INV0002133,CUST00283,SUB00283,2025-08-29,2025-09-13,295.8,Paid
INV0002134,CUST00284,SUB00284,2025-11-02,2025-11-17,29.0,Paid
INV0002135,CUST00284,SUB00284,2025-12-02,2025-12-17,29.0,Paid
INV0002136,CUST00285,SUB00285,2025-07-31,2025-08-15,199.0,Pending
INV0002137,CUST00285,SUB00285,2025-08-31,2025-09-15,199.0,Pending
INV0002138,CUST00285,SUB00285,2025-09-30,2025-10-15,199.0,Overdue
INV0002139,CUST00285,SUB00285,2025-10-30,2025-11-14,199.0,Paid
INV0002140,CUST00285,SUB00285,2025-11-30,2025-12-15,199.0,Overdue
INV0002141,CUST00285,SUB00285,2025-12-30,2026-01-14,199.0,Pending
INV0002142,CUST00286,SUB00286,2025-10-04,2025-10-19,79.0,Paid
INV0002143,CUST00286,SUB00286,2025-11-04,2025-11-19,79.0,Paid
INV0002144,CUST00286,SUB00286,2025-12-04,2025-12-19,79.0,Paid
INV0002145,CUST00287,SUB00287,2025-10-08,2025-10-23,79.0,Paid
INV0002146,CUST00287,SUB00287,2025-11-08,2025-11-23,79.0,Paid
INV0002147,CUST00287,SUB00287,2025-12-08,2025-12-23,79.0,Paid
INV0002148,CUST00288,SUB00288,2025-06-03,2025-06-18,295.8,Overdue
INV0002149,CUST00289,SUB00289,2025-01-12,2025-01-27,79.0,Paid
INV0002150,CUST00289,SUB00289,2025-02-12,2025-02-27,79.0,Paid
INV0002151,CUST00289,SUB00289,2025-03-12,2025-03-27,79.0,Paid
INV0002152,CUST00289,SUB00289,2025-04-12,2025-04-27,79.0,Paid
INV0002153,CUST00289,SUB00289,2025-05-12,2025-05-27,79.0,Paid
INV0002154,CUST00289,SUB00289,2025-06-12,2025-06-27,79.0,Paid
INV0002155,CUST00289,SUB00289,2025-07-12,2025-07-27,79.0,Paid
INV0002156,CUST00289,SUB00289,2025-08-12,2025-08-27,79.0,Overdue
INV0002157,CUST00289,SUB00289,2025-09-12,2025-09-27,79.0,Paid
INV0002158,CUST00289,SUB00289,2025-10-12,2025-10-27,79.0,Paid
INV0002159,CUST00289,SUB00289,2025-11-12,2025-11-27,79.0,Paid
INV0002160,CUST00289,SUB00289,2025-12-12,2025-12-27,79.0,Paid
INV0002161,CUST00290,SUB00290,2025-09-21,2025-10-06,29.0,Paid
INV0002162,CUST00290,SUB00290,2025-10-21,2025-11-05,29.0,Paid
INV0002163,CUST00290,SUB00290,2025-11-21,2025-12-06,29.0,Paid
INV0002164,CUST00290,SUB00290,2025-12-21,2026-01-05,29.0,Paid
INV0002165,CUST00291,SUB00291,2025-04-05,2025-04-20,805.8,Paid
INV0002166,CUST00292,SUB00292,2025-09-11,2025-09-26,199.0,Paid
INV0002167,CUST00292,SUB00292,2025-10-11,2025-10-26,199.0,Paid
INV0002168,CUST00292,SUB00292,2025-11-11,2025-11-26,199.0,Paid
INV0002169,CUST00292,SUB00292,2025-12-11,2025-12-26,199.0,Overdue
INV0002170,CUST00293,SUB00293,2024-04-15,2024-04-30,79.0,Paid
INV0002171,CUST00293,SUB00293,2024-05-15,2024-05-30,79.0,Paid
INV0002172,CUST00293,SUB00293,2024-06-15,2024-06-30,79.0,Overdue
INV0002173,CUST00293,SUB00293,2024-07-15,2024-07-30,79.0,Overdue
INV0002174,CUST00293,SUB00293,2024-08-15,2024-08-30,79.0,Paid
INV0002175,CUST00293,SUB00293,2024-09-15,2024-09-30,79.0,Paid
INV0002176,CUST00293,SUB00293,2024-10-15,2024-10-30,79.0,Paid
INV0002177,CUST00293,SUB00293,2024-11-15,2024-11-30,79.0,Paid
INV0002178,CUST00293,SUB00293,2024-12-15,2024-12-30,79.0,Paid
INV0002179,CUST00293,SUB00293,2025-01-15,2025-01-30,79.0,Paid
INV0002180,CUST00293,SUB00293,2025-02-15,2025-03-02,79.0,Paid
INV0002181,CUST00293,SUB00293,2025-03-15,2025-03-30,79.0,Paid
INV0002182,CUST00294,SUB00294,2025-05-31,2025-06-15,29.0,Paid
INV0002183,CUST00294,SUB00294,2025-06-30,2025-07-15,29.0,Paid
INV0002184,CUST00294,SUB00294,2025-07-30,2025-08-14,29.0,Paid
INV0002185,CUST00294,SUB00294,2025-08-30,2025-09-14,29.0,Paid
INV0002186,CUST00294,SUB00294,2025-09-30,2025-10-15,29.0,Paid
INV0002187,CUST00294,SUB00294,2025-10-30,2025-11-14,29.0,Paid
INV0002188,CUST00294,SUB00294,2025-11-30,2025-12-15,29.0,Paid
INV0002189,CUST00294,SUB00294,2025-12-30,2026-01-14,29.0,Paid
INV0002190,CUST00295,SUB00295,2025-03-25,2025-04-09,805.8,Paid
INV0002191,CUST00296,SUB00296,2024-10-16,2024-10-31,295.8,Paid
INV0002192,CUST00297,SUB00297,2025-10-08,2025-10-23,29.0,Paid
INV0002193,CUST00297,SUB00297,2025-11-08,2025-11-23,29.0,Paid
INV0002194,CUST00297,SUB00297,2025-12-08,2025-12-23,29.0,Paid
INV0002195,CUST00298,SUB00298,2024-10-17,2024-11-01,29.0,Paid
INV0002196,CUST00298,SUB00298,2024-11-17,2024-12-02,29.0,Paid
INV0002197,CUST00298,SUB00298,2024-12-17,2025-01-01,29.0,Paid
INV0002198,CUST00298,SUB00298,2025-01-17,2025-02-01,29.0,Paid
INV0002199,CUST00298,SUB00298,2025-02-17,2025-03-04,29.0,Paid
INV0002200,CUST00298,SUB00298,2025-03-17,2025-04-01,29.0,Pending
INV0002201,CUST00298,SUB00298,2025-04-17,2025-05-02,29.0,Overdue
INV0002202,CUST00298,SUB00298,2025-05-17,2025-06-01,29.0,Paid
INV0002203,CUST00298,SUB00298,2025-06-17,2025-07-02,29.0,Paid
INV0002204,CUST00298,SUB00298,2025-07-17,2025-08-01,29.0,Overdue
INV0002205,CUST00298,SUB00298,2025-08-17,2025-09-01,29.0,Paid
INV0002206,CUST00298,SUB00298,2025-09-17,2025-10-02,29.0,Paid
INV0002207,CUST00298,SUB00298,2025-10-17,2025-11-01,29.0,Paid
INV0002208,CUST00298,SUB00298,2025-11-17,2025-12-02,29.0,Paid
INV0002209,CUST00298,SUB00298,2025-12-17,2026-01-01,29.0,Paid
INV0002210,CUST00299,SUB00299,2024-12-07,2024-12-22,29.0,Paid
INV0002211,CUST00299,SUB00299,2025-01-07,2025-01-22,29.0,Paid
INV0002212,CUST00299,SUB00299,2025-02-07,2025-02-22,29.0,Paid
INV0002213,CUST00299,SUB00299,2025-03-07,2025-03-22,29.0,Paid
INV0002214,CUST00299,SUB00299,2025-04-07,2025-04-22,29.0,Paid
INV0002215,CUST00299,SUB00299,2025-05-07,2025-05-22,29.0,Paid
INV0002216,CUST00299,SUB00299,2025-06-07,2025-06-22,29.0,Paid
INV0002217,CUST00299,SUB00299,2025-07-07,2025-07-22,29.0,Paid
INV0002218,CUST00299,SUB00299,2025-08-07,2025-08-22,29.0,Paid
INV0002219,CUST00299,SUB00299,2025-09-07,2025-09-22,29.0,Paid
INV0002220,CUST00299,SUB00299,2025-10-07,2025-10-22,29.0,Paid
INV0002221,CUST00299,SUB00299,2025-11-07,2025-11-22,29.0,Paid
INV0002222,CUST00299,SUB00299,2025-12-07,2025-12-22,29.0,Overdue
INV0002223,CUST00300,SUB00300,2024-11-13,2024-11-28,29.0,Overdue
INV0002224,CUST00300,SUB00300,2024-12-13,2024-12-28,29.0,Paid
INV0002225,CUST00300,SUB00300,2025-01-13,2025-01-28,29.0,Paid
INV0002226,CUST00300,SUB00300,2025-02-13,2025-02-28,29.0,Paid
INV0002227,CUST00300,SUB00300,2025-03-13,2025-03-28,29.0,Paid
INV0002228,CUST00300,SUB00300,2025-04-13,2025-04-28,29.0,Paid
INV0002229,CUST00300,SUB00300,2025-05-13,2025-05-28,29.0,Paid
INV0002230,CUST00300,SUB00300,2025-06-13,2025-06-28,29.0,Paid
INV0002231,CUST00300,SUB00300,2025-07-13,2025-07-28,29.0,Paid
INV0002232,CUST00300,SUB00300,2025-08-13,2025-08-28,29.0,Overdue
INV0002233,CUST00300,SUB00300,2025-09-13,2025-09-28,29.0,Paid
INV0002234,CUST00300,SUB00300,2025-10-13,2025-10-28,29.0,Paid
INV0002235,CUST00300,SUB00300,2025-11-13,2025-11-28,29.0,Paid
INV0002236,CUST00300,SUB00300,2025-12-13,2025-12-28,29.0,Paid
INV0002237,CUST00301,SUB00301,2025-09-01,2025-09-16,295.8,Paid
INV0002238,CUST00302,SUB00302,2025-10-20,2025-11-04,805.8,Paid
INV0002239,CUST00303,SUB00303,2025-10-23,2025-11-07,295.8,Paid
INV0002240,CUST00304,SUB00304,2024-11-12,2024-11-27,79.0,Paid
INV0002241,CUST00304,SUB00304,2024-12-12,2024-12-27,79.0,Paid
INV0002242,CUST00304,SUB00304,2025-01-12,2025-01-27,79.0,Paid
INV0002243,CUST00304,SUB00304,2025-02-12,2025-02-27,79.0,Paid
INV0002244,CUST00304,SUB00304,2025-03-12,2025-03-27,79.0,Pending
INV0002245,CUST00304,SUB00304,2025-04-12,2025-04-27,199.0,Paid
INV0002246,CUST00305,SUB00305,2024-07-15,2024-07-30,29.0,Paid
INV0002247,CUST00305,SUB00305,2024-08-15,2024-08-30,29.0,Paid
INV0002248,CUST00305,SUB00305,2024-09-15,2024-09-30,29.0,Paid
INV0002249,CUST00306,SUB00306,2024-04-13,2024-04-28,79.0,Paid
INV0002250,CUST00306,SUB00306,2024-05-13,2024-05-28,79.0,Paid
INV0002251,CUST00306,SUB00306,2024-06-13,2024-06-28,79.0,Pending
INV0002252,CUST00306,SUB00306,2024-07-13,2024-07-28,79.0,Paid
INV0002253,CUST00306,SUB00306,2024-08-13,2024-08-28,79.0,Paid
INV0002254,CUST00306,SUB00306,2024-09-13,2024-09-28,79.0,Paid
INV0002255,CUST00306,SUB00306,2024-10-13,2024-10-28,79.0,Paid
INV0002256,CUST00306,SUB00306,2024-11-13,2024-11-28,79.0,Pending
INV0002257,CUST00306,SUB00306,2024-12-13,2024-12-28,79.0,Paid
INV0002258,CUST00306,SUB00306,2025-01-13,2025-01-28,79.0,Paid
INV0002259,CUST00306,SUB00306,2025-02-13,2025-02-28,79.0,Paid
INV0002260,CUST00306,SUB00306,2025-03-13,2025-03-28,79.0,Paid
INV0002261,CUST00307,SUB00307,2025-11-08,2025-11-23,29.0,Overdue
INV0002262,CUST00307,SUB00307,2025-12-08,2025-12-23,29.0,Paid
INV0002263,CUST00308,SUB00308,2024-06-06,2024-06-21,79.0,Paid
INV0002264,CUST00308,SUB00308,2024-07-06,2024-07-21,79.0,Paid
INV0002265,CUST00308,SUB00308,2024-08-06,2024-08-21,79.0,Paid
INV0002266,CUST00308,SUB00308,2024-09-06,2024-09-21,79.0,Paid
INV0002267,CUST00308,SUB00308,2024-10-06,2024-10-21,79.0,Paid
INV0002268,CUST00308,SUB00308,2024-11-06,2024-11-21,79.0,Paid
INV0002269,CUST00308,SUB00308,2024-12-06,2024-12-21,79.0,Paid
INV0002270,CUST00308,SUB00308,2025-01-06,2025-01-21,79.0,Paid
INV0002271,CUST00308,SUB00308,2025-02-06,2025-02-21,79.0,Paid
INV0002272,CUST00308,SUB00308,2025-03-06,2025-03-21,79.0,Paid
INV0002273,CUST00308,SUB00308,2025-04-06,2025-04-21,79.0,Paid
INV0002274,CUST00308,SUB00308,2025-05-06,2025-05-21,79.0,Paid
INV0002275,CUST00308,SUB00308,2025-06-06,2025-06-21,79.0,Paid
INV0002276,CUST00308,SUB00308,2025-07-06,2025-07-21,79.0,Paid
INV0002277,CUST00308,SUB00308,2025-08-06,2025-08-21,79.0,Paid
INV0002278,CUST00308,SUB00308,2025-09-06,2025-09-21,79.0,Paid
INV0002279,CUST00308,SUB00308,2025-10-06,2025-10-21,79.0,Overdue
INV0002280,CUST00308,SUB00308,2025-11-06,2025-11-21,79.0,Paid
INV0002281,CUST00309,SUB00309,2025-03-24,2025-04-08,29.0,Paid
INV0002282,CUST00309,SUB00309,2025-04-24,2025-05-09,29.0,Paid
INV0002283,CUST00309,SUB00309,2025-05-24,2025-06-08,29.0,Paid
INV0002284,CUST00309,SUB00309,2025-06-24,2025-07-09,29.0,Paid
INV0002285,CUST00309,SUB00309,2025-07-24,2025-08-08,29.0,Paid
INV0002286,CUST00309,SUB00309,2025-08-24,2025-09-08,29.0,Paid
INV0002287,CUST00309,SUB00309,2025-09-24,2025-10-09,29.0,Paid
INV0002288,CUST00309,SUB00309,2025-10-24,2025-11-08,29.0,Paid
INV0002289,CUST00309,SUB00309,2025-11-24,2025-12-09,29.0,Paid
INV0002290,CUST00309,SUB00309,2025-12-24,2026-01-08,29.0,Paid
INV0002291,CUST00310,SUB00310,2025-03-30,2025-04-14,295.8,Paid
INV0002292,CUST00311,SUB00311,2024-08-27,2024-09-11,79.0,Paid
INV0002293,CUST00311,SUB00311,2024-09-27,2024-10-12,79.0,Pending
INV0002294,CUST00311,SUB00311,2024-10-27,2024-11-11,79.0,Paid
INV0002295,CUST00311,SUB00311,2024-11-27,2024-12-12,79.0,Paid
INV0002296,CUST00311,SUB00311,2024-12-27,2025-01-11,79.0,Paid
INV0002297,CUST00311,SUB00311,2025-01-27,2025-02-11,79.0,Paid
INV0002298,CUST00311,SUB00311,2025-02-27,2025-03-14,79.0,Paid
INV0002299,CUST00311,SUB00311,2025-03-27,2025-04-11,79.0,Paid
INV0002300,CUST00311,SUB00311,2025-04-27,2025-05-12,79.0,Pending
INV0002301,CUST00311,SUB00311,2025-05-27,2025-06-11,79.0,Paid
INV0002302,CUST00311,SUB00311,2025-06-27,2025-07-12,79.0,Paid
INV0002303,CUST00311,SUB00311,2025-07-27,2025-08-11,79.0,Paid
INV0002304,CUST00311,SUB00311,2025-08-27,2025-09-11,79.0,Overdue
INV0002305,CUST00311,SUB00311,2025-09-27,2025-10-12,79.0,Paid
INV0002306,CUST00311,SUB00311,2025-10-27,2025-11-11,79.0,Paid
INV0002307,CUST00311,SUB00311,2025-11-27,2025-12-12,79.0,Paid
INV0002308,CUST00311,SUB00311,2025-12-27,2026-01-11,79.0,Pending
INV0002309,CUST00312,SUB00312,2024-07-17,2024-08-01,79.0,Paid
INV0002310,CUST00312,SUB00312,2024-08-17,2024-09-01,79.0,Overdue
INV0002311,CUST00312,SUB00312,2024-09-17,2024-10-02,79.0,Paid
INV0002312,CUST00312,SUB00312,2024-10-17,2024-11-01,79.0,Paid
INV0002313,CUST00312,SUB00312,2024-11-17,2024-12-02,79.0,Paid
INV0002314,CUST00312,SUB00312,2024-12-17,2025-01-01,79.0,Paid
INV0002315,CUST00312,SUB00312,2025-01-17,2025-02-01,79.0,Paid
INV0002316,CUST00312,SUB00312,2025-02-17,2025-03-04,79.0,Paid
INV0002317,CUST00312,SUB00312,2025-03-17,2025-04-01,79.0,Paid
INV0002318,CUST00312,SUB00312,2025-04-17,2025-05-02,79.0,Paid
INV0002319,CUST00312,SUB00312,2025-05-17,2025-06-01,79.0,Paid
INV0002320,CUST00312,SUB00312,2025-06-17,2025-07-02,79.0,Paid
INV0002321,CUST00313,SUB00313,2024-10-15,2024-10-30,2029.8,Paid
INV0002322,CUST00314,SUB00314,2024-07-23,2024-08-07,29.0,Overdue
INV0002323,CUST00314,SUB00314,2024-08-23,2024-09-07,29.0,Paid
INV0002324,CUST00314,SUB00314,2024-09-23,2024-10-08,29.0,Paid
INV0002325,CUST00314,SUB00314,2024-10-23,2024-11-07,29.0,Paid
INV0002326,CUST00314,SUB00314,2024-11-23,2024-12-08,29.0,Paid
INV0002327,CUST00314,SUB00314,2024-12-23,2025-01-07,29.0,Paid
INV0002328,CUST00314,SUB00314,2025-01-23,2025-02-07,29.0,Paid
INV0002329,CUST00314,SUB00314,2025-02-23,2025-03-10,29.0,Paid
INV0002330,CUST00314,SUB00314,2025-03-23,2025-04-07,29.0,Overdue
INV0002331,CUST00314,SUB00314,2025-04-23,2025-05-08,29.0,Paid
INV0002332,CUST00314,SUB00314,2025-05-23,2025-06-07,29.0,Paid
INV0002333,CUST00314,SUB00314,2025-06-23,2025-07-08,29.0,Paid
INV0002334,CUST00315,SUB00315,2025-10-18,2025-11-02,79.0,Paid
INV0002335,CUST00315,SUB00315,2025-11-18,2025-12-03,79.0,Overdue
INV0002336,CUST00315,SUB00315,2025-12-18,2026-01-02,79.0,Paid
INV0002337,CUST00316,SUB00316,2025-12-29,2026-01-13,79.0,Paid
INV0002338,CUST00317,SUB00317,2024-06-13,2024-06-28,29.0,Pending
INV0002339,CUST00317,SUB00317,2024-07-13,2024-07-28,29.0,Pending
INV0002340,CUST00317,SUB00317,2024-08-13,2024-08-28,29.0,Paid
INV0002341,CUST00317,SUB00317,2024-09-13,2024-09-28,29.0,Paid
INV0002342,CUST00317,SUB00317,2024-10-13,2024-10-28,29.0,Pending
INV0002343,CUST00317,SUB00317,2024-11-13,2024-11-28,29.0,Paid
INV0002344,CUST00317,SUB00317,2024-12-13,2024-12-28,29.0,Paid
INV0002345,CUST00317,SUB00317,2025-01-13,2025-01-28,29.0,Paid
INV0002346,CUST00317,SUB00317,2025-02-13,2025-02-28,29.0,Paid
INV0002347,CUST00317,SUB00317,2025-03-13,2025-03-28,29.0,Paid
INV0002348,CUST00317,SUB00317,2025-04-13,2025-04-28,29.0,Paid
INV0002349,CUST00317,SUB00317,2025-05-13,2025-05-28,29.0,Paid
INV0002350,CUST00317,SUB00317,2025-06-13,2025-06-28,29.0,Overdue
INV0002351,CUST00317,SUB00317,2025-07-13,2025-07-28,29.0,Paid
INV0002352,CUST00317,SUB00317,2025-08-13,2025-08-28,29.0,Paid
INV0002353,CUST00317,SUB00317,2025-09-13,2025-09-28,29.0,Paid
INV0002354,CUST00317,SUB00317,2025-10-13,2025-10-28,29.0,Paid
INV0002355,CUST00317,SUB00317,2025-11-13,2025-11-28,29.0,Overdue
INV0002356,CUST00317,SUB00317,2025-12-13,2025-12-28,29.0,Paid
INV0002357,CUST00318,SUB00318,2024-04-03,2024-04-18,805.8,Paid
INV0002358,CUST00318,SUB00318,2025-04-03,2025-04-18,805.8,Paid
INV0002359,CUST00319,SUB00319,2024-01-28,2024-02-12,79.0,Paid
INV0002360,CUST00319,SUB00319,2024-02-28,2024-03-14,79.0,Paid
INV0002361,CUST00319,SUB00319,2024-03-28,2024-04-12,79.0,Paid
INV0002362,CUST00319,SUB00319,2024-04-28,2024-05-13,79.0,Paid
INV0002363,CUST00319,SUB00319,2024-05-28,2024-06-12,79.0,Paid
INV0002364,CUST00319,SUB00319,2024-06-28,2024-07-13,79.0,Paid
INV0002365,CUST00319,SUB00319,2024-07-28,2024-08-12,79.0,Paid
INV0002366,CUST00319,SUB00319,2024-08-28,2024-09-12,79.0,Paid
INV0002367,CUST00319,SUB00319,2024-09-28,2024-10-13,79.0,Paid
INV0002368,CUST00319,SUB00319,2024-10-28,2024-11-12,79.0,Paid
INV0002369,CUST00319,SUB00319,2024-11-28,2024-12-13,79.0,Paid
INV0002370,CUST00319,SUB00319,2024-12-28,2025-01-12,79.0,Paid
INV0002371,CUST00320,SUB00320,2025-01-30,2025-02-14,29.0,Paid
INV0002372,CUST00320,SUB00320,2025-02-28,2025-03-15,29.0,Paid
INV0002373,CUST00320,SUB00320,2025-03-28,2025-04-12,29.0,Paid
INV0002374,CUST00320,SUB00320,2025-04-28,2025-05-13,29.0,Pending
INV0002375,CUST00320,SUB00320,2025-05-28,2025-06-12,29.0,Pending
INV0002376,CUST00320,SUB00320,2025-06-28,2025-07-13,29.0,Paid
INV0002377,CUST00320,SUB00320,2025-07-28,2025-08-12,29.0,Paid
INV0002378,CUST00320,SUB00320,2025-08-28,2025-09-12,29.0,Paid
INV0002379,CUST00320,SUB00320,2025-09-28,2025-10-13,29.0,Paid
INV0002380,CUST00320,SUB00320,2025-10-28,2025-11-12,29.0,Paid
INV0002381,CUST00320,SUB00320,2025-11-28,2025-12-13,29.0,Paid
INV0002382,CUST00320,SUB00320,2025-12-28,2026-01-12,29.0,Paid
INV0002383,CUST00321,SUB00321,2024-04-11,2024-04-26,79.0,Paid
INV0002384,CUST00321,SUB00321,2024-05-11,2024-05-26,79.0,Paid
INV0002385,CUST00321,SUB00321,2024-06-11,2024-06-26,79.0,Paid
INV0002386,CUST00321,SUB00321,2024-07-11,2024-07-26,79.0,Paid
INV0002387,CUST00321,SUB00321,2024-08-11,2024-08-26,79.0,Paid
INV0002388,CUST00321,SUB00321,2024-09-11,2024-09-26,79.0,Overdue
INV0002389,CUST00322,SUB00322,2024-05-20,2024-06-04,295.8,Paid
INV0002390,CUST00323,SUB00323,2025-12-23,2026-01-07,805.8,Paid
INV0002391,CUST00324,SUB00324,2024-01-20,2024-02-04,29.0,Paid
INV0002392,CUST00324,SUB00324,2024-02-20,2024-03-06,29.0,Paid
INV0002393,CUST00324,SUB00324,2024-03-20,2024-04-04,29.0,Paid
INV0002394,CUST00324,SUB00324,2024-04-20,2024-05-05,29.0,Pending
INV0002395,CUST00324,SUB00324,2024-05-20,2024-06-04,29.0,Paid
INV0002396,CUST00324,SUB00324,2024-06-20,2024-07-05,29.0,Paid
INV0002397,CUST00324,SUB00324,2024-07-20,2024-08-04,29.0,Paid
INV0002398,CUST00324,SUB00324,2024-08-20,2024-09-04,29.0,Paid
INV0002399,CUST00324,SUB00324,2024-09-20,2024-10-05,29.0,Paid
INV0002400,CUST00324,SUB00324,2024-10-20,2024-11-04,29.0,Paid
INV0002401,CUST00324,SUB00324,2024-11-20,2024-12-05,29.0,Paid
INV0002402,CUST00324,SUB00324,2024-12-20,2025-01-04,29.0,Paid
INV0002403,CUST00325,SUB00325,2024-04-23,2024-05-08,29.0,Paid
INV0002404,CUST00325,SUB00325,2024-05-23,2024-06-07,29.0,Paid
INV0002405,CUST00325,SUB00325,2024-06-23,2024-07-08,29.0,Paid
INV0002406,CUST00325,SUB00325,2024-07-23,2024-08-07,29.0,Paid
INV0002407,CUST00325,SUB00325,2024-08-23,2024-09-07,29.0,Overdue
INV0002408,CUST00325,SUB00325,2024-09-23,2024-10-08,29.0,Paid
INV0002409,CUST00325,SUB00325,2024-10-23,2024-11-07,29.0,Paid
INV0002410,CUST00325,SUB00325,2024-11-23,2024-12-08,29.0,Paid
INV0002411,CUST00325,SUB00325,2024-12-23,2025-01-07,29.0,Paid
INV0002412,CUST00325,SUB00325,2025-01-23,2025-02-07,79.0,Paid
INV0002413,CUST00325,SUB00325,2025-02-23,2025-03-10,79.0,Overdue
INV0002414,CUST00325,SUB00325,2025-03-23,2025-04-07,79.0,Paid
INV0002415,CUST00325,SUB00325,2025-04-23,2025-05-08,79.0,Paid
INV0002416,CUST00325,SUB00325,2025-05-23,2025-06-07,79.0,Paid
INV0002417,CUST00325,SUB00325,2025-06-23,2025-07-08,79.0,Paid
INV0002418,CUST00325,SUB00325,2025-07-23,2025-08-07,79.0,Pending
INV0002419,CUST00325,SUB00325,2025-08-23,2025-09-07,79.0,Paid
INV0002420,CUST00325,SUB00325,2025-09-23,2025-10-08,79.0,Paid
INV0002421,CUST00326,SUB00326,2024-09-01,2024-09-16,805.8,Paid
INV0002422,CUST00326,SUB00326,2025-09-01,2025-09-16,805.8,Paid
INV0002423,CUST00327,SUB00327,2024-04-23,2024-05-08,79.0,Paid
INV0002424,CUST00327,SUB00327,2024-05-23,2024-06-07,79.0,Paid
INV0002425,CUST00327,SUB00327,2024-06-23,2024-07-08,79.0,Paid
INV0002426,CUST00327,SUB00327,2024-07-23,2024-08-07,79.0,Paid
INV0002427,CUST00327,SUB00327,2024-08-23,2024-09-07,79.0,Overdue
INV0002428,CUST00327,SUB00327,2024-09-23,2024-10-08,79.0,Paid
INV0002429,CUST00328,SUB00328,2025-10-09,2025-10-24,29.0,Paid
INV0002430,CUST00328,SUB00328,2025-11-09,2025-11-24,29.0,Paid
INV0002431,CUST00328,SUB00328,2025-12-09,2025-12-24,29.0,Paid
INV0002432,CUST00329,SUB00329,2025-03-15,2025-03-30,805.8,Paid
INV0002433,CUST00330,SUB00330,2024-07-10,2024-07-25,805.8,Paid
INV0002434,CUST00330,SUB00330,2025-07-10,2025-07-25,805.8,Paid
INV0002435,CUST00331,SUB00331,2024-03-10,2024-03-25,79.0,Paid
INV0002436,CUST00331,SUB00331,2024-04-10,2024-04-25,79.0,Paid
INV0002437,CUST00331,SUB00331,2024-05-10,2024-05-25,79.0,Paid
INV0002438,CUST00331,SUB00331,2024-06-10,2024-06-25,79.0,Paid
INV0002439,CUST00331,SUB00331,2024-07-10,2024-07-25,79.0,Paid
INV0002440,CUST00331,SUB00331,2024-08-10,2024-08-25,79.0,Paid
INV0002441,CUST00331,SUB00331,2024-09-10,2024-09-25,79.0,Paid
INV0002442,CUST00331,SUB00331,2024-10-10,2024-10-25,79.0,Paid
INV0002443,CUST00331,SUB00331,2024-11-10,2024-11-25,79.0,Pending
INV0002444,CUST00331,SUB00331,2024-12-10,2024-12-25,79.0,Paid
INV0002445,CUST00331,SUB00331,2025-01-10,2025-01-25,79.0,Paid
INV0002446,CUST00331,SUB00331,2025-02-10,2025-02-25,79.0,Paid
INV0002447,CUST00331,SUB00331,2025-03-10,2025-03-25,79.0,Paid
INV0002448,CUST00331,SUB00331,2025-04-10,2025-04-25,79.0,Paid
INV0002449,CUST00331,SUB00331,2025-05-10,2025-05-25,79.0,Paid
INV0002450,CUST00331,SUB00331,2025-06-10,2025-06-25,79.0,Paid
INV0002451,CUST00331,SUB00331,2025-07-10,2025-07-25,79.0,Paid
INV0002452,CUST00331,SUB00331,2025-08-10,2025-08-25,79.0,Paid
INV0002453,CUST00332,SUB00332,2025-02-03,2025-02-18,805.8,Paid
INV0002454,CUST00333,SUB00333,2024-09-16,2024-10-01,29.0,Overdue
INV0002455,CUST00333,SUB00333,2024-10-16,2024-10-31,29.0,Paid
INV0002456,CUST00333,SUB00333,2024-11-16,2024-12-01,29.0,Paid
INV0002457,CUST00333,SUB00333,2024-12-16,2024-12-31,29.0,Paid
INV0002458,CUST00333,SUB00333,2025-01-16,2025-01-31,29.0,Paid
INV0002459,CUST00333,SUB00333,2025-02-16,2025-03-03,29.0,Paid
INV0002460,CUST00333,SUB00333,2025-03-16,2025-03-31,29.0,Paid
INV0002461,CUST00333,SUB00333,2025-04-16,2025-05-01,29.0,Pending
INV0002462,CUST00333,SUB00333,2025-05-16,2025-05-31,29.0,Paid
INV0002463,CUST00333,SUB00333,2025-06-16,2025-07-01,29.0,Pending
INV0002464,CUST00333,SUB00333,2025-07-16,2025-07-31,29.0,Paid
INV0002465,CUST00333,SUB00333,2025-08-16,2025-08-31,29.0,Paid
INV0002466,CUST00334,SUB00334,2024-09-03,2024-09-18,295.8,Paid
INV0002467,CUST00334,SUB00334,2025-09-03,2025-09-18,295.8,Paid
INV0002468,CUST00335,SUB00335,2024-05-16,2024-05-31,29.0,Paid
INV0002469,CUST00335,SUB00335,2024-06-16,2024-07-01,29.0,Paid
INV0002470,CUST00335,SUB00335,2024-07-16,2024-07-31,29.0,Paid
INV0002471,CUST00335,SUB00335,2024-08-16,2024-08-31,29.0,Paid
INV0002472,CUST00335,SUB00335,2024-09-16,2024-10-01,29.0,Paid
INV0002473,CUST00335,SUB00335,2024-10-16,2024-10-31,29.0,Paid
INV0002474,CUST00335,SUB00335,2024-11-16,2024-12-01,29.0,Paid
INV0002475,CUST00335,SUB00335,2024-12-16,2024-12-31,29.0,Paid
INV0002476,CUST00335,SUB00335,2025-01-16,2025-01-31,29.0,Overdue
INV0002477,CUST00335,SUB00335,2025-02-16,2025-03-03,29.0,Paid
INV0002478,CUST00335,SUB00335,2025-03-16,2025-03-31,29.0,Paid
INV0002479,CUST00335,SUB00335,2025-04-16,2025-05-01,29.0,Overdue
INV0002480,CUST00335,SUB00335,2025-05-16,2025-05-31,29.0,Paid
INV0002481,CUST00335,SUB00335,2025-06-16,2025-07-01,29.0,Paid
INV0002482,CUST00335,SUB00335,2025-07-16,2025-07-31,29.0,Paid
INV0002483,CUST00335,SUB00335,2025-08-16,2025-08-31,29.0,Paid
INV0002484,CUST00335,SUB00335,2025-09-16,2025-10-01,29.0,Paid
INV0002485,CUST00335,SUB00335,2025-10-16,2025-10-31,29.0,Paid
INV0002486,CUST00336,SUB00336,2025-12-02,2025-12-17,79.0,Paid
INV0002487,CUST00337,SUB00337,2024-05-18,2024-06-02,29.0,Paid
INV0002488,CUST00337,SUB00337,2024-06-18,2024-07-03,29.0,Paid
INV0002489,CUST00337,SUB00337,2024-07-18,2024-08-02,29.0,Paid
INV0002490,CUST00337,SUB00337,2024-08-18,2024-09-02,29.0,Paid
INV0002491,CUST00337,SUB00337,2024-09-18,2024-10-03,29.0,Paid
INV0002492,CUST00337,SUB00337,2024-10-18,2024-11-02,29.0,Paid
INV0002493,CUST00337,SUB00337,2024-11-18,2024-12-03,29.0,Paid
INV0002494,CUST00337,SUB00337,2024-12-18,2025-01-02,29.0,Paid
INV0002495,CUST00337,SUB00337,2025-01-18,2025-02-02,29.0,Paid
INV0002496,CUST00337,SUB00337,2025-02-18,2025-03-05,29.0,Paid
INV0002497,CUST00337,SUB00337,2025-03-18,2025-04-02,29.0,Overdue
INV0002498,CUST00337,SUB00337,2025-04-18,2025-05-03,29.0,Paid
INV0002499,CUST00337,SUB00337,2025-05-18,2025-06-02,29.0,Paid
INV0002500,CUST00337,SUB00337,2025-06-18,2025-07-03,29.0,Paid
INV0002501,CUST00337,SUB00337,2025-07-18,2025-08-02,29.0,Paid
INV0002502,CUST00337,SUB00337,2025-08-18,2025-09-02,29.0,Paid
INV0002503,CUST00337,SUB00337,2025-09-18,2025-10-03,29.0,Paid
INV0002504,CUST00337,SUB00337,2025-10-18,2025-11-02,29.0,Paid
INV0002505,CUST00338,SUB00338,2024-10-27,2024-11-11,199.0,Paid
INV0002506,CUST00338,SUB00338,2024-11-27,2024-12-12,199.0,Paid
INV0002507,CUST00338,SUB00338,2024-12-27,2025-01-11,199.0,Paid
INV0002508,CUST00339,SUB00339,2024-11-19,2024-12-04,29.0,Paid
INV0002509,CUST00339,SUB00339,2024-12-19,2025-01-03,29.0,Paid
INV0002510,CUST00339,SUB00339,2025-01-19,2025-02-03,29.0,Paid
INV0002511,CUST00339,SUB00339,2025-02-19,2025-03-06,29.0,Paid
INV0002512,CUST00339,SUB00339,2025-03-19,2025-04-03,29.0,Paid
INV0002513,CUST00339,SUB00339,2025-04-19,2025-05-04,29.0,Paid
INV0002514,CUST00339,SUB00339,2025-05-19,2025-06-03,29.0,Overdue
INV0002515,CUST00339,SUB00339,2025-06-19,2025-07-04,29.0,Paid
INV0002516,CUST00339,SUB00339,2025-07-19,2025-08-03,29.0,Paid
INV0002517,CUST00339,SUB00339,2025-08-19,2025-09-03,29.0,Paid
INV0002518,CUST00339,SUB00339,2025-09-19,2025-10-04,29.0,Paid
INV0002519,CUST00339,SUB00339,2025-10-19,2025-11-03,29.0,Paid
INV0002520,CUST00340,SUB00340,2024-09-16,2024-10-01,29.0,Paid
INV0002521,CUST00340,SUB00340,2024-10-16,2024-10-31,29.0,Pending
INV0002522,CUST00340,SUB00340,2024-11-16,2024-12-01,29.0,Paid
INV0002523,CUST00340,SUB00340,2024-12-16,2024-12-31,29.0,Overdue
INV0002524,CUST00340,SUB00340,2025-01-16,2025-01-31,29.0,Paid
INV0002525,CUST00340,SUB00340,2025-02-16,2025-03-03,29.0,Paid
INV0002526,CUST00340,SUB00340,2025-03-16,2025-03-31,29.0,Paid
INV0002527,CUST00340,SUB00340,2025-04-16,2025-05-01,29.0,Overdue
INV0002528,CUST00340,SUB00340,2025-05-16,2025-05-31,29.0,Paid
INV0002529,CUST00340,SUB00340,2025-06-16,2025-07-01,29.0,Paid
INV0002530,CUST00340,SUB00340,2025-07-16,2025-07-31,29.0,Paid
INV0002531,CUST00340,SUB00340,2025-08-16,2025-08-31,29.0,Paid
INV0002532,CUST00341,SUB00341,2024-02-18,2024-03-04,29.0,Paid
INV0002533,CUST00341,SUB00341,2024-03-18,2024-04-02,29.0,Paid
INV0002534,CUST00341,SUB00341,2024-04-18,2024-05-03,29.0,Paid
INV0002535,CUST00341,SUB00341,2024-05-18,2024-06-02,29.0,Paid
INV0002536,CUST00341,SUB00341,2024-06-18,2024-07-03,29.0,Paid
INV0002537,CUST00341,SUB00341,2024-07-18,2024-08-02,29.0,Paid
INV0002538,CUST00341,SUB00341,2024-08-18,2024-09-02,29.0,Paid
INV0002539,CUST00341,SUB00341,2024-09-18,2024-10-03,29.0,Paid
INV0002540,CUST00341,SUB00341,2024-10-18,2024-11-02,29.0,Paid
INV0002541,CUST00341,SUB00341,2024-11-18,2024-12-03,29.0,Paid
INV0002542,CUST00341,SUB00341,2024-12-18,2025-01-02,29.0,Paid
INV0002543,CUST00341,SUB00341,2025-01-18,2025-02-02,29.0,Paid
INV0002544,CUST00342,SUB00342,2025-03-23,2025-04-07,29.0,Paid
INV0002545,CUST00342,SUB00342,2025-04-23,2025-05-08,29.0,Paid
INV0002546,CUST00342,SUB00342,2025-05-23,2025-06-07,29.0,Paid
INV0002547,CUST00343,SUB00343,2024-12-13,2024-12-28,29.0,Paid
INV0002548,CUST00343,SUB00343,2025-01-13,2025-01-28,29.0,Paid
INV0002549,CUST00343,SUB00343,2025-02-13,2025-02-28,29.0,Paid
INV0002550,CUST00343,SUB00343,2025-03-13,2025-03-28,29.0,Paid
INV0002551,CUST00343,SUB00343,2025-04-13,2025-04-28,29.0,Paid
INV0002552,CUST00343,SUB00343,2025-05-13,2025-05-28,29.0,Paid
INV0002553,CUST00343,SUB00343,2025-06-13,2025-06-28,29.0,Paid
INV0002554,CUST00343,SUB00343,2025-07-13,2025-07-28,29.0,Paid
INV0002555,CUST00343,SUB00343,2025-08-13,2025-08-28,29.0,Paid
INV0002556,CUST00343,SUB00343,2025-09-13,2025-09-28,29.0,Paid
INV0002557,CUST00343,SUB00343,2025-10-13,2025-10-28,29.0,Paid
INV0002558,CUST00343,SUB00343,2025-11-13,2025-11-28,29.0,Paid
INV0002559,CUST00344,SUB00344,2025-06-15,2025-06-30,79.0,Paid
INV0002560,CUST00344,SUB00344,2025-07-15,2025-07-30,79.0,Paid
INV0002561,CUST00344,SUB00344,2025-08-15,2025-08-30,79.0,Paid
INV0002562,CUST00344,SUB00344,2025-09-15,2025-09-30,79.0,Paid
INV0002563,CUST00344,SUB00344,2025-10-15,2025-10-30,79.0,Paid
INV0002564,CUST00344,SUB00344,2025-11-15,2025-11-30,79.0,Paid
INV0002565,CUST00344,SUB00344,2025-12-15,2025-12-30,79.0,Paid
INV0002566,CUST00345,SUB00345,2025-03-16,2025-03-31,29.0,Paid
INV0002567,CUST00345,SUB00345,2025-04-16,2025-05-01,29.0,Paid
INV0002568,CUST00345,SUB00345,2025-05-16,2025-05-31,29.0,Paid
INV0002569,CUST00345,SUB00345,2025-06-16,2025-07-01,29.0,Paid
INV0002570,CUST00345,SUB00345,2025-07-16,2025-07-31,29.0,Overdue
INV0002571,CUST00345,SUB00345,2025-08-16,2025-08-31,29.0,Paid
INV0002572,CUST00346,SUB00346,2024-11-24,2024-12-09,199.0,Overdue
INV0002573,CUST00346,SUB00346,2024-12-24,2025-01-08,199.0,Paid
INV0002574,CUST00346,SUB00346,2025-01-24,2025-02-08,199.0,Paid
INV0002575,CUST00346,SUB00346,2025-02-24,2025-03-11,199.0,Paid
INV0002576,CUST00346,SUB00346,2025-03-24,2025-04-08,199.0,Paid
INV0002577,CUST00346,SUB00346,2025-04-24,2025-05-09,199.0,Paid
INV0002578,CUST00346,SUB00346,2025-05-24,2025-06-08,199.0,Paid
INV0002579,CUST00346,SUB00346,2025-06-24,2025-07-09,199.0,Paid
INV0002580,CUST00346,SUB00346,2025-07-24,2025-08-08,199.0,Paid
INV0002581,CUST00346,SUB00346,2025-08-24,2025-09-08,199.0,Paid
INV0002582,CUST00346,SUB00346,2025-09-24,2025-10-09,199.0,Paid
INV0002583,CUST00346,SUB00346,2025-10-24,2025-11-08,199.0,Paid
INV0002584,CUST00346,SUB00346,2025-11-24,2025-12-09,199.0,Paid
INV0002585,CUST00346,SUB00346,2025-12-24,2026-01-08,199.0,Paid
INV0002586,CUST00347,SUB00347,2025-04-01,2025-04-16,79.0,Paid
INV0002587,CUST00347,SUB00347,2025-05-01,2025-05-16,79.0,Paid
INV0002588,CUST00347,SUB00347,2025-06-01,2025-06-16,79.0,Paid
INV0002589,CUST00347,SUB00347,2025-07-01,2025-07-16,79.0,Paid
INV0002590,CUST00347,SUB00347,2025-08-01,2025-08-16,79.0,Paid
INV0002591,CUST00347,SUB00347,2025-09-01,2025-09-16,79.0,Paid
INV0002592,CUST00347,SUB00347,2025-10-01,2025-10-16,79.0,Paid
INV0002593,CUST00347,SUB00347,2025-11-01,2025-11-16,79.0,Paid
INV0002594,CUST00347,SUB00347,2025-12-01,2025-12-16,79.0,Paid
INV0002595,CUST00348,SUB00348,2024-12-25,2025-01-09,79.0,Paid
INV0002596,CUST00348,SUB00348,2025-01-25,2025-02-09,79.0,Paid
INV0002597,CUST00348,SUB00348,2025-02-25,2025-03-12,79.0,Paid
INV0002598,CUST00348,SUB00348,2025-03-25,2025-04-09,79.0,Paid
INV0002599,CUST00348,SUB00348,2025-04-25,2025-05-10,79.0,Paid
INV0002600,CUST00348,SUB00348,2025-05-25,2025-06-09,79.0,Paid
INV0002601,CUST00348,SUB00348,2025-06-25,2025-07-10,79.0,Overdue
INV0002602,CUST00348,SUB00348,2025-07-25,2025-08-09,79.0,Paid
INV0002603,CUST00348,SUB00348,2025-08-25,2025-09-09,79.0,Paid
INV0002604,CUST00348,SUB00348,2025-09-25,2025-10-10,79.0,Overdue
INV0002605,CUST00348,SUB00348,2025-10-25,2025-11-09,79.0,Paid
INV0002606,CUST00348,SUB00348,2025-11-25,2025-12-10,79.0,Paid
INV0002607,CUST00348,SUB00348,2025-12-25,2026-01-09,79.0,Paid
INV0002608,CUST00349,SUB00349,2025-09-21,2025-10-06,199.0,Paid
INV0002609,CUST00349,SUB00349,2025-10-21,2025-11-05,199.0,Paid
INV0002610,CUST00349,SUB00349,2025-11-21,2025-12-06,199.0,Paid
INV0002611,CUST00349,SUB00349,2025-12-21,2026-01-05,199.0,Paid
INV0002612,CUST00350,SUB00350,2024-03-17,2024-04-01,79.0,Paid
INV0002613,CUST00350,SUB00350,2024-04-17,2024-05-02,79.0,Paid
INV0002614,CUST00350,SUB00350,2024-05-17,2024-06-01,79.0,Paid
INV0002615,CUST00350,SUB00350,2024-06-17,2024-07-02,79.0,Paid
INV0002616,CUST00350,SUB00350,2024-07-17,2024-08-01,79.0,Paid
INV0002617,CUST00350,SUB00350,2024-08-17,2024-09-01,199.0,Paid
INV0002618,CUST00351,SUB00351,2024-02-01,2024-02-16,295.8,Paid
INV0002619,CUST00351,SUB00351,2025-02-01,2025-02-16,295.8,Pending
INV0002620,CUST00352,SUB00352,2024-02-05,2024-02-20,199.0,Paid
INV0002621,CUST00352,SUB00352,2024-03-05,2024-03-20,199.0,Paid
INV0002622,CUST00352,SUB00352,2024-04-05,2024-04-20,199.0,Paid
INV0002623,CUST00352,SUB00352,2024-05-05,2024-05-20,199.0,Paid
INV0002624,CUST00352,SUB00352,2024-06-05,2024-06-20,199.0,Paid
INV0002625,CUST00352,SUB00352,2024-07-05,2024-07-20,199.0,Overdue
INV0002626,CUST00352,SUB00352,2024-08-05,2024-08-20,199.0,Overdue
INV0002627,CUST00352,SUB00352,2024-09-05,2024-09-20,199.0,Paid
INV0002628,CUST00352,SUB00352,2024-10-05,2024-10-20,199.0,Paid
INV0002629,CUST00352,SUB00352,2024-11-05,2024-11-20,199.0,Paid
INV0002630,CUST00352,SUB00352,2024-12-05,2024-12-20,199.0,Paid
INV0002631,CUST00352,SUB00352,2025-01-05,2025-01-20,199.0,Paid
INV0002632,CUST00352,SUB00352,2025-02-05,2025-02-20,199.0,Paid
INV0002633,CUST00352,SUB00352,2025-03-05,2025-03-20,199.0,Paid
INV0002634,CUST00352,SUB00352,2025-04-05,2025-04-20,199.0,Paid
INV0002635,CUST00352,SUB00352,2025-05-05,2025-05-20,199.0,Paid
INV0002636,CUST00352,SUB00352,2025-06-05,2025-06-20,199.0,Paid
INV0002637,CUST00352,SUB00352,2025-07-05,2025-07-20,199.0,Paid
INV0002638,CUST00352,SUB00352,2025-08-05,2025-08-20,199.0,Paid
INV0002639,CUST00352,SUB00352,2025-09-05,2025-09-20,199.0,Paid
INV0002640,CUST00352,SUB00352,2025-10-05,2025-10-20,199.0,Paid
INV0002641,CUST00352,SUB00352,2025-11-05,2025-11-20,199.0,Paid
INV0002642,CUST00352,SUB00352,2025-12-05,2025-12-20,199.0,Pending
INV0002643,CUST00353,SUB00353,2025-01-05,2025-01-20,29.0,Paid
INV0002644,CUST00353,SUB00353,2025-02-05,2025-02-20,29.0,Paid
INV0002645,CUST00353,SUB00353,2025-03-05,2025-03-20,29.0,Paid
INV0002646,CUST00353,SUB00353,2025-04-05,2025-04-20,29.0,Paid
INV0002647,CUST00353,SUB00353,2025-05-05,2025-05-20,29.0,Paid
INV0002648,CUST00353,SUB00353,2025-06-05,2025-06-20,29.0,Paid
INV0002649,CUST00353,SUB00353,2025-07-05,2025-07-20,29.0,Paid
INV0002650,CUST00353,SUB00353,2025-08-05,2025-08-20,29.0,Paid
INV0002651,CUST00353,SUB00353,2025-09-05,2025-09-20,29.0,Paid
INV0002652,CUST00353,SUB00353,2025-10-05,2025-10-20,29.0,Paid
INV0002653,CUST00353,SUB00353,2025-11-05,2025-11-20,29.0,Paid
INV0002654,CUST00353,SUB00353,2025-12-05,2025-12-20,29.0,Paid
INV0002655,CUST00354,SUB00354,2025-11-26,2025-12-11,79.0,Paid
INV0002656,CUST00354,SUB00354,2025-12-26,2026-01-10,79.0,Paid
INV0002657,CUST00355,SUB00355,2025-08-10,2025-08-25,29.0,Paid
INV0002658,CUST00355,SUB00355,2025-09-10,2025-09-25,29.0,Paid
INV0002659,CUST00355,SUB00355,2025-10-10,2025-10-25,29.0,Paid
INV0002660,CUST00355,SUB00355,2025-11-10,2025-11-25,29.0,Paid
INV0002661,CUST00355,SUB00355,2025-12-10,2025-12-25,29.0,Paid
INV0002662,CUST00356,SUB00356,2024-09-12,2024-09-27,29.0,Paid
INV0002663,CUST00356,SUB00356,2024-10-12,2024-10-27,29.0,Paid
INV0002664,CUST00356,SUB00356,2024-11-12,2024-11-27,29.0,Pending
INV0002665,CUST00356,SUB00356,2024-12-12,2024-12-27,29.0,Paid
INV0002666,CUST00356,SUB00356,2025-01-12,2025-01-27,29.0,Paid
INV0002667,CUST00356,SUB00356,2025-02-12,2025-02-27,29.0,Paid
INV0002668,CUST00356,SUB00356,2025-03-12,2025-03-27,29.0,Paid
INV0002669,CUST00356,SUB00356,2025-04-12,2025-04-27,29.0,Paid
INV0002670,CUST00356,SUB00356,2025-05-12,2025-05-27,29.0,Paid
INV0002671,CUST00356,SUB00356,2025-06-12,2025-06-27,29.0,Paid
INV0002672,CUST00356,SUB00356,2025-07-12,2025-07-27,29.0,Pending
INV0002673,CUST00356,SUB00356,2025-08-12,2025-08-27,29.0,Paid
INV0002674,CUST00356,SUB00356,2025-09-12,2025-09-27,29.0,Overdue
INV0002675,CUST00356,SUB00356,2025-10-12,2025-10-27,29.0,Paid
INV0002676,CUST00356,SUB00356,2025-11-12,2025-11-27,29.0,Paid
INV0002677,CUST00356,SUB00356,2025-12-12,2025-12-27,29.0,Paid
INV0002678,CUST00357,SUB00357,2025-06-14,2025-06-29,79.0,Paid
INV0002679,CUST00357,SUB00357,2025-07-14,2025-07-29,79.0,Paid
INV0002680,CUST00357,SUB00357,2025-08-14,2025-08-29,79.0,Paid
INV0002681,CUST00357,SUB00357,2025-09-14,2025-09-29,79.0,Paid
INV0002682,CUST00357,SUB00357,2025-10-14,2025-10-29,79.0,Paid
INV0002683,CUST00357,SUB00357,2025-11-14,2025-11-29,79.0,Paid
INV0002684,CUST00357,SUB00357,2025-12-14,2025-12-29,79.0,Paid
INV0002685,CUST00358,SUB00358,2025-12-21,2026-01-05,79.0,Paid
INV0002686,CUST00359,SUB00359,2024-07-23,2024-08-07,29.0,Paid
INV0002687,CUST00359,SUB00359,2024-08-23,2024-09-07,29.0,Paid
INV0002688,CUST00359,SUB00359,2024-09-23,2024-10-08,29.0,Paid
INV0002689,CUST00359,SUB00359,2024-10-23,2024-11-07,29.0,Paid
INV0002690,CUST00359,SUB00359,2024-11-23,2024-12-08,29.0,Paid
INV0002691,CUST00359,SUB00359,2024-12-23,2025-01-07,29.0,Paid
INV0002692,CUST00359,SUB00359,2025-01-23,2025-02-07,29.0,Paid
INV0002693,CUST00359,SUB00359,2025-02-23,2025-03-10,29.0,Paid
INV0002694,CUST00359,SUB00359,2025-03-23,2025-04-07,29.0,Paid
INV0002695,CUST00359,SUB00359,2025-04-23,2025-05-08,29.0,Paid
INV0002696,CUST00359,SUB00359,2025-05-23,2025-06-07,29.0,Paid
INV0002697,CUST00359,SUB00359,2025-06-23,2025-07-08,29.0,Paid
INV0002698,CUST00359,SUB00359,2025-07-23,2025-08-07,29.0,Overdue
INV0002699,CUST00359,SUB00359,2025-08-23,2025-09-07,29.0,Paid
INV0002700,CUST00359,SUB00359,2025-09-23,2025-10-08,29.0,Paid
INV0002701,CUST00359,SUB00359,2025-10-23,2025-11-07,29.0,Paid
INV0002702,CUST00359,SUB00359,2025-11-23,2025-12-08,29.0,Overdue
INV0002703,CUST00359,SUB00359,2025-12-23,2026-01-07,29.0,Paid
INV0002704,CUST00360,SUB00360,2025-12-31,2026-01-15,79.0,Paid
INV0002705,CUST00361,SUB00361,2025-11-14,2025-11-29,2029.8,Paid
INV0002706,CUST00362,SUB00362,2024-11-03,2024-11-18,295.8,Paid
INV0002707,CUST00362,SUB00362,2025-11-03,2025-11-18,295.8,Paid
INV0002708,CUST00363,SUB00363,2025-01-05,2025-01-20,79.0,Paid
INV0002709,CUST00363,SUB00363,2025-02-05,2025-02-20,79.0,Paid
INV0002710,CUST00363,SUB00363,2025-03-05,2025-03-20,79.0,Paid
INV0002711,CUST00363,SUB00363,2025-04-05,2025-04-20,79.0,Paid
INV0002712,CUST00363,SUB00363,2025-05-05,2025-05-20,79.0,Paid
INV0002713,CUST00363,SUB00363,2025-06-05,2025-06-20,79.0,Overdue
INV0002714,CUST00363,SUB00363,2025-07-05,2025-07-20,79.0,Paid
INV0002715,CUST00363,SUB00363,2025-08-05,2025-08-20,79.0,Paid
INV0002716,CUST00363,SUB00363,2025-09-05,2025-09-20,79.0,Paid
INV0002717,CUST00363,SUB00363,2025-10-05,2025-10-20,79.0,Paid
INV0002718,CUST00363,SUB00363,2025-11-05,2025-11-20,79.0,Paid
INV0002719,CUST00363,SUB00363,2025-12-05,2025-12-20,79.0,Paid
INV0002720,CUST00364,SUB00364,2024-08-30,2024-09-14,199.0,Paid
INV0002721,CUST00364,SUB00364,2024-09-30,2024-10-15,199.0,Paid
INV0002722,CUST00364,SUB00364,2024-10-30,2024-11-14,199.0,Pending
INV0002723,CUST00365,SUB00365,2025-04-23,2025-05-08,29.0,Paid
INV0002724,CUST00365,SUB00365,2025-05-23,2025-06-07,29.0,Paid
INV0002725,CUST00365,SUB00365,2025-06-23,2025-07-08,29.0,Paid
INV0002726,CUST00366,SUB00366,2024-03-08,2024-03-23,29.0,Paid
INV0002727,CUST00366,SUB00366,2024-04-08,2024-04-23,29.0,Paid
INV0002728,CUST00366,SUB00366,2024-05-08,2024-05-23,29.0,Paid
INV0002729,CUST00367,SUB00367,2025-02-23,2025-03-10,295.8,Paid
INV0002730,CUST00368,SUB00368,2025-10-19,2025-11-03,29.0,Paid
INV0002731,CUST00368,SUB00368,2025-11-19,2025-12-04,29.0,Paid
INV0002732,CUST00368,SUB00368,2025-12-19,2026-01-03,29.0,Paid
INV0002733,CUST00369,SUB00369,2024-05-11,2024-05-26,805.8,Paid
INV0002734,CUST00369,SUB00369,2025-05-11,2025-05-26,805.8,Overdue
INV0002735,CUST00370,SUB00370,2024-05-12,2024-05-27,805.8,Paid
INV0002736,CUST00370,SUB00370,2025-05-12,2025-05-27,805.8,Paid
INV0002737,CUST00371,SUB00371,2025-06-14,2025-06-29,29.0,Paid
INV0002738,CUST00371,SUB00371,2025-07-14,2025-07-29,29.0,Paid
INV0002739,CUST00371,SUB00371,2025-08-14,2025-08-29,29.0,Paid
INV0002740,CUST00372,SUB00372,2024-12-20,2025-01-04,79.0,Paid
INV0002741,CUST00372,SUB00372,2025-01-20,2025-02-04,79.0,Paid
INV0002742,CUST00372,SUB00372,2025-02-20,2025-03-07,79.0,Paid
INV0002743,CUST00372,SUB00372,2025-03-20,2025-04-04,79.0,Paid
INV0002744,CUST00372,SUB00372,2025-04-20,2025-05-05,79.0,Paid
INV0002745,CUST00372,SUB00372,2025-05-20,2025-06-04,79.0,Paid
INV0002746,CUST00372,SUB00372,2025-06-20,2025-07-05,79.0,Paid
INV0002747,CUST00372,SUB00372,2025-07-20,2025-08-04,79.0,Paid
INV0002748,CUST00372,SUB00372,2025-08-20,2025-09-04,79.0,Paid
INV0002749,CUST00372,SUB00372,2025-09-20,2025-10-05,79.0,Paid
INV0002750,CUST00372,SUB00372,2025-10-20,2025-11-04,79.0,Paid
INV0002751,CUST00372,SUB00372,2025-11-20,2025-12-05,79.0,Paid
INV0002752,CUST00372,SUB00372,2025-12-20,2026-01-04,79.0,Paid
INV0002753,CUST00373,SUB00373,2024-09-13,2024-09-28,199.0,Paid
INV0002754,CUST00373,SUB00373,2024-10-13,2024-10-28,199.0,Paid
INV0002755,CUST00373,SUB00373,2024-11-13,2024-11-28,199.0,Paid
INV0002756,CUST00373,SUB00373,2024-12-13,2024-12-28,199.0,Paid
INV0002757,CUST00373,SUB00373,2025-01-13,2025-01-28,199.0,Paid
INV0002758,CUST00373,SUB00373,2025-02-13,2025-02-28,199.0,Overdue
INV0002759,CUST00373,SUB00373,2025-03-13,2025-03-28,199.0,Paid
INV0002760,CUST00373,SUB00373,2025-04-13,2025-04-28,199.0,Overdue
INV0002761,CUST00373,SUB00373,2025-05-13,2025-05-28,199.0,Paid
INV0002762,CUST00373,SUB00373,2025-06-13,2025-06-28,199.0,Paid
INV0002763,CUST00373,SUB00373,2025-07-13,2025-07-28,199.0,Paid
INV0002764,CUST00373,SUB00373,2025-08-13,2025-08-28,199.0,Paid
INV0002765,CUST00374,SUB00374,2025-09-21,2025-10-06,29.0,Paid
INV0002766,CUST00374,SUB00374,2025-10-21,2025-11-05,29.0,Paid
INV0002767,CUST00374,SUB00374,2025-11-21,2025-12-06,29.0,Overdue
INV0002768,CUST00374,SUB00374,2025-12-21,2026-01-05,29.0,Paid
INV0002769,CUST00375,SUB00375,2024-06-24,2024-07-09,79.0,Paid
INV0002770,CUST00375,SUB00375,2024-07-24,2024-08-08,79.0,Paid
INV0002771,CUST00375,SUB00375,2024-08-24,2024-09-08,79.0,Paid
INV0002772,CUST00375,SUB00375,2024-09-24,2024-10-09,79.0,Paid
INV0002773,CUST00375,SUB00375,2024-10-24,2024-11-08,79.0,Paid
INV0002774,CUST00375,SUB00375,2024-11-24,2024-12-09,79.0,Paid
INV0002775,CUST00375,SUB00375,2024-12-24,2025-01-08,79.0,Paid
INV0002776,CUST00375,SUB00375,2025-01-24,2025-02-08,79.0,Paid
INV0002777,CUST00375,SUB00375,2025-02-24,2025-03-11,199.0,Paid
INV0002778,CUST00375,SUB00375,2025-03-24,2025-04-08,199.0,Paid
INV0002779,CUST00375,SUB00375,2025-04-24,2025-05-09,199.0,Paid
INV0002780,CUST00375,SUB00375,2025-05-24,2025-06-08,199.0,Paid
INV0002781,CUST00376,SUB00376,2025-07-31,2025-08-15,2029.8,Paid
INV0002782,CUST00377,SUB00377,2025-10-18,2025-11-02,29.0,Paid
INV0002783,CUST00377,SUB00377,2025-11-18,2025-12-03,29.0,Paid
INV0002784,CUST00377,SUB00377,2025-12-18,2026-01-02,29.0,Paid
INV0002785,CUST00378,SUB00378,2025-09-24,2025-10-09,79.0,Paid
INV0002786,CUST00378,SUB00378,2025-10-24,2025-11-08,79.0,Paid
INV0002787,CUST00378,SUB00378,2025-11-24,2025-12-09,79.0,Paid
INV0002788,CUST00378,SUB00378,2025-12-24,2026-01-08,79.0,Paid
INV0002789,CUST00379,SUB00379,2025-10-19,2025-11-03,2029.8,Paid
INV0002790,CUST00380,SUB00380,2024-10-31,2024-11-15,29.0,Overdue
INV0002791,CUST00380,SUB00380,2024-11-30,2024-12-15,29.0,Paid
INV0002792,CUST00380,SUB00380,2024-12-30,2025-01-14,29.0,Paid
INV0002793,CUST00380,SUB00380,2025-01-30,2025-02-14,29.0,Paid
INV0002794,CUST00380,SUB00380,2025-02-28,2025-03-15,29.0,Paid
INV0002795,CUST00380,SUB00380,2025-03-28,2025-04-12,29.0,Paid
INV0002796,CUST00380,SUB00380,2025-04-28,2025-05-13,29.0,Paid
INV0002797,CUST00380,SUB00380,2025-05-28,2025-06-12,29.0,Paid
INV0002798,CUST00380,SUB00380,2025-06-28,2025-07-13,29.0,Paid
INV0002799,CUST00380,SUB00380,2025-07-28,2025-08-12,29.0,Paid
INV0002800,CUST00380,SUB00380,2025-08-28,2025-09-12,29.0,Paid
INV0002801,CUST00380,SUB00380,2025-09-28,2025-10-13,29.0,Paid
INV0002802,CUST00381,SUB00381,2025-03-01,2025-03-16,79.0,Paid
INV0002803,CUST00381,SUB00381,2025-04-01,2025-04-16,79.0,Paid
INV0002804,CUST00381,SUB00381,2025-05-01,2025-05-16,79.0,Paid
INV0002805,CUST00381,SUB00381,2025-06-01,2025-06-16,79.0,Paid
INV0002806,CUST00381,SUB00381,2025-07-01,2025-07-16,79.0,Paid
INV0002807,CUST00381,SUB00381,2025-08-01,2025-08-16,79.0,Paid
INV0002808,CUST00381,SUB00381,2025-09-01,2025-09-16,79.0,Paid
INV0002809,CUST00381,SUB00381,2025-10-01,2025-10-16,79.0,Paid
INV0002810,CUST00381,SUB00381,2025-11-01,2025-11-16,79.0,Paid
INV0002811,CUST00381,SUB00381,2025-12-01,2025-12-16,79.0,Paid
INV0002812,CUST00382,SUB00382,2024-11-16,2024-12-01,79.0,Paid
INV0002813,CUST00382,SUB00382,2024-12-16,2024-12-31,79.0,Paid
INV0002814,CUST00382,SUB00382,2025-01-16,2025-01-31,79.0,Paid
INV0002815,CUST00382,SUB00382,2025-02-16,2025-03-03,79.0,Paid
INV0002816,CUST00382,SUB00382,2025-03-16,2025-03-31,79.0,Paid
INV0002817,CUST00382,SUB00382,2025-04-16,2025-05-01,79.0,Paid
INV0002818,CUST00382,SUB00382,2025-05-16,2025-05-31,79.0,Paid
INV0002819,CUST00382,SUB00382,2025-06-16,2025-07-01,79.0,Paid
INV0002820,CUST00382,SUB00382,2025-07-16,2025-07-31,79.0,Paid
INV0002821,CUST00382,SUB00382,2025-08-16,2025-08-31,79.0,Paid
INV0002822,CUST00382,SUB00382,2025-09-16,2025-10-01,79.0,Paid
INV0002823,CUST00382,SUB00382,2025-10-16,2025-10-31,79.0,Paid
INV0002824,CUST00383,SUB00383,2025-02-12,2025-02-27,79.0,Paid
INV0002825,CUST00383,SUB00383,2025-03-12,2025-03-27,79.0,Paid
INV0002826,CUST00383,SUB00383,2025-04-12,2025-04-27,79.0,Paid
INV0002827,CUST00383,SUB00383,2025-05-12,2025-05-27,79.0,Paid
INV0002828,CUST00383,SUB00383,2025-06-12,2025-06-27,79.0,Paid
INV0002829,CUST00383,SUB00383,2025-07-12,2025-07-27,79.0,Paid
INV0002830,CUST00383,SUB00383,2025-08-12,2025-08-27,79.0,Paid
INV0002831,CUST00383,SUB00383,2025-09-12,2025-09-27,79.0,Paid
INV0002832,CUST00383,SUB00383,2025-10-12,2025-10-27,79.0,Overdue
INV0002833,CUST00383,SUB00383,2025-11-12,2025-11-27,79.0,Overdue
INV0002834,CUST00383,SUB00383,2025-12-12,2025-12-27,79.0,Paid
INV0002835,CUST00384,SUB00384,2024-11-22,2024-12-07,79.0,Paid
INV0002836,CUST00384,SUB00384,2024-12-22,2025-01-06,79.0,Paid
INV0002837,CUST00384,SUB00384,2025-01-22,2025-02-06,79.0,Paid
INV0002838,CUST00384,SUB00384,2025-02-22,2025-03-09,79.0,Overdue
INV0002839,CUST00384,SUB00384,2025-03-22,2025-04-06,79.0,Paid
INV0002840,CUST00384,SUB00384,2025-04-22,2025-05-07,79.0,Paid
INV0002841,CUST00384,SUB00384,2025-05-22,2025-06-06,79.0,Paid
INV0002842,CUST00384,SUB00384,2025-06-22,2025-07-07,79.0,Paid
INV0002843,CUST00384,SUB00384,2025-07-22,2025-08-06,79.0,Paid
INV0002844,CUST00384,SUB00384,2025-08-22,2025-09-06,199.0,Paid
INV0002845,CUST00384,SUB00384,2025-09-22,2025-10-07,199.0,Paid
INV0002846,CUST00384,SUB00384,2025-10-22,2025-11-06,199.0,Paid
INV0002847,CUST00385,SUB00385,2024-05-24,2024-06-08,29.0,Paid
INV0002848,CUST00385,SUB00385,2024-06-24,2024-07-09,29.0,Paid
INV0002849,CUST00385,SUB00385,2024-07-24,2024-08-08,29.0,Paid
INV0002850,CUST00385,SUB00385,2024-08-24,2024-09-08,29.0,Pending
INV0002851,CUST00385,SUB00385,2024-09-24,2024-10-09,29.0,Paid
INV0002852,CUST00385,SUB00385,2024-10-24,2024-11-08,29.0,Paid
INV0002853,CUST00385,SUB00385,2024-11-24,2024-12-09,29.0,Overdue
INV0002854,CUST00385,SUB00385,2024-12-24,2025-01-08,79.0,Paid
INV0002855,CUST00385,SUB00385,2025-01-24,2025-02-08,79.0,Paid
INV0002856,CUST00385,SUB00385,2025-02-24,2025-03-11,79.0,Paid
INV0002857,CUST00385,SUB00385,2025-03-24,2025-04-08,79.0,Paid
INV0002858,CUST00385,SUB00385,2025-04-24,2025-05-09,79.0,Paid
INV0002859,CUST00386,SUB00386,2024-09-11,2024-09-26,805.8,Paid
INV0002860,CUST00387,SUB00387,2024-07-13,2024-07-28,29.0,Paid
INV0002861,CUST00387,SUB00387,2024-08-13,2024-08-28,29.0,Paid
INV0002862,CUST00387,SUB00387,2024-09-13,2024-09-28,29.0,Pending
INV0002863,CUST00387,SUB00387,2024-10-13,2024-10-28,29.0,Paid
INV0002864,CUST00387,SUB00387,2024-11-13,2024-11-28,29.0,Paid
INV0002865,CUST00387,SUB00387,2024-12-13,2024-12-28,29.0,Paid
INV0002866,CUST00387,SUB00387,2025-01-13,2025-01-28,29.0,Paid
INV0002867,CUST00387,SUB00387,2025-02-13,2025-02-28,29.0,Paid
INV0002868,CUST00387,SUB00387,2025-03-13,2025-03-28,29.0,Paid
INV0002869,CUST00387,SUB00387,2025-04-13,2025-04-28,29.0,Paid
INV0002870,CUST00387,SUB00387,2025-05-13,2025-05-28,29.0,Paid
INV0002871,CUST00387,SUB00387,2025-06-13,2025-06-28,29.0,Paid
INV0002872,CUST00387,SUB00387,2025-07-13,2025-07-28,29.0,Paid
INV0002873,CUST00387,SUB00387,2025-08-13,2025-08-28,29.0,Paid
INV0002874,CUST00387,SUB00387,2025-09-13,2025-09-28,29.0,Paid
INV0002875,CUST00387,SUB00387,2025-10-13,2025-10-28,29.0,Overdue
INV0002876,CUST00387,SUB00387,2025-11-13,2025-11-28,29.0,Overdue
INV0002877,CUST00387,SUB00387,2025-12-13,2025-12-28,29.0,Paid
INV0002878,CUST00388,SUB00388,2025-05-25,2025-06-09,805.8,Paid
INV0002879,CUST00389,SUB00389,2025-06-01,2025-06-16,79.0,Paid
INV0002880,CUST00389,SUB00389,2025-07-01,2025-07-16,79.0,Paid
INV0002881,CUST00389,SUB00389,2025-08-01,2025-08-16,79.0,Paid
INV0002882,CUST00389,SUB00389,2025-09-01,2025-09-16,79.0,Paid
INV0002883,CUST00389,SUB00389,2025-10-01,2025-10-16,79.0,Pending
INV0002884,CUST00389,SUB00389,2025-11-01,2025-11-16,79.0,Paid
INV0002885,CUST00389,SUB00389,2025-12-01,2025-12-16,79.0,Paid
INV0002886,CUST00390,SUB00390,2024-02-19,2024-03-05,79.0,Paid
INV0002887,CUST00390,SUB00390,2024-03-19,2024-04-03,79.0,Paid
INV0002888,CUST00390,SUB00390,2024-04-19,2024-05-04,79.0,Overdue
INV0002889,CUST00390,SUB00390,2024-05-19,2024-06-03,79.0,Paid
INV0002890,CUST00390,SUB00390,2024-06-19,2024-07-04,79.0,Paid
INV0002891,CUST00390,SUB00390,2024-07-19,2024-08-03,79.0,Paid
INV0002892,CUST00390,SUB00390,2024-08-19,2024-09-03,79.0,Paid
INV0002893,CUST00390,SUB00390,2024-09-19,2024-10-04,79.0,Paid
INV0002894,CUST00390,SUB00390,2024-10-19,2024-11-03,79.0,Paid
INV0002895,CUST00390,SUB00390,2024-11-19,2024-12-04,79.0,Paid
INV0002896,CUST00390,SUB00390,2024-12-19,2025-01-03,79.0,Paid
INV0002897,CUST00390,SUB00390,2025-01-19,2025-02-03,79.0,Paid
INV0002898,CUST00391,SUB00391,2024-10-19,2024-11-03,805.8,Paid
INV0002899,CUST00391,SUB00391,2025-10-19,2025-11-03,805.8,Pending
INV0002900,CUST00392,SUB00392,2024-09-27,2024-10-12,29.0,Overdue
INV0002901,CUST00392,SUB00392,2024-10-27,2024-11-11,29.0,Paid
INV0002902,CUST00392,SUB00392,2024-11-27,2024-12-12,29.0,Paid
INV0002903,CUST00392,SUB00392,2024-12-27,2025-01-11,29.0,Paid
INV0002904,CUST00392,SUB00392,2025-01-27,2025-02-11,29.0,Paid
INV0002905,CUST00392,SUB00392,2025-02-27,2025-03-14,29.0,Paid
INV0002906,CUST00392,SUB00392,2025-03-27,2025-04-11,29.0,Paid
INV0002907,CUST00392,SUB00392,2025-04-27,2025-05-12,29.0,Paid
INV0002908,CUST00392,SUB00392,2025-05-27,2025-06-11,29.0,Paid
INV0002909,CUST00392,SUB00392,2025-06-27,2025-07-12,29.0,Overdue
INV0002910,CUST00392,SUB00392,2025-07-27,2025-08-11,29.0,Paid
INV0002911,CUST00392,SUB00392,2025-08-27,2025-09-11,29.0,Pending
INV0002912,CUST00393,SUB00393,2025-02-14,2025-03-01,79.0,Paid
INV0002913,CUST00393,SUB00393,2025-03-14,2025-03-29,79.0,Paid
INV0002914,CUST00393,SUB00393,2025-04-14,2025-04-29,79.0,Paid
INV0002915,CUST00393,SUB00393,2025-05-14,2025-05-29,79.0,Paid
INV0002916,CUST00393,SUB00393,2025-06-14,2025-06-29,79.0,Paid
INV0002917,CUST00393,SUB00393,2025-07-14,2025-07-29,79.0,Paid
INV0002918,CUST00393,SUB00393,2025-08-14,2025-08-29,79.0,Paid
INV0002919,CUST00393,SUB00393,2025-09-14,2025-09-29,79.0,Paid
INV0002920,CUST00393,SUB00393,2025-10-14,2025-10-29,79.0,Paid
INV0002921,CUST00393,SUB00393,2025-11-14,2025-11-29,79.0,Paid
INV0002922,CUST00393,SUB00393,2025-12-14,2025-12-29,79.0,Paid
INV0002923,CUST00394,SUB00394,2024-03-16,2024-03-31,79.0,Paid
INV0002924,CUST00394,SUB00394,2024-04-16,2024-05-01,79.0,Overdue
INV0002925,CUST00394,SUB00394,2024-05-16,2024-05-31,79.0,Paid
INV0002926,CUST00394,SUB00394,2024-06-16,2024-07-01,79.0,Paid
INV0002927,CUST00394,SUB00394,2024-07-16,2024-07-31,79.0,Paid
INV0002928,CUST00394,SUB00394,2024-08-16,2024-08-31,79.0,Paid
INV0002929,CUST00394,SUB00394,2024-09-16,2024-10-01,79.0,Paid
INV0002930,CUST00394,SUB00394,2024-10-16,2024-10-31,79.0,Paid
INV0002931,CUST00394,SUB00394,2024-11-16,2024-12-01,79.0,Paid
INV0002932,CUST00394,SUB00394,2024-12-16,2024-12-31,79.0,Paid
INV0002933,CUST00394,SUB00394,2025-01-16,2025-01-31,79.0,Paid
INV0002934,CUST00394,SUB00394,2025-02-16,2025-03-03,79.0,Paid
INV0002935,CUST00394,SUB00394,2025-03-16,2025-03-31,79.0,Paid
INV0002936,CUST00394,SUB00394,2025-04-16,2025-05-01,79.0,Paid
INV0002937,CUST00394,SUB00394,2025-05-16,2025-05-31,79.0,Paid
INV0002938,CUST00394,SUB00394,2025-06-16,2025-07-01,79.0,Paid
INV0002939,CUST00394,SUB00394,2025-07-16,2025-07-31,79.0,Paid
INV0002940,CUST00394,SUB00394,2025-08-16,2025-08-31,79.0,Paid
INV0002941,CUST00395,SUB00395,2025-09-30,2025-10-15,199.0,Overdue
INV0002942,CUST00395,SUB00395,2025-10-30,2025-11-14,199.0,Paid
INV0002943,CUST00395,SUB00395,2025-11-30,2025-12-15,199.0,Paid
INV0002944,CUST00395,SUB00395,2025-12-30,2026-01-14,199.0,Paid
INV0002945,CUST00396,SUB00396,2025-02-07,2025-02-22,295.8,Paid
INV0002946,CUST00397,SUB00397,2024-05-27,2024-06-11,79.0,Overdue
INV0002947,CUST00397,SUB00397,2024-06-27,2024-07-12,79.0,Paid
INV0002948,CUST00397,SUB00397,2024-07-27,2024-08-11,79.0,Overdue
INV0002949,CUST00397,SUB00397,2024-08-27,2024-09-11,79.0,Paid
INV0002950,CUST00397,SUB00397,2024-09-27,2024-10-12,79.0,Overdue
INV0002951,CUST00397,SUB00397,2024-10-27,2024-11-11,79.0,Paid
INV0002952,CUST00397,SUB00397,2024-11-27,2024-12-12,79.0,Overdue
INV0002953,CUST00397,SUB00397,2024-12-27,2025-01-11,79.0,Paid
INV0002954,CUST00397,SUB00397,2025-01-27,2025-02-11,79.0,Paid
INV0002955,CUST00397,SUB00397,2025-02-27,2025-03-14,79.0,Paid
INV0002956,CUST00397,SUB00397,2025-03-27,2025-04-11,79.0,Paid
INV0002957,CUST00397,SUB00397,2025-04-27,2025-05-12,79.0,Paid
INV0002958,CUST00398,SUB00398,2024-02-16,2024-03-02,2029.8,Paid
INV0002959,CUST00398,SUB00398,2025-02-16,2025-03-03,2029.8,Paid
INV0002960,CUST00399,SUB00399,2025-06-15,2025-06-30,29.0,Paid
INV0002961,CUST00399,SUB00399,2025-07-15,2025-07-30,29.0,Pending
INV0002962,CUST00399,SUB00399,2025-08-15,2025-08-30,29.0,Paid
INV0002963,CUST00399,SUB00399,2025-09-15,2025-09-30,29.0,Overdue
INV0002964,CUST00399,SUB00399,2025-10-15,2025-10-30,29.0,Paid
INV0002965,CUST00399,SUB00399,2025-11-15,2025-11-30,29.0,Paid
INV0002966,CUST00399,SUB00399,2025-12-15,2025-12-30,29.0,Paid
INV0002967,CUST00400,SUB00400,2024-12-01,2024-12-16,199.0,Overdue
INV0002968,CUST00400,SUB00400,2025-01-01,2025-01-16,199.0,Paid
INV0002969,CUST00400,SUB00400,2025-02-01,2025-02-16,199.0,Overdue
INV0002970,CUST00400,SUB00400,2025-03-01,2025-03-16,199.0,Paid
INV0002971,CUST00400,SUB00400,2025-04-01,2025-04-16,199.0,Paid
INV0002972,CUST00400,SUB00400,2025-05-01,2025-05-16,199.0,Paid
INV0002973,CUST00401,SUB00401,2025-08-30,2025-09-14,199.0,Paid
INV0002974,CUST00401,SUB00401,2025-09-30,2025-10-15,199.0,Paid
INV0002975,CUST00401,SUB00401,2025-10-30,2025-11-14,199.0,Paid
INV0002976,CUST00401,SUB00401,2025-11-30,2025-12-15,199.0,Pending
INV0002977,CUST00401,SUB00401,2025-12-30,2026-01-14,199.0,Paid
INV0002978,CUST00402,SUB00402,2025-12-26,2026-01-10,295.8,Paid
INV0002979,CUST00403,SUB00403,2024-12-05,2024-12-20,805.8,Paid
INV0002980,CUST00404,SUB00404,2025-09-03,2025-09-18,79.0,Paid
INV0002981,CUST00404,SUB00404,2025-10-03,2025-10-18,79.0,Paid
INV0002982,CUST00404,SUB00404,2025-11-03,2025-11-18,79.0,Pending
INV0002983,CUST00405,SUB00405,2024-02-22,2024-03-08,295.8,Paid
INV0002984,CUST00406,SUB00406,2024-05-31,2024-06-15,805.8,Paid
INV0002985,CUST00406,SUB00406,2025-05-31,2025-06-15,805.8,Paid
INV0002986,CUST00407,SUB00407,2024-07-14,2024-07-29,79.0,Paid
INV0002987,CUST00407,SUB00407,2024-08-14,2024-08-29,79.0,Paid
INV0002988,CUST00407,SUB00407,2024-09-14,2024-09-29,79.0,Paid
INV0002989,CUST00407,SUB00407,2024-10-14,2024-10-29,79.0,Paid
INV0002990,CUST00407,SUB00407,2024-11-14,2024-11-29,79.0,Paid
INV0002991,CUST00407,SUB00407,2024-12-14,2024-12-29,79.0,Paid
INV0002992,CUST00407,SUB00407,2025-01-14,2025-01-29,79.0,Paid
INV0002993,CUST00407,SUB00407,2025-02-14,2025-03-01,79.0,Paid
INV0002994,CUST00407,SUB00407,2025-03-14,2025-03-29,79.0,Paid
INV0002995,CUST00407,SUB00407,2025-04-14,2025-04-29,79.0,Paid
INV0002996,CUST00407,SUB00407,2025-05-14,2025-05-29,79.0,Paid
INV0002997,CUST00407,SUB00407,2025-06-14,2025-06-29,79.0,Paid
INV0002998,CUST00407,SUB00407,2025-07-14,2025-07-29,79.0,Paid
INV0002999,CUST00407,SUB00407,2025-08-14,2025-08-29,79.0,Paid
INV0003000,CUST00407,SUB00407,2025-09-14,2025-09-29,79.0,Paid
INV0003001,CUST00407,SUB00407,2025-10-14,2025-10-29,79.0,Paid
INV0003002,CUST00407,SUB00407,2025-11-14,2025-11-29,79.0,Paid
INV0003003,CUST00407,SUB00407,2025-12-14,2025-12-29,79.0,Paid
INV0003004,CUST00408,SUB00408,2025-12-08,2025-12-23,79.0,Paid
INV0003005,CUST00409,SUB00409,2024-03-04,2024-03-19,79.0,Paid
INV0003006,CUST00409,SUB00409,2024-04-04,2024-04-19,79.0,Paid
INV0003007,CUST00409,SUB00409,2024-05-04,2024-05-19,79.0,Paid
INV0003008,CUST00410,SUB00410,2025-11-09,2025-11-24,79.0,Paid
INV0003009,CUST00410,SUB00410,2025-12-09,2025-12-24,79.0,Overdue
INV0003010,CUST00411,SUB00411,2025-04-15,2025-04-30,29.0,Paid
INV0003011,CUST00411,SUB00411,2025-05-15,2025-05-30,29.0,Paid
INV0003012,CUST00411,SUB00411,2025-06-15,2025-06-30,29.0,Paid
INV0003013,CUST00411,SUB00411,2025-07-15,2025-07-30,29.0,Paid
INV0003014,CUST00411,SUB00411,2025-08-15,2025-08-30,29.0,Pending
INV0003015,CUST00411,SUB00411,2025-09-15,2025-09-30,29.0,Paid
INV0003016,CUST00411,SUB00411,2025-10-15,2025-10-30,29.0,Paid
INV0003017,CUST00411,SUB00411,2025-11-15,2025-11-30,29.0,Paid
INV0003018,CUST00411,SUB00411,2025-12-15,2025-12-30,29.0,Paid
INV0003019,CUST00412,SUB00412,2025-09-16,2025-10-01,29.0,Paid
INV0003020,CUST00412,SUB00412,2025-10-16,2025-10-31,29.0,Paid
INV0003021,CUST00412,SUB00412,2025-11-16,2025-12-01,29.0,Paid
INV0003022,CUST00412,SUB00412,2025-12-16,2025-12-31,29.0,Paid
INV0003023,CUST00413,SUB00413,2024-08-18,2024-09-02,79.0,Paid
INV0003024,CUST00413,SUB00413,2024-09-18,2024-10-03,79.0,Paid
INV0003025,CUST00413,SUB00413,2024-10-18,2024-11-02,79.0,Paid
INV0003026,CUST00413,SUB00413,2024-11-18,2024-12-03,79.0,Paid
INV0003027,CUST00413,SUB00413,2024-12-18,2025-01-02,79.0,Paid
INV0003028,CUST00413,SUB00413,2025-01-18,2025-02-02,79.0,Paid
INV0003029,CUST00414,SUB00414,2025-12-07,2025-12-22,79.0,Paid
INV0003030,CUST00415,SUB00415,2024-10-21,2024-11-05,29.0,Overdue
INV0003031,CUST00415,SUB00415,2024-11-21,2024-12-06,29.0,Overdue
INV0003032,CUST00415,SUB00415,2024-12-21,2025-01-05,29.0,Paid
INV0003033,CUST00415,SUB00415,2025-01-21,2025-02-05,29.0,Paid
INV0003034,CUST00415,SUB00415,2025-02-21,2025-03-08,29.0,Paid
INV0003035,CUST00415,SUB00415,2025-03-21,2025-04-05,29.0,Paid
INV0003036,CUST00415,SUB00415,2025-04-21,2025-05-06,29.0,Paid
INV0003037,CUST00415,SUB00415,2025-05-21,2025-06-05,29.0,Paid
INV0003038,CUST00415,SUB00415,2025-06-21,2025-07-06,29.0,Paid
INV0003039,CUST00415,SUB00415,2025-07-21,2025-08-05,29.0,Paid
INV0003040,CUST00415,SUB00415,2025-08-21,2025-09-05,29.0,Paid
INV0003041,CUST00415,SUB00415,2025-09-21,2025-10-06,29.0,Paid
INV0003042,CUST00416,SUB00416,2024-12-19,2025-01-03,29.0,Paid
INV0003043,CUST00416,SUB00416,2025-01-19,2025-02-03,29.0,Paid
INV0003044,CUST00416,SUB00416,2025-02-19,2025-03-06,29.0,Paid
INV0003045,CUST00416,SUB00416,2025-03-19,2025-04-03,29.0,Paid
INV0003046,CUST00416,SUB00416,2025-04-19,2025-05-04,29.0,Paid
INV0003047,CUST00416,SUB00416,2025-05-19,2025-06-03,29.0,Paid
INV0003048,CUST00416,SUB00416,2025-06-19,2025-07-04,29.0,Overdue
INV0003049,CUST00416,SUB00416,2025-07-19,2025-08-03,29.0,Paid
INV0003050,CUST00416,SUB00416,2025-08-19,2025-09-03,29.0,Paid
INV0003051,CUST00416,SUB00416,2025-09-19,2025-10-04,29.0,Paid
INV0003052,CUST00416,SUB00416,2025-10-19,2025-11-03,29.0,Paid
INV0003053,CUST00416,SUB00416,2025-11-19,2025-12-04,29.0,Paid
INV0003054,CUST00416,SUB00416,2025-12-19,2026-01-03,29.0,Paid
INV0003055,CUST00417,SUB00417,2024-10-21,2024-11-05,295.8,Paid
INV0003056,CUST00418,SUB00418,2025-11-02,2025-11-17,295.8,Paid
INV0003057,CUST00419,SUB00419,2025-07-29,2025-08-13,29.0,Paid
INV0003058,CUST00419,SUB00419,2025-08-29,2025-09-13,29.0,Paid
INV0003059,CUST00419,SUB00419,2025-09-29,2025-10-14,29.0,Paid
INV0003060,CUST00419,SUB00419,2025-10-29,2025-11-13,29.0,Paid
INV0003061,CUST00419,SUB00419,2025-11-29,2025-12-14,29.0,Paid
INV0003062,CUST00419,SUB00419,2025-12-29,2026-01-13,29.0,Paid
INV0003063,CUST00420,SUB00420,2024-09-05,2024-09-20,199.0,Paid
INV0003064,CUST00420,SUB00420,2024-10-05,2024-10-20,199.0,Paid
INV0003065,CUST00420,SUB00420,2024-11-05,2024-11-20,199.0,Paid
INV0003066,CUST00421,SUB00421,2024-02-23,2024-03-09,29.0,Paid
INV0003067,CUST00421,SUB00421,2024-03-23,2024-04-07,29.0,Paid
INV0003068,CUST00421,SUB00421,2024-04-23,2024-05-08,29.0,Paid
INV0003069,CUST00421,SUB00421,2024-05-23,2024-06-07,29.0,Paid
INV0003070,CUST00421,SUB00421,2024-06-23,2024-07-08,29.0,Paid
INV0003071,CUST00421,SUB00421,2024-07-23,2024-08-07,29.0,Paid
INV0003072,CUST00421,SUB00421,2024-08-23,2024-09-07,29.0,Paid
INV0003073,CUST00421,SUB00421,2024-09-23,2024-10-08,29.0,Paid
INV0003074,CUST00421,SUB00421,2024-10-23,2024-11-07,29.0,Overdue
INV0003075,CUST00421,SUB00421,2024-11-23,2024-12-08,29.0,Paid
INV0003076,CUST00421,SUB00421,2024-12-23,2025-01-07,29.0,Paid
INV0003077,CUST00421,SUB00421,2025-01-23,2025-02-07,29.0,Overdue
INV0003078,CUST00421,SUB00421,2025-02-23,2025-03-10,29.0,Paid
INV0003079,CUST00421,SUB00421,2025-03-23,2025-04-07,29.0,Paid
INV0003080,CUST00421,SUB00421,2025-04-23,2025-05-08,29.0,Overdue
INV0003081,CUST00421,SUB00421,2025-05-23,2025-06-07,29.0,Paid
INV0003082,CUST00421,SUB00421,2025-06-23,2025-07-08,29.0,Paid
INV0003083,CUST00421,SUB00421,2025-07-23,2025-08-07,29.0,Paid
INV0003084,CUST00422,SUB00422,2025-11-28,2025-12-13,79.0,Paid
INV0003085,CUST00422,SUB00422,2025-12-28,2026-01-12,79.0,Paid
INV0003086,CUST00423,SUB00423,2025-02-20,2025-03-07,2029.8,Paid
INV0003087,CUST00424,SUB00424,2024-10-21,2024-11-05,29.0,Paid
INV0003088,CUST00424,SUB00424,2024-11-21,2024-12-06,29.0,Paid
INV0003089,CUST00424,SUB00424,2024-12-21,2025-01-05,29.0,Paid
INV0003090,CUST00424,SUB00424,2025-01-21,2025-02-05,29.0,Paid
INV0003091,CUST00424,SUB00424,2025-02-21,2025-03-08,29.0,Paid
INV0003092,CUST00424,SUB00424,2025-03-21,2025-04-05,29.0,Paid
INV0003093,CUST00424,SUB00424,2025-04-21,2025-05-06,29.0,Paid
INV0003094,CUST00424,SUB00424,2025-05-21,2025-06-05,29.0,Paid
INV0003095,CUST00424,SUB00424,2025-06-21,2025-07-06,29.0,Overdue
INV0003096,CUST00424,SUB00424,2025-07-21,2025-08-05,29.0,Paid
INV0003097,CUST00424,SUB00424,2025-08-21,2025-09-05,29.0,Paid
INV0003098,CUST00424,SUB00424,2025-09-21,2025-10-06,29.0,Paid
INV0003099,CUST00424,SUB00424,2025-10-21,2025-11-05,29.0,Paid
INV0003100,CUST00424,SUB00424,2025-11-21,2025-12-06,29.0,Paid
INV0003101,CUST00424,SUB00424,2025-12-21,2026-01-05,29.0,Paid
INV0003102,CUST00425,SUB00425,2025-10-29,2025-11-13,199.0,Paid
INV0003103,CUST00425,SUB00425,2025-11-29,2025-12-14,199.0,Paid
INV0003104,CUST00425,SUB00425,2025-12-29,2026-01-13,199.0,Overdue
INV0003105,CUST00426,SUB00426,2024-06-28,2024-07-13,79.0,Paid
INV0003106,CUST00426,SUB00426,2024-07-28,2024-08-12,79.0,Paid
INV0003107,CUST00426,SUB00426,2024-08-28,2024-09-12,79.0,Paid
INV0003108,CUST00427,SUB00427,2025-02-10,2025-02-25,805.8,Paid
INV0003109,CUST00428,SUB00428,2024-02-08,2024-02-23,199.0,Paid
INV0003110,CUST00428,SUB00428,2024-03-08,2024-03-23,199.0,Paid
INV0003111,CUST00428,SUB00428,2024-04-08,2024-04-23,199.0,Paid
INV0003112,CUST00428,SUB00428,2024-05-08,2024-05-23,199.0,Paid
INV0003113,CUST00428,SUB00428,2024-06-08,2024-06-23,199.0,Paid
INV0003114,CUST00428,SUB00428,2024-07-08,2024-07-23,199.0,Paid
INV0003115,CUST00428,SUB00428,2024-08-08,2024-08-23,199.0,Paid
INV0003116,CUST00428,SUB00428,2024-09-08,2024-09-23,199.0,Paid
INV0003117,CUST00428,SUB00428,2024-10-08,2024-10-23,199.0,Pending
INV0003118,CUST00428,SUB00428,2024-11-08,2024-11-23,199.0,Paid
INV0003119,CUST00428,SUB00428,2024-12-08,2024-12-23,199.0,Paid
INV0003120,CUST00428,SUB00428,2025-01-08,2025-01-23,199.0,Paid
INV0003121,CUST00429,SUB00429,2024-10-18,2024-11-02,29.0,Paid
INV0003122,CUST00429,SUB00429,2024-11-18,2024-12-03,29.0,Pending
INV0003123,CUST00429,SUB00429,2024-12-18,2025-01-02,29.0,Paid
INV0003124,CUST00429,SUB00429,2025-01-18,2025-02-02,29.0,Paid
INV0003125,CUST00429,SUB00429,2025-02-18,2025-03-05,29.0,Paid
INV0003126,CUST00429,SUB00429,2025-03-18,2025-04-02,29.0,Paid
INV0003127,CUST00429,SUB00429,2025-04-18,2025-05-03,29.0,Paid
INV0003128,CUST00429,SUB00429,2025-05-18,2025-06-02,29.0,Paid
INV0003129,CUST00429,SUB00429,2025-06-18,2025-07-03,29.0,Paid
INV0003130,CUST00429,SUB00429,2025-07-18,2025-08-02,29.0,Paid
INV0003131,CUST00429,SUB00429,2025-08-18,2025-09-02,29.0,Paid
INV0003132,CUST00429,SUB00429,2025-09-18,2025-10-03,29.0,Paid
INV0003133,CUST00429,SUB00429,2025-10-18,2025-11-02,29.0,Paid
INV0003134,CUST00429,SUB00429,2025-11-18,2025-12-03,29.0,Paid
INV0003135,CUST00429,SUB00429,2025-12-18,2026-01-02,29.0,Paid
INV0003136,CUST00430,SUB00430,2024-05-17,2024-06-01,79.0,Paid
INV0003137,CUST00430,SUB00430,2024-06-17,2024-07-02,79.0,Paid
INV0003138,CUST00430,SUB00430,2024-07-17,2024-08-01,79.0,Paid
INV0003139,CUST00430,SUB00430,2024-08-17,2024-09-01,79.0,Paid
INV0003140,CUST00430,SUB00430,2024-09-17,2024-10-02,79.0,Paid
INV0003141,CUST00430,SUB00430,2024-10-17,2024-11-01,79.0,Paid
INV0003142,CUST00431,SUB00431,2024-12-04,2024-12-19,79.0,Paid
INV0003143,CUST00431,SUB00431,2025-01-04,2025-01-19,79.0,Paid
INV0003144,CUST00431,SUB00431,2025-02-04,2025-02-19,79.0,Paid
INV0003145,CUST00431,SUB00431,2025-03-04,2025-03-19,79.0,Overdue
INV0003146,CUST00431,SUB00431,2025-04-04,2025-04-19,79.0,Paid
INV0003147,CUST00431,SUB00431,2025-05-04,2025-05-19,79.0,Paid
INV0003148,CUST00431,SUB00431,2025-06-04,2025-06-19,79.0,Paid
INV0003149,CUST00431,SUB00431,2025-07-04,2025-07-19,79.0,Paid
INV0003150,CUST00431,SUB00431,2025-08-04,2025-08-19,79.0,Overdue
INV0003151,CUST00431,SUB00431,2025-09-04,2025-09-19,79.0,Paid
INV0003152,CUST00431,SUB00431,2025-10-04,2025-10-19,79.0,Pending
INV0003153,CUST00431,SUB00431,2025-11-04,2025-11-19,79.0,Paid
INV0003154,CUST00431,SUB00431,2025-12-04,2025-12-19,79.0,Paid
INV0003155,CUST00432,SUB00432,2024-01-15,2024-01-30,805.8,Paid
INV0003156,CUST00433,SUB00433,2024-06-28,2024-07-13,199.0,Paid
INV0003157,CUST00433,SUB00433,2024-07-28,2024-08-12,199.0,Paid
INV0003158,CUST00433,SUB00433,2024-08-28,2024-09-12,199.0,Pending
INV0003159,CUST00433,SUB00433,2024-09-28,2024-10-13,199.0,Paid
INV0003160,CUST00433,SUB00433,2024-10-28,2024-11-12,199.0,Pending
INV0003161,CUST00433,SUB00433,2024-11-28,2024-12-13,199.0,Paid
INV0003162,CUST00433,SUB00433,2024-12-28,2025-01-12,199.0,Paid
INV0003163,CUST00433,SUB00433,2025-01-28,2025-02-12,199.0,Paid
INV0003164,CUST00433,SUB00433,2025-02-28,2025-03-15,199.0,Paid
INV0003165,CUST00433,SUB00433,2025-03-28,2025-04-12,199.0,Pending
INV0003166,CUST00433,SUB00433,2025-04-28,2025-05-13,199.0,Paid
INV0003167,CUST00433,SUB00433,2025-05-28,2025-06-12,199.0,Paid
INV0003168,CUST00433,SUB00433,2025-06-28,2025-07-13,199.0,Paid
INV0003169,CUST00433,SUB00433,2025-07-28,2025-08-12,199.0,Pending
INV0003170,CUST00433,SUB00433,2025-08-28,2025-09-12,199.0,Paid
INV0003171,CUST00433,SUB00433,2025-09-28,2025-10-13,199.0,Paid
INV0003172,CUST00433,SUB00433,2025-10-28,2025-11-12,199.0,Paid
INV0003173,CUST00433,SUB00433,2025-11-28,2025-12-13,199.0,Paid
INV0003174,CUST00433,SUB00433,2025-12-28,2026-01-12,199.0,Paid
INV0003175,CUST00434,SUB00434,2025-06-11,2025-06-26,199.0,Paid
INV0003176,CUST00434,SUB00434,2025-07-11,2025-07-26,199.0,Paid
INV0003177,CUST00434,SUB00434,2025-08-11,2025-08-26,199.0,Paid
INV0003178,CUST00434,SUB00434,2025-09-11,2025-09-26,199.0,Paid
INV0003179,CUST00434,SUB00434,2025-10-11,2025-10-26,199.0,Paid
INV0003180,CUST00434,SUB00434,2025-11-11,2025-11-26,199.0,Paid
INV0003181,CUST00434,SUB00434,2025-12-11,2025-12-26,199.0,Paid
INV0003182,CUST00435,SUB00435,2024-05-23,2024-06-07,79.0,Paid
INV0003183,CUST00435,SUB00435,2024-06-23,2024-07-08,79.0,Paid
INV0003184,CUST00435,SUB00435,2024-07-23,2024-08-07,79.0,Paid
INV0003185,CUST00435,SUB00435,2024-08-23,2024-09-07,79.0,Paid
INV0003186,CUST00435,SUB00435,2024-09-23,2024-10-08,79.0,Paid
INV0003187,CUST00435,SUB00435,2024-10-23,2024-11-07,79.0,Paid
INV0003188,CUST00435,SUB00435,2024-11-23,2024-12-08,79.0,Paid
INV0003189,CUST00435,SUB00435,2024-12-23,2025-01-07,79.0,Paid
INV0003190,CUST00435,SUB00435,2025-01-23,2025-02-07,79.0,Paid
INV0003191,CUST00435,SUB00435,2025-02-23,2025-03-10,79.0,Paid
INV0003192,CUST00435,SUB00435,2025-03-23,2025-04-07,79.0,Overdue
INV0003193,CUST00435,SUB00435,2025-04-23,2025-05-08,79.0,Paid
INV0003194,CUST00436,SUB00436,2024-08-29,2024-09-13,79.0,Paid
INV0003195,CUST00436,SUB00436,2024-09-29,2024-10-14,79.0,Paid
INV0003196,CUST00436,SUB00436,2024-10-29,2024-11-13,79.0,Paid
INV0003197,CUST00436,SUB00436,2024-11-29,2024-12-14,79.0,Paid
INV0003198,CUST00436,SUB00436,2024-12-29,2025-01-13,79.0,Paid
INV0003199,CUST00436,SUB00436,2025-01-29,2025-02-13,79.0,Paid
INV0003200,CUST00436,SUB00436,2025-02-28,2025-03-15,79.0,Paid
INV0003201,CUST00436,SUB00436,2025-03-28,2025-04-12,79.0,Paid
INV0003202,CUST00436,SUB00436,2025-04-28,2025-05-13,79.0,Paid
INV0003203,CUST00436,SUB00436,2025-05-28,2025-06-12,79.0,Paid
INV0003204,CUST00436,SUB00436,2025-06-28,2025-07-13,79.0,Overdue
INV0003205,CUST00436,SUB00436,2025-07-28,2025-08-12,79.0,Paid
INV0003206,CUST00436,SUB00436,2025-08-28,2025-09-12,79.0,Paid
INV0003207,CUST00436,SUB00436,2025-09-28,2025-10-13,79.0,Paid
INV0003208,CUST00436,SUB00436,2025-10-28,2025-11-12,79.0,Paid
INV0003209,CUST00436,SUB00436,2025-11-28,2025-12-13,79.0,Paid
INV0003210,CUST00436,SUB00436,2025-12-28,2026-01-12,79.0,Paid
INV0003211,CUST00437,SUB00437,2025-08-19,2025-09-03,199.0,Paid
INV0003212,CUST00437,SUB00437,2025-09-19,2025-10-04,199.0,Paid
INV0003213,CUST00437,SUB00437,2025-10-19,2025-11-03,199.0,Paid
INV0003214,CUST00437,SUB00437,2025-11-19,2025-12-04,199.0,Paid
INV0003215,CUST00437,SUB00437,2025-12-19,2026-01-03,199.0,Paid
INV0003216,CUST00438,SUB00438,2025-12-10,2025-12-25,295.8,Paid
INV0003217,CUST00439,SUB00439,2024-06-12,2024-06-27,199.0,Paid
INV0003218,CUST00439,SUB00439,2024-07-12,2024-07-27,199.0,Paid
INV0003219,CUST00439,SUB00439,2024-08-12,2024-08-27,199.0,Paid
INV0003220,CUST00439,SUB00439,2024-09-12,2024-09-27,199.0,Paid
INV0003221,CUST00439,SUB00439,2024-10-12,2024-10-27,199.0,Paid
INV0003222,CUST00439,SUB00439,2024-11-12,2024-11-27,199.0,Paid
INV0003223,CUST00439,SUB00439,2024-12-12,2024-12-27,199.0,Paid
INV0003224,CUST00439,SUB00439,2025-01-12,2025-01-27,199.0,Paid
INV0003225,CUST00439,SUB00439,2025-02-12,2025-02-27,199.0,Paid
INV0003226,CUST00439,SUB00439,2025-03-12,2025-03-27,199.0,Paid
INV0003227,CUST00439,SUB00439,2025-04-12,2025-04-27,199.0,Paid
INV0003228,CUST00439,SUB00439,2025-05-12,2025-05-27,199.0,Paid
INV0003229,CUST00439,SUB00439,2025-06-12,2025-06-27,199.0,Paid
INV0003230,CUST00439,SUB00439,2025-07-12,2025-07-27,199.0,Paid
INV0003231,CUST00439,SUB00439,2025-08-12,2025-08-27,199.0,Paid
INV0003232,CUST00439,SUB00439,2025-09-12,2025-09-27,199.0,Paid
INV0003233,CUST00439,SUB00439,2025-10-12,2025-10-27,199.0,Paid
INV0003234,CUST00439,SUB00439,2025-11-12,2025-11-27,199.0,Paid
INV0003235,CUST00439,SUB00439,2025-12-12,2025-12-27,199.0,Overdue
INV0003236,CUST00440,SUB00440,2025-12-07,2025-12-22,199.0,Paid
INV0003237,CUST00441,SUB00441,2024-08-12,2024-08-27,295.8,Paid
INV0003238,CUST00441,SUB00441,2025-08-12,2025-08-27,295.8,Paid
INV0003239,CUST00442,SUB00442,2025-03-01,2025-03-16,199.0,Paid
INV0003240,CUST00442,SUB00442,2025-04-01,2025-04-16,199.0,Paid
INV0003241,CUST00442,SUB00442,2025-05-01,2025-05-16,199.0,Overdue
INV0003242,CUST00442,SUB00442,2025-06-01,2025-06-16,199.0,Paid
INV0003243,CUST00442,SUB00442,2025-07-01,2025-07-16,199.0,Paid
INV0003244,CUST00442,SUB00442,2025-08-01,2025-08-16,199.0,Paid
INV0003245,CUST00442,SUB00442,2025-09-01,2025-09-16,199.0,Paid
INV0003246,CUST00442,SUB00442,2025-10-01,2025-10-16,199.0,Paid
INV0003247,CUST00442,SUB00442,2025-11-01,2025-11-16,199.0,Paid
INV0003248,CUST00442,SUB00442,2025-12-01,2025-12-16,199.0,Paid
INV0003249,CUST00443,SUB00443,2024-09-10,2024-09-25,79.0,Paid
INV0003250,CUST00443,SUB00443,2024-10-10,2024-10-25,79.0,Paid
INV0003251,CUST00443,SUB00443,2024-11-10,2024-11-25,79.0,Paid
INV0003252,CUST00444,SUB00444,2025-06-22,2025-07-07,199.0,Paid
INV0003253,CUST00444,SUB00444,2025-07-22,2025-08-06,199.0,Paid
INV0003254,CUST00444,SUB00444,2025-08-22,2025-09-06,199.0,Paid
INV0003255,CUST00444,SUB00444,2025-09-22,2025-10-07,199.0,Paid
INV0003256,CUST00444,SUB00444,2025-10-22,2025-11-06,199.0,Paid
INV0003257,CUST00444,SUB00444,2025-11-22,2025-12-07,199.0,Paid
INV0003258,CUST00444,SUB00444,2025-12-22,2026-01-06,199.0,Paid
INV0003259,CUST00445,SUB00445,2024-03-04,2024-03-19,79.0,Paid
INV0003260,CUST00445,SUB00445,2024-04-04,2024-04-19,79.0,Paid
INV0003261,CUST00445,SUB00445,2024-05-04,2024-05-19,79.0,Paid
INV0003262,CUST00445,SUB00445,2024-06-04,2024-06-19,79.0,Paid
INV0003263,CUST00445,SUB00445,2024-07-04,2024-07-19,79.0,Paid
INV0003264,CUST00445,SUB00445,2024-08-04,2024-08-19,79.0,Paid
INV0003265,CUST00445,SUB00445,2024-09-04,2024-09-19,79.0,Paid
INV0003266,CUST00445,SUB00445,2024-10-04,2024-10-19,79.0,Paid
INV0003267,CUST00445,SUB00445,2024-11-04,2024-11-19,79.0,Paid
INV0003268,CUST00445,SUB00445,2024-12-04,2024-12-19,79.0,Paid
INV0003269,CUST00445,SUB00445,2025-01-04,2025-01-19,79.0,Paid
INV0003270,CUST00445,SUB00445,2025-02-04,2025-02-19,79.0,Paid
INV0003271,CUST00445,SUB00445,2025-03-04,2025-03-19,79.0,Paid
INV0003272,CUST00445,SUB00445,2025-04-04,2025-04-19,79.0,Paid
INV0003273,CUST00445,SUB00445,2025-05-04,2025-05-19,79.0,Paid
INV0003274,CUST00445,SUB00445,2025-06-04,2025-06-19,79.0,Paid
INV0003275,CUST00445,SUB00445,2025-07-04,2025-07-19,79.0,Paid
INV0003276,CUST00445,SUB00445,2025-08-04,2025-08-19,79.0,Paid
INV0003277,CUST00445,SUB00445,2025-09-04,2025-09-19,79.0,Overdue
INV0003278,CUST00445,SUB00445,2025-10-04,2025-10-19,79.0,Paid
INV0003279,CUST00445,SUB00445,2025-11-04,2025-11-19,79.0,Paid
INV0003280,CUST00445,SUB00445,2025-12-04,2025-12-19,79.0,Paid
INV0003281,CUST00446,SUB00446,2024-06-17,2024-07-02,295.8,Paid
INV0003282,CUST00446,SUB00446,2025-06-17,2025-07-02,295.8,Paid
INV0003283,CUST00447,SUB00447,2025-08-20,2025-09-04,29.0,Paid
INV0003284,CUST00447,SUB00447,2025-09-20,2025-10-05,29.0,Overdue
INV0003285,CUST00447,SUB00447,2025-10-20,2025-11-04,29.0,Paid
INV0003286,CUST00447,SUB00447,2025-11-20,2025-12-05,29.0,Paid
INV0003287,CUST00447,SUB00447,2025-12-20,2026-01-04,29.0,Paid
INV0003288,CUST00448,SUB00448,2025-04-09,2025-04-24,29.0,Paid
INV0003289,CUST00448,SUB00448,2025-05-09,2025-05-24,29.0,Paid
INV0003290,CUST00448,SUB00448,2025-06-09,2025-06-24,29.0,Paid
INV0003291,CUST00448,SUB00448,2025-07-09,2025-07-24,29.0,Paid
INV0003292,CUST00448,SUB00448,2025-08-09,2025-08-24,29.0,Paid
INV0003293,CUST00448,SUB00448,2025-09-09,2025-09-24,29.0,Paid
INV0003294,CUST00448,SUB00448,2025-10-09,2025-10-24,29.0,Paid
INV0003295,CUST00448,SUB00448,2025-11-09,2025-11-24,29.0,Paid
INV0003296,CUST00448,SUB00448,2025-12-09,2025-12-24,29.0,Paid
INV0003297,CUST00449,SUB00449,2025-07-26,2025-08-10,79.0,Paid
INV0003298,CUST00449,SUB00449,2025-08-26,2025-09-10,79.0,Paid
INV0003299,CUST00449,SUB00449,2025-09-26,2025-10-11,79.0,Paid
INV0003300,CUST00449,SUB00449,2025-10-26,2025-11-10,79.0,Paid
INV0003301,CUST00449,SUB00449,2025-11-26,2025-12-11,79.0,Paid
INV0003302,CUST00449,SUB00449,2025-12-26,2026-01-10,79.0,Paid
INV0003303,CUST00450,SUB00450,2025-02-09,2025-02-24,79.0,Paid
INV0003304,CUST00450,SUB00450,2025-03-09,2025-03-24,79.0,Paid
INV0003305,CUST00450,SUB00450,2025-04-09,2025-04-24,79.0,Paid
INV0003306,CUST00450,SUB00450,2025-05-09,2025-05-24,79.0,Paid
INV0003307,CUST00450,SUB00450,2025-06-09,2025-06-24,79.0,Paid
INV0003308,CUST00450,SUB00450,2025-07-09,2025-07-24,79.0,Paid
INV0003309,CUST00450,SUB00450,2025-08-09,2025-08-24,79.0,Overdue
INV0003310,CUST00450,SUB00450,2025-09-09,2025-09-24,79.0,Paid
INV0003311,CUST00450,SUB00450,2025-10-09,2025-10-24,79.0,Paid
INV0003312,CUST00450,SUB00450,2025-11-09,2025-11-24,79.0,Paid
INV0003313,CUST00450,SUB00450,2025-12-09,2025-12-24,79.0,Paid
INV0003314,CUST00451,SUB00451,2024-02-16,2024-03-02,805.8,Paid
INV0003315,CUST00452,SUB00452,2024-03-11,2024-03-26,199.0,Paid
INV0003316,CUST00452,SUB00452,2024-04-11,2024-04-26,199.0,Paid
INV0003317,CUST00452,SUB00452,2024-05-11,2024-05-26,199.0,Paid
INV0003318,CUST00452,SUB00452,2024-06-11,2024-06-26,199.0,Paid
INV0003319,CUST00452,SUB00452,2024-07-11,2024-07-26,199.0,Paid
INV0003320,CUST00452,SUB00452,2024-08-11,2024-08-26,199.0,Paid
INV0003321,CUST00452,SUB00452,2024-09-11,2024-09-26,199.0,Paid
INV0003322,CUST00452,SUB00452,2024-10-11,2024-10-26,199.0,Paid
INV0003323,CUST00452,SUB00452,2024-11-11,2024-11-26,199.0,Paid
INV0003324,CUST00452,SUB00452,2024-12-11,2024-12-26,199.0,Paid
INV0003325,CUST00452,SUB00452,2025-01-11,2025-01-26,199.0,Paid
INV0003326,CUST00452,SUB00452,2025-02-11,2025-02-26,199.0,Paid
INV0003327,CUST00452,SUB00452,2025-03-11,2025-03-26,199.0,Paid
INV0003328,CUST00452,SUB00452,2025-04-11,2025-04-26,199.0,Paid
INV0003329,CUST00452,SUB00452,2025-05-11,2025-05-26,199.0,Paid
INV0003330,CUST00452,SUB00452,2025-06-11,2025-06-26,199.0,Paid
INV0003331,CUST00452,SUB00452,2025-07-11,2025-07-26,199.0,Paid
INV0003332,CUST00452,SUB00452,2025-08-11,2025-08-26,199.0,Paid
INV0003333,CUST00452,SUB00452,2025-09-11,2025-09-26,199.0,Paid
INV0003334,CUST00452,SUB00452,2025-10-11,2025-10-26,199.0,Paid
INV0003335,CUST00452,SUB00452,2025-11-11,2025-11-26,199.0,Paid
INV0003336,CUST00452,SUB00452,2025-12-11,2025-12-26,199.0,Paid
INV0003337,CUST00453,SUB00453,2024-07-03,2024-07-18,29.0,Paid
INV0003338,CUST00453,SUB00453,2024-08-03,2024-08-18,29.0,Paid
INV0003339,CUST00453,SUB00453,2024-09-03,2024-09-18,29.0,Paid
INV0003340,CUST00453,SUB00453,2024-10-03,2024-10-18,29.0,Paid
INV0003341,CUST00453,SUB00453,2024-11-03,2024-11-18,29.0,Paid
INV0003342,CUST00453,SUB00453,2024-12-03,2024-12-18,29.0,Paid
INV0003343,CUST00453,SUB00453,2025-01-03,2025-01-18,29.0,Paid
INV0003344,CUST00453,SUB00453,2025-02-03,2025-02-18,29.0,Paid
INV0003345,CUST00453,SUB00453,2025-03-03,2025-03-18,29.0,Paid
INV0003346,CUST00453,SUB00453,2025-04-03,2025-04-18,29.0,Paid
INV0003347,CUST00453,SUB00453,2025-05-03,2025-05-18,29.0,Paid
INV0003348,CUST00453,SUB00453,2025-06-03,2025-06-18,29.0,Paid
INV0003349,CUST00453,SUB00453,2025-07-03,2025-07-18,29.0,Paid
INV0003350,CUST00453,SUB00453,2025-08-03,2025-08-18,29.0,Paid
INV0003351,CUST00453,SUB00453,2025-09-03,2025-09-18,29.0,Paid
INV0003352,CUST00453,SUB00453,2025-10-03,2025-10-18,29.0,Paid
INV0003353,CUST00453,SUB00453,2025-11-03,2025-11-18,29.0,Paid
INV0003354,CUST00453,SUB00453,2025-12-03,2025-12-18,29.0,Paid
INV0003355,CUST00454,SUB00454,2025-01-18,2025-02-02,79.0,Paid
INV0003356,CUST00454,SUB00454,2025-02-18,2025-03-05,79.0,Paid
INV0003357,CUST00454,SUB00454,2025-03-18,2025-04-02,79.0,Paid
INV0003358,CUST00455,SUB00455,2025-01-19,2025-02-03,805.8,Paid
INV0003359,CUST00456,SUB00456,2025-10-31,2025-11-15,199.0,Paid
INV0003360,CUST00456,SUB00456,2025-11-30,2025-12-15,199.0,Paid
INV0003361,CUST00456,SUB00456,2025-12-30,2026-01-14,199.0,Paid
INV0003362,CUST00457,SUB00457,2025-06-25,2025-07-10,29.0,Overdue
INV0003363,CUST00457,SUB00457,2025-07-25,2025-08-09,29.0,Paid
INV0003364,CUST00457,SUB00457,2025-08-25,2025-09-09,29.0,Paid
INV0003365,CUST00457,SUB00457,2025-09-25,2025-10-10,29.0,Overdue
INV0003366,CUST00457,SUB00457,2025-10-25,2025-11-09,29.0,Paid
INV0003367,CUST00457,SUB00457,2025-11-25,2025-12-10,29.0,Paid
INV0003368,CUST00458,SUB00458,2024-11-01,2024-11-16,199.0,Pending
INV0003369,CUST00458,SUB00458,2024-12-01,2024-12-16,199.0,Paid
INV0003370,CUST00458,SUB00458,2025-01-01,2025-01-16,199.0,Paid
INV0003371,CUST00458,SUB00458,2025-02-01,2025-02-16,199.0,Paid
INV0003372,CUST00458,SUB00458,2025-03-01,2025-03-16,199.0,Paid
INV0003373,CUST00458,SUB00458,2025-04-01,2025-04-16,199.0,Paid
INV0003374,CUST00458,SUB00458,2025-05-01,2025-05-16,199.0,Paid
INV0003375,CUST00458,SUB00458,2025-06-01,2025-06-16,199.0,Paid
INV0003376,CUST00458,SUB00458,2025-07-01,2025-07-16,199.0,Paid
INV0003377,CUST00458,SUB00458,2025-08-01,2025-08-16,199.0,Paid
INV0003378,CUST00458,SUB00458,2025-09-01,2025-09-16,199.0,Paid
INV0003379,CUST00458,SUB00458,2025-10-01,2025-10-16,199.0,Paid
INV0003380,CUST00458,SUB00458,2025-11-01,2025-11-16,199.0,Paid
INV0003381,CUST00458,SUB00458,2025-12-01,2025-12-16,199.0,Paid
INV0003382,CUST00459,SUB00459,2024-08-23,2024-09-07,295.8,Paid
INV0003383,CUST00459,SUB00459,2025-08-23,2025-09-07,295.8,Paid
INV0003384,CUST00460,SUB00460,2024-04-25,2024-05-10,29.0,Paid
INV0003385,CUST00460,SUB00460,2024-05-25,2024-06-09,29.0,Paid
INV0003386,CUST00460,SUB00460,2024-06-25,2024-07-10,29.0,Paid
INV0003387,CUST00460,SUB00460,2024-07-25,2024-08-09,29.0,Overdue
INV0003388,CUST00460,SUB00460,2024-08-25,2024-09-09,29.0,Paid
INV0003389,CUST00460,SUB00460,2024-09-25,2024-10-10,29.0,Paid
INV0003390,CUST00460,SUB00460,2024-10-25,2024-11-09,29.0,Paid
INV0003391,CUST00460,SUB00460,2024-11-25,2024-12-10,29.0,Paid
INV0003392,CUST00460,SUB00460,2024-12-25,2025-01-09,29.0,Paid
INV0003393,CUST00460,SUB00460,2025-01-25,2025-02-09,29.0,Paid
INV0003394,CUST00460,SUB00460,2025-02-25,2025-03-12,29.0,Paid
INV0003395,CUST00460,SUB00460,2025-03-25,2025-04-09,29.0,Paid
INV0003396,CUST00461,SUB00461,2024-09-03,2024-09-18,199.0,Paid
INV0003397,CUST00461,SUB00461,2024-10-03,2024-10-18,199.0,Paid
INV0003398,CUST00461,SUB00461,2024-11-03,2024-11-18,199.0,Paid
INV0003399,CUST00461,SUB00461,2024-12-03,2024-12-18,199.0,Paid
INV0003400,CUST00461,SUB00461,2025-01-03,2025-01-18,199.0,Paid
INV0003401,CUST00461,SUB00461,2025-02-03,2025-02-18,199.0,Paid
INV0003402,CUST00461,SUB00461,2025-03-03,2025-03-18,199.0,Paid
INV0003403,CUST00461,SUB00461,2025-04-03,2025-04-18,199.0,Paid
INV0003404,CUST00461,SUB00461,2025-05-03,2025-05-18,199.0,Paid
INV0003405,CUST00461,SUB00461,2025-06-03,2025-06-18,199.0,Paid
INV0003406,CUST00461,SUB00461,2025-07-03,2025-07-18,199.0,Paid
INV0003407,CUST00461,SUB00461,2025-08-03,2025-08-18,199.0,Paid
INV0003408,CUST00461,SUB00461,2025-09-03,2025-09-18,199.0,Overdue
INV0003409,CUST00461,SUB00461,2025-10-03,2025-10-18,199.0,Paid
INV0003410,CUST00461,SUB00461,2025-11-03,2025-11-18,199.0,Paid
INV0003411,CUST00461,SUB00461,2025-12-03,2025-12-18,199.0,Paid
INV0003412,CUST00462,SUB00462,2025-09-04,2025-09-19,79.0,Paid
INV0003413,CUST00462,SUB00462,2025-10-04,2025-10-19,79.0,Paid
INV0003414,CUST00462,SUB00462,2025-11-04,2025-11-19,79.0,Paid
INV0003415,CUST00462,SUB00462,2025-12-04,2025-12-19,79.0,Paid
INV0003416,CUST00463,SUB00463,2025-02-15,2025-03-02,29.0,Paid
INV0003417,CUST00463,SUB00463,2025-03-15,2025-03-30,29.0,Overdue
INV0003418,CUST00463,SUB00463,2025-04-15,2025-04-30,29.0,Paid
INV0003419,CUST00463,SUB00463,2025-05-15,2025-05-30,29.0,Paid
INV0003420,CUST00463,SUB00463,2025-06-15,2025-06-30,29.0,Paid
INV0003421,CUST00463,SUB00463,2025-07-15,2025-07-30,29.0,Paid
INV0003422,CUST00463,SUB00463,2025-08-15,2025-08-30,29.0,Paid
INV0003423,CUST00463,SUB00463,2025-09-15,2025-09-30,29.0,Paid
INV0003424,CUST00463,SUB00463,2025-10-15,2025-10-30,29.0,Paid
INV0003425,CUST00463,SUB00463,2025-11-15,2025-11-30,29.0,Pending
INV0003426,CUST00463,SUB00463,2025-12-15,2025-12-30,29.0,Paid
INV0003427,CUST00464,SUB00464,2024-05-23,2024-06-07,295.8,Paid
INV0003428,CUST00464,SUB00464,2025-05-23,2025-06-07,805.8,Paid
INV0003429,CUST00465,SUB00465,2025-08-14,2025-08-29,295.8,Paid
INV0003430,CUST00466,SUB00466,2024-11-05,2024-11-20,199.0,Paid
INV0003431,CUST00466,SUB00466,2024-12-05,2024-12-20,199.0,Paid
INV0003432,CUST00466,SUB00466,2025-01-05,2025-01-20,199.0,Paid
INV0003433,CUST00466,SUB00466,2025-02-05,2025-02-20,199.0,Paid
INV0003434,CUST00466,SUB00466,2025-03-05,2025-03-20,199.0,Overdue
INV0003435,CUST00466,SUB00466,2025-04-05,2025-04-20,199.0,Overdue
INV0003436,CUST00467,SUB00467,2024-11-03,2024-11-18,29.0,Paid
INV0003437,CUST00467,SUB00467,2024-12-03,2024-12-18,29.0,Paid
INV0003438,CUST00467,SUB00467,2025-01-03,2025-01-18,29.0,Paid
INV0003439,CUST00467,SUB00467,2025-02-03,2025-02-18,29.0,Paid
INV0003440,CUST00467,SUB00467,2025-03-03,2025-03-18,29.0,Paid
INV0003441,CUST00467,SUB00467,2025-04-03,2025-04-18,29.0,Paid
INV0003442,CUST00467,SUB00467,2025-05-03,2025-05-18,29.0,Paid
INV0003443,CUST00467,SUB00467,2025-06-03,2025-06-18,29.0,Paid
INV0003444,CUST00467,SUB00467,2025-07-03,2025-07-18,29.0,Paid
INV0003445,CUST00467,SUB00467,2025-08-03,2025-08-18,29.0,Paid
INV0003446,CUST00467,SUB00467,2025-09-03,2025-09-18,29.0,Paid
INV0003447,CUST00467,SUB00467,2025-10-03,2025-10-18,29.0,Paid
INV0003448,CUST00467,SUB00467,2025-11-03,2025-11-18,29.0,Paid
INV0003449,CUST00467,SUB00467,2025-12-03,2025-12-18,29.0,Paid
INV0003450,CUST00468,SUB00468,2025-10-03,2025-10-18,805.8,Paid
INV0003451,CUST00469,SUB00469,2025-10-20,2025-11-04,79.0,Paid
INV0003452,CUST00469,SUB00469,2025-11-20,2025-12-05,79.0,Paid
INV0003453,CUST00469,SUB00469,2025-12-20,2026-01-04,79.0,Overdue
INV0003454,CUST00470,SUB00470,2025-02-22,2025-03-09,29.0,Paid
INV0003455,CUST00470,SUB00470,2025-03-22,2025-04-06,29.0,Paid
INV0003456,CUST00470,SUB00470,2025-04-22,2025-05-07,29.0,Paid
INV0003457,CUST00470,SUB00470,2025-05-22,2025-06-06,29.0,Paid
INV0003458,CUST00470,SUB00470,2025-06-22,2025-07-07,29.0,Paid
INV0003459,CUST00470,SUB00470,2025-07-22,2025-08-06,29.0,Paid
INV0003460,CUST00470,SUB00470,2025-08-22,2025-09-06,29.0,Pending
INV0003461,CUST00470,SUB00470,2025-09-22,2025-10-07,29.0,Paid
INV0003462,CUST00470,SUB00470,2025-10-22,2025-11-06,29.0,Paid
INV0003463,CUST00470,SUB00470,2025-11-22,2025-12-07,29.0,Paid
INV0003464,CUST00470,SUB00470,2025-12-22,2026-01-06,29.0,Paid
INV0003465,CUST00471,SUB00471,2024-09-03,2024-09-18,29.0,Paid
INV0003466,CUST00471,SUB00471,2024-10-03,2024-10-18,29.0,Paid
INV0003467,CUST00471,SUB00471,2024-11-03,2024-11-18,29.0,Paid
INV0003468,CUST00471,SUB00471,2024-12-03,2024-12-18,29.0,Paid
INV0003469,CUST00471,SUB00471,2025-01-03,2025-01-18,29.0,Paid
INV0003470,CUST00471,SUB00471,2025-02-03,2025-02-18,29.0,Paid
INV0003471,CUST00472,SUB00472,2025-04-19,2025-05-04,199.0,Paid
INV0003472,CUST00472,SUB00472,2025-05-19,2025-06-03,199.0,Paid
INV0003473,CUST00472,SUB00472,2025-06-19,2025-07-04,199.0,Paid
INV0003474,CUST00472,SUB00472,2025-07-19,2025-08-03,199.0,Paid
INV0003475,CUST00472,SUB00472,2025-08-19,2025-09-03,199.0,Overdue
INV0003476,CUST00472,SUB00472,2025-09-19,2025-10-04,199.0,Paid
INV0003477,CUST00472,SUB00472,2025-10-19,2025-11-03,199.0,Overdue
INV0003478,CUST00472,SUB00472,2025-11-19,2025-12-04,199.0,Paid
INV0003479,CUST00472,SUB00472,2025-12-19,2026-01-03,199.0,Paid
INV0003480,CUST00473,SUB00473,2025-07-24,2025-08-08,805.8,Paid
INV0003481,CUST00474,SUB00474,2024-12-04,2024-12-19,79.0,Paid
INV0003482,CUST00474,SUB00474,2025-01-04,2025-01-19,79.0,Paid
INV0003483,CUST00474,SUB00474,2025-02-04,2025-02-19,79.0,Paid
INV0003484,CUST00475,SUB00475,2025-07-02,2025-07-17,199.0,Overdue
INV0003485,CUST00475,SUB00475,2025-08-02,2025-08-17,199.0,Paid
INV0003486,CUST00475,SUB00475,2025-09-02,2025-09-17,199.0,Paid
INV0003487,CUST00475,SUB00475,2025-10-02,2025-10-17,199.0,Paid
INV0003488,CUST00475,SUB00475,2025-11-02,2025-11-17,199.0,Paid
INV0003489,CUST00475,SUB00475,2025-12-02,2025-12-17,199.0,Paid
INV0003490,CUST00476,SUB00476,2025-11-20,2025-12-05,29.0,Paid
INV0003491,CUST00476,SUB00476,2025-12-20,2026-01-04,29.0,Paid
INV0003492,CUST00477,SUB00477,2025-08-24,2025-09-08,199.0,Paid
INV0003493,CUST00477,SUB00477,2025-09-24,2025-10-09,199.0,Paid
INV0003494,CUST00477,SUB00477,2025-10-24,2025-11-08,199.0,Paid
INV0003495,CUST00477,SUB00477,2025-11-24,2025-12-09,199.0,Paid
INV0003496,CUST00477,SUB00477,2025-12-24,2026-01-08,199.0,Paid
INV0003497,CUST00478,SUB00478,2024-12-06,2024-12-21,295.8,Paid
INV0003498,CUST00478,SUB00478,2025-12-06,2025-12-21,295.8,Paid
INV0003499,CUST00479,SUB00479,2024-04-30,2024-05-15,29.0,Paid
INV0003500,CUST00479,SUB00479,2024-05-30,2024-06-14,29.0,Paid
INV0003501,CUST00479,SUB00479,2024-06-30,2024-07-15,29.0,Paid
INV0003502,CUST00480,SUB00480,2025-12-13,2025-12-28,29.0,Overdue
INV0003503,CUST00481,SUB00481,2025-07-19,2025-08-03,29.0,Paid
INV0003504,CUST00481,SUB00481,2025-08-19,2025-09-03,29.0,Paid
INV0003505,CUST00481,SUB00481,2025-09-19,2025-10-04,29.0,Paid
INV0003506,CUST00481,SUB00481,2025-10-19,2025-11-03,29.0,Paid
INV0003507,CUST00481,SUB00481,2025-11-19,2025-12-04,29.0,Paid
INV0003508,CUST00481,SUB00481,2025-12-19,2026-01-03,29.0,Paid
INV0003509,CUST00482,SUB00482,2024-11-11,2024-11-26,805.8,Overdue
INV0003510,CUST00483,SUB00483,2024-04-10,2024-04-25,199.0,Paid
INV0003511,CUST00483,SUB00483,2024-05-10,2024-05-25,199.0,Paid
INV0003512,CUST00483,SUB00483,2024-06-10,2024-06-25,199.0,Paid
INV0003513,CUST00483,SUB00483,2024-07-10,2024-07-25,199.0,Paid
INV0003514,CUST00483,SUB00483,2024-08-10,2024-08-25,199.0,Paid
INV0003515,CUST00483,SUB00483,2024-09-10,2024-09-25,199.0,Paid
INV0003516,CUST00483,SUB00483,2024-10-10,2024-10-25,199.0,Paid
INV0003517,CUST00483,SUB00483,2024-11-10,2024-11-25,199.0,Paid
INV0003518,CUST00483,SUB00483,2024-12-10,2024-12-25,199.0,Paid
INV0003519,CUST00483,SUB00483,2025-01-10,2025-01-25,199.0,Paid
INV0003520,CUST00483,SUB00483,2025-02-10,2025-02-25,199.0,Paid
INV0003521,CUST00483,SUB00483,2025-03-10,2025-03-25,199.0,Paid
INV0003522,CUST00484,SUB00484,2024-07-27,2024-08-11,29.0,Paid
INV0003523,CUST00484,SUB00484,2024-08-27,2024-09-11,29.0,Paid
INV0003524,CUST00484,SUB00484,2024-09-27,2024-10-12,29.0,Paid
INV0003525,CUST00484,SUB00484,2024-10-27,2024-11-11,29.0,Paid
INV0003526,CUST00484,SUB00484,2024-11-27,2024-12-12,79.0,Paid
INV0003527,CUST00484,SUB00484,2024-12-27,2025-01-11,79.0,Paid
INV0003528,CUST00484,SUB00484,2025-01-27,2025-02-11,79.0,Paid
INV0003529,CUST00484,SUB00484,2025-02-27,2025-03-14,79.0,Paid
INV0003530,CUST00484,SUB00484,2025-03-27,2025-04-11,79.0,Paid
INV0003531,CUST00484,SUB00484,2025-04-27,2025-05-12,79.0,Paid
INV0003532,CUST00484,SUB00484,2025-05-27,2025-06-11,79.0,Paid
INV0003533,CUST00484,SUB00484,2025-06-27,2025-07-12,79.0,Paid
INV0003534,CUST00485,SUB00485,2024-05-29,2024-06-13,29.0,Paid
INV0003535,CUST00485,SUB00485,2024-06-29,2024-07-14,29.0,Paid
INV0003536,CUST00485,SUB00485,2024-07-29,2024-08-13,29.0,Paid
INV0003537,CUST00485,SUB00485,2024-08-29,2024-09-13,29.0,Paid
INV0003538,CUST00485,SUB00485,2024-09-29,2024-10-14,29.0,Paid
INV0003539,CUST00485,SUB00485,2024-10-29,2024-11-13,29.0,Paid
INV0003540,CUST00485,SUB00485,2024-11-29,2024-12-14,29.0,Pending
INV0003541,CUST00485,SUB00485,2024-12-29,2025-01-13,29.0,Paid
INV0003542,CUST00485,SUB00485,2025-01-29,2025-02-13,29.0,Paid
INV0003543,CUST00485,SUB00485,2025-02-28,2025-03-15,29.0,Paid
INV0003544,CUST00485,SUB00485,2025-03-28,2025-04-12,29.0,Paid
INV0003545,CUST00485,SUB00485,2025-04-28,2025-05-13,29.0,Paid
INV0003546,CUST00485,SUB00485,2025-05-28,2025-06-12,29.0,Paid
INV0003547,CUST00485,SUB00485,2025-06-28,2025-07-13,29.0,Paid
INV0003548,CUST00485,SUB00485,2025-07-28,2025-08-12,29.0,Paid
INV0003549,CUST00485,SUB00485,2025-08-28,2025-09-12,29.0,Paid
INV0003550,CUST00485,SUB00485,2025-09-28,2025-10-13,29.0,Pending
INV0003551,CUST00485,SUB00485,2025-10-28,2025-11-12,29.0,Paid
INV0003552,CUST00485,SUB00485,2025-11-28,2025-12-13,29.0,Paid
INV0003553,CUST00485,SUB00485,2025-12-28,2026-01-12,29.0,Paid
INV0003554,CUST00486,SUB00486,2024-10-29,2024-11-13,199.0,Paid
INV0003555,CUST00486,SUB00486,2024-11-29,2024-12-14,199.0,Paid
INV0003556,CUST00486,SUB00486,2024-12-29,2025-01-13,199.0,Paid
INV0003557,CUST00486,SUB00486,2025-01-29,2025-02-13,199.0,Paid
INV0003558,CUST00486,SUB00486,2025-02-28,2025-03-15,199.0,Paid
INV0003559,CUST00486,SUB00486,2025-03-28,2025-04-12,199.0,Paid
INV0003560,CUST00486,SUB00486,2025-04-28,2025-05-13,199.0,Paid
INV0003561,CUST00486,SUB00486,2025-05-28,2025-06-12,199.0,Paid
INV0003562,CUST00486,SUB00486,2025-06-28,2025-07-13,199.0,Paid
INV0003563,CUST00486,SUB00486,2025-07-28,2025-08-12,199.0,Paid
INV0003564,CUST00486,SUB00486,2025-08-28,2025-09-12,199.0,Paid
INV0003565,CUST00486,SUB00486,2025-09-28,2025-10-13,199.0,Paid
INV0003566,CUST00486,SUB00486,2025-10-28,2025-11-12,199.0,Paid
INV0003567,CUST00486,SUB00486,2025-11-28,2025-12-13,199.0,Paid
INV0003568,CUST00486,SUB00486,2025-12-28,2026-01-12,199.0,Paid
INV0003569,CUST00487,SUB00487,2025-05-26,2025-06-10,805.8,Overdue
INV0003570,CUST00488,SUB00488,2025-10-19,2025-11-03,29.0,Paid
INV0003571,CUST00488,SUB00488,2025-11-19,2025-12-04,29.0,Overdue
INV0003572,CUST00488,SUB00488,2025-12-19,2026-01-03,29.0,Paid
INV0003573,CUST00489,SUB00489,2024-06-22,2024-07-07,295.8,Paid
INV0003574,CUST00490,SUB00490,2025-06-20,2025-07-05,29.0,Paid
INV0003575,CUST00490,SUB00490,2025-07-20,2025-08-04,29.0,Paid
INV0003576,CUST00490,SUB00490,2025-08-20,2025-09-04,29.0,Paid
INV0003577,CUST00491,SUB00491,2024-01-07,2024-01-22,79.0,Paid
INV0003578,CUST00491,SUB00491,2024-02-07,2024-02-22,79.0,Paid
INV0003579,CUST00491,SUB00491,2024-03-07,2024-03-22,79.0,Paid
INV0003580,CUST00491,SUB00491,2024-04-07,2024-04-22,79.0,Paid
INV0003581,CUST00491,SUB00491,2024-05-07,2024-05-22,79.0,Paid
INV0003582,CUST00491,SUB00491,2024-06-07,2024-06-22,79.0,Paid
INV0003583,CUST00491,SUB00491,2024-07-07,2024-07-22,79.0,Paid
INV0003584,CUST00491,SUB00491,2024-08-07,2024-08-22,79.0,Paid
INV0003585,CUST00491,SUB00491,2024-09-07,2024-09-22,79.0,Paid
INV0003586,CUST00491,SUB00491,2024-10-07,2024-10-22,79.0,Paid
INV0003587,CUST00491,SUB00491,2024-11-07,2024-11-22,79.0,Paid
INV0003588,CUST00491,SUB00491,2024-12-07,2024-12-22,79.0,Paid
INV0003589,CUST00492,SUB00492,2025-12-25,2026-01-09,199.0,Paid
INV0003590,CUST00493,SUB00493,2024-03-02,2024-03-17,805.8,Paid
INV0003591,CUST00494,SUB00494,2025-11-06,2025-11-21,199.0,Paid
INV0003592,CUST00494,SUB00494,2025-12-06,2025-12-21,199.0,Paid
INV0003593,CUST00495,SUB00495,2024-01-13,2024-01-28,29.0,Paid
INV0003594,CUST00495,SUB00495,2024-02-13,2024-02-28,29.0,Paid
INV0003595,CUST00495,SUB00495,2024-03-13,2024-03-28,29.0,Paid
INV0003596,CUST00495,SUB00495,2024-04-13,2024-04-28,29.0,Paid
INV0003597,CUST00495,SUB00495,2024-05-13,2024-05-28,29.0,Paid
INV0003598,CUST00495,SUB00495,2024-06-13,2024-06-28,29.0,Overdue
INV0003599,CUST00495,SUB00495,2024-07-13,2024-07-28,29.0,Paid
INV0003600,CUST00495,SUB00495,2024-08-13,2024-08-28,29.0,Paid
INV0003601,CUST00495,SUB00495,2024-09-13,2024-09-28,29.0,Paid
INV0003602,CUST00495,SUB00495,2024-10-13,2024-10-28,29.0,Paid
INV0003603,CUST00495,SUB00495,2024-11-13,2024-11-28,29.0,Pending
INV0003604,CUST00495,SUB00495,2024-12-13,2024-12-28,29.0,Paid
INV0003605,CUST00495,SUB00495,2025-01-13,2025-01-28,29.0,Overdue
INV0003606,CUST00495,SUB00495,2025-02-13,2025-02-28,29.0,Paid
INV0003607,CUST00495,SUB00495,2025-03-13,2025-03-28,29.0,Paid
INV0003608,CUST00495,SUB00495,2025-04-13,2025-04-28,29.0,Paid
INV0003609,CUST00495,SUB00495,2025-05-13,2025-05-28,29.0,Paid
INV0003610,CUST00495,SUB00495,2025-06-13,2025-06-28,29.0,Paid
INV0003611,CUST00496,SUB00496,2024-01-18,2024-02-02,199.0,Paid
INV0003612,CUST00496,SUB00496,2024-02-18,2024-03-04,199.0,Paid
INV0003613,CUST00496,SUB00496,2024-03-18,2024-04-02,199.0,Paid
INV0003614,CUST00496,SUB00496,2024-04-18,2024-05-03,199.0,Paid
INV0003615,CUST00496,SUB00496,2024-05-18,2024-06-02,199.0,Overdue
INV0003616,CUST00496,SUB00496,2024-06-18,2024-07-03,199.0,Paid
INV0003617,CUST00497,SUB00497,2024-04-19,2024-05-04,805.8,Paid
INV0003618,CUST00498,SUB00498,2025-09-26,2025-10-11,79.0,Paid
INV0003619,CUST00498,SUB00498,2025-10-26,2025-11-10,79.0,Paid
INV0003620,CUST00498,SUB00498,2025-11-26,2025-12-11,79.0,Paid
INV0003621,CUST00498,SUB00498,2025-12-26,2026-01-10,79.0,Paid
INV0003622,CUST00499,SUB00499,2024-03-21,2024-04-05,29.0,Paid
INV0003623,CUST00499,SUB00499,2024-04-21,2024-05-06,29.0,Paid
INV0003624,CUST00499,SUB00499,2024-05-21,2024-06-05,79.0,Paid
INV0003625,CUST00499,SUB00499,2024-06-21,2024-07-06,79.0,Pending
INV0003626,CUST00499,SUB00499,2024-07-21,2024-08-05,79.0,Paid
INV0003627,CUST00499,SUB00499,2024-08-21,2024-09-05,79.0,Paid
INV0003628,CUST00500,SUB00500,2025-12-14,2025-12-29,29.0,Paid
INV0003629,CUST00501,SUB00501,2025-10-31,2025-11-15,79.0,Paid
INV0003630,CUST00501,SUB00501,2025-11-30,2025-12-15,79.0,Paid
INV0003631,CUST00501,SUB00501,2025-12-30,2026-01-14,79.0,Paid
INV0003632,CUST00502,SUB00502,2025-02-19,2025-03-06,805.8,Paid
INV0003633,CUST00503,SUB00503,2025-12-20,2026-01-04,29.0,Paid
INV0003634,CUST00504,SUB00504,2025-08-02,2025-08-17,79.0,Overdue
INV0003635,CUST00504,SUB00504,2025-09-02,2025-09-17,79.0,Paid
INV0003636,CUST00504,SUB00504,2025-10-02,2025-10-17,79.0,Paid
INV0003637,CUST00504,SUB00504,2025-11-02,2025-11-17,79.0,Paid
INV0003638,CUST00504,SUB00504,2025-12-02,2025-12-17,79.0,Paid
INV0003639,CUST00505,SUB00505,2024-08-23,2024-09-07,199.0,Paid
INV0003640,CUST00505,SUB00505,2024-09-23,2024-10-08,199.0,Overdue
INV0003641,CUST00505,SUB00505,2024-10-23,2024-11-07,199.0,Paid
INV0003642,CUST00505,SUB00505,2024-11-23,2024-12-08,199.0,Paid
INV0003643,CUST00505,SUB00505,2024-12-23,2025-01-07,199.0,Paid
INV0003644,CUST00505,SUB00505,2025-01-23,2025-02-07,199.0,Paid
INV0003645,CUST00505,SUB00505,2025-02-23,2025-03-10,199.0,Paid
INV0003646,CUST00505,SUB00505,2025-03-23,2025-04-07,199.0,Paid
INV0003647,CUST00505,SUB00505,2025-04-23,2025-05-08,199.0,Paid
INV0003648,CUST00505,SUB00505,2025-05-23,2025-06-07,199.0,Paid
INV0003649,CUST00505,SUB00505,2025-06-23,2025-07-08,199.0,Paid
INV0003650,CUST00505,SUB00505,2025-07-23,2025-08-07,199.0,Paid
INV0003651,CUST00505,SUB00505,2025-08-23,2025-09-07,199.0,Paid
INV0003652,CUST00505,SUB00505,2025-09-23,2025-10-08,199.0,Paid
INV0003653,CUST00505,SUB00505,2025-10-23,2025-11-07,199.0,Paid
INV0003654,CUST00505,SUB00505,2025-11-23,2025-12-08,199.0,Paid
INV0003655,CUST00505,SUB00505,2025-12-23,2026-01-07,199.0,Paid
INV0003656,CUST00506,SUB00506,2024-10-04,2024-10-19,199.0,Paid
INV0003657,CUST00506,SUB00506,2024-11-04,2024-11-19,199.0,Paid
INV0003658,CUST00506,SUB00506,2024-12-04,2024-12-19,199.0,Paid
INV0003659,CUST00506,SUB00506,2025-01-04,2025-01-19,199.0,Paid
INV0003660,CUST00506,SUB00506,2025-02-04,2025-02-19,199.0,Paid
INV0003661,CUST00506,SUB00506,2025-03-04,2025-03-19,199.0,Overdue
INV0003662,CUST00506,SUB00506,2025-04-04,2025-04-19,199.0,Paid
INV0003663,CUST00506,SUB00506,2025-05-04,2025-05-19,199.0,Paid
INV0003664,CUST00506,SUB00506,2025-06-04,2025-06-19,199.0,Paid
INV0003665,CUST00506,SUB00506,2025-07-04,2025-07-19,199.0,Paid
INV0003666,CUST00506,SUB00506,2025-08-04,2025-08-19,199.0,Paid
INV0003667,CUST00506,SUB00506,2025-09-04,2025-09-19,199.0,Paid
INV0003668,CUST00506,SUB00506,2025-10-04,2025-10-19,199.0,Paid
INV0003669,CUST00506,SUB00506,2025-11-04,2025-11-19,199.0,Overdue
INV0003670,CUST00506,SUB00506,2025-12-04,2025-12-19,199.0,Paid
INV0003671,CUST00507,SUB00507,2025-07-10,2025-07-25,79.0,Paid
INV0003672,CUST00507,SUB00507,2025-08-10,2025-08-25,79.0,Paid
INV0003673,CUST00507,SUB00507,2025-09-10,2025-09-25,79.0,Paid
INV0003674,CUST00508,SUB00508,2024-01-17,2024-02-01,805.8,Paid
INV0003675,CUST00508,SUB00508,2025-01-17,2025-02-01,805.8,Paid
INV0003676,CUST00509,SUB00509,2024-03-19,2024-04-03,79.0,Paid
INV0003677,CUST00509,SUB00509,2024-04-19,2024-05-04,79.0,Paid
INV0003678,CUST00509,SUB00509,2024-05-19,2024-06-03,79.0,Paid
INV0003679,CUST00509,SUB00509,2024-06-19,2024-07-04,79.0,Paid
INV0003680,CUST00509,SUB00509,2024-07-19,2024-08-03,79.0,Paid
INV0003681,CUST00509,SUB00509,2024-08-19,2024-09-03,79.0,Paid
INV0003682,CUST00510,SUB00510,2025-11-24,2025-12-09,295.8,Paid
INV0003683,CUST00511,SUB00511,2025-12-06,2025-12-21,199.0,Paid
INV0003684,CUST00512,SUB00512,2024-02-24,2024-03-10,29.0,Paid
INV0003685,CUST00512,SUB00512,2024-03-24,2024-04-08,29.0,Paid
INV0003686,CUST00512,SUB00512,2024-04-24,2024-05-09,29.0,Paid
INV0003687,CUST00512,SUB00512,2024-05-24,2024-06-08,29.0,Paid
INV0003688,CUST00512,SUB00512,2024-06-24,2024-07-09,29.0,Paid
INV0003689,CUST00512,SUB00512,2024-07-24,2024-08-08,29.0,Paid
INV0003690,CUST00512,SUB00512,2024-08-24,2024-09-08,29.0,Paid
INV0003691,CUST00512,SUB00512,2024-09-24,2024-10-09,29.0,Paid
INV0003692,CUST00512,SUB00512,2024-10-24,2024-11-08,29.0,Paid
INV0003693,CUST00512,SUB00512,2024-11-24,2024-12-09,29.0,Paid
INV0003694,CUST00512,SUB00512,2024-12-24,2025-01-08,29.0,Paid
INV0003695,CUST00512,SUB00512,2025-01-24,2025-02-08,29.0,Paid
INV0003696,CUST00513,SUB00513,2025-09-11,2025-09-26,79.0,Paid
INV0003697,CUST00513,SUB00513,2025-10-11,2025-10-26,79.0,Paid
INV0003698,CUST00513,SUB00513,2025-11-11,2025-11-26,79.0,Paid
INV0003699,CUST00513,SUB00513,2025-12-11,2025-12-26,79.0,Paid
INV0003700,CUST00514,SUB00514,2024-01-31,2024-02-15,805.8,Paid
INV0003701,CUST00514,SUB00514,2025-01-31,2025-02-15,295.8,Paid
INV0003702,CUST00515,SUB00515,2024-08-21,2024-09-05,79.0,Paid
INV0003703,CUST00515,SUB00515,2024-09-21,2024-10-06,79.0,Overdue
INV0003704,CUST00515,SUB00515,2024-10-21,2024-11-05,79.0,Paid
INV0003705,CUST00515,SUB00515,2024-11-21,2024-12-06,79.0,Paid
INV0003706,CUST00515,SUB00515,2024-12-21,2025-01-05,79.0,Overdue
INV0003707,CUST00515,SUB00515,2025-01-21,2025-02-05,79.0,Paid
INV0003708,CUST00515,SUB00515,2025-02-21,2025-03-08,79.0,Paid
INV0003709,CUST00515,SUB00515,2025-03-21,2025-04-05,79.0,Paid
INV0003710,CUST00515,SUB00515,2025-04-21,2025-05-06,79.0,Paid
INV0003711,CUST00515,SUB00515,2025-05-21,2025-06-05,79.0,Paid
INV0003712,CUST00515,SUB00515,2025-06-21,2025-07-06,79.0,Paid
INV0003713,CUST00515,SUB00515,2025-07-21,2025-08-05,79.0,Paid
INV0003714,CUST00516,SUB00516,2024-03-28,2024-04-12,29.0,Paid
INV0003715,CUST00516,SUB00516,2024-04-28,2024-05-13,29.0,Paid
INV0003716,CUST00516,SUB00516,2024-05-28,2024-06-12,79.0,Paid
INV0003717,CUST00516,SUB00516,2024-06-28,2024-07-13,79.0,Paid
INV0003718,CUST00516,SUB00516,2024-07-28,2024-08-12,79.0,Paid
INV0003719,CUST00516,SUB00516,2024-08-28,2024-09-12,79.0,Paid
INV0003720,CUST00517,SUB00517,2024-03-25,2024-04-09,79.0,Paid
INV0003721,CUST00517,SUB00517,2024-04-25,2024-05-10,79.0,Paid
INV0003722,CUST00517,SUB00517,2024-05-25,2024-06-09,79.0,Paid
INV0003723,CUST00517,SUB00517,2024-06-25,2024-07-10,199.0,Paid
INV0003724,CUST00517,SUB00517,2024-07-25,2024-08-09,199.0,Paid
INV0003725,CUST00517,SUB00517,2024-08-25,2024-09-09,199.0,Paid
INV0003726,CUST00517,SUB00517,2024-09-25,2024-10-10,199.0,Pending
INV0003727,CUST00517,SUB00517,2024-10-25,2024-11-09,199.0,Paid
INV0003728,CUST00517,SUB00517,2024-11-25,2024-12-10,199.0,Paid
INV0003729,CUST00517,SUB00517,2024-12-25,2025-01-09,199.0,Paid
INV0003730,CUST00517,SUB00517,2025-01-25,2025-02-09,199.0,Paid
INV0003731,CUST00517,SUB00517,2025-02-25,2025-03-12,199.0,Paid
INV0003732,CUST00517,SUB00517,2025-03-25,2025-04-09,199.0,Paid
INV0003733,CUST00517,SUB00517,2025-04-25,2025-05-10,199.0,Paid
INV0003734,CUST00517,SUB00517,2025-05-25,2025-06-09,199.0,Paid
INV0003735,CUST00517,SUB00517,2025-06-25,2025-07-10,199.0,Paid
INV0003736,CUST00517,SUB00517,2025-07-25,2025-08-09,199.0,Paid
INV0003737,CUST00517,SUB00517,2025-08-25,2025-09-09,199.0,Paid
INV0003738,CUST00518,SUB00518,2025-02-02,2025-02-17,199.0,Paid
INV0003739,CUST00518,SUB00518,2025-03-02,2025-03-17,199.0,Paid
INV0003740,CUST00518,SUB00518,2025-04-02,2025-04-17,199.0,Paid
INV0003741,CUST00518,SUB00518,2025-05-02,2025-05-17,199.0,Overdue
INV0003742,CUST00518,SUB00518,2025-06-02,2025-06-17,199.0,Paid
INV0003743,CUST00518,SUB00518,2025-07-02,2025-07-17,199.0,Paid
INV0003744,CUST00518,SUB00518,2025-08-02,2025-08-17,199.0,Paid
INV0003745,CUST00518,SUB00518,2025-09-02,2025-09-17,199.0,Paid
INV0003746,CUST00518,SUB00518,2025-10-02,2025-10-17,199.0,Paid
INV0003747,CUST00518,SUB00518,2025-11-02,2025-11-17,199.0,Paid
INV0003748,CUST00518,SUB00518,2025-12-02,2025-12-17,199.0,Paid
INV0003749,CUST00519,SUB00519,2025-03-31,2025-04-15,29.0,Paid
INV0003750,CUST00519,SUB00519,2025-04-30,2025-05-15,29.0,Paid
INV0003751,CUST00519,SUB00519,2025-05-30,2025-06-14,29.0,Paid
INV0003752,CUST00519,SUB00519,2025-06-30,2025-07-15,29.0,Pending
INV0003753,CUST00519,SUB00519,2025-07-30,2025-08-14,29.0,Paid
INV0003754,CUST00519,SUB00519,2025-08-30,2025-09-14,29.0,Paid
INV0003755,CUST00519,SUB00519,2025-09-30,2025-10-15,29.0,Paid
INV0003756,CUST00519,SUB00519,2025-10-30,2025-11-14,29.0,Paid
INV0003757,CUST00519,SUB00519,2025-11-30,2025-12-15,29.0,Paid
INV0003758,CUST00519,SUB00519,2025-12-30,2026-01-14,29.0,Paid
INV0003759,CUST00520,SUB00520,2024-07-10,2024-07-25,295.8,Paid
INV0003760,CUST00521,SUB00521,2024-04-15,2024-04-30,29.0,Paid
INV0003761,CUST00521,SUB00521,2024-05-15,2024-05-30,29.0,Paid
INV0003762,CUST00521,SUB00521,2024-06-15,2024-06-30,29.0,Paid
INV0003763,CUST00521,SUB00521,2024-07-15,2024-07-30,29.0,Pending
INV0003764,CUST00521,SUB00521,2024-08-15,2024-08-30,29.0,Paid
INV0003765,CUST00521,SUB00521,2024-09-15,2024-09-30,29.0,Paid
INV0003766,CUST00521,SUB00521,2024-10-15,2024-10-30,79.0,Paid
INV0003767,CUST00521,SUB00521,2024-11-15,2024-11-30,79.0,Paid
INV0003768,CUST00521,SUB00521,2024-12-15,2024-12-30,79.0,Paid
INV0003769,CUST00521,SUB00521,2025-01-15,2025-01-30,79.0,Paid
INV0003770,CUST00521,SUB00521,2025-02-15,2025-03-02,79.0,Paid
INV0003771,CUST00521,SUB00521,2025-03-15,2025-03-30,79.0,Paid
INV0003772,CUST00522,SUB00522,2025-01-29,2025-02-13,2029.8,Paid
INV0003773,CUST00523,SUB00523,2025-07-26,2025-08-10,29.0,Paid
INV0003774,CUST00523,SUB00523,2025-08-26,2025-09-10,29.0,Overdue
INV0003775,CUST00523,SUB00523,2025-09-26,2025-10-11,29.0,Pending
INV0003776,CUST00523,SUB00523,2025-10-26,2025-11-10,29.0,Paid
INV0003777,CUST00523,SUB00523,2025-11-26,2025-12-11,29.0,Paid
INV0003778,CUST00523,SUB00523,2025-12-26,2026-01-10,29.0,Paid
INV0003779,CUST00524,SUB00524,2025-12-02,2025-12-17,2029.8,Paid
INV0003780,CUST00525,SUB00525,2025-05-19,2025-06-03,79.0,Paid
INV0003781,CUST00525,SUB00525,2025-06-19,2025-07-04,79.0,Paid
INV0003782,CUST00525,SUB00525,2025-07-19,2025-08-03,79.0,Paid
INV0003783,CUST00525,SUB00525,2025-08-19,2025-09-03,79.0,Paid
INV0003784,CUST00525,SUB00525,2025-09-19,2025-10-04,79.0,Paid
INV0003785,CUST00525,SUB00525,2025-10-19,2025-11-03,79.0,Paid
INV0003786,CUST00525,SUB00525,2025-11-19,2025-12-04,79.0,Paid
INV0003787,CUST00525,SUB00525,2025-12-19,2026-01-03,79.0,Paid
INV0003788,CUST00526,SUB00526,2024-11-02,2024-11-17,79.0,Paid
INV0003789,CUST00526,SUB00526,2024-12-02,2024-12-17,79.0,Paid
INV0003790,CUST00526,SUB00526,2025-01-02,2025-01-17,79.0,Pending
INV0003791,CUST00526,SUB00526,2025-02-02,2025-02-17,79.0,Paid
INV0003792,CUST00526,SUB00526,2025-03-02,2025-03-17,79.0,Paid
INV0003793,CUST00526,SUB00526,2025-04-02,2025-04-17,79.0,Paid
INV0003794,CUST00526,SUB00526,2025-05-02,2025-05-17,79.0,Paid
INV0003795,CUST00526,SUB00526,2025-06-02,2025-06-17,79.0,Paid
INV0003796,CUST00526,SUB00526,2025-07-02,2025-07-17,79.0,Overdue
INV0003797,CUST00526,SUB00526,2025-08-02,2025-08-17,79.0,Paid
INV0003798,CUST00526,SUB00526,2025-09-02,2025-09-17,79.0,Paid
INV0003799,CUST00526,SUB00526,2025-10-02,2025-10-17,79.0,Paid
INV0003800,CUST00527,SUB00527,2025-10-02,2025-10-17,29.0,Overdue
INV0003801,CUST00527,SUB00527,2025-11-02,2025-11-17,29.0,Overdue
INV0003802,CUST00527,SUB00527,2025-12-02,2025-12-17,29.0,Paid
INV0003803,CUST00528,SUB00528,2024-05-18,2024-06-02,79.0,Paid
INV0003804,CUST00528,SUB00528,2024-06-18,2024-07-03,79.0,Paid
INV0003805,CUST00528,SUB00528,2024-07-18,2024-08-02,79.0,Paid
INV0003806,CUST00528,SUB00528,2024-08-18,2024-09-02,79.0,Paid
INV0003807,CUST00528,SUB00528,2024-09-18,2024-10-03,79.0,Paid
INV0003808,CUST00528,SUB00528,2024-10-18,2024-11-02,79.0,Paid
INV0003809,CUST00529,SUB00529,2024-12-03,2024-12-18,29.0,Paid
INV0003810,CUST00529,SUB00529,2025-01-03,2025-01-18,29.0,Paid
INV0003811,CUST00529,SUB00529,2025-02-03,2025-02-18,29.0,Paid
INV0003812,CUST00529,SUB00529,2025-03-03,2025-03-18,29.0,Paid
INV0003813,CUST00529,SUB00529,2025-04-03,2025-04-18,29.0,Paid
INV0003814,CUST00529,SUB00529,2025-05-03,2025-05-18,29.0,Paid
INV0003815,CUST00529,SUB00529,2025-06-03,2025-06-18,29.0,Paid
INV0003816,CUST00529,SUB00529,2025-07-03,2025-07-18,29.0,Paid
INV0003817,CUST00529,SUB00529,2025-08-03,2025-08-18,29.0,Paid
INV0003818,CUST00529,SUB00529,2025-09-03,2025-09-18,29.0,Paid
INV0003819,CUST00529,SUB00529,2025-10-03,2025-10-18,29.0,Paid
INV0003820,CUST00529,SUB00529,2025-11-03,2025-11-18,29.0,Pending
INV0003821,CUST00529,SUB00529,2025-12-03,2025-12-18,29.0,Paid
INV0003822,CUST00530,SUB00530,2024-11-03,2024-11-18,79.0,Paid
INV0003823,CUST00530,SUB00530,2024-12-03,2024-12-18,79.0,Paid
INV0003824,CUST00530,SUB00530,2025-01-03,2025-01-18,79.0,Paid
INV0003825,CUST00531,SUB00531,2024-06-30,2024-07-15,79.0,Paid
INV0003826,CUST00531,SUB00531,2024-07-30,2024-08-14,79.0,Paid
INV0003827,CUST00531,SUB00531,2024-08-30,2024-09-14,79.0,Paid
INV0003828,CUST00531,SUB00531,2024-09-30,2024-10-15,79.0,Paid
INV0003829,CUST00531,SUB00531,2024-10-30,2024-11-14,79.0,Paid
INV0003830,CUST00531,SUB00531,2024-11-30,2024-12-15,79.0,Paid
INV0003831,CUST00531,SUB00531,2024-12-30,2025-01-14,79.0,Paid
INV0003832,CUST00531,SUB00531,2025-01-30,2025-02-14,79.0,Paid
INV0003833,CUST00531,SUB00531,2025-02-28,2025-03-15,79.0,Paid
INV0003834,CUST00531,SUB00531,2025-03-28,2025-04-12,79.0,Paid
INV0003835,CUST00531,SUB00531,2025-04-28,2025-05-13,79.0,Paid
INV0003836,CUST00531,SUB00531,2025-05-28,2025-06-12,79.0,Paid
INV0003837,CUST00531,SUB00531,2025-06-28,2025-07-13,79.0,Paid
INV0003838,CUST00531,SUB00531,2025-07-28,2025-08-12,79.0,Overdue
INV0003839,CUST00531,SUB00531,2025-08-28,2025-09-12,79.0,Paid
INV0003840,CUST00531,SUB00531,2025-09-28,2025-10-13,79.0,Paid
INV0003841,CUST00531,SUB00531,2025-10-28,2025-11-12,79.0,Paid
INV0003842,CUST00531,SUB00531,2025-11-28,2025-12-13,79.0,Paid
INV0003843,CUST00532,SUB00532,2025-08-12,2025-08-27,295.8,Paid
INV0003844,CUST00533,SUB00533,2025-01-08,2025-01-23,805.8,Paid
INV0003845,CUST00534,SUB00534,2025-11-29,2025-12-14,295.8,Paid
INV0003846,CUST00535,SUB00535,2025-12-26,2026-01-10,2029.8,Paid
INV0003847,CUST00536,SUB00536,2025-02-22,2025-03-09,79.0,Paid
INV0003848,CUST00536,SUB00536,2025-03-22,2025-04-06,79.0,Pending
INV0003849,CUST00536,SUB00536,2025-04-22,2025-05-07,79.0,Paid
INV0003850,CUST00536,SUB00536,2025-05-22,2025-06-06,79.0,Paid
INV0003851,CUST00536,SUB00536,2025-06-22,2025-07-07,79.0,Paid
INV0003852,CUST00536,SUB00536,2025-07-22,2025-08-06,79.0,Paid
INV0003853,CUST00536,SUB00536,2025-08-22,2025-09-06,79.0,Paid
INV0003854,CUST00536,SUB00536,2025-09-22,2025-10-07,79.0,Paid
INV0003855,CUST00536,SUB00536,2025-10-22,2025-11-06,79.0,Paid
INV0003856,CUST00536,SUB00536,2025-11-22,2025-12-07,79.0,Paid
INV0003857,CUST00536,SUB00536,2025-12-22,2026-01-06,79.0,Paid
INV0003858,CUST00537,SUB00537,2024-09-15,2024-09-30,2029.8,Paid
INV0003859,CUST00538,SUB00538,2024-03-16,2024-03-31,295.8,Paid
INV0003860,CUST00538,SUB00538,2025-03-16,2025-03-31,295.8,Paid
INV0003861,CUST00539,SUB00539,2025-07-01,2025-07-16,29.0,Paid
INV0003862,CUST00539,SUB00539,2025-08-01,2025-08-16,29.0,Paid
INV0003863,CUST00539,SUB00539,2025-09-01,2025-09-16,29.0,Paid
INV0003864,CUST00539,SUB00539,2025-10-01,2025-10-16,29.0,Paid
INV0003865,CUST00539,SUB00539,2025-11-01,2025-11-16,29.0,Paid
INV0003866,CUST00539,SUB00539,2025-12-01,2025-12-16,29.0,Overdue
INV0003867,CUST00540,SUB00540,2025-01-03,2025-01-18,2029.8,Paid
INV0003868,CUST00541,SUB00541,2024-04-21,2024-05-06,29.0,Pending
INV0003869,CUST00541,SUB00541,2024-05-21,2024-06-05,29.0,Paid
INV0003870,CUST00541,SUB00541,2024-06-21,2024-07-06,29.0,Paid
INV0003871,CUST00541,SUB00541,2024-07-21,2024-08-05,29.0,Paid
INV0003872,CUST00541,SUB00541,2024-08-21,2024-09-05,79.0,Paid
INV0003873,CUST00541,SUB00541,2024-09-21,2024-10-06,79.0,Paid
INV0003874,CUST00542,SUB00542,2025-10-24,2025-11-08,805.8,Overdue
INV0003875,CUST00543,SUB00543,2024-12-05,2024-12-20,2029.8,Paid
INV0003876,CUST00543,SUB00543,2025-12-05,2025-12-20,2029.8,Paid
INV0003877,CUST00544,SUB00544,2024-09-21,2024-10-06,29.0,Paid
INV0003878,CUST00544,SUB00544,2024-10-21,2024-11-05,29.0,Paid
INV0003879,CUST00544,SUB00544,2024-11-21,2024-12-06,29.0,Paid
INV0003880,CUST00544,SUB00544,2024-12-21,2025-01-05,29.0,Paid
INV0003881,CUST00544,SUB00544,2025-01-21,2025-02-05,29.0,Overdue
INV0003882,CUST00544,SUB00544,2025-02-21,2025-03-08,79.0,Paid
INV0003883,CUST00545,SUB00545,2025-04-01,2025-04-16,29.0,Paid
INV0003884,CUST00545,SUB00545,2025-05-01,2025-05-16,29.0,Pending
INV0003885,CUST00545,SUB00545,2025-06-01,2025-06-16,29.0,Paid
INV0003886,CUST00545,SUB00545,2025-07-01,2025-07-16,29.0,Paid
INV0003887,CUST00545,SUB00545,2025-08-01,2025-08-16,29.0,Paid
INV0003888,CUST00545,SUB00545,2025-09-01,2025-09-16,29.0,Paid
INV0003889,CUST00546,SUB00546,2024-12-19,2025-01-03,79.0,Overdue
INV0003890,CUST00546,SUB00546,2025-01-19,2025-02-03,79.0,Paid
INV0003891,CUST00546,SUB00546,2025-02-19,2025-03-06,79.0,Paid
INV0003892,CUST00546,SUB00546,2025-03-19,2025-04-03,79.0,Paid
INV0003893,CUST00546,SUB00546,2025-04-19,2025-05-04,79.0,Paid
INV0003894,CUST00546,SUB00546,2025-05-19,2025-06-03,79.0,Paid
INV0003895,CUST00546,SUB00546,2025-06-19,2025-07-04,79.0,Paid
INV0003896,CUST00546,SUB00546,2025-07-19,2025-08-03,79.0,Paid
INV0003897,CUST00546,SUB00546,2025-08-19,2025-09-03,79.0,Paid
INV0003898,CUST00546,SUB00546,2025-09-19,2025-10-04,79.0,Overdue
INV0003899,CUST00546,SUB00546,2025-10-19,2025-11-03,79.0,Paid
INV0003900,CUST00546,SUB00546,2025-11-19,2025-12-04,79.0,Paid
INV0003901,CUST00546,SUB00546,2025-12-19,2026-01-03,79.0,Pending
INV0003902,CUST00547,SUB00547,2024-03-28,2024-04-12,805.8,Paid
INV0003903,CUST00547,SUB00547,2025-03-28,2025-04-12,805.8,Paid
INV0003904,CUST00548,SUB00548,2024-12-17,2025-01-01,79.0,Paid
INV0003905,CUST00548,SUB00548,2025-01-17,2025-02-01,79.0,Paid
INV0003906,CUST00548,SUB00548,2025-02-17,2025-03-04,79.0,Paid
INV0003907,CUST00548,SUB00548,2025-03-17,2025-04-01,79.0,Paid
INV0003908,CUST00548,SUB00548,2025-04-17,2025-05-02,79.0,Paid
INV0003909,CUST00548,SUB00548,2025-05-17,2025-06-01,79.0,Overdue
INV0003910,CUST00549,SUB00549,2025-05-02,2025-05-17,29.0,Paid
INV0003911,CUST00549,SUB00549,2025-06-02,2025-06-17,29.0,Paid
INV0003912,CUST00549,SUB00549,2025-07-02,2025-07-17,29.0,Paid
INV0003913,CUST00549,SUB00549,2025-08-02,2025-08-17,29.0,Paid
INV0003914,CUST00549,SUB00549,2025-09-02,2025-09-17,29.0,Paid
INV0003915,CUST00549,SUB00549,2025-10-02,2025-10-17,29.0,Paid
INV0003916,CUST00549,SUB00549,2025-11-02,2025-11-17,29.0,Paid
INV0003917,CUST00549,SUB00549,2025-12-02,2025-12-17,29.0,Paid
INV0003918,CUST00550,SUB00550,2024-03-09,2024-03-24,29.0,Paid
INV0003919,CUST00550,SUB00550,2024-04-09,2024-04-24,29.0,Paid
INV0003920,CUST00550,SUB00550,2024-05-09,2024-05-24,29.0,Paid
INV0003921,CUST00550,SUB00550,2024-06-09,2024-06-24,29.0,Paid
INV0003922,CUST00550,SUB00550,2024-07-09,2024-07-24,29.0,Paid
INV0003923,CUST00550,SUB00550,2024-08-09,2024-08-24,29.0,Paid
INV0003924,CUST00550,SUB00550,2024-09-09,2024-09-24,29.0,Paid
INV0003925,CUST00550,SUB00550,2024-10-09,2024-10-24,29.0,Paid
INV0003926,CUST00550,SUB00550,2024-11-09,2024-11-24,29.0,Paid
INV0003927,CUST00550,SUB00550,2024-12-09,2024-12-24,29.0,Paid
INV0003928,CUST00550,SUB00550,2025-01-09,2025-01-24,29.0,Paid
INV0003929,CUST00550,SUB00550,2025-02-09,2025-02-24,29.0,Paid
INV0003930,CUST00551,SUB00551,2024-12-17,2025-01-01,79.0,Paid
INV0003931,CUST00551,SUB00551,2025-01-17,2025-02-01,79.0,Paid
INV0003932,CUST00551,SUB00551,2025-02-17,2025-03-04,79.0,Paid
INV0003933,CUST00551,SUB00551,2025-03-17,2025-04-01,79.0,Paid
INV0003934,CUST00551,SUB00551,2025-04-17,2025-05-02,79.0,Paid
INV0003935,CUST00551,SUB00551,2025-05-17,2025-06-01,79.0,Paid
INV0003936,CUST00551,SUB00551,2025-06-17,2025-07-02,79.0,Paid
INV0003937,CUST00551,SUB00551,2025-07-17,2025-08-01,79.0,Paid
INV0003938,CUST00551,SUB00551,2025-08-17,2025-09-01,79.0,Paid
INV0003939,CUST00551,SUB00551,2025-09-17,2025-10-02,79.0,Paid
INV0003940,CUST00551,SUB00551,2025-10-17,2025-11-01,79.0,Paid
INV0003941,CUST00551,SUB00551,2025-11-17,2025-12-02,79.0,Paid
INV0003942,CUST00551,SUB00551,2025-12-17,2026-01-01,79.0,Paid
INV0003943,CUST00552,SUB00552,2025-06-12,2025-06-27,29.0,Paid
INV0003944,CUST00552,SUB00552,2025-07-12,2025-07-27,29.0,Paid
INV0003945,CUST00552,SUB00552,2025-08-12,2025-08-27,29.0,Paid
INV0003946,CUST00552,SUB00552,2025-09-12,2025-09-27,29.0,Paid
INV0003947,CUST00552,SUB00552,2025-10-12,2025-10-27,29.0,Overdue
INV0003948,CUST00552,SUB00552,2025-11-12,2025-11-27,29.0,Paid
INV0003949,CUST00552,SUB00552,2025-12-12,2025-12-27,29.0,Paid
INV0003950,CUST00553,SUB00553,2025-04-18,2025-05-03,29.0,Paid
INV0003951,CUST00553,SUB00553,2025-05-18,2025-06-02,29.0,Paid
INV0003952,CUST00553,SUB00553,2025-06-18,2025-07-03,29.0,Paid
INV0003953,CUST00553,SUB00553,2025-07-18,2025-08-02,29.0,Overdue
INV0003954,CUST00553,SUB00553,2025-08-18,2025-09-02,29.0,Paid
INV0003955,CUST00553,SUB00553,2025-09-18,2025-10-03,29.0,Paid
INV0003956,CUST00553,SUB00553,2025-10-18,2025-11-02,29.0,Paid
INV0003957,CUST00553,SUB00553,2025-11-18,2025-12-03,29.0,Paid
INV0003958,CUST00553,SUB00553,2025-12-18,2026-01-02,29.0,Paid
INV0003959,CUST00554,SUB00554,2025-10-17,2025-11-01,79.0,Paid
INV0003960,CUST00554,SUB00554,2025-11-17,2025-12-02,79.0,Overdue
INV0003961,CUST00554,SUB00554,2025-12-17,2026-01-01,79.0,Paid
INV0003962,CUST00555,SUB00555,2025-04-05,2025-04-20,79.0,Paid
INV0003963,CUST00555,SUB00555,2025-05-05,2025-05-20,79.0,Paid
INV0003964,CUST00555,SUB00555,2025-06-05,2025-06-20,79.0,Paid
INV0003965,CUST00555,SUB00555,2025-07-05,2025-07-20,79.0,Paid
INV0003966,CUST00555,SUB00555,2025-08-05,2025-08-20,79.0,Paid
INV0003967,CUST00555,SUB00555,2025-09-05,2025-09-20,199.0,Paid
INV0003968,CUST00556,SUB00556,2024-07-29,2024-08-13,29.0,Paid
INV0003969,CUST00556,SUB00556,2024-08-29,2024-09-13,29.0,Paid
INV0003970,CUST00556,SUB00556,2024-09-29,2024-10-14,29.0,Paid
INV0003971,CUST00556,SUB00556,2024-10-29,2024-11-13,29.0,Paid
INV0003972,CUST00556,SUB00556,2024-11-29,2024-12-14,29.0,Paid
INV0003973,CUST00556,SUB00556,2024-12-29,2025-01-13,29.0,Paid
INV0003974,CUST00557,SUB00557,2025-08-14,2025-08-29,79.0,Paid
INV0003975,CUST00557,SUB00557,2025-09-14,2025-09-29,79.0,Paid
INV0003976,CUST00557,SUB00557,2025-10-14,2025-10-29,79.0,Paid
INV0003977,CUST00557,SUB00557,2025-11-14,2025-11-29,79.0,Paid
INV0003978,CUST00557,SUB00557,2025-12-14,2025-12-29,79.0,Paid
INV0003979,CUST00558,SUB00558,2024-11-29,2024-12-14,29.0,Paid
INV0003980,CUST00558,SUB00558,2024-12-29,2025-01-13,29.0,Paid
INV0003981,CUST00558,SUB00558,2025-01-29,2025-02-13,29.0,Pending
INV0003982,CUST00558,SUB00558,2025-02-28,2025-03-15,29.0,Paid
INV0003983,CUST00558,SUB00558,2025-03-28,2025-04-12,29.0,Paid
INV0003984,CUST00558,SUB00558,2025-04-28,2025-05-13,29.0,Paid
INV0003985,CUST00558,SUB00558,2025-05-28,2025-06-12,29.0,Pending
INV0003986,CUST00558,SUB00558,2025-06-28,2025-07-13,29.0,Paid
INV0003987,CUST00558,SUB00558,2025-07-28,2025-08-12,29.0,Paid
INV0003988,CUST00558,SUB00558,2025-08-28,2025-09-12,29.0,Paid
INV0003989,CUST00558,SUB00558,2025-09-28,2025-10-13,29.0,Paid
INV0003990,CUST00558,SUB00558,2025-10-28,2025-11-12,29.0,Paid
INV0003991,CUST00559,SUB00559,2025-06-24,2025-07-09,79.0,Paid
INV0003992,CUST00559,SUB00559,2025-07-24,2025-08-08,79.0,Paid
INV0003993,CUST00559,SUB00559,2025-08-24,2025-09-08,79.0,Paid
INV0003994,CUST00559,SUB00559,2025-09-24,2025-10-09,79.0,Pending
INV0003995,CUST00559,SUB00559,2025-10-24,2025-11-08,79.0,Paid
INV0003996,CUST00559,SUB00559,2025-11-24,2025-12-09,79.0,Paid
INV0003997,CUST00559,SUB00559,2025-12-24,2026-01-08,79.0,Paid
INV0003998,CUST00560,SUB00560,2025-08-24,2025-09-08,2029.8,Paid
INV0003999,CUST00561,SUB00561,2025-11-20,2025-12-05,29.0,Paid
INV0004000,CUST00561,SUB00561,2025-12-20,2026-01-04,29.0,Paid
INV0004001,CUST00562,SUB00562,2025-11-19,2025-12-04,199.0,Paid
INV0004002,CUST00562,SUB00562,2025-12-19,2026-01-03,199.0,Paid
INV0004003,CUST00563,SUB00563,2024-07-06,2024-07-21,29.0,Paid
INV0004004,CUST00563,SUB00563,2024-08-06,2024-08-21,29.0,Pending
INV0004005,CUST00563,SUB00563,2024-09-06,2024-09-21,29.0,Paid
INV0004006,CUST00563,SUB00563,2024-10-06,2024-10-21,29.0,Paid
INV0004007,CUST00563,SUB00563,2024-11-06,2024-11-21,29.0,Paid
INV0004008,CUST00563,SUB00563,2024-12-06,2024-12-21,29.0,Paid
INV0004009,CUST00564,SUB00564,2025-09-02,2025-09-17,29.0,Paid
INV0004010,CUST00564,SUB00564,2025-10-02,2025-10-17,29.0,Paid
INV0004011,CUST00564,SUB00564,2025-11-02,2025-11-17,29.0,Paid
INV0004012,CUST00564,SUB00564,2025-12-02,2025-12-17,29.0,Paid
INV0004013,CUST00565,SUB00565,2025-10-12,2025-10-27,29.0,Paid
INV0004014,CUST00565,SUB00565,2025-11-12,2025-11-27,29.0,Paid
INV0004015,CUST00565,SUB00565,2025-12-12,2025-12-27,29.0,Paid
INV0004016,CUST00566,SUB00566,2025-07-22,2025-08-06,199.0,Paid
INV0004017,CUST00566,SUB00566,2025-08-22,2025-09-06,199.0,Overdue
INV0004018,CUST00566,SUB00566,2025-09-22,2025-10-07,199.0,Paid
INV0004019,CUST00566,SUB00566,2025-10-22,2025-11-06,199.0,Paid
INV0004020,CUST00566,SUB00566,2025-11-22,2025-12-07,199.0,Paid
INV0004021,CUST00566,SUB00566,2025-12-22,2026-01-06,199.0,Paid
INV0004022,CUST00567,SUB00567,2025-04-06,2025-04-21,29.0,Paid
INV0004023,CUST00567,SUB00567,2025-05-06,2025-05-21,29.0,Paid
INV0004024,CUST00567,SUB00567,2025-06-06,2025-06-21,29.0,Paid
INV0004025,CUST00567,SUB00567,2025-07-06,2025-07-21,29.0,Paid
INV0004026,CUST00567,SUB00567,2025-08-06,2025-08-21,29.0,Overdue
INV0004027,CUST00567,SUB00567,2025-09-06,2025-09-21,29.0,Overdue
INV0004028,CUST00567,SUB00567,2025-10-06,2025-10-21,29.0,Overdue
INV0004029,CUST00567,SUB00567,2025-11-06,2025-11-21,29.0,Paid
INV0004030,CUST00567,SUB00567,2025-12-06,2025-12-21,29.0,Paid
INV0004031,CUST00568,SUB00568,2025-05-11,2025-05-26,199.0,Paid
INV0004032,CUST00568,SUB00568,2025-06-11,2025-06-26,199.0,Paid
INV0004033,CUST00568,SUB00568,2025-07-11,2025-07-26,199.0,Paid
INV0004034,CUST00568,SUB00568,2025-08-11,2025-08-26,199.0,Paid
INV0004035,CUST00568,SUB00568,2025-09-11,2025-09-26,199.0,Paid
INV0004036,CUST00568,SUB00568,2025-10-11,2025-10-26,199.0,Paid
INV0004037,CUST00568,SUB00568,2025-11-11,2025-11-26,199.0,Overdue
INV0004038,CUST00568,SUB00568,2025-12-11,2025-12-26,199.0,Paid
INV0004039,CUST00569,SUB00569,2025-02-22,2025-03-09,79.0,Paid
INV0004040,CUST00569,SUB00569,2025-03-22,2025-04-06,79.0,Overdue
INV0004041,CUST00569,SUB00569,2025-04-22,2025-05-07,79.0,Paid
INV0004042,CUST00569,SUB00569,2025-05-22,2025-06-06,79.0,Paid
INV0004043,CUST00569,SUB00569,2025-06-22,2025-07-07,79.0,Paid
INV0004044,CUST00569,SUB00569,2025-07-22,2025-08-06,79.0,Paid
INV0004045,CUST00569,SUB00569,2025-08-22,2025-09-06,79.0,Paid
INV0004046,CUST00569,SUB00569,2025-09-22,2025-10-07,79.0,Paid
INV0004047,CUST00569,SUB00569,2025-10-22,2025-11-06,79.0,Paid
INV0004048,CUST00569,SUB00569,2025-11-22,2025-12-07,79.0,Paid
INV0004049,CUST00569,SUB00569,2025-12-22,2026-01-06,79.0,Paid
INV0004050,CUST00570,SUB00570,2025-05-15,2025-05-30,29.0,Overdue
INV0004051,CUST00570,SUB00570,2025-06-15,2025-06-30,29.0,Paid
INV0004052,CUST00570,SUB00570,2025-07-15,2025-07-30,29.0,Paid
INV0004053,CUST00571,SUB00571,2024-10-26,2024-11-10,79.0,Paid
INV0004054,CUST00571,SUB00571,2024-11-26,2024-12-11,79.0,Paid
INV0004055,CUST00571,SUB00571,2024-12-26,2025-01-10,79.0,Paid
INV0004056,CUST00571,SUB00571,2025-01-26,2025-02-10,79.0,Paid
INV0004057,CUST00571,SUB00571,2025-02-26,2025-03-13,79.0,Paid
INV0004058,CUST00571,SUB00571,2025-03-26,2025-04-10,79.0,Paid
INV0004059,CUST00571,SUB00571,2025-04-26,2025-05-11,79.0,Paid
INV0004060,CUST00571,SUB00571,2025-05-26,2025-06-10,79.0,Paid
INV0004061,CUST00571,SUB00571,2025-06-26,2025-07-11,79.0,Paid
INV0004062,CUST00571,SUB00571,2025-07-26,2025-08-10,79.0,Paid
INV0004063,CUST00571,SUB00571,2025-08-26,2025-09-10,79.0,Paid
INV0004064,CUST00571,SUB00571,2025-09-26,2025-10-11,79.0,Paid
INV0004065,CUST00571,SUB00571,2025-10-26,2025-11-10,79.0,Paid
INV0004066,CUST00571,SUB00571,2025-11-26,2025-12-11,79.0,Paid
INV0004067,CUST00571,SUB00571,2025-12-26,2026-01-10,79.0,Paid
INV0004068,CUST00572,SUB00572,2025-04-13,2025-04-28,29.0,Paid
INV0004069,CUST00572,SUB00572,2025-05-13,2025-05-28,29.0,Paid
INV0004070,CUST00572,SUB00572,2025-06-13,2025-06-28,29.0,Paid
INV0004071,CUST00572,SUB00572,2025-07-13,2025-07-28,29.0,Paid
INV0004072,CUST00572,SUB00572,2025-08-13,2025-08-28,29.0,Paid
INV0004073,CUST00572,SUB00572,2025-09-13,2025-09-28,29.0,Paid
INV0004074,CUST00572,SUB00572,2025-10-13,2025-10-28,29.0,Paid
INV0004075,CUST00572,SUB00572,2025-11-13,2025-11-28,29.0,Paid
INV0004076,CUST00572,SUB00572,2025-12-13,2025-12-28,29.0,Paid
INV0004077,CUST00573,SUB00573,2025-08-09,2025-08-24,805.8,Paid
INV0004078,CUST00574,SUB00574,2025-07-09,2025-07-24,295.8,Paid
INV0004079,CUST00575,SUB00575,2025-07-13,2025-07-28,2029.8,Paid
INV0004080,CUST00576,SUB00576,2024-10-31,2024-11-15,79.0,Paid
INV0004081,CUST00576,SUB00576,2024-11-30,2024-12-15,79.0,Paid
INV0004082,CUST00576,SUB00576,2024-12-30,2025-01-14,79.0,Paid
INV0004083,CUST00576,SUB00576,2025-01-30,2025-02-14,79.0,Paid
INV0004084,CUST00576,SUB00576,2025-02-28,2025-03-15,79.0,Paid
INV0004085,CUST00576,SUB00576,2025-03-28,2025-04-12,79.0,Paid
INV0004086,CUST00576,SUB00576,2025-04-28,2025-05-13,79.0,Paid
INV0004087,CUST00576,SUB00576,2025-05-28,2025-06-12,79.0,Paid
INV0004088,CUST00576,SUB00576,2025-06-28,2025-07-13,79.0,Overdue
INV0004089,CUST00576,SUB00576,2025-07-28,2025-08-12,79.0,Paid
INV0004090,CUST00576,SUB00576,2025-08-28,2025-09-12,79.0,Paid
INV0004091,CUST00576,SUB00576,2025-09-28,2025-10-13,79.0,Paid
INV0004092,CUST00576,SUB00576,2025-10-28,2025-11-12,79.0,Paid
INV0004093,CUST00576,SUB00576,2025-11-28,2025-12-13,79.0,Overdue
INV0004094,CUST00576,SUB00576,2025-12-28,2026-01-12,79.0,Paid
INV0004095,CUST00577,SUB00577,2024-03-30,2024-04-14,79.0,Paid
INV0004096,CUST00577,SUB00577,2024-04-30,2024-05-15,79.0,Paid
INV0004097,CUST00577,SUB00577,2024-05-30,2024-06-14,79.0,Paid
INV0004098,CUST00577,SUB00577,2024-06-30,2024-07-15,79.0,Paid
INV0004099,CUST00577,SUB00577,2024-07-30,2024-08-14,79.0,Overdue
INV0004100,CUST00577,SUB00577,2024-08-30,2024-09-14,79.0,Paid
INV0004101,CUST00578,SUB00578,2024-08-02,2024-08-17,79.0,Paid
INV0004102,CUST00578,SUB00578,2024-09-02,2024-09-17,79.0,Paid
INV0004103,CUST00578,SUB00578,2024-10-02,2024-10-17,79.0,Paid
INV0004104,CUST00578,SUB00578,2024-11-02,2024-11-17,79.0,Overdue
INV0004105,CUST00578,SUB00578,2024-12-02,2024-12-17,79.0,Paid
INV0004106,CUST00578,SUB00578,2025-01-02,2025-01-17,79.0,Paid
INV0004107,CUST00579,SUB00579,2024-06-18,2024-07-03,29.0,Paid
INV0004108,CUST00579,SUB00579,2024-07-18,2024-08-02,29.0,Paid
INV0004109,CUST00579,SUB00579,2024-08-18,2024-09-02,29.0,Paid
INV0004110,CUST00579,SUB00579,2024-09-18,2024-10-03,29.0,Paid
INV0004111,CUST00579,SUB00579,2024-10-18,2024-11-02,29.0,Paid
INV0004112,CUST00579,SUB00579,2024-11-18,2024-12-03,29.0,Overdue
INV0004113,CUST00579,SUB00579,2024-12-18,2025-01-02,29.0,Paid
INV0004114,CUST00579,SUB00579,2025-01-18,2025-02-02,29.0,Overdue
INV0004115,CUST00579,SUB00579,2025-02-18,2025-03-05,29.0,Paid
INV0004116,CUST00579,SUB00579,2025-03-18,2025-04-02,29.0,Paid
INV0004117,CUST00579,SUB00579,2025-04-18,2025-05-03,29.0,Paid
INV0004118,CUST00579,SUB00579,2025-05-18,2025-06-02,29.0,Paid
INV0004119,CUST00579,SUB00579,2025-06-18,2025-07-03,29.0,Pending
INV0004120,CUST00579,SUB00579,2025-07-18,2025-08-02,29.0,Paid
INV0004121,CUST00579,SUB00579,2025-08-18,2025-09-02,29.0,Paid
INV0004122,CUST00579,SUB00579,2025-09-18,2025-10-03,29.0,Paid
INV0004123,CUST00579,SUB00579,2025-10-18,2025-11-02,29.0,Paid
INV0004124,CUST00579,SUB00579,2025-11-18,2025-12-03,29.0,Paid
INV0004125,CUST00580,SUB00580,2024-03-01,2024-03-16,295.8,Pending
INV0004126,CUST00581,SUB00581,2024-11-27,2024-12-12,295.8,Paid
INV0004127,CUST00581,SUB00581,2025-11-27,2025-12-12,295.8,Paid
INV0004128,CUST00582,SUB00582,2025-06-10,2025-06-25,295.8,Paid
INV0004129,CUST00583,SUB00583,2025-02-25,2025-03-12,805.8,Paid
INV0004130,CUST00584,SUB00584,2025-12-19,2026-01-03,29.0,Paid
INV0004131,CUST00585,SUB00585,2024-09-10,2024-09-25,79.0,Paid
INV0004132,CUST00585,SUB00585,2024-10-10,2024-10-25,79.0,Paid
INV0004133,CUST00585,SUB00585,2024-11-10,2024-11-25,79.0,Paid
INV0004134,CUST00585,SUB00585,2024-12-10,2024-12-25,79.0,Paid
INV0004135,CUST00585,SUB00585,2025-01-10,2025-01-25,79.0,Paid
INV0004136,CUST00585,SUB00585,2025-02-10,2025-02-25,79.0,Paid
INV0004137,CUST00585,SUB00585,2025-03-10,2025-03-25,79.0,Paid
INV0004138,CUST00585,SUB00585,2025-04-10,2025-04-25,79.0,Paid
INV0004139,CUST00585,SUB00585,2025-05-10,2025-05-25,79.0,Paid
INV0004140,CUST00585,SUB00585,2025-06-10,2025-06-25,79.0,Paid
INV0004141,CUST00585,SUB00585,2025-07-10,2025-07-25,79.0,Paid
INV0004142,CUST00585,SUB00585,2025-08-10,2025-08-25,79.0,Paid
INV0004143,CUST00585,SUB00585,2025-09-10,2025-09-25,79.0,Paid
INV0004144,CUST00585,SUB00585,2025-10-10,2025-10-25,79.0,Overdue
INV0004145,CUST00585,SUB00585,2025-11-10,2025-11-25,79.0,Paid
INV0004146,CUST00585,SUB00585,2025-12-10,2025-12-25,79.0,Paid
INV0004147,CUST00586,SUB00586,2025-08-14,2025-08-29,79.0,Paid
INV0004148,CUST00586,SUB00586,2025-09-14,2025-09-29,79.0,Paid
INV0004149,CUST00586,SUB00586,2025-10-14,2025-10-29,79.0,Paid
INV0004150,CUST00586,SUB00586,2025-11-14,2025-11-29,79.0,Paid
INV0004151,CUST00586,SUB00586,2025-12-14,2025-12-29,79.0,Overdue
INV0004152,CUST00587,SUB00587,2024-03-18,2024-04-02,79.0,Paid
INV0004153,CUST00587,SUB00587,2024-04-18,2024-05-03,79.0,Paid
INV0004154,CUST00587,SUB00587,2024-05-18,2024-06-02,79.0,Paid
INV0004155,CUST00587,SUB00587,2024-06-18,2024-07-03,79.0,Paid
INV0004156,CUST00587,SUB00587,2024-07-18,2024-08-02,79.0,Paid
INV0004157,CUST00587,SUB00587,2024-08-18,2024-09-02,79.0,Paid
INV0004158,CUST00587,SUB00587,2024-09-18,2024-10-03,79.0,Paid
INV0004159,CUST00587,SUB00587,2024-10-18,2024-11-02,79.0,Paid
INV0004160,CUST00587,SUB00587,2024-11-18,2024-12-03,79.0,Paid
INV0004161,CUST00587,SUB00587,2024-12-18,2025-01-02,79.0,Paid
INV0004162,CUST00587,SUB00587,2025-01-18,2025-02-02,79.0,Paid
INV0004163,CUST00587,SUB00587,2025-02-18,2025-03-05,79.0,Paid
INV0004164,CUST00588,SUB00588,2025-12-12,2025-12-27,79.0,Paid
INV0004165,CUST00589,SUB00589,2024-12-01,2024-12-16,29.0,Paid
INV0004166,CUST00589,SUB00589,2025-01-01,2025-01-16,29.0,Paid
INV0004167,CUST00589,SUB00589,2025-02-01,2025-02-16,29.0,Paid
INV0004168,CUST00589,SUB00589,2025-03-01,2025-03-16,29.0,Paid
INV0004169,CUST00589,SUB00589,2025-04-01,2025-04-16,29.0,Pending
INV0004170,CUST00589,SUB00589,2025-05-01,2025-05-16,29.0,Paid
INV0004171,CUST00589,SUB00589,2025-06-01,2025-06-16,29.0,Paid
INV0004172,CUST00589,SUB00589,2025-07-01,2025-07-16,29.0,Paid
INV0004173,CUST00589,SUB00589,2025-08-01,2025-08-16,29.0,Paid
INV0004174,CUST00589,SUB00589,2025-09-01,2025-09-16,29.0,Paid
INV0004175,CUST00589,SUB00589,2025-10-01,2025-10-16,29.0,Paid
INV0004176,CUST00589,SUB00589,2025-11-01,2025-11-16,29.0,Paid
INV0004177,CUST00590,SUB00590,2025-04-14,2025-04-29,29.0,Paid
INV0004178,CUST00590,SUB00590,2025-05-14,2025-05-29,29.0,Paid
INV0004179,CUST00590,SUB00590,2025-06-14,2025-06-29,29.0,Paid
INV0004180,CUST00590,SUB00590,2025-07-14,2025-07-29,29.0,Overdue
INV0004181,CUST00590,SUB00590,2025-08-14,2025-08-29,29.0,Paid
INV0004182,CUST00590,SUB00590,2025-09-14,2025-09-29,29.0,Paid
INV0004183,CUST00591,SUB00591,2025-07-01,2025-07-16,295.8,Paid
INV0004184,CUST00592,SUB00592,2024-10-01,2024-10-16,199.0,Paid
INV0004185,CUST00592,SUB00592,2024-11-01,2024-11-16,199.0,Paid
INV0004186,CUST00592,SUB00592,2024-12-01,2024-12-16,199.0,Paid
INV0004187,CUST00592,SUB00592,2025-01-01,2025-01-16,199.0,Paid
INV0004188,CUST00592,SUB00592,2025-02-01,2025-02-16,199.0,Paid
INV0004189,CUST00592,SUB00592,2025-03-01,2025-03-16,199.0,Paid
INV0004190,CUST00592,SUB00592,2025-04-01,2025-04-16,199.0,Paid
INV0004191,CUST00592,SUB00592,2025-05-01,2025-05-16,199.0,Paid
INV0004192,CUST00592,SUB00592,2025-06-01,2025-06-16,199.0,Paid
INV0004193,CUST00592,SUB00592,2025-07-01,2025-07-16,199.0,Paid
INV0004194,CUST00592,SUB00592,2025-08-01,2025-08-16,79.0,Overdue
INV0004195,CUST00592,SUB00592,2025-09-01,2025-09-16,79.0,Paid
INV0004196,CUST00593,SUB00593,2025-08-02,2025-08-17,2029.8,Paid
INV0004197,CUST00594,SUB00594,2024-02-17,2024-03-03,79.0,Paid
INV0004198,CUST00594,SUB00594,2024-03-17,2024-04-01,79.0,Paid
INV0004199,CUST00594,SUB00594,2024-04-17,2024-05-02,79.0,Paid
INV0004200,CUST00594,SUB00594,2024-05-17,2024-06-01,79.0,Paid
INV0004201,CUST00594,SUB00594,2024-06-17,2024-07-02,79.0,Paid
INV0004202,CUST00594,SUB00594,2024-07-17,2024-08-01,79.0,Overdue
INV0004203,CUST00594,SUB00594,2024-08-17,2024-09-01,79.0,Paid
INV0004204,CUST00594,SUB00594,2024-09-17,2024-10-02,79.0,Paid
INV0004205,CUST00594,SUB00594,2024-10-17,2024-11-01,29.0,Paid
INV0004206,CUST00594,SUB00594,2024-11-17,2024-12-02,29.0,Paid
INV0004207,CUST00594,SUB00594,2024-12-17,2025-01-01,29.0,Paid
INV0004208,CUST00594,SUB00594,2025-01-17,2025-02-01,29.0,Paid
INV0004209,CUST00595,SUB00595,2024-05-07,2024-05-22,805.8,Paid
INV0004210,CUST00596,SUB00596,2025-03-14,2025-03-29,29.0,Paid
INV0004211,CUST00596,SUB00596,2025-04-14,2025-04-29,29.0,Paid
INV0004212,CUST00596,SUB00596,2025-05-14,2025-05-29,29.0,Paid
INV0004213,CUST00596,SUB00596,2025-06-14,2025-06-29,29.0,Paid
INV0004214,CUST00596,SUB00596,2025-07-14,2025-07-29,29.0,Paid
INV0004215,CUST00596,SUB00596,2025-08-14,2025-08-29,29.0,Paid
INV0004216,CUST00596,SUB00596,2025-09-14,2025-09-29,29.0,Paid
INV0004217,CUST00596,SUB00596,2025-10-14,2025-10-29,29.0,Paid
INV0004218,CUST00596,SUB00596,2025-11-14,2025-11-29,29.0,Paid
INV0004219,CUST00596,SUB00596,2025-12-14,2025-12-29,29.0,Paid
INV0004220,CUST00597,SUB00597,2024-06-11,2024-06-26,199.0,Paid
INV0004221,CUST00597,SUB00597,2024-07-11,2024-07-26,199.0,Paid
INV0004222,CUST00597,SUB00597,2024-08-11,2024-08-26,199.0,Paid
INV0004223,CUST00597,SUB00597,2024-09-11,2024-09-26,199.0,Overdue
INV0004224,CUST00597,SUB00597,2024-10-11,2024-10-26,199.0,Paid
INV0004225,CUST00597,SUB00597,2024-11-11,2024-11-26,199.0,Paid
INV0004226,CUST00597,SUB00597,2024-12-11,2024-12-26,199.0,Paid
INV0004227,CUST00597,SUB00597,2025-01-11,2025-01-26,199.0,Overdue
INV0004228,CUST00597,SUB00597,2025-02-11,2025-02-26,199.0,Paid
INV0004229,CUST00597,SUB00597,2025-03-11,2025-03-26,199.0,Paid
INV0004230,CUST00597,SUB00597,2025-04-11,2025-04-26,199.0,Paid
INV0004231,CUST00597,SUB00597,2025-05-11,2025-05-26,199.0,Overdue
INV0004232,CUST00597,SUB00597,2025-06-11,2025-06-26,199.0,Paid
INV0004233,CUST00597,SUB00597,2025-07-11,2025-07-26,199.0,Paid
INV0004234,CUST00597,SUB00597,2025-08-11,2025-08-26,199.0,Paid
INV0004235,CUST00597,SUB00597,2025-09-11,2025-09-26,199.0,Paid
INV0004236,CUST00597,SUB00597,2025-10-11,2025-10-26,199.0,Paid
INV0004237,CUST00597,SUB00597,2025-11-11,2025-11-26,199.0,Paid
INV0004238,CUST00597,SUB00597,2025-12-11,2025-12-26,199.0,Paid
INV0004239,CUST00598,SUB00598,2024-09-13,2024-09-28,29.0,Paid
INV0004240,CUST00598,SUB00598,2024-10-13,2024-10-28,29.0,Paid
INV0004241,CUST00598,SUB00598,2024-11-13,2024-11-28,29.0,Paid
INV0004242,CUST00598,SUB00598,2024-12-13,2024-12-28,29.0,Paid
INV0004243,CUST00598,SUB00598,2025-01-13,2025-01-28,29.0,Paid
INV0004244,CUST00598,SUB00598,2025-02-13,2025-02-28,29.0,Paid
INV0004245,CUST00598,SUB00598,2025-03-13,2025-03-28,29.0,Paid
INV0004246,CUST00598,SUB00598,2025-04-13,2025-04-28,29.0,Paid
INV0004247,CUST00598,SUB00598,2025-05-13,2025-05-28,29.0,Paid
INV0004248,CUST00598,SUB00598,2025-06-13,2025-06-28,29.0,Paid
INV0004249,CUST00598,SUB00598,2025-07-13,2025-07-28,29.0,Paid
INV0004250,CUST00598,SUB00598,2025-08-13,2025-08-28,29.0,Paid
INV0004251,CUST00599,SUB00599,2024-02-23,2024-03-09,2029.8,Paid
INV0004252,CUST00599,SUB00599,2025-02-23,2025-03-10,2029.8,Overdue
INV0004253,CUST00600,SUB00600,2025-03-15,2025-03-30,29.0,Paid
INV0004254,CUST00600,SUB00600,2025-04-15,2025-04-30,29.0,Paid
INV0004255,CUST00600,SUB00600,2025-05-15,2025-05-30,29.0,Paid
INV0004256,CUST00600,SUB00600,2025-06-15,2025-06-30,29.0,Overdue
INV0004257,CUST00600,SUB00600,2025-07-15,2025-07-30,29.0,Paid
INV0004258,CUST00600,SUB00600,2025-08-15,2025-08-30,29.0,Paid
INV0004259,CUST00601,SUB00601,2025-05-03,2025-05-18,79.0,Paid
INV0004260,CUST00601,SUB00601,2025-06-03,2025-06-18,79.0,Paid
INV0004261,CUST00601,SUB00601,2025-07-03,2025-07-18,79.0,Overdue
INV0004262,CUST00601,SUB00601,2025-08-03,2025-08-18,79.0,Paid
INV0004263,CUST00601,SUB00601,2025-09-03,2025-09-18,79.0,Pending
INV0004264,CUST00601,SUB00601,2025-10-03,2025-10-18,79.0,Paid
INV0004265,CUST00601,SUB00601,2025-11-03,2025-11-18,79.0,Pending
INV0004266,CUST00601,SUB00601,2025-12-03,2025-12-18,79.0,Paid
INV0004267,CUST00602,SUB00602,2024-01-10,2024-01-25,295.8,Overdue
INV0004268,CUST00602,SUB00602,2025-01-10,2025-01-25,295.8,Paid
INV0004269,CUST00603,SUB00603,2025-12-11,2025-12-26,295.8,Paid
INV0004270,CUST00604,SUB00604,2024-04-14,2024-04-29,79.0,Paid
INV0004271,CUST00604,SUB00604,2024-05-14,2024-05-29,79.0,Paid
INV0004272,CUST00604,SUB00604,2024-06-14,2024-06-29,79.0,Paid
INV0004273,CUST00604,SUB00604,2024-07-14,2024-07-29,79.0,Paid
INV0004274,CUST00604,SUB00604,2024-08-14,2024-08-29,79.0,Paid
INV0004275,CUST00604,SUB00604,2024-09-14,2024-09-29,79.0,Paid
INV0004276,CUST00604,SUB00604,2024-10-14,2024-10-29,79.0,Paid
INV0004277,CUST00604,SUB00604,2024-11-14,2024-11-29,79.0,Paid
INV0004278,CUST00604,SUB00604,2024-12-14,2024-12-29,79.0,Paid
INV0004279,CUST00604,SUB00604,2025-01-14,2025-01-29,79.0,Paid
INV0004280,CUST00604,SUB00604,2025-02-14,2025-03-01,79.0,Paid
INV0004281,CUST00604,SUB00604,2025-03-14,2025-03-29,79.0,Paid
INV0004282,CUST00604,SUB00604,2025-04-14,2025-04-29,79.0,Paid
INV0004283,CUST00604,SUB00604,2025-05-14,2025-05-29,79.0,Overdue
INV0004284,CUST00604,SUB00604,2025-06-14,2025-06-29,79.0,Paid
INV0004285,CUST00604,SUB00604,2025-07-14,2025-07-29,79.0,Paid
INV0004286,CUST00604,SUB00604,2025-08-14,2025-08-29,79.0,Paid
INV0004287,CUST00604,SUB00604,2025-09-14,2025-09-29,79.0,Paid
INV0004288,CUST00604,SUB00604,2025-10-14,2025-10-29,79.0,Paid
INV0004289,CUST00604,SUB00604,2025-11-14,2025-11-29,79.0,Paid
INV0004290,CUST00604,SUB00604,2025-12-14,2025-12-29,79.0,Paid
INV0004291,CUST00605,SUB00605,2025-01-26,2025-02-10,199.0,Paid
INV0004292,CUST00605,SUB00605,2025-02-26,2025-03-13,199.0,Paid
INV0004293,CUST00605,SUB00605,2025-03-26,2025-04-10,199.0,Paid
INV0004294,CUST00605,SUB00605,2025-04-26,2025-05-11,199.0,Paid
INV0004295,CUST00605,SUB00605,2025-05-26,2025-06-10,199.0,Paid
INV0004296,CUST00605,SUB00605,2025-06-26,2025-07-11,199.0,Paid
INV0004297,CUST00605,SUB00605,2025-07-26,2025-08-10,199.0,Paid
INV0004298,CUST00605,SUB00605,2025-08-26,2025-09-10,199.0,Pending
INV0004299,CUST00605,SUB00605,2025-09-26,2025-10-11,199.0,Paid
INV0004300,CUST00605,SUB00605,2025-10-26,2025-11-10,199.0,Paid
INV0004301,CUST00605,SUB00605,2025-11-26,2025-12-11,199.0,Paid
INV0004302,CUST00605,SUB00605,2025-12-26,2026-01-10,199.0,Paid
INV0004303,CUST00606,SUB00606,2024-03-11,2024-03-26,199.0,Paid
INV0004304,CUST00606,SUB00606,2024-04-11,2024-04-26,199.0,Paid
INV0004305,CUST00606,SUB00606,2024-05-11,2024-05-26,199.0,Paid
INV0004306,CUST00606,SUB00606,2024-06-11,2024-06-26,199.0,Paid
INV0004307,CUST00606,SUB00606,2024-07-11,2024-07-26,199.0,Paid
INV0004308,CUST00606,SUB00606,2024-08-11,2024-08-26,199.0,Paid
INV0004309,CUST00606,SUB00606,2024-09-11,2024-09-26,199.0,Paid
INV0004310,CUST00606,SUB00606,2024-10-11,2024-10-26,199.0,Paid
INV0004311,CUST00606,SUB00606,2024-11-11,2024-11-26,199.0,Paid
INV0004312,CUST00606,SUB00606,2024-12-11,2024-12-26,199.0,Paid
INV0004313,CUST00606,SUB00606,2025-01-11,2025-01-26,199.0,Paid
INV0004314,CUST00606,SUB00606,2025-02-11,2025-02-26,199.0,Paid
INV0004315,CUST00606,SUB00606,2025-03-11,2025-03-26,199.0,Paid
INV0004316,CUST00606,SUB00606,2025-04-11,2025-04-26,199.0,Paid
INV0004317,CUST00606,SUB00606,2025-05-11,2025-05-26,199.0,Paid
INV0004318,CUST00606,SUB00606,2025-06-11,2025-06-26,199.0,Paid
INV0004319,CUST00606,SUB00606,2025-07-11,2025-07-26,199.0,Paid
INV0004320,CUST00606,SUB00606,2025-08-11,2025-08-26,199.0,Paid
INV0004321,CUST00607,SUB00607,2025-03-26,2025-04-10,199.0,Paid
INV0004322,CUST00607,SUB00607,2025-04-26,2025-05-11,199.0,Paid
INV0004323,CUST00607,SUB00607,2025-05-26,2025-06-10,199.0,Overdue
INV0004324,CUST00607,SUB00607,2025-06-26,2025-07-11,199.0,Paid
INV0004325,CUST00607,SUB00607,2025-07-26,2025-08-10,199.0,Paid
INV0004326,CUST00607,SUB00607,2025-08-26,2025-09-10,199.0,Paid
INV0004327,CUST00607,SUB00607,2025-09-26,2025-10-11,199.0,Paid
INV0004328,CUST00607,SUB00607,2025-10-26,2025-11-10,199.0,Paid
INV0004329,CUST00607,SUB00607,2025-11-26,2025-12-11,199.0,Paid
INV0004330,CUST00607,SUB00607,2025-12-26,2026-01-10,199.0,Paid
INV0004331,CUST00608,SUB00608,2025-02-25,2025-03-12,199.0,Pending
INV0004332,CUST00608,SUB00608,2025-03-25,2025-04-09,199.0,Paid
INV0004333,CUST00608,SUB00608,2025-04-25,2025-05-10,199.0,Paid
INV0004334,CUST00608,SUB00608,2025-05-25,2025-06-09,199.0,Paid
INV0004335,CUST00608,SUB00608,2025-06-25,2025-07-10,199.0,Paid
INV0004336,CUST00608,SUB00608,2025-07-25,2025-08-09,199.0,Paid
INV0004337,CUST00608,SUB00608,2025-08-25,2025-09-09,199.0,Pending
INV0004338,CUST00608,SUB00608,2025-09-25,2025-10-10,199.0,Paid
INV0004339,CUST00608,SUB00608,2025-10-25,2025-11-09,199.0,Paid
INV0004340,CUST00608,SUB00608,2025-11-25,2025-12-10,199.0,Paid
INV0004341,CUST00608,SUB00608,2025-12-25,2026-01-09,199.0,Paid
INV0004342,CUST00609,SUB00609,2024-04-12,2024-04-27,79.0,Paid
INV0004343,CUST00609,SUB00609,2024-05-12,2024-05-27,79.0,Paid
INV0004344,CUST00609,SUB00609,2024-06-12,2024-06-27,79.0,Paid
INV0004345,CUST00609,SUB00609,2024-07-12,2024-07-27,79.0,Paid
INV0004346,CUST00609,SUB00609,2024-08-12,2024-08-27,79.0,Paid
INV0004347,CUST00609,SUB00609,2024-09-12,2024-09-27,79.0,Paid
INV0004348,CUST00609,SUB00609,2024-10-12,2024-10-27,79.0,Paid
INV0004349,CUST00609,SUB00609,2024-11-12,2024-11-27,79.0,Paid
INV0004350,CUST00609,SUB00609,2024-12-12,2024-12-27,79.0,Paid
INV0004351,CUST00609,SUB00609,2025-01-12,2025-01-27,79.0,Overdue
INV0004352,CUST00609,SUB00609,2025-02-12,2025-02-27,79.0,Paid
INV0004353,CUST00609,SUB00609,2025-03-12,2025-03-27,79.0,Paid
INV0004354,CUST00610,SUB00610,2024-12-25,2025-01-09,199.0,Paid
INV0004355,CUST00610,SUB00610,2025-01-25,2025-02-09,199.0,Paid
INV0004356,CUST00610,SUB00610,2025-02-25,2025-03-12,199.0,Paid
INV0004357,CUST00610,SUB00610,2025-03-25,2025-04-09,199.0,Paid
INV0004358,CUST00610,SUB00610,2025-04-25,2025-05-10,199.0,Paid
INV0004359,CUST00610,SUB00610,2025-05-25,2025-06-09,199.0,Paid
INV0004360,CUST00610,SUB00610,2025-06-25,2025-07-10,199.0,Paid
INV0004361,CUST00610,SUB00610,2025-07-25,2025-08-09,199.0,Paid
INV0004362,CUST00610,SUB00610,2025-08-25,2025-09-09,199.0,Paid
INV0004363,CUST00610,SUB00610,2025-09-25,2025-10-10,199.0,Paid
INV0004364,CUST00610,SUB00610,2025-10-25,2025-11-09,199.0,Paid
INV0004365,CUST00610,SUB00610,2025-11-25,2025-12-10,199.0,Paid
INV0004366,CUST00610,SUB00610,2025-12-25,2026-01-09,199.0,Paid
INV0004367,CUST00611,SUB00611,2024-10-10,2024-10-25,199.0,Paid
INV0004368,CUST00611,SUB00611,2024-11-10,2024-11-25,199.0,Pending
INV0004369,CUST00611,SUB00611,2024-12-10,2024-12-25,199.0,Paid
INV0004370,CUST00611,SUB00611,2025-01-10,2025-01-25,199.0,Paid
INV0004371,CUST00611,SUB00611,2025-02-10,2025-02-25,199.0,Paid
INV0004372,CUST00611,SUB00611,2025-03-10,2025-03-25,199.0,Paid
INV0004373,CUST00611,SUB00611,2025-04-10,2025-04-25,199.0,Paid
INV0004374,CUST00611,SUB00611,2025-05-10,2025-05-25,199.0,Paid
INV0004375,CUST00611,SUB00611,2025-06-10,2025-06-25,199.0,Paid
INV0004376,CUST00611,SUB00611,2025-07-10,2025-07-25,199.0,Paid
INV0004377,CUST00611,SUB00611,2025-08-10,2025-08-25,199.0,Paid
INV0004378,CUST00611,SUB00611,2025-09-10,2025-09-25,199.0,Paid
INV0004379,CUST00612,SUB00612,2025-12-08,2025-12-23,79.0,Paid
INV0004380,CUST00613,SUB00613,2024-07-29,2024-08-13,199.0,Paid
INV0004381,CUST00613,SUB00613,2024-08-29,2024-09-13,199.0,Paid
INV0004382,CUST00613,SUB00613,2024-09-29,2024-10-14,199.0,Paid
INV0004383,CUST00613,SUB00613,2024-10-29,2024-11-13,199.0,Paid
INV0004384,CUST00613,SUB00613,2024-11-29,2024-12-14,199.0,Paid
INV0004385,CUST00613,SUB00613,2024-12-29,2025-01-13,199.0,Paid
INV0004386,CUST00613,SUB00613,2025-01-29,2025-02-13,199.0,Paid
INV0004387,CUST00613,SUB00613,2025-02-28,2025-03-15,199.0,Paid
INV0004388,CUST00613,SUB00613,2025-03-28,2025-04-12,199.0,Paid
INV0004389,CUST00613,SUB00613,2025-04-28,2025-05-13,199.0,Paid
INV0004390,CUST00613,SUB00613,2025-05-28,2025-06-12,199.0,Paid
INV0004391,CUST00613,SUB00613,2025-06-28,2025-07-13,199.0,Paid
INV0004392,CUST00614,SUB00614,2024-10-29,2024-11-13,29.0,Paid
INV0004393,CUST00614,SUB00614,2024-11-29,2024-12-14,29.0,Paid
INV0004394,CUST00614,SUB00614,2024-12-29,2025-01-13,29.0,Paid
INV0004395,CUST00614,SUB00614,2025-01-29,2025-02-13,29.0,Paid
INV0004396,CUST00614,SUB00614,2025-02-28,2025-03-15,29.0,Paid
INV0004397,CUST00614,SUB00614,2025-03-28,2025-04-12,29.0,Paid
INV0004398,CUST00614,SUB00614,2025-04-28,2025-05-13,29.0,Paid
INV0004399,CUST00614,SUB00614,2025-05-28,2025-06-12,29.0,Paid
INV0004400,CUST00614,SUB00614,2025-06-28,2025-07-13,29.0,Paid
INV0004401,CUST00614,SUB00614,2025-07-28,2025-08-12,29.0,Paid
INV0004402,CUST00614,SUB00614,2025-08-28,2025-09-12,29.0,Overdue
INV0004403,CUST00614,SUB00614,2025-09-28,2025-10-13,29.0,Paid
INV0004404,CUST00614,SUB00614,2025-10-28,2025-11-12,29.0,Paid
INV0004405,CUST00614,SUB00614,2025-11-28,2025-12-13,29.0,Paid
INV0004406,CUST00614,SUB00614,2025-12-28,2026-01-12,29.0,Paid
INV0004407,CUST00615,SUB00615,2025-05-21,2025-06-05,199.0,Overdue
INV0004408,CUST00615,SUB00615,2025-06-21,2025-07-06,199.0,Paid
INV0004409,CUST00615,SUB00615,2025-07-21,2025-08-05,199.0,Paid
INV0004410,CUST00615,SUB00615,2025-08-21,2025-09-05,199.0,Paid
INV0004411,CUST00615,SUB00615,2025-09-21,2025-10-06,199.0,Paid
INV0004412,CUST00615,SUB00615,2025-10-21,2025-11-05,199.0,Paid
INV0004413,CUST00615,SUB00615,2025-11-21,2025-12-06,199.0,Paid
INV0004414,CUST00615,SUB00615,2025-12-21,2026-01-05,199.0,Paid
INV0004415,CUST00616,SUB00616,2025-06-24,2025-07-09,805.8,Paid
INV0004416,CUST00617,SUB00617,2024-05-15,2024-05-30,199.0,Pending
INV0004417,CUST00617,SUB00617,2024-06-15,2024-06-30,199.0,Paid
INV0004418,CUST00617,SUB00617,2024-07-15,2024-07-30,199.0,Paid
INV0004419,CUST00617,SUB00617,2024-08-15,2024-08-30,199.0,Paid
INV0004420,CUST00617,SUB00617,2024-09-15,2024-09-30,199.0,Paid
INV0004421,CUST00617,SUB00617,2024-10-15,2024-10-30,199.0,Paid
INV0004422,CUST00618,SUB00618,2025-07-13,2025-07-28,29.0,Pending
INV0004423,CUST00618,SUB00618,2025-08-13,2025-08-28,29.0,Paid
INV0004424,CUST00618,SUB00618,2025-09-13,2025-09-28,29.0,Paid
INV0004425,CUST00618,SUB00618,2025-10-13,2025-10-28,29.0,Paid
INV0004426,CUST00618,SUB00618,2025-11-13,2025-11-28,29.0,Paid
INV0004427,CUST00618,SUB00618,2025-12-13,2025-12-28,29.0,Paid
INV0004428,CUST00619,SUB00619,2024-01-18,2024-02-02,79.0,Paid
INV0004429,CUST00619,SUB00619,2024-02-18,2024-03-04,79.0,Overdue
INV0004430,CUST00619,SUB00619,2024-03-18,2024-04-02,29.0,Paid
INV0004431,CUST00619,SUB00619,2024-04-18,2024-05-03,29.0,Paid
INV0004432,CUST00619,SUB00619,2024-05-18,2024-06-02,29.0,Paid
INV0004433,CUST00619,SUB00619,2024-06-18,2024-07-03,29.0,Paid
INV0004434,CUST00619,SUB00619,2024-07-18,2024-08-02,29.0,Paid
INV0004435,CUST00619,SUB00619,2024-08-18,2024-09-02,29.0,Paid
INV0004436,CUST00619,SUB00619,2024-09-18,2024-10-03,29.0,Paid
INV0004437,CUST00619,SUB00619,2024-10-18,2024-11-02,29.0,Paid
INV0004438,CUST00619,SUB00619,2024-11-18,2024-12-03,29.0,Paid
INV0004439,CUST00619,SUB00619,2024-12-18,2025-01-02,29.0,Paid
INV0004440,CUST00619,SUB00619,2025-01-18,2025-02-02,29.0,Paid
INV0004441,CUST00619,SUB00619,2025-02-18,2025-03-05,29.0,Paid
INV0004442,CUST00619,SUB00619,2025-03-18,2025-04-02,29.0,Paid
INV0004443,CUST00619,SUB00619,2025-04-18,2025-05-03,29.0,Paid
INV0004444,CUST00619,SUB00619,2025-05-18,2025-06-02,29.0,Paid
INV0004445,CUST00619,SUB00619,2025-06-18,2025-07-03,29.0,Paid
INV0004446,CUST00620,SUB00620,2024-03-02,2024-03-17,805.8,Paid
INV0004447,CUST00620,SUB00620,2025-03-02,2025-03-17,805.8,Paid
INV0004448,CUST00621,SUB00621,2025-03-09,2025-03-24,805.8,Paid
INV0004449,CUST00622,SUB00622,2024-10-11,2024-10-26,79.0,Paid
INV0004450,CUST00622,SUB00622,2024-11-11,2024-11-26,79.0,Pending
INV0004451,CUST00622,SUB00622,2024-12-11,2024-12-26,79.0,Paid
INV0004452,CUST00622,SUB00622,2025-01-11,2025-01-26,79.0,Paid
INV0004453,CUST00622,SUB00622,2025-02-11,2025-02-26,79.0,Paid
INV0004454,CUST00622,SUB00622,2025-03-11,2025-03-26,79.0,Paid
INV0004455,CUST00622,SUB00622,2025-04-11,2025-04-26,79.0,Paid
INV0004456,CUST00622,SUB00622,2025-05-11,2025-05-26,79.0,Paid
INV0004457,CUST00622,SUB00622,2025-06-11,2025-06-26,79.0,Paid
INV0004458,CUST00622,SUB00622,2025-07-11,2025-07-26,79.0,Paid
INV0004459,CUST00622,SUB00622,2025-08-11,2025-08-26,79.0,Paid
INV0004460,CUST00622,SUB00622,2025-09-11,2025-09-26,79.0,Paid
INV0004461,CUST00622,SUB00622,2025-10-11,2025-10-26,79.0,Paid
INV0004462,CUST00622,SUB00622,2025-11-11,2025-11-26,79.0,Paid
INV0004463,CUST00622,SUB00622,2025-12-11,2025-12-26,79.0,Paid
INV0004464,CUST00623,SUB00623,2024-06-08,2024-06-23,29.0,Paid
INV0004465,CUST00623,SUB00623,2024-07-08,2024-07-23,29.0,Paid
INV0004466,CUST00623,SUB00623,2024-08-08,2024-08-23,29.0,Paid
INV0004467,CUST00623,SUB00623,2024-09-08,2024-09-23,29.0,Paid
INV0004468,CUST00623,SUB00623,2024-10-08,2024-10-23,29.0,Paid
INV0004469,CUST00623,SUB00623,2024-11-08,2024-11-23,29.0,Overdue
INV0004470,CUST00623,SUB00623,2024-12-08,2024-12-23,29.0,Paid
INV0004471,CUST00623,SUB00623,2025-01-08,2025-01-23,29.0,Paid
INV0004472,CUST00623,SUB00623,2025-02-08,2025-02-23,29.0,Paid
INV0004473,CUST00623,SUB00623,2025-03-08,2025-03-23,29.0,Paid
INV0004474,CUST00623,SUB00623,2025-04-08,2025-04-23,29.0,Paid
INV0004475,CUST00623,SUB00623,2025-05-08,2025-05-23,29.0,Paid
INV0004476,CUST00624,SUB00624,2024-11-13,2024-11-28,79.0,Paid
INV0004477,CUST00624,SUB00624,2024-12-13,2024-12-28,79.0,Paid
INV0004478,CUST00624,SUB00624,2025-01-13,2025-01-28,79.0,Paid
INV0004479,CUST00624,SUB00624,2025-02-13,2025-02-28,79.0,Paid
INV0004480,CUST00624,SUB00624,2025-03-13,2025-03-28,79.0,Paid
INV0004481,CUST00624,SUB00624,2025-04-13,2025-04-28,79.0,Paid
INV0004482,CUST00624,SUB00624,2025-05-13,2025-05-28,79.0,Paid
INV0004483,CUST00624,SUB00624,2025-06-13,2025-06-28,79.0,Paid
INV0004484,CUST00624,SUB00624,2025-07-13,2025-07-28,79.0,Paid
INV0004485,CUST00624,SUB00624,2025-08-13,2025-08-28,79.0,Paid
INV0004486,CUST00624,SUB00624,2025-09-13,2025-09-28,79.0,Paid
INV0004487,CUST00624,SUB00624,2025-10-13,2025-10-28,79.0,Paid
INV0004488,CUST00625,SUB00625,2024-02-29,2024-03-15,29.0,Paid
INV0004489,CUST00625,SUB00625,2024-03-29,2024-04-13,29.0,Paid
INV0004490,CUST00625,SUB00625,2024-04-29,2024-05-14,29.0,Paid
INV0004491,CUST00626,SUB00626,2024-11-12,2024-11-27,295.8,Paid
INV0004492,CUST00627,SUB00627,2024-01-13,2024-01-28,805.8,Paid
INV0004493,CUST00627,SUB00627,2025-01-13,2025-01-28,805.8,Paid
INV0004494,CUST00628,SUB00628,2024-12-21,2025-01-05,29.0,Paid
INV0004495,CUST00628,SUB00628,2025-01-21,2025-02-05,29.0,Paid
INV0004496,CUST00628,SUB00628,2025-02-21,2025-03-08,29.0,Paid
INV0004497,CUST00628,SUB00628,2025-03-21,2025-04-05,29.0,Paid
INV0004498,CUST00628,SUB00628,2025-04-21,2025-05-06,29.0,Paid
INV0004499,CUST00628,SUB00628,2025-05-21,2025-06-05,29.0,Paid
INV0004500,CUST00629,SUB00629,2024-06-19,2024-07-04,805.8,Paid
INV0004501,CUST00630,SUB00630,2024-04-30,2024-05-15,79.0,Paid
INV0004502,CUST00630,SUB00630,2024-05-30,2024-06-14,79.0,Paid
INV0004503,CUST00630,SUB00630,2024-06-30,2024-07-15,79.0,Paid
INV0004504,CUST00630,SUB00630,2024-07-30,2024-08-14,79.0,Paid
INV0004505,CUST00630,SUB00630,2024-08-30,2024-09-14,79.0,Paid
INV0004506,CUST00630,SUB00630,2024-09-30,2024-10-15,79.0,Paid
INV0004507,CUST00630,SUB00630,2024-10-30,2024-11-14,79.0,Paid
INV0004508,CUST00630,SUB00630,2024-11-30,2024-12-15,79.0,Paid
INV0004509,CUST00630,SUB00630,2024-12-30,2025-01-14,79.0,Paid
INV0004510,CUST00630,SUB00630,2025-01-30,2025-02-14,79.0,Paid
INV0004511,CUST00630,SUB00630,2025-02-28,2025-03-15,79.0,Paid
INV0004512,CUST00630,SUB00630,2025-03-28,2025-04-12,79.0,Paid
INV0004513,CUST00630,SUB00630,2025-04-28,2025-05-13,79.0,Paid
INV0004514,CUST00630,SUB00630,2025-05-28,2025-06-12,79.0,Paid
INV0004515,CUST00630,SUB00630,2025-06-28,2025-07-13,79.0,Overdue
INV0004516,CUST00630,SUB00630,2025-07-28,2025-08-12,79.0,Paid
INV0004517,CUST00630,SUB00630,2025-08-28,2025-09-12,79.0,Paid
INV0004518,CUST00630,SUB00630,2025-09-28,2025-10-13,79.0,Paid
INV0004519,CUST00631,SUB00631,2024-10-05,2024-10-20,29.0,Paid
INV0004520,CUST00631,SUB00631,2024-11-05,2024-11-20,29.0,Paid
INV0004521,CUST00631,SUB00631,2024-12-05,2024-12-20,29.0,Paid
INV0004522,CUST00631,SUB00631,2025-01-05,2025-01-20,29.0,Paid
INV0004523,CUST00631,SUB00631,2025-02-05,2025-02-20,29.0,Paid
INV0004524,CUST00631,SUB00631,2025-03-05,2025-03-20,29.0,Paid
INV0004525,CUST00631,SUB00631,2025-04-05,2025-04-20,29.0,Paid
INV0004526,CUST00631,SUB00631,2025-05-05,2025-05-20,29.0,Paid
INV0004527,CUST00631,SUB00631,2025-06-05,2025-06-20,29.0,Overdue
INV0004528,CUST00631,SUB00631,2025-07-05,2025-07-20,29.0,Paid
INV0004529,CUST00631,SUB00631,2025-08-05,2025-08-20,29.0,Paid
INV0004530,CUST00631,SUB00631,2025-09-05,2025-09-20,29.0,Pending
INV0004531,CUST00631,SUB00631,2025-10-05,2025-10-20,29.0,Paid
INV0004532,CUST00631,SUB00631,2025-11-05,2025-11-20,29.0,Paid
INV0004533,CUST00631,SUB00631,2025-12-05,2025-12-20,29.0,Overdue
INV0004534,CUST00632,SUB00632,2025-05-23,2025-06-07,805.8,Paid
INV0004535,CUST00633,SUB00633,2025-01-11,2025-01-26,29.0,Paid
INV0004536,CUST00633,SUB00633,2025-02-11,2025-02-26,29.0,Paid
INV0004537,CUST00633,SUB00633,2025-03-11,2025-03-26,29.0,Paid
INV0004538,CUST00633,SUB00633,2025-04-11,2025-04-26,29.0,Paid
INV0004539,CUST00633,SUB00633,2025-05-11,2025-05-26,29.0,Paid
INV0004540,CUST00633,SUB00633,2025-06-11,2025-06-26,29.0,Paid
INV0004541,CUST00633,SUB00633,2025-07-11,2025-07-26,29.0,Paid
INV0004542,CUST00633,SUB00633,2025-08-11,2025-08-26,29.0,Paid
INV0004543,CUST00633,SUB00633,2025-09-11,2025-09-26,29.0,Paid
INV0004544,CUST00633,SUB00633,2025-10-11,2025-10-26,29.0,Paid
INV0004545,CUST00633,SUB00633,2025-11-11,2025-11-26,29.0,Paid
INV0004546,CUST00633,SUB00633,2025-12-11,2025-12-26,29.0,Paid
INV0004547,CUST00634,SUB00634,2024-08-21,2024-09-05,29.0,Paid
INV0004548,CUST00634,SUB00634,2024-09-21,2024-10-06,29.0,Paid
INV0004549,CUST00634,SUB00634,2024-10-21,2024-11-05,29.0,Paid
INV0004550,CUST00634,SUB00634,2024-11-21,2024-12-06,29.0,Paid
INV0004551,CUST00634,SUB00634,2024-12-21,2025-01-05,29.0,Paid
INV0004552,CUST00634,SUB00634,2025-01-21,2025-02-05,29.0,Paid
INV0004553,CUST00635,SUB00635,2024-09-07,2024-09-22,295.8,Paid
INV0004554,CUST00635,SUB00635,2025-09-07,2025-09-22,295.8,Paid
INV0004555,CUST00636,SUB00636,2024-07-02,2024-07-17,79.0,Paid
INV0004556,CUST00636,SUB00636,2024-08-02,2024-08-17,79.0,Paid
INV0004557,CUST00636,SUB00636,2024-09-02,2024-09-17,79.0,Paid
INV0004558,CUST00636,SUB00636,2024-10-02,2024-10-17,79.0,Paid
INV0004559,CUST00636,SUB00636,2024-11-02,2024-11-17,79.0,Paid
INV0004560,CUST00636,SUB00636,2024-12-02,2024-12-17,79.0,Paid
INV0004561,CUST00636,SUB00636,2025-01-02,2025-01-17,79.0,Paid
INV0004562,CUST00636,SUB00636,2025-02-02,2025-02-17,79.0,Paid
INV0004563,CUST00636,SUB00636,2025-03-02,2025-03-17,79.0,Paid
INV0004564,CUST00636,SUB00636,2025-04-02,2025-04-17,79.0,Paid
INV0004565,CUST00636,SUB00636,2025-05-02,2025-05-17,79.0,Paid
INV0004566,CUST00636,SUB00636,2025-06-02,2025-06-17,79.0,Paid
INV0004567,CUST00637,SUB00637,2024-08-17,2024-09-01,295.8,Paid
INV0004568,CUST00637,SUB00637,2025-08-17,2025-09-01,295.8,Paid
INV0004569,CUST00638,SUB00638,2024-10-04,2024-10-19,199.0,Paid
INV0004570,CUST00638,SUB00638,2024-11-04,2024-11-19,199.0,Paid
INV0004571,CUST00638,SUB00638,2024-12-04,2024-12-19,199.0,Paid
INV0004572,CUST00639,SUB00639,2024-07-02,2024-07-17,79.0,Paid
INV0004573,CUST00639,SUB00639,2024-08-02,2024-08-17,79.0,Overdue
INV0004574,CUST00639,SUB00639,2024-09-02,2024-09-17,79.0,Pending
INV0004575,CUST00640,SUB00640,2024-03-11,2024-03-26,805.8,Overdue
INV0004576,CUST00640,SUB00640,2025-03-11,2025-03-26,805.8,Paid
INV0004577,CUST00641,SUB00641,2024-12-01,2024-12-16,79.0,Paid
INV0004578,CUST00641,SUB00641,2025-01-01,2025-01-16,79.0,Paid
INV0004579,CUST00641,SUB00641,2025-02-01,2025-02-16,79.0,Paid
INV0004580,CUST00642,SUB00642,2024-10-25,2024-11-09,295.8,Paid
INV0004581,CUST00643,SUB00643,2025-04-20,2025-05-05,805.8,Paid
INV0004582,CUST00644,SUB00644,2025-07-13,2025-07-28,199.0,Paid
INV0004583,CUST00644,SUB00644,2025-08-13,2025-08-28,199.0,Paid
INV0004584,CUST00644,SUB00644,2025-09-13,2025-09-28,199.0,Paid
INV0004585,CUST00644,SUB00644,2025-10-13,2025-10-28,199.0,Paid
INV0004586,CUST00644,SUB00644,2025-11-13,2025-11-28,199.0,Paid
INV0004587,CUST00644,SUB00644,2025-12-13,2025-12-28,199.0,Paid
INV0004588,CUST00645,SUB00645,2024-01-25,2024-02-09,29.0,Paid
INV0004589,CUST00645,SUB00645,2024-02-25,2024-03-11,29.0,Paid
INV0004590,CUST00645,SUB00645,2024-03-25,2024-04-09,29.0,Paid
INV0004591,CUST00645,SUB00645,2024-04-25,2024-05-10,29.0,Overdue
INV0004592,CUST00645,SUB00645,2024-05-25,2024-06-09,29.0,Paid
INV0004593,CUST00645,SUB00645,2024-06-25,2024-07-10,29.0,Paid
INV0004594,CUST00645,SUB00645,2024-07-25,2024-08-09,29.0,Paid
INV0004595,CUST00645,SUB00645,2024-08-25,2024-09-09,29.0,Overdue
INV0004596,CUST00645,SUB00645,2024-09-25,2024-10-10,29.0,Paid
INV0004597,CUST00645,SUB00645,2024-10-25,2024-11-09,29.0,Paid
INV0004598,CUST00645,SUB00645,2024-11-25,2024-12-10,29.0,Paid
INV0004599,CUST00645,SUB00645,2024-12-25,2025-01-09,29.0,Paid
INV0004600,CUST00645,SUB00645,2025-01-25,2025-02-09,29.0,Paid
INV0004601,CUST00645,SUB00645,2025-02-25,2025-03-12,29.0,Paid
INV0004602,CUST00645,SUB00645,2025-03-25,2025-04-09,29.0,Paid
INV0004603,CUST00645,SUB00645,2025-04-25,2025-05-10,29.0,Paid
INV0004604,CUST00645,SUB00645,2025-05-25,2025-06-09,29.0,Paid
INV0004605,CUST00645,SUB00645,2025-06-25,2025-07-10,29.0,Paid
INV0004606,CUST00645,SUB00645,2025-07-25,2025-08-09,29.0,Overdue
INV0004607,CUST00645,SUB00645,2025-08-25,2025-09-09,29.0,Paid
INV0004608,CUST00645,SUB00645,2025-09-25,2025-10-10,29.0,Paid
INV0004609,CUST00645,SUB00645,2025-10-25,2025-11-09,29.0,Paid
INV0004610,CUST00645,SUB00645,2025-11-25,2025-12-10,29.0,Paid
INV0004611,CUST00645,SUB00645,2025-12-25,2026-01-09,29.0,Paid
INV0004612,CUST00646,SUB00646,2024-12-09,2024-12-24,805.8,Paid
INV0004613,CUST00646,SUB00646,2025-12-09,2025-12-24,805.8,Paid
INV0004614,CUST00647,SUB00647,2024-04-16,2024-05-01,295.8,Paid
INV0004615,CUST00648,SUB00648,2024-05-25,2024-06-09,199.0,Paid
INV0004616,CUST00648,SUB00648,2024-06-25,2024-07-10,199.0,Paid
INV0004617,CUST00648,SUB00648,2024-07-25,2024-08-09,199.0,Paid
INV0004618,CUST00648,SUB00648,2024-08-25,2024-09-09,199.0,Paid
INV0004619,CUST00648,SUB00648,2024-09-25,2024-10-10,199.0,Paid
INV0004620,CUST00648,SUB00648,2024-10-25,2024-11-09,199.0,Paid
INV0004621,CUST00648,SUB00648,2024-11-25,2024-12-10,199.0,Paid
INV0004622,CUST00648,SUB00648,2024-12-25,2025-01-09,199.0,Paid
INV0004623,CUST00648,SUB00648,2025-01-25,2025-02-09,199.0,Overdue
INV0004624,CUST00648,SUB00648,2025-02-25,2025-03-12,199.0,Paid
INV0004625,CUST00648,SUB00648,2025-03-25,2025-04-09,199.0,Paid
INV0004626,CUST00648,SUB00648,2025-04-25,2025-05-10,199.0,Paid
INV0004627,CUST00649,SUB00649,2025-06-16,2025-07-01,29.0,Paid
INV0004628,CUST00649,SUB00649,2025-07-16,2025-07-31,29.0,Paid
INV0004629,CUST00649,SUB00649,2025-08-16,2025-08-31,29.0,Paid
INV0004630,CUST00649,SUB00649,2025-09-16,2025-10-01,29.0,Paid
INV0004631,CUST00649,SUB00649,2025-10-16,2025-10-31,29.0,Paid
INV0004632,CUST00649,SUB00649,2025-11-16,2025-12-01,29.0,Paid
INV0004633,CUST00649,SUB00649,2025-12-16,2025-12-31,29.0,Paid
INV0004634,CUST00650,SUB00650,2025-08-17,2025-09-01,29.0,Paid
INV0004635,CUST00650,SUB00650,2025-09-17,2025-10-02,29.0,Paid
INV0004636,CUST00650,SUB00650,2025-10-17,2025-11-01,29.0,Paid
INV0004637,CUST00650,SUB00650,2025-11-17,2025-12-02,29.0,Paid
INV0004638,CUST00650,SUB00650,2025-12-17,2026-01-01,29.0,Paid
INV0004639,CUST00651,SUB00651,2024-03-17,2024-04-01,79.0,Paid
INV0004640,CUST00651,SUB00651,2024-04-17,2024-05-02,79.0,Overdue
INV0004641,CUST00651,SUB00651,2024-05-17,2024-06-01,79.0,Paid
INV0004642,CUST00651,SUB00651,2024-06-17,2024-07-02,79.0,Paid
INV0004643,CUST00651,SUB00651,2024-07-17,2024-08-01,79.0,Paid
INV0004644,CUST00651,SUB00651,2024-08-17,2024-09-01,79.0,Paid
INV0004645,CUST00652,SUB00652,2024-08-30,2024-09-14,29.0,Paid
INV0004646,CUST00652,SUB00652,2024-09-30,2024-10-15,29.0,Paid
INV0004647,CUST00652,SUB00652,2024-10-30,2024-11-14,29.0,Paid
INV0004648,CUST00652,SUB00652,2024-11-30,2024-12-15,29.0,Paid
INV0004649,CUST00652,SUB00652,2024-12-30,2025-01-14,29.0,Pending
INV0004650,CUST00652,SUB00652,2025-01-30,2025-02-14,29.0,Overdue
INV0004651,CUST00652,SUB00652,2025-02-28,2025-03-15,29.0,Paid
INV0004652,CUST00652,SUB00652,2025-03-28,2025-04-12,29.0,Paid
INV0004653,CUST00652,SUB00652,2025-04-28,2025-05-13,29.0,Overdue
INV0004654,CUST00652,SUB00652,2025-05-28,2025-06-12,29.0,Paid
INV0004655,CUST00652,SUB00652,2025-06-28,2025-07-13,29.0,Paid
INV0004656,CUST00652,SUB00652,2025-07-28,2025-08-12,29.0,Paid
INV0004657,CUST00653,SUB00653,2025-12-18,2026-01-02,29.0,Paid
INV0004658,CUST00654,SUB00654,2024-08-27,2024-09-11,29.0,Paid
INV0004659,CUST00654,SUB00654,2024-09-27,2024-10-12,29.0,Paid
INV0004660,CUST00654,SUB00654,2024-10-27,2024-11-11,79.0,Paid
INV0004661,CUST00654,SUB00654,2024-11-27,2024-12-12,79.0,Paid
INV0004662,CUST00654,SUB00654,2024-12-27,2025-01-11,79.0,Overdue
INV0004663,CUST00654,SUB00654,2025-01-27,2025-02-11,79.0,Paid
INV0004664,CUST00655,SUB00655,2024-06-08,2024-06-23,29.0,Paid
INV0004665,CUST00655,SUB00655,2024-07-08,2024-07-23,29.0,Overdue
INV0004666,CUST00655,SUB00655,2024-08-08,2024-08-23,29.0,Paid
INV0004667,CUST00656,SUB00656,2024-05-03,2024-05-18,29.0,Paid
INV0004668,CUST00656,SUB00656,2024-06-03,2024-06-18,29.0,Paid
INV0004669,CUST00656,SUB00656,2024-07-03,2024-07-18,29.0,Paid
INV0004670,CUST00656,SUB00656,2024-08-03,2024-08-18,29.0,Paid
INV0004671,CUST00656,SUB00656,2024-09-03,2024-09-18,29.0,Paid
INV0004672,CUST00656,SUB00656,2024-10-03,2024-10-18,29.0,Paid
INV0004673,CUST00656,SUB00656,2024-11-03,2024-11-18,29.0,Paid
INV0004674,CUST00656,SUB00656,2024-12-03,2024-12-18,29.0,Paid
INV0004675,CUST00656,SUB00656,2025-01-03,2025-01-18,29.0,Paid
INV0004676,CUST00656,SUB00656,2025-02-03,2025-02-18,29.0,Paid
INV0004677,CUST00656,SUB00656,2025-03-03,2025-03-18,29.0,Paid
INV0004678,CUST00656,SUB00656,2025-04-03,2025-04-18,29.0,Paid
INV0004679,CUST00657,SUB00657,2025-04-19,2025-05-04,29.0,Paid
INV0004680,CUST00657,SUB00657,2025-05-19,2025-06-03,29.0,Paid
INV0004681,CUST00657,SUB00657,2025-06-19,2025-07-04,79.0,Paid
INV0004682,CUST00657,SUB00657,2025-07-19,2025-08-03,79.0,Paid
INV0004683,CUST00657,SUB00657,2025-08-19,2025-09-03,79.0,Overdue
INV0004684,CUST00657,SUB00657,2025-09-19,2025-10-04,79.0,Paid
INV0004685,CUST00658,SUB00658,2025-12-22,2026-01-06,805.8,Pending
INV0004686,CUST00659,SUB00659,2024-05-31,2024-06-15,29.0,Overdue
INV0004687,CUST00659,SUB00659,2024-06-30,2024-07-15,29.0,Paid
INV0004688,CUST00659,SUB00659,2024-07-30,2024-08-14,29.0,Paid
INV0004689,CUST00659,SUB00659,2024-08-30,2024-09-14,29.0,Paid
INV0004690,CUST00659,SUB00659,2024-09-30,2024-10-15,29.0,Paid
INV0004691,CUST00659,SUB00659,2024-10-30,2024-11-14,29.0,Paid
INV0004692,CUST00660,SUB00660,2025-06-09,2025-06-24,199.0,Paid
INV0004693,CUST00660,SUB00660,2025-07-09,2025-07-24,199.0,Paid
INV0004694,CUST00660,SUB00660,2025-08-09,2025-08-24,199.0,Paid
INV0004695,CUST00660,SUB00660,2025-09-09,2025-09-24,199.0,Paid
INV0004696,CUST00660,SUB00660,2025-10-09,2025-10-24,199.0,Paid
INV0004697,CUST00660,SUB00660,2025-11-09,2025-11-24,199.0,Paid
INV0004698,CUST00660,SUB00660,2025-12-09,2025-12-24,199.0,Paid
INV0004699,CUST00661,SUB00661,2024-02-01,2024-02-16,29.0,Paid
INV0004700,CUST00661,SUB00661,2024-03-01,2024-03-16,29.0,Paid
INV0004701,CUST00661,SUB00661,2024-04-01,2024-04-16,29.0,Paid
INV0004702,CUST00662,SUB00662,2024-04-06,2024-04-21,29.0,Paid
INV0004703,CUST00662,SUB00662,2024-05-06,2024-05-21,29.0,Paid
INV0004704,CUST00662,SUB00662,2024-06-06,2024-06-21,29.0,Paid
INV0004705,CUST00662,SUB00662,2024-07-06,2024-07-21,29.0,Paid
INV0004706,CUST00662,SUB00662,2024-08-06,2024-08-21,29.0,Paid
INV0004707,CUST00662,SUB00662,2024-09-06,2024-09-21,29.0,Paid
INV0004708,CUST00662,SUB00662,2024-10-06,2024-10-21,29.0,Overdue
INV0004709,CUST00662,SUB00662,2024-11-06,2024-11-21,29.0,Paid
INV0004710,CUST00662,SUB00662,2024-12-06,2024-12-21,29.0,Paid
INV0004711,CUST00662,SUB00662,2025-01-06,2025-01-21,29.0,Paid
INV0004712,CUST00662,SUB00662,2025-02-06,2025-02-21,29.0,Paid
INV0004713,CUST00662,SUB00662,2025-03-06,2025-03-21,29.0,Paid
INV0004714,CUST00662,SUB00662,2025-04-06,2025-04-21,29.0,Paid
INV0004715,CUST00662,SUB00662,2025-05-06,2025-05-21,29.0,Overdue
INV0004716,CUST00662,SUB00662,2025-06-06,2025-06-21,29.0,Paid
INV0004717,CUST00662,SUB00662,2025-07-06,2025-07-21,29.0,Paid
INV0004718,CUST00662,SUB00662,2025-08-06,2025-08-21,29.0,Paid
INV0004719,CUST00662,SUB00662,2025-09-06,2025-09-21,29.0,Paid
INV0004720,CUST00663,SUB00663,2024-01-13,2024-01-28,79.0,Paid
INV0004721,CUST00663,SUB00663,2024-02-13,2024-02-28,79.0,Paid
INV0004722,CUST00663,SUB00663,2024-03-13,2024-03-28,79.0,Paid
INV0004723,CUST00663,SUB00663,2024-04-13,2024-04-28,79.0,Paid
INV0004724,CUST00663,SUB00663,2024-05-13,2024-05-28,79.0,Pending
INV0004725,CUST00663,SUB00663,2024-06-13,2024-06-28,79.0,Pending
INV0004726,CUST00663,SUB00663,2024-07-13,2024-07-28,79.0,Paid
INV0004727,CUST00663,SUB00663,2024-08-13,2024-08-28,79.0,Paid
INV0004728,CUST00663,SUB00663,2024-09-13,2024-09-28,79.0,Paid
INV0004729,CUST00663,SUB00663,2024-10-13,2024-10-28,79.0,Paid
INV0004730,CUST00663,SUB00663,2024-11-13,2024-11-28,79.0,Paid
INV0004731,CUST00663,SUB00663,2024-12-13,2024-12-28,79.0,Overdue
INV0004732,CUST00663,SUB00663,2025-01-13,2025-01-28,79.0,Paid
INV0004733,CUST00663,SUB00663,2025-02-13,2025-02-28,79.0,Paid
INV0004734,CUST00663,SUB00663,2025-03-13,2025-03-28,79.0,Paid
INV0004735,CUST00663,SUB00663,2025-04-13,2025-04-28,79.0,Paid
INV0004736,CUST00663,SUB00663,2025-05-13,2025-05-28,79.0,Paid
INV0004737,CUST00663,SUB00663,2025-06-13,2025-06-28,79.0,Paid
INV0004738,CUST00663,SUB00663,2025-07-13,2025-07-28,79.0,Paid
INV0004739,CUST00663,SUB00663,2025-08-13,2025-08-28,79.0,Paid
INV0004740,CUST00663,SUB00663,2025-09-13,2025-09-28,79.0,Paid
INV0004741,CUST00663,SUB00663,2025-10-13,2025-10-28,79.0,Paid
INV0004742,CUST00663,SUB00663,2025-11-13,2025-11-28,79.0,Pending
INV0004743,CUST00663,SUB00663,2025-12-13,2025-12-28,79.0,Paid
INV0004744,CUST00664,SUB00664,2024-07-21,2024-08-05,199.0,Paid
INV0004745,CUST00664,SUB00664,2024-08-21,2024-09-05,199.0,Paid
INV0004746,CUST00664,SUB00664,2024-09-21,2024-10-06,199.0,Paid
INV0004747,CUST00664,SUB00664,2024-10-21,2024-11-05,199.0,Paid
INV0004748,CUST00664,SUB00664,2024-11-21,2024-12-06,199.0,Paid
INV0004749,CUST00664,SUB00664,2024-12-21,2025-01-05,199.0,Paid
INV0004750,CUST00664,SUB00664,2025-01-21,2025-02-05,199.0,Paid
INV0004751,CUST00664,SUB00664,2025-02-21,2025-03-08,199.0,Paid
INV0004752,CUST00664,SUB00664,2025-03-21,2025-04-05,199.0,Overdue
INV0004753,CUST00664,SUB00664,2025-04-21,2025-05-06,199.0,Paid
INV0004754,CUST00664,SUB00664,2025-05-21,2025-06-05,199.0,Paid
INV0004755,CUST00664,SUB00664,2025-06-21,2025-07-06,199.0,Paid
INV0004756,CUST00664,SUB00664,2025-07-21,2025-08-05,199.0,Paid
INV0004757,CUST00664,SUB00664,2025-08-21,2025-09-05,199.0,Paid
INV0004758,CUST00664,SUB00664,2025-09-21,2025-10-06,199.0,Paid
INV0004759,CUST00664,SUB00664,2025-10-21,2025-11-05,199.0,Paid
INV0004760,CUST00664,SUB00664,2025-11-21,2025-12-06,199.0,Overdue
INV0004761,CUST00664,SUB00664,2025-12-21,2026-01-05,199.0,Paid
INV0004762,CUST00665,SUB00665,2025-08-19,2025-09-03,79.0,Paid
INV0004763,CUST00665,SUB00665,2025-09-19,2025-10-04,79.0,Paid
INV0004764,CUST00665,SUB00665,2025-10-19,2025-11-03,79.0,Paid
INV0004765,CUST00665,SUB00665,2025-11-19,2025-12-04,79.0,Paid
INV0004766,CUST00665,SUB00665,2025-12-19,2026-01-03,79.0,Paid
INV0004767,CUST00666,SUB00666,2024-07-21,2024-08-05,805.8,Paid
INV0004768,CUST00667,SUB00667,2024-12-05,2024-12-20,199.0,Paid
INV0004769,CUST00667,SUB00667,2025-01-05,2025-01-20,199.0,Paid
INV0004770,CUST00667,SUB00667,2025-02-05,2025-02-20,199.0,Paid
INV0004771,CUST00667,SUB00667,2025-03-05,2025-03-20,199.0,Paid
INV0004772,CUST00667,SUB00667,2025-04-05,2025-04-20,199.0,Paid
INV0004773,CUST00667,SUB00667,2025-05-05,2025-05-20,199.0,Paid
INV0004774,CUST00667,SUB00667,2025-06-05,2025-06-20,199.0,Paid
INV0004775,CUST00667,SUB00667,2025-07-05,2025-07-20,199.0,Overdue
INV0004776,CUST00667,SUB00667,2025-08-05,2025-08-20,199.0,Paid
INV0004777,CUST00667,SUB00667,2025-09-05,2025-09-20,199.0,Paid
INV0004778,CUST00667,SUB00667,2025-10-05,2025-10-20,199.0,Paid
INV0004779,CUST00667,SUB00667,2025-11-05,2025-11-20,199.0,Paid
INV0004780,CUST00668,SUB00668,2025-02-08,2025-02-23,79.0,Paid
INV0004781,CUST00668,SUB00668,2025-03-08,2025-03-23,79.0,Paid
INV0004782,CUST00668,SUB00668,2025-04-08,2025-04-23,79.0,Paid
INV0004783,CUST00668,SUB00668,2025-05-08,2025-05-23,79.0,Overdue
INV0004784,CUST00668,SUB00668,2025-06-08,2025-06-23,79.0,Paid
INV0004785,CUST00668,SUB00668,2025-07-08,2025-07-23,79.0,Paid
INV0004786,CUST00668,SUB00668,2025-08-08,2025-08-23,79.0,Paid
INV0004787,CUST00668,SUB00668,2025-09-08,2025-09-23,79.0,Paid
INV0004788,CUST00668,SUB00668,2025-10-08,2025-10-23,79.0,Paid
INV0004789,CUST00668,SUB00668,2025-11-08,2025-11-23,79.0,Paid
INV0004790,CUST00668,SUB00668,2025-12-08,2025-12-23,79.0,Paid
INV0004791,CUST00669,SUB00669,2024-12-28,2025-01-12,79.0,Paid
INV0004792,CUST00669,SUB00669,2025-01-28,2025-02-12,79.0,Paid
INV0004793,CUST00669,SUB00669,2025-02-28,2025-03-15,79.0,Paid
INV0004794,CUST00669,SUB00669,2025-03-28,2025-04-12,79.0,Paid
INV0004795,CUST00669,SUB00669,2025-04-28,2025-05-13,79.0,Paid
INV0004796,CUST00669,SUB00669,2025-05-28,2025-06-12,79.0,Paid
INV0004797,CUST00669,SUB00669,2025-06-28,2025-07-13,79.0,Paid
INV0004798,CUST00669,SUB00669,2025-07-28,2025-08-12,79.0,Overdue
INV0004799,CUST00669,SUB00669,2025-08-28,2025-09-12,79.0,Paid
INV0004800,CUST00669,SUB00669,2025-09-28,2025-10-13,79.0,Paid
INV0004801,CUST00669,SUB00669,2025-10-28,2025-11-12,79.0,Paid
INV0004802,CUST00669,SUB00669,2025-11-28,2025-12-13,79.0,Paid
INV0004803,CUST00670,SUB00670,2024-06-01,2024-06-16,79.0,Paid
INV0004804,CUST00670,SUB00670,2024-07-01,2024-07-16,79.0,Paid
INV0004805,CUST00670,SUB00670,2024-08-01,2024-08-16,79.0,Paid
INV0004806,CUST00670,SUB00670,2024-09-01,2024-09-16,29.0,Paid
INV0004807,CUST00670,SUB00670,2024-10-01,2024-10-16,29.0,Paid
INV0004808,CUST00670,SUB00670,2024-11-01,2024-11-16,29.0,Paid
INV0004809,CUST00671,SUB00671,2025-05-25,2025-06-09,199.0,Paid
INV0004810,CUST00671,SUB00671,2025-06-25,2025-07-10,199.0,Paid
INV0004811,CUST00671,SUB00671,2025-07-25,2025-08-09,199.0,Paid
INV0004812,CUST00671,SUB00671,2025-08-25,2025-09-09,199.0,Paid
INV0004813,CUST00671,SUB00671,2025-09-25,2025-10-10,199.0,Paid
INV0004814,CUST00671,SUB00671,2025-10-25,2025-11-09,199.0,Paid
INV0004815,CUST00671,SUB00671,2025-11-25,2025-12-10,199.0,Paid
INV0004816,CUST00671,SUB00671,2025-12-25,2026-01-09,199.0,Paid
INV0004817,CUST00672,SUB00672,2024-10-13,2024-10-28,295.8,Paid
INV0004818,CUST00673,SUB00673,2025-10-07,2025-10-22,29.0,Paid
INV0004819,CUST00673,SUB00673,2025-11-07,2025-11-22,29.0,Paid
INV0004820,CUST00673,SUB00673,2025-12-07,2025-12-22,29.0,Paid
INV0004821,CUST00674,SUB00674,2025-12-31,2026-01-15,805.8,Paid
INV0004822,CUST00675,SUB00675,2025-08-02,2025-08-17,79.0,Overdue
INV0004823,CUST00675,SUB00675,2025-09-02,2025-09-17,79.0,Paid
INV0004824,CUST00675,SUB00675,2025-10-02,2025-10-17,79.0,Paid
INV0004825,CUST00675,SUB00675,2025-11-02,2025-11-17,79.0,Paid
INV0004826,CUST00675,SUB00675,2025-12-02,2025-12-17,79.0,Paid
INV0004827,CUST00676,SUB00676,2024-11-22,2024-12-07,199.0,Paid
INV0004828,CUST00676,SUB00676,2024-12-22,2025-01-06,199.0,Paid
INV0004829,CUST00676,SUB00676,2025-01-22,2025-02-06,199.0,Paid
INV0004830,CUST00676,SUB00676,2025-02-22,2025-03-09,199.0,Paid
INV0004831,CUST00676,SUB00676,2025-03-22,2025-04-06,199.0,Paid
INV0004832,CUST00676,SUB00676,2025-04-22,2025-05-07,199.0,Paid
INV0004833,CUST00676,SUB00676,2025-05-22,2025-06-06,199.0,Paid
INV0004834,CUST00676,SUB00676,2025-06-22,2025-07-07,199.0,Paid
INV0004835,CUST00676,SUB00676,2025-07-22,2025-08-06,199.0,Overdue
INV0004836,CUST00676,SUB00676,2025-08-22,2025-09-06,199.0,Paid
INV0004837,CUST00676,SUB00676,2025-09-22,2025-10-07,199.0,Paid
INV0004838,CUST00676,SUB00676,2025-10-22,2025-11-06,199.0,Paid
INV0004839,CUST00676,SUB00676,2025-11-22,2025-12-07,199.0,Overdue
INV0004840,CUST00676,SUB00676,2025-12-22,2026-01-06,199.0,Overdue
INV0004841,CUST00677,SUB00677,2024-02-29,2024-03-15,805.8,Paid
INV0004842,CUST00678,SUB00678,2024-06-12,2024-06-27,295.8,Paid
INV0004843,CUST00678,SUB00678,2025-06-12,2025-06-27,295.8,Paid
INV0004844,CUST00679,SUB00679,2024-08-12,2024-08-27,79.0,Paid
INV0004845,CUST00679,SUB00679,2024-09-12,2024-09-27,79.0,Paid
INV0004846,CUST00679,SUB00679,2024-10-12,2024-10-27,79.0,Paid
INV0004847,CUST00679,SUB00679,2024-11-12,2024-11-27,79.0,Paid
INV0004848,CUST00679,SUB00679,2024-12-12,2024-12-27,79.0,Paid
INV0004849,CUST00679,SUB00679,2025-01-12,2025-01-27,79.0,Paid
INV0004850,CUST00679,SUB00679,2025-02-12,2025-02-27,79.0,Paid
INV0004851,CUST00679,SUB00679,2025-03-12,2025-03-27,79.0,Paid
INV0004852,CUST00679,SUB00679,2025-04-12,2025-04-27,79.0,Paid
INV0004853,CUST00679,SUB00679,2025-05-12,2025-05-27,79.0,Paid
INV0004854,CUST00679,SUB00679,2025-06-12,2025-06-27,79.0,Paid
INV0004855,CUST00679,SUB00679,2025-07-12,2025-07-27,79.0,Paid
INV0004856,CUST00679,SUB00679,2025-08-12,2025-08-27,79.0,Paid
INV0004857,CUST00679,SUB00679,2025-09-12,2025-09-27,79.0,Paid
INV0004858,CUST00679,SUB00679,2025-10-12,2025-10-27,79.0,Paid
INV0004859,CUST00679,SUB00679,2025-11-12,2025-11-27,79.0,Paid
INV0004860,CUST00679,SUB00679,2025-12-12,2025-12-27,79.0,Paid
INV0004861,CUST00680,SUB00680,2024-06-29,2024-07-14,29.0,Paid
INV0004862,CUST00680,SUB00680,2024-07-29,2024-08-13,29.0,Paid
INV0004863,CUST00680,SUB00680,2024-08-29,2024-09-13,29.0,Paid
INV0004864,CUST00680,SUB00680,2024-09-29,2024-10-14,29.0,Paid
INV0004865,CUST00680,SUB00680,2024-10-29,2024-11-13,29.0,Paid
INV0004866,CUST00680,SUB00680,2024-11-29,2024-12-14,29.0,Paid
INV0004867,CUST00681,SUB00681,2025-08-28,2025-09-12,29.0,Paid
INV0004868,CUST00681,SUB00681,2025-09-28,2025-10-13,29.0,Paid
INV0004869,CUST00681,SUB00681,2025-10-28,2025-11-12,29.0,Paid
INV0004870,CUST00681,SUB00681,2025-11-28,2025-12-13,29.0,Paid
INV0004871,CUST00681,SUB00681,2025-12-28,2026-01-12,29.0,Paid
INV0004872,CUST00682,SUB00682,2025-07-30,2025-08-14,295.8,Overdue
INV0004873,CUST00683,SUB00683,2025-07-09,2025-07-24,2029.8,Overdue
INV0004874,CUST00684,SUB00684,2024-08-26,2024-09-10,29.0,Paid
INV0004875,CUST00684,SUB00684,2024-09-26,2024-10-11,29.0,Paid
INV0004876,CUST00684,SUB00684,2024-10-26,2024-11-10,29.0,Paid
INV0004877,CUST00684,SUB00684,2024-11-26,2024-12-11,29.0,Paid
INV0004878,CUST00684,SUB00684,2024-12-26,2025-01-10,29.0,Paid
INV0004879,CUST00684,SUB00684,2025-01-26,2025-02-10,29.0,Paid
INV0004880,CUST00684,SUB00684,2025-02-26,2025-03-13,29.0,Paid
INV0004881,CUST00684,SUB00684,2025-03-26,2025-04-10,29.0,Paid
INV0004882,CUST00684,SUB00684,2025-04-26,2025-05-11,29.0,Paid
INV0004883,CUST00684,SUB00684,2025-05-26,2025-06-10,29.0,Paid
INV0004884,CUST00684,SUB00684,2025-06-26,2025-07-11,29.0,Paid
INV0004885,CUST00684,SUB00684,2025-07-26,2025-08-10,29.0,Paid
INV0004886,CUST00685,SUB00685,2024-12-05,2024-12-20,29.0,Paid
INV0004887,CUST00685,SUB00685,2025-01-05,2025-01-20,29.0,Paid
INV0004888,CUST00685,SUB00685,2025-02-05,2025-02-20,29.0,Paid
INV0004889,CUST00685,SUB00685,2025-03-05,2025-03-20,29.0,Paid
INV0004890,CUST00685,SUB00685,2025-04-05,2025-04-20,29.0,Paid
INV0004891,CUST00685,SUB00685,2025-05-05,2025-05-20,29.0,Paid
INV0004892,CUST00685,SUB00685,2025-06-05,2025-06-20,29.0,Paid
INV0004893,CUST00685,SUB00685,2025-07-05,2025-07-20,29.0,Pending
INV0004894,CUST00685,SUB00685,2025-08-05,2025-08-20,29.0,Paid
INV0004895,CUST00685,SUB00685,2025-09-05,2025-09-20,29.0,Paid
INV0004896,CUST00685,SUB00685,2025-10-05,2025-10-20,29.0,Paid
INV0004897,CUST00685,SUB00685,2025-11-05,2025-11-20,29.0,Paid
INV0004898,CUST00685,SUB00685,2025-12-05,2025-12-20,29.0,Paid
INV0004899,CUST00686,SUB00686,2024-06-30,2024-07-15,79.0,Overdue
INV0004900,CUST00686,SUB00686,2024-07-30,2024-08-14,79.0,Paid
INV0004901,CUST00686,SUB00686,2024-08-30,2024-09-14,79.0,Paid
INV0004902,CUST00686,SUB00686,2024-09-30,2024-10-15,79.0,Overdue
INV0004903,CUST00686,SUB00686,2024-10-30,2024-11-14,79.0,Paid
INV0004904,CUST00686,SUB00686,2024-11-30,2024-12-15,79.0,Paid
INV0004905,CUST00686,SUB00686,2024-12-30,2025-01-14,79.0,Paid
INV0004906,CUST00686,SUB00686,2025-01-30,2025-02-14,79.0,Paid
INV0004907,CUST00686,SUB00686,2025-02-28,2025-03-15,29.0,Paid
INV0004908,CUST00686,SUB00686,2025-03-28,2025-04-12,29.0,Paid
INV0004909,CUST00686,SUB00686,2025-04-28,2025-05-13,29.0,Overdue
INV0004910,CUST00686,SUB00686,2025-05-28,2025-06-12,29.0,Overdue
INV0004911,CUST00686,SUB00686,2025-06-28,2025-07-13,29.0,Paid
INV0004912,CUST00686,SUB00686,2025-07-28,2025-08-12,29.0,Paid
INV0004913,CUST00686,SUB00686,2025-08-28,2025-09-12,29.0,Paid
INV0004914,CUST00686,SUB00686,2025-09-28,2025-10-13,29.0,Paid
INV0004915,CUST00686,SUB00686,2025-10-28,2025-11-12,29.0,Paid
INV0004916,CUST00686,SUB00686,2025-11-28,2025-12-13,29.0,Paid
INV0004917,CUST00687,SUB00687,2024-01-23,2024-02-07,199.0,Paid
INV0004918,CUST00687,SUB00687,2024-02-23,2024-03-09,199.0,Paid
INV0004919,CUST00687,SUB00687,2024-03-23,2024-04-07,199.0,Paid
INV0004920,CUST00688,SUB00688,2025-06-22,2025-07-07,2029.8,Paid
INV0004921,CUST00689,SUB00689,2025-08-23,2025-09-07,29.0,Overdue
INV0004922,CUST00689,SUB00689,2025-09-23,2025-10-08,29.0,Paid
INV0004923,CUST00689,SUB00689,2025-10-23,2025-11-07,29.0,Paid
INV0004924,CUST00689,SUB00689,2025-11-23,2025-12-08,29.0,Paid
INV0004925,CUST00689,SUB00689,2025-12-23,2026-01-07,29.0,Paid
INV0004926,CUST00690,SUB00690,2025-03-23,2025-04-07,29.0,Paid
INV0004927,CUST00690,SUB00690,2025-04-23,2025-05-08,29.0,Paid
INV0004928,CUST00690,SUB00690,2025-05-23,2025-06-07,29.0,Overdue
INV0004929,CUST00690,SUB00690,2025-06-23,2025-07-08,29.0,Paid
INV0004930,CUST00690,SUB00690,2025-07-23,2025-08-07,29.0,Paid
INV0004931,CUST00690,SUB00690,2025-08-23,2025-09-07,29.0,Paid
INV0004932,CUST00690,SUB00690,2025-09-23,2025-10-08,29.0,Paid
INV0004933,CUST00690,SUB00690,2025-10-23,2025-11-07,29.0,Paid
INV0004934,CUST00690,SUB00690,2025-11-23,2025-12-08,29.0,Paid
INV0004935,CUST00690,SUB00690,2025-12-23,2026-01-07,29.0,Paid
INV0004936,CUST00691,SUB00691,2025-12-25,2026-01-09,199.0,Paid
INV0004937,CUST00692,SUB00692,2024-08-16,2024-08-31,805.8,Paid
INV0004938,CUST00693,SUB00693,2025-12-06,2025-12-21,29.0,Paid
INV0004939,CUST00694,SUB00694,2025-08-04,2025-08-19,79.0,Paid
INV0004940,CUST00694,SUB00694,2025-09-04,2025-09-19,79.0,Paid
INV0004941,CUST00694,SUB00694,2025-10-04,2025-10-19,79.0,Paid
INV0004942,CUST00694,SUB00694,2025-11-04,2025-11-19,79.0,Paid
INV0004943,CUST00694,SUB00694,2025-12-04,2025-12-19,79.0,Paid
INV0004944,CUST00695,SUB00695,2025-10-16,2025-10-31,29.0,Paid
INV0004945,CUST00695,SUB00695,2025-11-16,2025-12-01,29.0,Overdue
INV0004946,CUST00695,SUB00695,2025-12-16,2025-12-31,29.0,Paid
INV0004947,CUST00696,SUB00696,2024-08-31,2024-09-15,29.0,Paid
INV0004948,CUST00696,SUB00696,2024-09-30,2024-10-15,29.0,Paid
INV0004949,CUST00696,SUB00696,2024-10-30,2024-11-14,29.0,Paid
INV0004950,CUST00696,SUB00696,2024-11-30,2024-12-15,29.0,Paid
INV0004951,CUST00696,SUB00696,2024-12-30,2025-01-14,29.0,Paid
INV0004952,CUST00696,SUB00696,2025-01-30,2025-02-14,29.0,Paid
INV0004953,CUST00697,SUB00697,2025-12-26,2026-01-10,29.0,Paid
INV0004954,CUST00698,SUB00698,2024-01-12,2024-01-27,79.0,Paid
INV0004955,CUST00698,SUB00698,2024-02-12,2024-02-27,79.0,Paid
INV0004956,CUST00698,SUB00698,2024-03-12,2024-03-27,79.0,Paid
INV0004957,CUST00698,SUB00698,2024-04-12,2024-04-27,79.0,Paid
INV0004958,CUST00698,SUB00698,2024-05-12,2024-05-27,79.0,Paid
INV0004959,CUST00698,SUB00698,2024-06-12,2024-06-27,79.0,Paid
INV0004960,CUST00698,SUB00698,2024-07-12,2024-07-27,79.0,Paid
INV0004961,CUST00698,SUB00698,2024-08-12,2024-08-27,79.0,Overdue
INV0004962,CUST00698,SUB00698,2024-09-12,2024-09-27,79.0,Paid
INV0004963,CUST00698,SUB00698,2024-10-12,2024-10-27,79.0,Paid
INV0004964,CUST00698,SUB00698,2024-11-12,2024-11-27,79.0,Overdue
INV0004965,CUST00698,SUB00698,2024-12-12,2024-12-27,79.0,Paid
INV0004966,CUST00699,SUB00699,2024-09-19,2024-10-04,295.8,Pending
INV0004967,CUST00699,SUB00699,2025-09-19,2025-10-04,295.8,Paid
INV0004968,CUST00700,SUB00700,2025-03-24,2025-04-08,29.0,Paid
INV0004969,CUST00700,SUB00700,2025-04-24,2025-05-09,29.0,Paid
INV0004970,CUST00700,SUB00700,2025-05-24,2025-06-08,29.0,Paid
INV0004971,CUST00700,SUB00700,2025-06-24,2025-07-09,29.0,Overdue
INV0004972,CUST00700,SUB00700,2025-07-24,2025-08-08,29.0,Overdue
INV0004973,CUST00700,SUB00700,2025-08-24,2025-09-08,29.0,Paid
INV0004974,CUST00700,SUB00700,2025-09-24,2025-10-09,29.0,Pending
INV0004975,CUST00700,SUB00700,2025-10-24,2025-11-08,29.0,Paid
INV0004976,CUST00700,SUB00700,2025-11-24,2025-12-09,29.0,Paid
INV0004977,CUST00700,SUB00700,2025-12-24,2026-01-08,29.0,Paid
INV0004978,CUST00701,SUB00701,2025-01-22,2025-02-06,79.0,Paid
INV0004979,CUST00701,SUB00701,2025-02-22,2025-03-09,79.0,Paid
INV0004980,CUST00701,SUB00701,2025-03-22,2025-04-06,79.0,Overdue
INV0004981,CUST00701,SUB00701,2025-04-22,2025-05-07,79.0,Paid
INV0004982,CUST00701,SUB00701,2025-05-22,2025-06-06,79.0,Overdue
INV0004983,CUST00701,SUB00701,2025-06-22,2025-07-07,79.0,Paid
INV0004984,CUST00701,SUB00701,2025-07-22,2025-08-06,79.0,Paid
INV0004985,CUST00701,SUB00701,2025-08-22,2025-09-06,79.0,Paid
INV0004986,CUST00701,SUB00701,2025-09-22,2025-10-07,79.0,Paid
INV0004987,CUST00701,SUB00701,2025-10-22,2025-11-06,79.0,Paid
INV0004988,CUST00701,SUB00701,2025-11-22,2025-12-07,79.0,Pending
INV0004989,CUST00701,SUB00701,2025-12-22,2026-01-06,79.0,Paid
INV0004990,CUST00702,SUB00702,2025-08-14,2025-08-29,295.8,Paid
INV0004991,CUST00703,SUB00703,2024-03-16,2024-03-31,29.0,Paid
INV0004992,CUST00703,SUB00703,2024-04-16,2024-05-01,29.0,Paid
INV0004993,CUST00703,SUB00703,2024-05-16,2024-05-31,29.0,Pending
INV0004994,CUST00703,SUB00703,2024-06-16,2024-07-01,29.0,Paid
INV0004995,CUST00703,SUB00703,2024-07-16,2024-07-31,29.0,Paid
INV0004996,CUST00703,SUB00703,2024-08-16,2024-08-31,29.0,Paid
INV0004997,CUST00703,SUB00703,2024-09-16,2024-10-01,29.0,Paid
INV0004998,CUST00703,SUB00703,2024-10-16,2024-10-31,29.0,Paid
INV0004999,CUST00703,SUB00703,2024-11-16,2024-12-01,29.0,Paid
INV0005000,CUST00703,SUB00703,2024-12-16,2024-12-31,29.0,Paid
INV0005001,CUST00703,SUB00703,2025-01-16,2025-01-31,29.0,Paid
INV0005002,CUST00703,SUB00703,2025-02-16,2025-03-03,29.0,Paid
INV0005003,CUST00703,SUB00703,2025-03-16,2025-03-31,29.0,Paid
INV0005004,CUST00703,SUB00703,2025-04-16,2025-05-01,29.0,Paid
INV0005005,CUST00703,SUB00703,2025-05-16,2025-05-31,29.0,Paid
INV0005006,CUST00703,SUB00703,2025-06-16,2025-07-01,29.0,Paid
INV0005007,CUST00703,SUB00703,2025-07-16,2025-07-31,29.0,Paid
INV0005008,CUST00703,SUB00703,2025-08-16,2025-08-31,29.0,Pending
INV0005009,CUST00704,SUB00704,2024-09-24,2024-10-09,295.8,Paid
INV0005010,CUST00704,SUB00704,2025-09-24,2025-10-09,295.8,Paid
INV0005011,CUST00705,SUB00705,2024-06-13,2024-06-28,79.0,Paid
INV0005012,CUST00705,SUB00705,2024-07-13,2024-07-28,79.0,Paid
INV0005013,CUST00705,SUB00705,2024-08-13,2024-08-28,79.0,Paid
INV0005014,CUST00705,SUB00705,2024-09-13,2024-09-28,79.0,Paid
INV0005015,CUST00705,SUB00705,2024-10-13,2024-10-28,79.0,Paid
INV0005016,CUST00705,SUB00705,2024-11-13,2024-11-28,79.0,Paid
INV0005017,CUST00705,SUB00705,2024-12-13,2024-12-28,79.0,Paid
INV0005018,CUST00705,SUB00705,2025-01-13,2025-01-28,79.0,Pending
INV0005019,CUST00705,SUB00705,2025-02-13,2025-02-28,79.0,Paid
INV0005020,CUST00705,SUB00705,2025-03-13,2025-03-28,79.0,Paid
INV0005021,CUST00705,SUB00705,2025-04-13,2025-04-28,79.0,Paid
INV0005022,CUST00705,SUB00705,2025-05-13,2025-05-28,79.0,Paid
INV0005023,CUST00706,SUB00706,2024-12-12,2024-12-27,79.0,Paid
INV0005024,CUST00706,SUB00706,2025-01-12,2025-01-27,79.0,Paid
INV0005025,CUST00706,SUB00706,2025-02-12,2025-02-27,79.0,Paid
INV0005026,CUST00706,SUB00706,2025-03-12,2025-03-27,79.0,Paid
INV0005027,CUST00706,SUB00706,2025-04-12,2025-04-27,79.0,Paid
INV0005028,CUST00706,SUB00706,2025-05-12,2025-05-27,79.0,Pending
INV0005029,CUST00707,SUB00707,2025-03-17,2025-04-01,79.0,Paid
INV0005030,CUST00707,SUB00707,2025-04-17,2025-05-02,79.0,Paid
INV0005031,CUST00707,SUB00707,2025-05-17,2025-06-01,79.0,Paid
INV0005032,CUST00707,SUB00707,2025-06-17,2025-07-02,79.0,Paid
INV0005033,CUST00707,SUB00707,2025-07-17,2025-08-01,79.0,Paid
INV0005034,CUST00707,SUB00707,2025-08-17,2025-09-01,79.0,Paid
INV0005035,CUST00707,SUB00707,2025-09-17,2025-10-02,79.0,Paid
INV0005036,CUST00707,SUB00707,2025-10-17,2025-11-01,79.0,Paid
INV0005037,CUST00707,SUB00707,2025-11-17,2025-12-02,79.0,Paid
INV0005038,CUST00707,SUB00707,2025-12-17,2026-01-01,79.0,Paid
INV0005039,CUST00708,SUB00708,2024-06-09,2024-06-24,79.0,Paid
INV0005040,CUST00708,SUB00708,2024-07-09,2024-07-24,79.0,Paid
INV0005041,CUST00708,SUB00708,2024-08-09,2024-08-24,79.0,Paid
INV0005042,CUST00708,SUB00708,2024-09-09,2024-09-24,79.0,Paid
INV0005043,CUST00708,SUB00708,2024-10-09,2024-10-24,79.0,Paid
INV0005044,CUST00708,SUB00708,2024-11-09,2024-11-24,79.0,Paid
INV0005045,CUST00708,SUB00708,2024-12-09,2024-12-24,79.0,Paid
INV0005046,CUST00708,SUB00708,2025-01-09,2025-01-24,29.0,Paid
INV0005047,CUST00708,SUB00708,2025-02-09,2025-02-24,29.0,Pending
INV0005048,CUST00708,SUB00708,2025-03-09,2025-03-24,29.0,Paid
INV0005049,CUST00708,SUB00708,2025-04-09,2025-04-24,29.0,Paid
INV0005050,CUST00708,SUB00708,2025-05-09,2025-05-24,29.0,Paid
INV0005051,CUST00709,SUB00709,2025-02-23,2025-03-10,29.0,Paid
INV0005052,CUST00709,SUB00709,2025-03-23,2025-04-07,29.0,Paid
INV0005053,CUST00709,SUB00709,2025-04-23,2025-05-08,29.0,Paid
INV0005054,CUST00709,SUB00709,2025-05-23,2025-06-07,29.0,Pending
INV0005055,CUST00709,SUB00709,2025-06-23,2025-07-08,29.0,Paid
INV0005056,CUST00709,SUB00709,2025-07-23,2025-08-07,29.0,Paid
INV0005057,CUST00709,SUB00709,2025-08-23,2025-09-07,29.0,Paid
INV0005058,CUST00709,SUB00709,2025-09-23,2025-10-08,29.0,Paid
INV0005059,CUST00709,SUB00709,2025-10-23,2025-11-07,29.0,Paid
INV0005060,CUST00709,SUB00709,2025-11-23,2025-12-08,29.0,Paid
INV0005061,CUST00709,SUB00709,2025-12-23,2026-01-07,29.0,Paid
INV0005062,CUST00710,SUB00710,2025-11-07,2025-11-22,199.0,Paid
INV0005063,CUST00710,SUB00710,2025-12-07,2025-12-22,199.0,Paid
INV0005064,CUST00711,SUB00711,2025-08-08,2025-08-23,29.0,Paid
INV0005065,CUST00711,SUB00711,2025-09-08,2025-09-23,29.0,Paid
INV0005066,CUST00711,SUB00711,2025-10-08,2025-10-23,29.0,Paid
INV0005067,CUST00711,SUB00711,2025-11-08,2025-11-23,29.0,Paid
INV0005068,CUST00711,SUB00711,2025-12-08,2025-12-23,29.0,Paid
INV0005069,CUST00712,SUB00712,2024-01-04,2024-01-19,29.0,Paid
INV0005070,CUST00712,SUB00712,2024-02-04,2024-02-19,29.0,Paid
INV0005071,CUST00712,SUB00712,2024-03-04,2024-03-19,29.0,Paid
INV0005072,CUST00713,SUB00713,2024-07-23,2024-08-07,805.8,Paid
INV0005073,CUST00714,SUB00714,2024-03-24,2024-04-08,79.0,Paid
INV0005074,CUST00714,SUB00714,2024-04-24,2024-05-09,79.0,Paid
INV0005075,CUST00714,SUB00714,2024-05-24,2024-06-08,79.0,Paid
INV0005076,CUST00714,SUB00714,2024-06-24,2024-07-09,79.0,Pending
INV0005077,CUST00714,SUB00714,2024-07-24,2024-08-08,79.0,Paid
INV0005078,CUST00714,SUB00714,2024-08-24,2024-09-08,79.0,Paid
INV0005079,CUST00714,SUB00714,2024-09-24,2024-10-09,79.0,Paid
INV0005080,CUST00714,SUB00714,2024-10-24,2024-11-08,79.0,Paid
INV0005081,CUST00714,SUB00714,2024-11-24,2024-12-09,79.0,Paid
INV0005082,CUST00714,SUB00714,2024-12-24,2025-01-08,79.0,Paid
INV0005083,CUST00714,SUB00714,2025-01-24,2025-02-08,79.0,Paid
INV0005084,CUST00714,SUB00714,2025-02-24,2025-03-11,79.0,Paid
INV0005085,CUST00714,SUB00714,2025-03-24,2025-04-08,79.0,Paid
INV0005086,CUST00714,SUB00714,2025-04-24,2025-05-09,79.0,Paid
INV0005087,CUST00714,SUB00714,2025-05-24,2025-06-08,79.0,Paid
INV0005088,CUST00714,SUB00714,2025-06-24,2025-07-09,79.0,Overdue
INV0005089,CUST00714,SUB00714,2025-07-24,2025-08-08,79.0,Paid
INV0005090,CUST00714,SUB00714,2025-08-24,2025-09-08,79.0,Paid
INV0005091,CUST00714,SUB00714,2025-09-24,2025-10-09,79.0,Paid
INV0005092,CUST00714,SUB00714,2025-10-24,2025-11-08,79.0,Paid
INV0005093,CUST00714,SUB00714,2025-11-24,2025-12-09,79.0,Paid
INV0005094,CUST00714,SUB00714,2025-12-24,2026-01-08,79.0,Paid
INV0005095,CUST00715,SUB00715,2025-04-27,2025-05-12,29.0,Paid
INV0005096,CUST00715,SUB00715,2025-05-27,2025-06-11,29.0,Paid
INV0005097,CUST00715,SUB00715,2025-06-27,2025-07-12,29.0,Overdue
INV0005098,CUST00716,SUB00716,2024-07-08,2024-07-23,29.0,Paid
INV0005099,CUST00716,SUB00716,2024-08-08,2024-08-23,29.0,Paid
INV0005100,CUST00716,SUB00716,2024-09-08,2024-09-23,29.0,Paid
INV0005101,CUST00716,SUB00716,2024-10-08,2024-10-23,29.0,Paid
INV0005102,CUST00716,SUB00716,2024-11-08,2024-11-23,29.0,Paid
INV0005103,CUST00716,SUB00716,2024-12-08,2024-12-23,29.0,Overdue
INV0005104,CUST00716,SUB00716,2025-01-08,2025-01-23,29.0,Paid
INV0005105,CUST00716,SUB00716,2025-02-08,2025-02-23,29.0,Paid
INV0005106,CUST00716,SUB00716,2025-03-08,2025-03-23,29.0,Paid
INV0005107,CUST00716,SUB00716,2025-04-08,2025-04-23,29.0,Paid
INV0005108,CUST00716,SUB00716,2025-05-08,2025-05-23,29.0,Paid
INV0005109,CUST00716,SUB00716,2025-06-08,2025-06-23,29.0,Paid
INV0005110,CUST00716,SUB00716,2025-07-08,2025-07-23,29.0,Overdue
INV0005111,CUST00716,SUB00716,2025-08-08,2025-08-23,29.0,Paid
INV0005112,CUST00716,SUB00716,2025-09-08,2025-09-23,29.0,Paid
INV0005113,CUST00716,SUB00716,2025-10-08,2025-10-23,29.0,Paid
INV0005114,CUST00716,SUB00716,2025-11-08,2025-11-23,29.0,Paid
INV0005115,CUST00716,SUB00716,2025-12-08,2025-12-23,29.0,Paid
INV0005116,CUST00717,SUB00717,2024-02-15,2024-03-01,29.0,Paid
INV0005117,CUST00717,SUB00717,2024-03-15,2024-03-30,29.0,Paid
INV0005118,CUST00717,SUB00717,2024-04-15,2024-04-30,29.0,Overdue
INV0005119,CUST00717,SUB00717,2024-05-15,2024-05-30,29.0,Paid
INV0005120,CUST00717,SUB00717,2024-06-15,2024-06-30,29.0,Overdue
INV0005121,CUST00717,SUB00717,2024-07-15,2024-07-30,29.0,Paid
INV0005122,CUST00717,SUB00717,2024-08-15,2024-08-30,29.0,Paid
INV0005123,CUST00717,SUB00717,2024-09-15,2024-09-30,29.0,Paid
INV0005124,CUST00717,SUB00717,2024-10-15,2024-10-30,29.0,Paid
INV0005125,CUST00717,SUB00717,2024-11-15,2024-11-30,29.0,Paid
INV0005126,CUST00717,SUB00717,2024-12-15,2024-12-30,29.0,Paid
INV0005127,CUST00717,SUB00717,2025-01-15,2025-01-30,29.0,Paid
INV0005128,CUST00717,SUB00717,2025-02-15,2025-03-02,29.0,Paid
INV0005129,CUST00717,SUB00717,2025-03-15,2025-03-30,29.0,Paid
INV0005130,CUST00717,SUB00717,2025-04-15,2025-04-30,29.0,Paid
INV0005131,CUST00717,SUB00717,2025-05-15,2025-05-30,29.0,Paid
INV0005132,CUST00717,SUB00717,2025-06-15,2025-06-30,29.0,Paid
INV0005133,CUST00717,SUB00717,2025-07-15,2025-07-30,29.0,Paid
INV0005134,CUST00718,SUB00718,2025-07-31,2025-08-15,29.0,Overdue
INV0005135,CUST00718,SUB00718,2025-08-31,2025-09-15,29.0,Paid
INV0005136,CUST00718,SUB00718,2025-09-30,2025-10-15,29.0,Paid
INV0005137,CUST00718,SUB00718,2025-10-30,2025-11-14,29.0,Paid
INV0005138,CUST00718,SUB00718,2025-11-30,2025-12-15,29.0,Paid
INV0005139,CUST00718,SUB00718,2025-12-30,2026-01-14,29.0,Overdue
INV0005140,CUST00719,SUB00719,2024-03-28,2024-04-12,79.0,Paid
INV0005141,CUST00719,SUB00719,2024-04-28,2024-05-13,79.0,Paid
INV0005142,CUST00719,SUB00719,2024-05-28,2024-06-12,79.0,Overdue
INV0005143,CUST00719,SUB00719,2024-06-28,2024-07-13,79.0,Paid
INV0005144,CUST00719,SUB00719,2024-07-28,2024-08-12,79.0,Paid
INV0005145,CUST00719,SUB00719,2024-08-28,2024-09-12,79.0,Paid
INV0005146,CUST00719,SUB00719,2024-09-28,2024-10-13,79.0,Paid
INV0005147,CUST00719,SUB00719,2024-10-28,2024-11-12,79.0,Paid
INV0005148,CUST00719,SUB00719,2024-11-28,2024-12-13,79.0,Paid
INV0005149,CUST00719,SUB00719,2024-12-28,2025-01-12,79.0,Paid
INV0005150,CUST00719,SUB00719,2025-01-28,2025-02-12,79.0,Paid
INV0005151,CUST00719,SUB00719,2025-02-28,2025-03-15,79.0,Paid
INV0005152,CUST00719,SUB00719,2025-03-28,2025-04-12,79.0,Paid
INV0005153,CUST00719,SUB00719,2025-04-28,2025-05-13,79.0,Paid
INV0005154,CUST00719,SUB00719,2025-05-28,2025-06-12,79.0,Paid
INV0005155,CUST00719,SUB00719,2025-06-28,2025-07-13,79.0,Paid
INV0005156,CUST00719,SUB00719,2025-07-28,2025-08-12,79.0,Paid
INV0005157,CUST00719,SUB00719,2025-08-28,2025-09-12,79.0,Paid
INV0005158,CUST00719,SUB00719,2025-09-28,2025-10-13,79.0,Paid
INV0005159,CUST00719,SUB00719,2025-10-28,2025-11-12,79.0,Paid
INV0005160,CUST00719,SUB00719,2025-11-28,2025-12-13,79.0,Paid
INV0005161,CUST00719,SUB00719,2025-12-28,2026-01-12,79.0,Paid
INV0005162,CUST00720,SUB00720,2025-07-20,2025-08-04,29.0,Paid
INV0005163,CUST00720,SUB00720,2025-08-20,2025-09-04,29.0,Overdue
INV0005164,CUST00720,SUB00720,2025-09-20,2025-10-05,29.0,Paid
INV0005165,CUST00720,SUB00720,2025-10-20,2025-11-04,29.0,Paid
INV0005166,CUST00720,SUB00720,2025-11-20,2025-12-05,29.0,Paid
INV0005167,CUST00720,SUB00720,2025-12-20,2026-01-04,29.0,Paid
INV0005168,CUST00721,SUB00721,2025-07-02,2025-07-17,199.0,Overdue
INV0005169,CUST00721,SUB00721,2025-08-02,2025-08-17,199.0,Paid
INV0005170,CUST00721,SUB00721,2025-09-02,2025-09-17,199.0,Paid
INV0005171,CUST00721,SUB00721,2025-10-02,2025-10-17,199.0,Pending
INV0005172,CUST00721,SUB00721,2025-11-02,2025-11-17,199.0,Paid
INV0005173,CUST00721,SUB00721,2025-12-02,2025-12-17,199.0,Paid
INV0005174,CUST00722,SUB00722,2025-05-02,2025-05-17,199.0,Paid
INV0005175,CUST00722,SUB00722,2025-06-02,2025-06-17,199.0,Paid
INV0005176,CUST00722,SUB00722,2025-07-02,2025-07-17,199.0,Paid
INV0005177,CUST00722,SUB00722,2025-08-02,2025-08-17,199.0,Paid
INV0005178,CUST00722,SUB00722,2025-09-02,2025-09-17,199.0,Paid
INV0005179,CUST00722,SUB00722,2025-10-02,2025-10-17,199.0,Paid
INV0005180,CUST00722,SUB00722,2025-11-02,2025-11-17,199.0,Paid
INV0005181,CUST00722,SUB00722,2025-12-02,2025-12-17,199.0,Paid
INV0005182,CUST00723,SUB00723,2025-05-29,2025-06-13,199.0,Paid
INV0005183,CUST00723,SUB00723,2025-06-29,2025-07-14,199.0,Paid
INV0005184,CUST00723,SUB00723,2025-07-29,2025-08-13,199.0,Paid
INV0005185,CUST00723,SUB00723,2025-08-29,2025-09-13,199.0,Paid
INV0005186,CUST00723,SUB00723,2025-09-29,2025-10-14,199.0,Paid
INV0005187,CUST00723,SUB00723,2025-10-29,2025-11-13,199.0,Paid
INV0005188,CUST00723,SUB00723,2025-11-29,2025-12-14,199.0,Paid
INV0005189,CUST00723,SUB00723,2025-12-29,2026-01-13,199.0,Paid
INV0005190,CUST00724,SUB00724,2024-05-03,2024-05-18,805.8,Paid
INV0005191,CUST00724,SUB00724,2025-05-03,2025-05-18,805.8,Paid
INV0005192,CUST00725,SUB00725,2024-08-04,2024-08-19,79.0,Paid
INV0005193,CUST00725,SUB00725,2024-09-04,2024-09-19,79.0,Paid
INV0005194,CUST00725,SUB00725,2024-10-04,2024-10-19,79.0,Paid
INV0005195,CUST00725,SUB00725,2024-11-04,2024-11-19,79.0,Paid
INV0005196,CUST00725,SUB00725,2024-12-04,2024-12-19,79.0,Paid
INV0005197,CUST00725,SUB00725,2025-01-04,2025-01-19,79.0,Paid
INV0005198,CUST00725,SUB00725,2025-02-04,2025-02-19,79.0,Paid
INV0005199,CUST00725,SUB00725,2025-03-04,2025-03-19,79.0,Paid
INV0005200,CUST00725,SUB00725,2025-04-04,2025-04-19,79.0,Paid
INV0005201,CUST00725,SUB00725,2025-05-04,2025-05-19,79.0,Paid
INV0005202,CUST00725,SUB00725,2025-06-04,2025-06-19,79.0,Overdue
INV0005203,CUST00725,SUB00725,2025-07-04,2025-07-19,79.0,Paid
INV0005204,CUST00726,SUB00726,2025-11-30,2025-12-15,29.0,Paid
INV0005205,CUST00726,SUB00726,2025-12-30,2026-01-14,29.0,Paid
INV0005206,CUST00727,SUB00727,2024-11-23,2024-12-08,29.0,Paid
INV0005207,CUST00727,SUB00727,2024-12-23,2025-01-07,29.0,Paid
INV0005208,CUST00727,SUB00727,2025-01-23,2025-02-07,29.0,Overdue
INV0005209,CUST00728,SUB00728,2025-07-23,2025-08-07,29.0,Paid
INV0005210,CUST00728,SUB00728,2025-08-23,2025-09-07,29.0,Paid
INV0005211,CUST00728,SUB00728,2025-09-23,2025-10-08,29.0,Paid
INV0005212,CUST00728,SUB00728,2025-10-23,2025-11-07,29.0,Paid
INV0005213,CUST00728,SUB00728,2025-11-23,2025-12-08,29.0,Paid
INV0005214,CUST00728,SUB00728,2025-12-23,2026-01-07,29.0,Paid
INV0005215,CUST00729,SUB00729,2024-01-13,2024-01-28,199.0,Paid
INV0005216,CUST00729,SUB00729,2024-02-13,2024-02-28,199.0,Paid
INV0005217,CUST00729,SUB00729,2024-03-13,2024-03-28,199.0,Paid
INV0005218,CUST00729,SUB00729,2024-04-13,2024-04-28,199.0,Paid
INV0005219,CUST00729,SUB00729,2024-05-13,2024-05-28,199.0,Paid
INV0005220,CUST00729,SUB00729,2024-06-13,2024-06-28,199.0,Paid
INV0005221,CUST00729,SUB00729,2024-07-13,2024-07-28,199.0,Paid
INV0005222,CUST00729,SUB00729,2024-08-13,2024-08-28,199.0,Paid
INV0005223,CUST00729,SUB00729,2024-09-13,2024-09-28,199.0,Paid
INV0005224,CUST00729,SUB00729,2024-10-13,2024-10-28,199.0,Paid
INV0005225,CUST00729,SUB00729,2024-11-13,2024-11-28,199.0,Paid
INV0005226,CUST00729,SUB00729,2024-12-13,2024-12-28,199.0,Paid
INV0005227,CUST00730,SUB00730,2024-04-25,2024-05-10,199.0,Pending
INV0005228,CUST00730,SUB00730,2024-05-25,2024-06-09,199.0,Paid
INV0005229,CUST00730,SUB00730,2024-06-25,2024-07-10,199.0,Paid
INV0005230,CUST00730,SUB00730,2024-07-25,2024-08-09,199.0,Paid
INV0005231,CUST00730,SUB00730,2024-08-25,2024-09-09,199.0,Paid
INV0005232,CUST00730,SUB00730,2024-09-25,2024-10-10,199.0,Paid
INV0005233,CUST00731,SUB00731,2024-04-18,2024-05-03,2029.8,Overdue
INV0005234,CUST00731,SUB00731,2025-04-18,2025-05-03,2029.8,Paid
INV0005235,CUST00732,SUB00732,2025-02-24,2025-03-11,199.0,Paid
INV0005236,CUST00732,SUB00732,2025-03-24,2025-04-08,199.0,Paid
INV0005237,CUST00732,SUB00732,2025-04-24,2025-05-09,199.0,Paid
INV0005238,CUST00732,SUB00732,2025-05-24,2025-06-08,199.0,Paid
INV0005239,CUST00732,SUB00732,2025-06-24,2025-07-09,199.0,Paid
INV0005240,CUST00732,SUB00732,2025-07-24,2025-08-08,199.0,Paid
INV0005241,CUST00732,SUB00732,2025-08-24,2025-09-08,199.0,Paid
INV0005242,CUST00732,SUB00732,2025-09-24,2025-10-09,199.0,Paid
INV0005243,CUST00732,SUB00732,2025-10-24,2025-11-08,199.0,Paid
INV0005244,CUST00732,SUB00732,2025-11-24,2025-12-09,199.0,Pending
INV0005245,CUST00732,SUB00732,2025-12-24,2026-01-08,199.0,Paid
INV0005246,CUST00733,SUB00733,2024-02-08,2024-02-23,29.0,Paid
INV0005247,CUST00733,SUB00733,2024-03-08,2024-03-23,29.0,Paid
INV0005248,CUST00733,SUB00733,2024-04-08,2024-04-23,29.0,Overdue
INV0005249,CUST00733,SUB00733,2024-05-08,2024-05-23,29.0,Paid
INV0005250,CUST00733,SUB00733,2024-06-08,2024-06-23,29.0,Paid
INV0005251,CUST00733,SUB00733,2024-07-08,2024-07-23,29.0,Paid
INV0005252,CUST00733,SUB00733,2024-08-08,2024-08-23,29.0,Paid
INV0005253,CUST00733,SUB00733,2024-09-08,2024-09-23,29.0,Paid
INV0005254,CUST00733,SUB00733,2024-10-08,2024-10-23,29.0,Paid
INV0005255,CUST00733,SUB00733,2024-11-08,2024-11-23,29.0,Paid
INV0005256,CUST00733,SUB00733,2024-12-08,2024-12-23,29.0,Paid
INV0005257,CUST00733,SUB00733,2025-01-08,2025-01-23,29.0,Paid
INV0005258,CUST00733,SUB00733,2025-02-08,2025-02-23,29.0,Paid
INV0005259,CUST00733,SUB00733,2025-03-08,2025-03-23,29.0,Overdue
INV0005260,CUST00733,SUB00733,2025-04-08,2025-04-23,29.0,Paid
INV0005261,CUST00733,SUB00733,2025-05-08,2025-05-23,29.0,Paid
INV0005262,CUST00733,SUB00733,2025-06-08,2025-06-23,29.0,Paid
INV0005263,CUST00733,SUB00733,2025-07-08,2025-07-23,29.0,Paid
INV0005264,CUST00733,SUB00733,2025-08-08,2025-08-23,29.0,Paid
INV0005265,CUST00733,SUB00733,2025-09-08,2025-09-23,29.0,Paid
INV0005266,CUST00733,SUB00733,2025-10-08,2025-10-23,29.0,Paid
INV0005267,CUST00733,SUB00733,2025-11-08,2025-11-23,29.0,Paid
INV0005268,CUST00733,SUB00733,2025-12-08,2025-12-23,29.0,Pending
INV0005269,CUST00734,SUB00734,2024-02-09,2024-02-24,79.0,Paid
INV0005270,CUST00734,SUB00734,2024-03-09,2024-03-24,79.0,Paid
INV0005271,CUST00734,SUB00734,2024-04-09,2024-04-24,79.0,Paid
INV0005272,CUST00734,SUB00734,2024-05-09,2024-05-24,79.0,Paid
INV0005273,CUST00734,SUB00734,2024-06-09,2024-06-24,79.0,Paid
INV0005274,CUST00734,SUB00734,2024-07-09,2024-07-24,79.0,Pending
INV0005275,CUST00734,SUB00734,2024-08-09,2024-08-24,79.0,Paid
INV0005276,CUST00734,SUB00734,2024-09-09,2024-09-24,79.0,Paid
INV0005277,CUST00734,SUB00734,2024-10-09,2024-10-24,79.0,Paid
INV0005278,CUST00734,SUB00734,2024-11-09,2024-11-24,79.0,Overdue
INV0005279,CUST00734,SUB00734,2024-12-09,2024-12-24,79.0,Pending
INV0005280,CUST00734,SUB00734,2025-01-09,2025-01-24,79.0,Paid
INV0005281,CUST00735,SUB00735,2025-05-01,2025-05-16,199.0,Paid
INV0005282,CUST00735,SUB00735,2025-06-01,2025-06-16,199.0,Paid
INV0005283,CUST00735,SUB00735,2025-07-01,2025-07-16,199.0,Overdue
INV0005284,CUST00735,SUB00735,2025-08-01,2025-08-16,199.0,Paid
INV0005285,CUST00735,SUB00735,2025-09-01,2025-09-16,199.0,Paid
INV0005286,CUST00735,SUB00735,2025-10-01,2025-10-16,199.0,Paid
INV0005287,CUST00735,SUB00735,2025-11-01,2025-11-16,199.0,Paid
INV0005288,CUST00735,SUB00735,2025-12-01,2025-12-16,199.0,Paid
INV0005289,CUST00736,SUB00736,2024-11-14,2024-11-29,295.8,Paid
INV0005290,CUST00737,SUB00737,2024-08-21,2024-09-05,805.8,Paid
INV0005291,CUST00738,SUB00738,2024-10-02,2024-10-17,29.0,Paid
INV0005292,CUST00738,SUB00738,2024-11-02,2024-11-17,29.0,Paid
INV0005293,CUST00738,SUB00738,2024-12-02,2024-12-17,29.0,Paid
INV0005294,CUST00738,SUB00738,2025-01-02,2025-01-17,29.0,Paid
INV0005295,CUST00738,SUB00738,2025-02-02,2025-02-17,29.0,Paid
INV0005296,CUST00738,SUB00738,2025-03-02,2025-03-17,29.0,Paid
INV0005297,CUST00738,SUB00738,2025-04-02,2025-04-17,29.0,Paid
INV0005298,CUST00738,SUB00738,2025-05-02,2025-05-17,29.0,Paid
INV0005299,CUST00738,SUB00738,2025-06-02,2025-06-17,29.0,Paid
INV0005300,CUST00738,SUB00738,2025-07-02,2025-07-17,29.0,Paid
INV0005301,CUST00738,SUB00738,2025-08-02,2025-08-17,29.0,Paid
INV0005302,CUST00738,SUB00738,2025-09-02,2025-09-17,29.0,Paid
INV0005303,CUST00738,SUB00738,2025-10-02,2025-10-17,29.0,Paid
INV0005304,CUST00738,SUB00738,2025-11-02,2025-11-17,29.0,Paid
INV0005305,CUST00738,SUB00738,2025-12-02,2025-12-17,29.0,Paid
INV0005306,CUST00739,SUB00739,2025-03-28,2025-04-12,79.0,Paid
INV0005307,CUST00739,SUB00739,2025-04-28,2025-05-13,79.0,Paid
INV0005308,CUST00739,SUB00739,2025-05-28,2025-06-12,79.0,Paid
INV0005309,CUST00739,SUB00739,2025-06-28,2025-07-13,79.0,Paid
INV0005310,CUST00739,SUB00739,2025-07-28,2025-08-12,79.0,Paid
INV0005311,CUST00739,SUB00739,2025-08-28,2025-09-12,79.0,Paid
INV0005312,CUST00739,SUB00739,2025-09-28,2025-10-13,79.0,Paid
INV0005313,CUST00739,SUB00739,2025-10-28,2025-11-12,79.0,Paid
INV0005314,CUST00739,SUB00739,2025-11-28,2025-12-13,79.0,Paid
INV0005315,CUST00739,SUB00739,2025-12-28,2026-01-12,79.0,Pending
INV0005316,CUST00740,SUB00740,2025-06-12,2025-06-27,79.0,Paid
INV0005317,CUST00740,SUB00740,2025-07-12,2025-07-27,79.0,Paid
INV0005318,CUST00740,SUB00740,2025-08-12,2025-08-27,79.0,Paid
INV0005319,CUST00741,SUB00741,2024-03-08,2024-03-23,29.0,Paid
INV0005320,CUST00741,SUB00741,2024-04-08,2024-04-23,29.0,Paid
INV0005321,CUST00741,SUB00741,2024-05-08,2024-05-23,29.0,Paid
INV0005322,CUST00741,SUB00741,2024-06-08,2024-06-23,29.0,Paid
INV0005323,CUST00741,SUB00741,2024-07-08,2024-07-23,29.0,Paid
INV0005324,CUST00741,SUB00741,2024-08-08,2024-08-23,29.0,Overdue
INV0005325,CUST00742,SUB00742,2024-06-26,2024-07-11,79.0,Paid
INV0005326,CUST00742,SUB00742,2024-07-26,2024-08-10,79.0,Paid
INV0005327,CUST00742,SUB00742,2024-08-26,2024-09-10,79.0,Overdue
INV0005328,CUST00742,SUB00742,2024-09-26,2024-10-11,79.0,Paid
INV0005329,CUST00742,SUB00742,2024-10-26,2024-11-10,79.0,Paid
INV0005330,CUST00742,SUB00742,2024-11-26,2024-12-11,79.0,Paid
INV0005331,CUST00742,SUB00742,2024-12-26,2025-01-10,79.0,Paid
INV0005332,CUST00742,SUB00742,2025-01-26,2025-02-10,79.0,Pending
INV0005333,CUST00742,SUB00742,2025-02-26,2025-03-13,79.0,Paid
INV0005334,CUST00742,SUB00742,2025-03-26,2025-04-10,79.0,Paid
INV0005335,CUST00742,SUB00742,2025-04-26,2025-05-11,79.0,Paid
INV0005336,CUST00742,SUB00742,2025-05-26,2025-06-10,79.0,Paid
INV0005337,CUST00742,SUB00742,2025-06-26,2025-07-11,79.0,Paid
INV0005338,CUST00742,SUB00742,2025-07-26,2025-08-10,79.0,Paid
INV0005339,CUST00742,SUB00742,2025-08-26,2025-09-10,79.0,Paid
INV0005340,CUST00742,SUB00742,2025-09-26,2025-10-11,79.0,Paid
INV0005341,CUST00742,SUB00742,2025-10-26,2025-11-10,79.0,Paid
INV0005342,CUST00742,SUB00742,2025-11-26,2025-12-11,79.0,Paid
INV0005343,CUST00743,SUB00743,2024-09-12,2024-09-27,79.0,Paid
INV0005344,CUST00743,SUB00743,2024-10-12,2024-10-27,79.0,Paid
INV0005345,CUST00743,SUB00743,2024-11-12,2024-11-27,79.0,Overdue
INV0005346,CUST00743,SUB00743,2024-12-12,2024-12-27,79.0,Paid
INV0005347,CUST00743,SUB00743,2025-01-12,2025-01-27,79.0,Paid
INV0005348,CUST00743,SUB00743,2025-02-12,2025-02-27,79.0,Paid
INV0005349,CUST00743,SUB00743,2025-03-12,2025-03-27,79.0,Paid
INV0005350,CUST00743,SUB00743,2025-04-12,2025-04-27,79.0,Paid
INV0005351,CUST00743,SUB00743,2025-05-12,2025-05-27,79.0,Paid
INV0005352,CUST00743,SUB00743,2025-06-12,2025-06-27,79.0,Paid
INV0005353,CUST00743,SUB00743,2025-07-12,2025-07-27,79.0,Overdue
INV0005354,CUST00743,SUB00743,2025-08-12,2025-08-27,79.0,Paid
INV0005355,CUST00743,SUB00743,2025-09-12,2025-09-27,79.0,Paid
INV0005356,CUST00743,SUB00743,2025-10-12,2025-10-27,79.0,Paid
INV0005357,CUST00743,SUB00743,2025-11-12,2025-11-27,79.0,Paid
INV0005358,CUST00743,SUB00743,2025-12-12,2025-12-27,79.0,Paid
INV0005359,CUST00744,SUB00744,2024-10-07,2024-10-22,29.0,Paid
INV0005360,CUST00744,SUB00744,2024-11-07,2024-11-22,29.0,Paid
INV0005361,CUST00744,SUB00744,2024-12-07,2024-12-22,29.0,Overdue
INV0005362,CUST00744,SUB00744,2025-01-07,2025-01-22,29.0,Paid
INV0005363,CUST00744,SUB00744,2025-02-07,2025-02-22,29.0,Paid
INV0005364,CUST00744,SUB00744,2025-03-07,2025-03-22,29.0,Paid
INV0005365,CUST00744,SUB00744,2025-04-07,2025-04-22,29.0,Paid
INV0005366,CUST00744,SUB00744,2025-05-07,2025-05-22,29.0,Paid
INV0005367,CUST00744,SUB00744,2025-06-07,2025-06-22,29.0,Paid
INV0005368,CUST00744,SUB00744,2025-07-07,2025-07-22,29.0,Paid
INV0005369,CUST00744,SUB00744,2025-08-07,2025-08-22,29.0,Paid
INV0005370,CUST00744,SUB00744,2025-09-07,2025-09-22,29.0,Overdue
INV0005371,CUST00744,SUB00744,2025-10-07,2025-10-22,29.0,Paid
INV0005372,CUST00744,SUB00744,2025-11-07,2025-11-22,29.0,Paid
INV0005373,CUST00744,SUB00744,2025-12-07,2025-12-22,29.0,Paid
INV0005374,CUST00745,SUB00745,2025-11-28,2025-12-13,29.0,Paid
INV0005375,CUST00745,SUB00745,2025-12-28,2026-01-12,29.0,Paid
INV0005376,CUST00746,SUB00746,2024-06-30,2024-07-15,29.0,Paid
INV0005377,CUST00746,SUB00746,2024-07-30,2024-08-14,29.0,Paid
INV0005378,CUST00746,SUB00746,2024-08-30,2024-09-14,29.0,Paid
INV0005379,CUST00746,SUB00746,2024-09-30,2024-10-15,29.0,Paid
INV0005380,CUST00746,SUB00746,2024-10-30,2024-11-14,29.0,Paid
INV0005381,CUST00746,SUB00746,2024-11-30,2024-12-15,29.0,Paid
INV0005382,CUST00746,SUB00746,2024-12-30,2025-01-14,29.0,Paid
INV0005383,CUST00746,SUB00746,2025-01-30,2025-02-14,29.0,Paid
INV0005384,CUST00746,SUB00746,2025-02-28,2025-03-15,29.0,Paid
INV0005385,CUST00746,SUB00746,2025-03-28,2025-04-12,29.0,Paid
INV0005386,CUST00746,SUB00746,2025-04-28,2025-05-13,29.0,Paid
INV0005387,CUST00746,SUB00746,2025-05-28,2025-06-12,29.0,Paid
INV0005388,CUST00746,SUB00746,2025-06-28,2025-07-13,29.0,Paid
INV0005389,CUST00746,SUB00746,2025-07-28,2025-08-12,29.0,Paid
INV0005390,CUST00746,SUB00746,2025-08-28,2025-09-12,29.0,Paid
INV0005391,CUST00746,SUB00746,2025-09-28,2025-10-13,29.0,Paid
INV0005392,CUST00746,SUB00746,2025-10-28,2025-11-12,29.0,Paid
INV0005393,CUST00746,SUB00746,2025-11-28,2025-12-13,29.0,Paid
INV0005394,CUST00746,SUB00746,2025-12-28,2026-01-12,29.0,Paid
INV0005395,CUST00747,SUB00747,2024-12-18,2025-01-02,29.0,Paid
INV0005396,CUST00747,SUB00747,2025-01-18,2025-02-02,29.0,Paid
INV0005397,CUST00747,SUB00747,2025-02-18,2025-03-05,29.0,Paid
INV0005398,CUST00747,SUB00747,2025-03-18,2025-04-02,29.0,Paid
INV0005399,CUST00747,SUB00747,2025-04-18,2025-05-03,29.0,Paid
INV0005400,CUST00747,SUB00747,2025-05-18,2025-06-02,29.0,Paid
INV0005401,CUST00748,SUB00748,2024-10-18,2024-11-02,295.8,Paid
INV0005402,CUST00749,SUB00749,2024-08-14,2024-08-29,79.0,Paid
INV0005403,CUST00749,SUB00749,2024-09-14,2024-09-29,79.0,Paid
INV0005404,CUST00749,SUB00749,2024-10-14,2024-10-29,79.0,Paid
INV0005405,CUST00749,SUB00749,2024-11-14,2024-11-29,79.0,Paid
INV0005406,CUST00749,SUB00749,2024-12-14,2024-12-29,79.0,Paid
INV0005407,CUST00749,SUB00749,2025-01-14,2025-01-29,79.0,Paid
INV0005408,CUST00749,SUB00749,2025-02-14,2025-03-01,79.0,Paid
INV0005409,CUST00749,SUB00749,2025-03-14,2025-03-29,79.0,Paid
INV0005410,CUST00749,SUB00749,2025-04-14,2025-04-29,79.0,Paid
INV0005411,CUST00749,SUB00749,2025-05-14,2025-05-29,79.0,Paid
INV0005412,CUST00749,SUB00749,2025-06-14,2025-06-29,79.0,Paid
INV0005413,CUST00749,SUB00749,2025-07-14,2025-07-29,79.0,Paid
INV0005414,CUST00749,SUB00749,2025-08-14,2025-08-29,79.0,Paid
INV0005415,CUST00749,SUB00749,2025-09-14,2025-09-29,79.0,Paid
INV0005416,CUST00749,SUB00749,2025-10-14,2025-10-29,79.0,Overdue
INV0005417,CUST00749,SUB00749,2025-11-14,2025-11-29,79.0,Paid
INV0005418,CUST00749,SUB00749,2025-12-14,2025-12-29,79.0,Paid
INV0005419,CUST00750,SUB00750,2025-06-09,2025-06-24,29.0,Paid
INV0005420,CUST00750,SUB00750,2025-07-09,2025-07-24,29.0,Paid
INV0005421,CUST00750,SUB00750,2025-08-09,2025-08-24,29.0,Paid
INV0005422,CUST00750,SUB00750,2025-09-09,2025-09-24,29.0,Paid
INV0005423,CUST00750,SUB00750,2025-10-09,2025-10-24,29.0,Overdue
INV0005424,CUST00750,SUB00750,2025-11-09,2025-11-24,29.0,Paid
INV0005425,CUST00750,SUB00750,2025-12-09,2025-12-24,29.0,Paid
INV0005426,CUST00751,SUB00751,2025-04-30,2025-05-15,199.0,Paid
INV0005427,CUST00751,SUB00751,2025-05-30,2025-06-14,199.0,Paid
INV0005428,CUST00751,SUB00751,2025-06-30,2025-07-15,199.0,Paid
INV0005429,CUST00751,SUB00751,2025-07-30,2025-08-14,199.0,Paid
INV0005430,CUST00751,SUB00751,2025-08-30,2025-09-14,199.0,Paid
INV0005431,CUST00751,SUB00751,2025-09-30,2025-10-15,199.0,Paid
INV0005432,CUST00751,SUB00751,2025-10-30,2025-11-14,199.0,Paid
INV0005433,CUST00751,SUB00751,2025-11-30,2025-12-15,199.0,Overdue
INV0005434,CUST00751,SUB00751,2025-12-30,2026-01-14,199.0,Paid
INV0005435,CUST00752,SUB00752,2024-08-17,2024-09-01,79.0,Paid
INV0005436,CUST00752,SUB00752,2024-09-17,2024-10-02,79.0,Paid
INV0005437,CUST00752,SUB00752,2024-10-17,2024-11-01,79.0,Paid
INV0005438,CUST00752,SUB00752,2024-11-17,2024-12-02,79.0,Paid
INV0005439,CUST00752,SUB00752,2024-12-17,2025-01-01,79.0,Paid
INV0005440,CUST00752,SUB00752,2025-01-17,2025-02-01,79.0,Paid
INV0005441,CUST00752,SUB00752,2025-02-17,2025-03-04,79.0,Paid
INV0005442,CUST00752,SUB00752,2025-03-17,2025-04-01,79.0,Paid
INV0005443,CUST00752,SUB00752,2025-04-17,2025-05-02,79.0,Paid
INV0005444,CUST00752,SUB00752,2025-05-17,2025-06-01,79.0,Paid
INV0005445,CUST00752,SUB00752,2025-06-17,2025-07-02,79.0,Paid
INV0005446,CUST00752,SUB00752,2025-07-17,2025-08-01,79.0,Paid
INV0005447,CUST00753,SUB00753,2025-03-09,2025-03-24,79.0,Paid
INV0005448,CUST00753,SUB00753,2025-04-09,2025-04-24,79.0,Paid
INV0005449,CUST00753,SUB00753,2025-05-09,2025-05-24,79.0,Paid
INV0005450,CUST00754,SUB00754,2024-08-11,2024-08-26,805.8,Paid
INV0005451,CUST00755,SUB00755,2025-08-21,2025-09-05,29.0,Paid
INV0005452,CUST00755,SUB00755,2025-09-21,2025-10-06,29.0,Overdue
INV0005453,CUST00755,SUB00755,2025-10-21,2025-11-05,29.0,Paid
INV0005454,CUST00755,SUB00755,2025-11-21,2025-12-06,29.0,Paid
INV0005455,CUST00755,SUB00755,2025-12-21,2026-01-05,29.0,Paid
INV0005456,CUST00756,SUB00756,2025-07-28,2025-08-12,79.0,Paid
INV0005457,CUST00756,SUB00756,2025-08-28,2025-09-12,79.0,Paid
INV0005458,CUST00756,SUB00756,2025-09-28,2025-10-13,79.0,Paid
INV0005459,CUST00756,SUB00756,2025-10-28,2025-11-12,79.0,Paid
INV0005460,CUST00756,SUB00756,2025-11-28,2025-12-13,79.0,Paid
INV0005461,CUST00756,SUB00756,2025-12-28,2026-01-12,79.0,Paid
INV0005462,CUST00757,SUB00757,2025-05-08,2025-05-23,295.8,Overdue
INV0005463,CUST00758,SUB00758,2024-09-24,2024-10-09,295.8,Paid
INV0005464,CUST00759,SUB00759,2025-06-13,2025-06-28,29.0,Paid
INV0005465,CUST00759,SUB00759,2025-07-13,2025-07-28,29.0,Paid
INV0005466,CUST00759,SUB00759,2025-08-13,2025-08-28,29.0,Paid
INV0005467,CUST00759,SUB00759,2025-09-13,2025-09-28,29.0,Paid
INV0005468,CUST00759,SUB00759,2025-10-13,2025-10-28,29.0,Paid
INV0005469,CUST00759,SUB00759,2025-11-13,2025-11-28,29.0,Paid
INV0005470,CUST00759,SUB00759,2025-12-13,2025-12-28,29.0,Overdue
INV0005471,CUST00760,SUB00760,2025-11-07,2025-11-22,79.0,Paid
INV0005472,CUST00760,SUB00760,2025-12-07,2025-12-22,79.0,Pending
INV0005473,CUST00761,SUB00761,2024-10-29,2024-11-13,79.0,Paid
INV0005474,CUST00761,SUB00761,2024-11-29,2024-12-14,79.0,Paid
INV0005475,CUST00761,SUB00761,2024-12-29,2025-01-13,79.0,Paid
INV0005476,CUST00761,SUB00761,2025-01-29,2025-02-13,79.0,Paid
INV0005477,CUST00761,SUB00761,2025-02-28,2025-03-15,79.0,Paid
INV0005478,CUST00761,SUB00761,2025-03-28,2025-04-12,79.0,Paid
INV0005479,CUST00761,SUB00761,2025-04-28,2025-05-13,79.0,Paid
INV0005480,CUST00761,SUB00761,2025-05-28,2025-06-12,79.0,Paid
INV0005481,CUST00761,SUB00761,2025-06-28,2025-07-13,79.0,Paid
INV0005482,CUST00761,SUB00761,2025-07-28,2025-08-12,79.0,Paid
INV0005483,CUST00761,SUB00761,2025-08-28,2025-09-12,79.0,Paid
INV0005484,CUST00761,SUB00761,2025-09-28,2025-10-13,79.0,Paid
INV0005485,CUST00761,SUB00761,2025-10-28,2025-11-12,79.0,Paid
INV0005486,CUST00761,SUB00761,2025-11-28,2025-12-13,79.0,Paid
INV0005487,CUST00761,SUB00761,2025-12-28,2026-01-12,79.0,Paid
INV0005488,CUST00762,SUB00762,2025-08-20,2025-09-04,29.0,Paid
INV0005489,CUST00762,SUB00762,2025-09-20,2025-10-05,29.0,Paid
INV0005490,CUST00762,SUB00762,2025-10-20,2025-11-04,29.0,Paid
INV0005491,CUST00762,SUB00762,2025-11-20,2025-12-05,29.0,Paid
INV0005492,CUST00762,SUB00762,2025-12-20,2026-01-04,29.0,Paid
INV0005493,CUST00763,SUB00763,2025-12-31,2026-01-15,79.0,Paid
INV0005494,CUST00764,SUB00764,2025-11-18,2025-12-03,79.0,Paid
INV0005495,CUST00764,SUB00764,2025-12-18,2026-01-02,79.0,Paid
INV0005496,CUST00765,SUB00765,2024-10-27,2024-11-11,29.0,Paid
INV0005497,CUST00765,SUB00765,2024-11-27,2024-12-12,29.0,Paid
INV0005498,CUST00765,SUB00765,2024-12-27,2025-01-11,29.0,Paid
INV0005499,CUST00765,SUB00765,2025-01-27,2025-02-11,29.0,Paid
INV0005500,CUST00765,SUB00765,2025-02-27,2025-03-14,29.0,Paid
INV0005501,CUST00765,SUB00765,2025-03-27,2025-04-11,29.0,Paid
INV0005502,CUST00765,SUB00765,2025-04-27,2025-05-12,29.0,Paid
INV0005503,CUST00765,SUB00765,2025-05-27,2025-06-11,29.0,Paid
INV0005504,CUST00765,SUB00765,2025-06-27,2025-07-12,29.0,Paid
INV0005505,CUST00765,SUB00765,2025-07-27,2025-08-11,29.0,Paid
INV0005506,CUST00765,SUB00765,2025-08-27,2025-09-11,29.0,Paid
INV0005507,CUST00765,SUB00765,2025-09-27,2025-10-12,29.0,Paid
INV0005508,CUST00765,SUB00765,2025-10-27,2025-11-11,29.0,Paid
INV0005509,CUST00765,SUB00765,2025-11-27,2025-12-12,29.0,Paid
INV0005510,CUST00765,SUB00765,2025-12-27,2026-01-11,29.0,Paid
INV0005511,CUST00766,SUB00766,2025-11-27,2025-12-12,295.8,Paid
INV0005512,CUST00767,SUB00767,2024-08-16,2024-08-31,79.0,Paid
INV0005513,CUST00767,SUB00767,2024-09-16,2024-10-01,79.0,Paid
INV0005514,CUST00767,SUB00767,2024-10-16,2024-10-31,79.0,Paid
INV0005515,CUST00767,SUB00767,2024-11-16,2024-12-01,79.0,Paid
INV0005516,CUST00767,SUB00767,2024-12-16,2024-12-31,79.0,Pending
INV0005517,CUST00767,SUB00767,2025-01-16,2025-01-31,199.0,Paid
INV0005518,CUST00767,SUB00767,2025-02-16,2025-03-03,199.0,Paid
INV0005519,CUST00767,SUB00767,2025-03-16,2025-03-31,199.0,Paid
INV0005520,CUST00767,SUB00767,2025-04-16,2025-05-01,199.0,Paid
INV0005521,CUST00767,SUB00767,2025-05-16,2025-05-31,199.0,Paid
INV0005522,CUST00767,SUB00767,2025-06-16,2025-07-01,199.0,Overdue
INV0005523,CUST00767,SUB00767,2025-07-16,2025-07-31,199.0,Paid
INV0005524,CUST00768,SUB00768,2025-01-15,2025-01-30,29.0,Paid
INV0005525,CUST00768,SUB00768,2025-02-15,2025-03-02,29.0,Paid
INV0005526,CUST00768,SUB00768,2025-03-15,2025-03-30,29.0,Paid
INV0005527,CUST00768,SUB00768,2025-04-15,2025-04-30,29.0,Paid
INV0005528,CUST00768,SUB00768,2025-05-15,2025-05-30,29.0,Paid
INV0005529,CUST00768,SUB00768,2025-06-15,2025-06-30,29.0,Paid
INV0005530,CUST00768,SUB00768,2025-07-15,2025-07-30,29.0,Paid
INV0005531,CUST00768,SUB00768,2025-08-15,2025-08-30,29.0,Pending
INV0005532,CUST00768,SUB00768,2025-09-15,2025-09-30,29.0,Paid
INV0005533,CUST00768,SUB00768,2025-10-15,2025-10-30,29.0,Paid
INV0005534,CUST00768,SUB00768,2025-11-15,2025-11-30,29.0,Paid
INV0005535,CUST00768,SUB00768,2025-12-15,2025-12-30,29.0,Paid
INV0005536,CUST00769,SUB00769,2025-04-26,2025-05-11,295.8,Paid
INV0005537,CUST00770,SUB00770,2025-04-28,2025-05-13,79.0,Paid
INV0005538,CUST00770,SUB00770,2025-05-28,2025-06-12,79.0,Paid
INV0005539,CUST00770,SUB00770,2025-06-28,2025-07-13,79.0,Paid
INV0005540,CUST00770,SUB00770,2025-07-28,2025-08-12,79.0,Paid
INV0005541,CUST00770,SUB00770,2025-08-28,2025-09-12,79.0,Paid
INV0005542,CUST00770,SUB00770,2025-09-28,2025-10-13,79.0,Paid
INV0005543,CUST00770,SUB00770,2025-10-28,2025-11-12,79.0,Paid
INV0005544,CUST00770,SUB00770,2025-11-28,2025-12-13,79.0,Paid
INV0005545,CUST00770,SUB00770,2025-12-28,2026-01-12,79.0,Paid
INV0005546,CUST00771,SUB00771,2025-06-26,2025-07-11,29.0,Paid
INV0005547,CUST00771,SUB00771,2025-07-26,2025-08-10,29.0,Pending
INV0005548,CUST00771,SUB00771,2025-08-26,2025-09-10,29.0,Paid
INV0005549,CUST00771,SUB00771,2025-09-26,2025-10-11,29.0,Paid
INV0005550,CUST00771,SUB00771,2025-10-26,2025-11-10,29.0,Paid
INV0005551,CUST00771,SUB00771,2025-11-26,2025-12-11,29.0,Paid
INV0005552,CUST00771,SUB00771,2025-12-26,2026-01-10,29.0,Paid
INV0005553,CUST00772,SUB00772,2024-05-20,2024-06-04,2029.8,Paid
INV0005554,CUST00773,SUB00773,2024-05-26,2024-06-10,29.0,Paid
INV0005555,CUST00773,SUB00773,2024-06-26,2024-07-11,29.0,Paid
INV0005556,CUST00773,SUB00773,2024-07-26,2024-08-10,29.0,Paid
INV0005557,CUST00773,SUB00773,2024-08-26,2024-09-10,29.0,Paid
INV0005558,CUST00773,SUB00773,2024-09-26,2024-10-11,29.0,Paid
INV0005559,CUST00773,SUB00773,2024-10-26,2024-11-10,29.0,Paid
INV0005560,CUST00773,SUB00773,2024-11-26,2024-12-11,29.0,Paid
INV0005561,CUST00773,SUB00773,2024-12-26,2025-01-10,29.0,Paid
INV0005562,CUST00773,SUB00773,2025-01-26,2025-02-10,29.0,Paid
INV0005563,CUST00773,SUB00773,2025-02-26,2025-03-13,29.0,Paid
INV0005564,CUST00773,SUB00773,2025-03-26,2025-04-10,29.0,Paid
INV0005565,CUST00773,SUB00773,2025-04-26,2025-05-11,29.0,Paid
INV0005566,CUST00773,SUB00773,2025-05-26,2025-06-10,29.0,Paid
INV0005567,CUST00773,SUB00773,2025-06-26,2025-07-11,29.0,Paid
INV0005568,CUST00773,SUB00773,2025-07-26,2025-08-10,29.0,Paid
INV0005569,CUST00773,SUB00773,2025-08-26,2025-09-10,29.0,Paid
INV0005570,CUST00773,SUB00773,2025-09-26,2025-10-11,29.0,Paid
INV0005571,CUST00773,SUB00773,2025-10-26,2025-11-10,29.0,Paid
INV0005572,CUST00774,SUB00774,2025-05-14,2025-05-29,805.8,Paid
INV0005573,CUST00775,SUB00775,2024-01-05,2024-01-20,29.0,Paid
INV0005574,CUST00775,SUB00775,2024-02-05,2024-02-20,29.0,Paid
INV0005575,CUST00775,SUB00775,2024-03-05,2024-03-20,29.0,Paid
INV0005576,CUST00776,SUB00776,2025-08-13,2025-08-28,199.0,Paid
INV0005577,CUST00776,SUB00776,2025-09-13,2025-09-28,199.0,Paid
INV0005578,CUST00776,SUB00776,2025-10-13,2025-10-28,199.0,Paid
INV0005579,CUST00776,SUB00776,2025-11-13,2025-11-28,199.0,Paid
INV0005580,CUST00776,SUB00776,2025-12-13,2025-12-28,199.0,Paid
INV0005581,CUST00777,SUB00777,2024-05-12,2024-05-27,79.0,Overdue
INV0005582,CUST00777,SUB00777,2024-06-12,2024-06-27,79.0,Overdue
INV0005583,CUST00777,SUB00777,2024-07-12,2024-07-27,79.0,Paid
INV0005584,CUST00777,SUB00777,2024-08-12,2024-08-27,79.0,Paid
INV0005585,CUST00777,SUB00777,2024-09-12,2024-09-27,79.0,Paid
INV0005586,CUST00777,SUB00777,2024-10-12,2024-10-27,79.0,Paid
INV0005587,CUST00778,SUB00778,2025-05-03,2025-05-18,29.0,Paid
INV0005588,CUST00778,SUB00778,2025-06-03,2025-06-18,29.0,Overdue
INV0005589,CUST00778,SUB00778,2025-07-03,2025-07-18,29.0,Paid
INV0005590,CUST00778,SUB00778,2025-08-03,2025-08-18,29.0,Paid
INV0005591,CUST00778,SUB00778,2025-09-03,2025-09-18,29.0,Paid
INV0005592,CUST00778,SUB00778,2025-10-03,2025-10-18,29.0,Overdue
INV0005593,CUST00778,SUB00778,2025-11-03,2025-11-18,29.0,Paid
INV0005594,CUST00778,SUB00778,2025-12-03,2025-12-18,29.0,Overdue
INV0005595,CUST00779,SUB00779,2024-01-15,2024-01-30,29.0,Paid
INV0005596,CUST00779,SUB00779,2024-02-15,2024-03-01,29.0,Overdue
INV0005597,CUST00779,SUB00779,2024-03-15,2024-03-30,29.0,Paid
INV0005598,CUST00779,SUB00779,2024-04-15,2024-04-30,29.0,Paid
INV0005599,CUST00779,SUB00779,2024-05-15,2024-05-30,29.0,Paid
INV0005600,CUST00779,SUB00779,2024-06-15,2024-06-30,29.0,Pending
INV0005601,CUST00779,SUB00779,2024-07-15,2024-07-30,29.0,Paid
INV0005602,CUST00779,SUB00779,2024-08-15,2024-08-30,29.0,Overdue
INV0005603,CUST00779,SUB00779,2024-09-15,2024-09-30,29.0,Overdue
INV0005604,CUST00779,SUB00779,2024-10-15,2024-10-30,29.0,Paid
INV0005605,CUST00779,SUB00779,2024-11-15,2024-11-30,29.0,Overdue
INV0005606,CUST00779,SUB00779,2024-12-15,2024-12-30,29.0,Pending
INV0005607,CUST00779,SUB00779,2025-01-15,2025-01-30,29.0,Paid
INV0005608,CUST00779,SUB00779,2025-02-15,2025-03-02,29.0,Paid
INV0005609,CUST00779,SUB00779,2025-03-15,2025-03-30,29.0,Paid
INV0005610,CUST00779,SUB00779,2025-04-15,2025-04-30,29.0,Paid
INV0005611,CUST00779,SUB00779,2025-05-15,2025-05-30,29.0,Overdue
INV0005612,CUST00779,SUB00779,2025-06-15,2025-06-30,29.0,Paid
INV0005613,CUST00779,SUB00779,2025-07-15,2025-07-30,29.0,Paid
INV0005614,CUST00779,SUB00779,2025-08-15,2025-08-30,29.0,Paid
INV0005615,CUST00779,SUB00779,2025-09-15,2025-09-30,29.0,Paid
INV0005616,CUST00779,SUB00779,2025-10-15,2025-10-30,29.0,Paid
INV0005617,CUST00779,SUB00779,2025-11-15,2025-11-30,29.0,Paid
INV0005618,CUST00779,SUB00779,2025-12-15,2025-12-30,29.0,Paid
INV0005619,CUST00780,SUB00780,2024-01-19,2024-02-03,79.0,Overdue
INV0005620,CUST00780,SUB00780,2024-02-19,2024-03-05,79.0,Paid
INV0005621,CUST00780,SUB00780,2024-03-19,2024-04-03,79.0,Paid
INV0005622,CUST00780,SUB00780,2024-04-19,2024-05-04,79.0,Paid
INV0005623,CUST00780,SUB00780,2024-05-19,2024-06-03,79.0,Paid
INV0005624,CUST00780,SUB00780,2024-06-19,2024-07-04,79.0,Paid
INV0005625,CUST00780,SUB00780,2024-07-19,2024-08-03,79.0,Paid
INV0005626,CUST00780,SUB00780,2024-08-19,2024-09-03,79.0,Paid
INV0005627,CUST00780,SUB00780,2024-09-19,2024-10-04,79.0,Paid
INV0005628,CUST00780,SUB00780,2024-10-19,2024-11-03,79.0,Paid
INV0005629,CUST00780,SUB00780,2024-11-19,2024-12-04,79.0,Paid
INV0005630,CUST00780,SUB00780,2024-12-19,2025-01-03,79.0,Paid
INV0005631,CUST00780,SUB00780,2025-01-19,2025-02-03,79.0,Paid
INV0005632,CUST00780,SUB00780,2025-02-19,2025-03-06,79.0,Paid
INV0005633,CUST00780,SUB00780,2025-03-19,2025-04-03,79.0,Paid
INV0005634,CUST00780,SUB00780,2025-04-19,2025-05-04,79.0,Paid
INV0005635,CUST00780,SUB00780,2025-05-19,2025-06-03,79.0,Paid
INV0005636,CUST00780,SUB00780,2025-06-19,2025-07-04,79.0,Paid
INV0005637,CUST00781,SUB00781,2025-12-11,2025-12-26,79.0,Paid
INV0005638,CUST00782,SUB00782,2025-05-30,2025-06-14,805.8,Paid
INV0005639,CUST00783,SUB00783,2024-11-01,2024-11-16,29.0,Paid
INV0005640,CUST00783,SUB00783,2024-12-01,2024-12-16,29.0,Paid
INV0005641,CUST00783,SUB00783,2025-01-01,2025-01-16,29.0,Paid
INV0005642,CUST00783,SUB00783,2025-02-01,2025-02-16,29.0,Paid
INV0005643,CUST00783,SUB00783,2025-03-01,2025-03-16,29.0,Paid
INV0005644,CUST00783,SUB00783,2025-04-01,2025-04-16,29.0,Paid
INV0005645,CUST00783,SUB00783,2025-05-01,2025-05-16,29.0,Paid
INV0005646,CUST00783,SUB00783,2025-06-01,2025-06-16,29.0,Paid
INV0005647,CUST00783,SUB00783,2025-07-01,2025-07-16,29.0,Paid
INV0005648,CUST00783,SUB00783,2025-08-01,2025-08-16,29.0,Paid
INV0005649,CUST00783,SUB00783,2025-09-01,2025-09-16,29.0,Paid
INV0005650,CUST00783,SUB00783,2025-10-01,2025-10-16,29.0,Paid
INV0005651,CUST00783,SUB00783,2025-11-01,2025-11-16,29.0,Paid
INV0005652,CUST00783,SUB00783,2025-12-01,2025-12-16,29.0,Paid
INV0005653,CUST00784,SUB00784,2025-03-20,2025-04-04,199.0,Paid
INV0005654,CUST00784,SUB00784,2025-04-20,2025-05-05,199.0,Paid
INV0005655,CUST00784,SUB00784,2025-05-20,2025-06-04,199.0,Overdue
INV0005656,CUST00784,SUB00784,2025-06-20,2025-07-05,199.0,Paid
INV0005657,CUST00784,SUB00784,2025-07-20,2025-08-04,199.0,Paid
INV0005658,CUST00784,SUB00784,2025-08-20,2025-09-04,199.0,Paid
INV0005659,CUST00784,SUB00784,2025-09-20,2025-10-05,199.0,Paid
INV0005660,CUST00784,SUB00784,2025-10-20,2025-11-04,199.0,Paid
INV0005661,CUST00784,SUB00784,2025-11-20,2025-12-05,199.0,Paid
INV0005662,CUST00784,SUB00784,2025-12-20,2026-01-04,199.0,Paid
INV0005663,CUST00785,SUB00785,2025-01-02,2025-01-17,29.0,Overdue
INV0005664,CUST00785,SUB00785,2025-02-02,2025-02-17,29.0,Paid
INV0005665,CUST00785,SUB00785,2025-03-02,2025-03-17,29.0,Paid
INV0005666,CUST00785,SUB00785,2025-04-02,2025-04-17,29.0,Paid
INV0005667,CUST00785,SUB00785,2025-05-02,2025-05-17,29.0,Paid
INV0005668,CUST00785,SUB00785,2025-06-02,2025-06-17,29.0,Paid
INV0005669,CUST00785,SUB00785,2025-07-02,2025-07-17,29.0,Paid
INV0005670,CUST00785,SUB00785,2025-08-02,2025-08-17,29.0,Paid
INV0005671,CUST00785,SUB00785,2025-09-02,2025-09-17,29.0,Paid
INV0005672,CUST00785,SUB00785,2025-10-02,2025-10-17,29.0,Paid
INV0005673,CUST00785,SUB00785,2025-11-02,2025-11-17,29.0,Paid
INV0005674,CUST00785,SUB00785,2025-12-02,2025-12-17,29.0,Paid
INV0005675,CUST00786,SUB00786,2024-01-20,2024-02-04,805.8,Overdue
INV0005676,CUST00787,SUB00787,2024-01-23,2024-02-07,199.0,Paid
INV0005677,CUST00787,SUB00787,2024-02-23,2024-03-09,199.0,Paid
INV0005678,CUST00787,SUB00787,2024-03-23,2024-04-07,199.0,Paid
INV0005679,CUST00787,SUB00787,2024-04-23,2024-05-08,199.0,Paid
INV0005680,CUST00787,SUB00787,2024-05-23,2024-06-07,199.0,Paid
INV0005681,CUST00787,SUB00787,2024-06-23,2024-07-08,199.0,Paid
INV0005682,CUST00788,SUB00788,2025-01-19,2025-02-03,295.8,Paid
INV0005683,CUST00789,SUB00789,2025-08-31,2025-09-15,295.8,Paid
INV0005684,CUST00790,SUB00790,2024-02-19,2024-03-05,29.0,Paid
INV0005685,CUST00790,SUB00790,2024-03-19,2024-04-03,29.0,Pending
INV0005686,CUST00790,SUB00790,2024-04-19,2024-05-04,29.0,Paid
INV0005687,CUST00790,SUB00790,2024-05-19,2024-06-03,29.0,Paid
INV0005688,CUST00790,SUB00790,2024-06-19,2024-07-04,29.0,Paid
INV0005689,CUST00790,SUB00790,2024-07-19,2024-08-03,29.0,Paid
INV0005690,CUST00790,SUB00790,2024-08-19,2024-09-03,29.0,Paid
INV0005691,CUST00790,SUB00790,2024-09-19,2024-10-04,29.0,Paid
INV0005692,CUST00790,SUB00790,2024-10-19,2024-11-03,29.0,Overdue
INV0005693,CUST00790,SUB00790,2024-11-19,2024-12-04,29.0,Paid
INV0005694,CUST00790,SUB00790,2024-12-19,2025-01-03,29.0,Paid
INV0005695,CUST00790,SUB00790,2025-01-19,2025-02-03,29.0,Paid
INV0005696,CUST00790,SUB00790,2025-02-19,2025-03-06,29.0,Pending
INV0005697,CUST00790,SUB00790,2025-03-19,2025-04-03,29.0,Pending
INV0005698,CUST00790,SUB00790,2025-04-19,2025-05-04,29.0,Overdue
INV0005699,CUST00790,SUB00790,2025-05-19,2025-06-03,29.0,Overdue
INV0005700,CUST00790,SUB00790,2025-06-19,2025-07-04,29.0,Paid
INV0005701,CUST00790,SUB00790,2025-07-19,2025-08-03,29.0,Paid
INV0005702,CUST00791,SUB00791,2025-07-14,2025-07-29,29.0,Paid
INV0005703,CUST00791,SUB00791,2025-08-14,2025-08-29,29.0,Paid
INV0005704,CUST00791,SUB00791,2025-09-14,2025-09-29,29.0,Paid
INV0005705,CUST00791,SUB00791,2025-10-14,2025-10-29,29.0,Paid
INV0005706,CUST00791,SUB00791,2025-11-14,2025-11-29,29.0,Paid
INV0005707,CUST00791,SUB00791,2025-12-14,2025-12-29,29.0,Paid
INV0005708,CUST00792,SUB00792,2024-11-04,2024-11-19,29.0,Pending
INV0005709,CUST00792,SUB00792,2024-12-04,2024-12-19,29.0,Paid
INV0005710,CUST00792,SUB00792,2025-01-04,2025-01-19,29.0,Paid
INV0005711,CUST00792,SUB00792,2025-02-04,2025-02-19,29.0,Paid
INV0005712,CUST00792,SUB00792,2025-03-04,2025-03-19,29.0,Paid
INV0005713,CUST00792,SUB00792,2025-04-04,2025-04-19,29.0,Paid
INV0005714,CUST00792,SUB00792,2025-05-04,2025-05-19,29.0,Paid
INV0005715,CUST00792,SUB00792,2025-06-04,2025-06-19,29.0,Paid
INV0005716,CUST00792,SUB00792,2025-07-04,2025-07-19,29.0,Paid
INV0005717,CUST00792,SUB00792,2025-08-04,2025-08-19,29.0,Paid
INV0005718,CUST00792,SUB00792,2025-09-04,2025-09-19,29.0,Paid
INV0005719,CUST00792,SUB00792,2025-10-04,2025-10-19,29.0,Paid
INV0005720,CUST00793,SUB00793,2025-09-29,2025-10-14,79.0,Paid
INV0005721,CUST00793,SUB00793,2025-10-29,2025-11-13,79.0,Paid
INV0005722,CUST00793,SUB00793,2025-11-29,2025-12-14,79.0,Paid
INV0005723,CUST00793,SUB00793,2025-12-29,2026-01-13,79.0,Paid
INV0005724,CUST00794,SUB00794,2025-06-07,2025-06-22,29.0,Paid
INV0005725,CUST00794,SUB00794,2025-07-07,2025-07-22,29.0,Paid
INV0005726,CUST00794,SUB00794,2025-08-07,2025-08-22,29.0,Paid
INV0005727,CUST00794,SUB00794,2025-09-07,2025-09-22,29.0,Overdue
INV0005728,CUST00794,SUB00794,2025-10-07,2025-10-22,29.0,Paid
INV0005729,CUST00794,SUB00794,2025-11-07,2025-11-22,29.0,Paid
INV0005730,CUST00794,SUB00794,2025-12-07,2025-12-22,29.0,Paid
INV0005731,CUST00795,SUB00795,2025-05-24,2025-06-08,29.0,Paid
INV0005732,CUST00795,SUB00795,2025-06-24,2025-07-09,29.0,Paid
INV0005733,CUST00795,SUB00795,2025-07-24,2025-08-08,29.0,Paid
INV0005734,CUST00795,SUB00795,2025-08-24,2025-09-08,29.0,Paid
INV0005735,CUST00795,SUB00795,2025-09-24,2025-10-09,29.0,Paid
INV0005736,CUST00795,SUB00795,2025-10-24,2025-11-08,29.0,Paid
INV0005737,CUST00795,SUB00795,2025-11-24,2025-12-09,29.0,Paid
INV0005738,CUST00795,SUB00795,2025-12-24,2026-01-08,29.0,Paid
INV0005739,CUST00796,SUB00796,2025-01-01,2025-01-16,295.8,Paid
INV0005740,CUST00797,SUB00797,2024-07-31,2024-08-15,805.8,Paid
INV0005741,CUST00797,SUB00797,2025-07-31,2025-08-15,805.8,Overdue
INV0005742,CUST00798,SUB00798,2024-01-14,2024-01-29,29.0,Paid
INV0005743,CUST00798,SUB00798,2024-02-14,2024-02-29,29.0,Overdue
INV0005744,CUST00798,SUB00798,2024-03-14,2024-03-29,29.0,Pending
INV0005745,CUST00798,SUB00798,2024-04-14,2024-04-29,29.0,Paid
INV0005746,CUST00798,SUB00798,2024-05-14,2024-05-29,29.0,Pending
INV0005747,CUST00798,SUB00798,2024-06-14,2024-06-29,29.0,Paid
INV0005748,CUST00798,SUB00798,2024-07-14,2024-07-29,29.0,Paid
INV0005749,CUST00798,SUB00798,2024-08-14,2024-08-29,29.0,Paid
INV0005750,CUST00798,SUB00798,2024-09-14,2024-09-29,29.0,Paid
INV0005751,CUST00798,SUB00798,2024-10-14,2024-10-29,29.0,Overdue
INV0005752,CUST00798,SUB00798,2024-11-14,2024-11-29,29.0,Paid
INV0005753,CUST00798,SUB00798,2024-12-14,2024-12-29,29.0,Paid
INV0005754,CUST00799,SUB00799,2024-06-01,2024-06-16,79.0,Paid
INV0005755,CUST00799,SUB00799,2024-07-01,2024-07-16,79.0,Paid
INV0005756,CUST00799,SUB00799,2024-08-01,2024-08-16,79.0,Paid
INV0005757,CUST00799,SUB00799,2024-09-01,2024-09-16,79.0,Pending
INV0005758,CUST00799,SUB00799,2024-10-01,2024-10-16,79.0,Paid
INV0005759,CUST00799,SUB00799,2024-11-01,2024-11-16,79.0,Paid
INV0005760,CUST00799,SUB00799,2024-12-01,2024-12-16,79.0,Paid
INV0005761,CUST00799,SUB00799,2025-01-01,2025-01-16,79.0,Paid
INV0005762,CUST00799,SUB00799,2025-02-01,2025-02-16,79.0,Paid
INV0005763,CUST00799,SUB00799,2025-03-01,2025-03-16,79.0,Paid
INV0005764,CUST00799,SUB00799,2025-04-01,2025-04-16,79.0,Paid
INV0005765,CUST00799,SUB00799,2025-05-01,2025-05-16,79.0,Paid
INV0005766,CUST00800,SUB00800,2024-09-19,2024-10-04,199.0,Paid
INV0005767,CUST00800,SUB00800,2024-10-19,2024-11-03,199.0,Paid
INV0005768,CUST00800,SUB00800,2024-11-19,2024-12-04,199.0,Paid
INV0005769,CUST00800,SUB00800,2024-12-19,2025-01-03,199.0,Paid
INV0005770,CUST00800,SUB00800,2025-01-19,2025-02-03,199.0,Paid
INV0005771,CUST00800,SUB00800,2025-02-19,2025-03-06,199.0,Paid
INV0005772,CUST00800,SUB00800,2025-03-19,2025-04-03,199.0,Overdue
INV0005773,CUST00800,SUB00800,2025-04-19,2025-05-04,199.0,Paid
INV0005774,CUST00800,SUB00800,2025-05-19,2025-06-03,199.0,Paid
INV0005775,CUST00800,SUB00800,2025-06-19,2025-07-04,199.0,Paid
INV0005776,CUST00800,SUB00800,2025-07-19,2025-08-03,199.0,Paid
INV0005777,CUST00800,SUB00800,2025-08-19,2025-09-03,199.0,Paid
INV0005778,CUST00800,SUB00800,2025-09-19,2025-10-04,199.0,Overdue
INV0005779,CUST00800,SUB00800,2025-10-19,2025-11-03,199.0,Pending
INV0005780,CUST00800,SUB00800,2025-11-19,2025-12-04,199.0,Paid
INV0005781,CUST00800,SUB00800,2025-12-19,2026-01-03,199.0,Paid
INV0005782,CUST00801,SUB00801,2024-09-27,2024-10-12,2029.8,Paid
INV0005783,CUST00802,SUB00802,2024-10-24,2024-11-08,805.8,Paid
INV0005784,CUST00803,SUB00803,2024-04-07,2024-04-22,29.0,Overdue
INV0005785,CUST00803,SUB00803,2024-05-07,2024-05-22,29.0,Paid
INV0005786,CUST00803,SUB00803,2024-06-07,2024-06-22,29.0,Paid
INV0005787,CUST00803,SUB00803,2024-07-07,2024-07-22,29.0,Paid
INV0005788,CUST00803,SUB00803,2024-08-07,2024-08-22,29.0,Paid
INV0005789,CUST00803,SUB00803,2024-09-07,2024-09-22,29.0,Paid
INV0005790,CUST00803,SUB00803,2024-10-07,2024-10-22,29.0,Paid
INV0005791,CUST00803,SUB00803,2024-11-07,2024-11-22,29.0,Paid
INV0005792,CUST00803,SUB00803,2024-12-07,2024-12-22,29.0,Paid
INV0005793,CUST00803,SUB00803,2025-01-07,2025-01-22,29.0,Paid
INV0005794,CUST00803,SUB00803,2025-02-07,2025-02-22,29.0,Paid
INV0005795,CUST00803,SUB00803,2025-03-07,2025-03-22,29.0,Paid
INV0005796,CUST00803,SUB00803,2025-04-07,2025-04-22,29.0,Paid
INV0005797,CUST00803,SUB00803,2025-05-07,2025-05-22,29.0,Paid
INV0005798,CUST00803,SUB00803,2025-06-07,2025-06-22,29.0,Paid
INV0005799,CUST00803,SUB00803,2025-07-07,2025-07-22,29.0,Paid
INV0005800,CUST00803,SUB00803,2025-08-07,2025-08-22,29.0,Paid
INV0005801,CUST00803,SUB00803,2025-09-07,2025-09-22,29.0,Paid
INV0005802,CUST00804,SUB00804,2025-11-10,2025-11-25,29.0,Paid
INV0005803,CUST00804,SUB00804,2025-12-10,2025-12-25,29.0,Paid
INV0005804,CUST00805,SUB00805,2025-09-28,2025-10-13,295.8,Paid
INV0005805,CUST00806,SUB00806,2024-07-06,2024-07-21,805.8,Paid
INV0005806,CUST00807,SUB00807,2025-01-29,2025-02-13,199.0,Paid
INV0005807,CUST00807,SUB00807,2025-02-28,2025-03-15,199.0,Paid
INV0005808,CUST00807,SUB00807,2025-03-28,2025-04-12,199.0,Paid
INV0005809,CUST00807,SUB00807,2025-04-28,2025-05-13,199.0,Paid
INV0005810,CUST00807,SUB00807,2025-05-28,2025-06-12,199.0,Paid
INV0005811,CUST00807,SUB00807,2025-06-28,2025-07-13,199.0,Overdue
INV0005812,CUST00807,SUB00807,2025-07-28,2025-08-12,199.0,Paid
INV0005813,CUST00807,SUB00807,2025-08-28,2025-09-12,199.0,Paid
INV0005814,CUST00807,SUB00807,2025-09-28,2025-10-13,199.0,Paid
INV0005815,CUST00807,SUB00807,2025-10-28,2025-11-12,199.0,Paid
INV0005816,CUST00807,SUB00807,2025-11-28,2025-12-13,199.0,Paid
INV0005817,CUST00807,SUB00807,2025-12-28,2026-01-12,199.0,Paid
INV0005818,CUST00808,SUB00808,2024-04-25,2024-05-10,805.8,Paid
INV0005819,CUST00808,SUB00808,2025-04-25,2025-05-10,805.8,Paid
INV0005820,CUST00809,SUB00809,2024-04-16,2024-05-01,29.0,Paid
INV0005821,CUST00809,SUB00809,2024-05-16,2024-05-31,29.0,Paid
INV0005822,CUST00809,SUB00809,2024-06-16,2024-07-01,29.0,Paid
INV0005823,CUST00809,SUB00809,2024-07-16,2024-07-31,29.0,Paid
INV0005824,CUST00809,SUB00809,2024-08-16,2024-08-31,29.0,Paid
INV0005825,CUST00809,SUB00809,2024-09-16,2024-10-01,29.0,Paid
INV0005826,CUST00809,SUB00809,2024-10-16,2024-10-31,29.0,Paid
INV0005827,CUST00809,SUB00809,2024-11-16,2024-12-01,29.0,Paid
INV0005828,CUST00809,SUB00809,2024-12-16,2024-12-31,29.0,Paid
INV0005829,CUST00809,SUB00809,2025-01-16,2025-01-31,29.0,Paid
INV0005830,CUST00809,SUB00809,2025-02-16,2025-03-03,29.0,Paid
INV0005831,CUST00809,SUB00809,2025-03-16,2025-03-31,29.0,Paid
INV0005832,CUST00809,SUB00809,2025-04-16,2025-05-01,29.0,Paid
INV0005833,CUST00809,SUB00809,2025-05-16,2025-05-31,29.0,Paid
INV0005834,CUST00809,SUB00809,2025-06-16,2025-07-01,29.0,Paid
INV0005835,CUST00809,SUB00809,2025-07-16,2025-07-31,29.0,Paid
INV0005836,CUST00809,SUB00809,2025-08-16,2025-08-31,29.0,Paid
INV0005837,CUST00809,SUB00809,2025-09-16,2025-10-01,29.0,Paid
INV0005838,CUST00809,SUB00809,2025-10-16,2025-10-31,29.0,Paid
INV0005839,CUST00809,SUB00809,2025-11-16,2025-12-01,29.0,Paid
INV0005840,CUST00809,SUB00809,2025-12-16,2025-12-31,29.0,Paid
INV0005841,CUST00810,SUB00810,2024-07-04,2024-07-19,79.0,Paid
INV0005842,CUST00810,SUB00810,2024-08-04,2024-08-19,79.0,Paid
INV0005843,CUST00810,SUB00810,2024-09-04,2024-09-19,79.0,Paid
INV0005844,CUST00810,SUB00810,2024-10-04,2024-10-19,79.0,Paid
INV0005845,CUST00810,SUB00810,2024-11-04,2024-11-19,79.0,Paid
INV0005846,CUST00810,SUB00810,2024-12-04,2024-12-19,79.0,Paid
INV0005847,CUST00810,SUB00810,2025-01-04,2025-01-19,79.0,Overdue
INV0005848,CUST00810,SUB00810,2025-02-04,2025-02-19,79.0,Paid
INV0005849,CUST00810,SUB00810,2025-03-04,2025-03-19,79.0,Paid
INV0005850,CUST00810,SUB00810,2025-04-04,2025-04-19,79.0,Paid
INV0005851,CUST00810,SUB00810,2025-05-04,2025-05-19,79.0,Paid
INV0005852,CUST00810,SUB00810,2025-06-04,2025-06-19,79.0,Overdue
INV0005853,CUST00811,SUB00811,2025-12-01,2025-12-16,29.0,Paid
INV0005854,CUST00812,SUB00812,2025-05-09,2025-05-24,199.0,Paid
INV0005855,CUST00812,SUB00812,2025-06-09,2025-06-24,199.0,Paid
INV0005856,CUST00812,SUB00812,2025-07-09,2025-07-24,199.0,Paid
INV0005857,CUST00812,SUB00812,2025-08-09,2025-08-24,199.0,Paid
INV0005858,CUST00812,SUB00812,2025-09-09,2025-09-24,199.0,Paid
INV0005859,CUST00812,SUB00812,2025-10-09,2025-10-24,199.0,Paid
INV0005860,CUST00812,SUB00812,2025-11-09,2025-11-24,199.0,Paid
INV0005861,CUST00812,SUB00812,2025-12-09,2025-12-24,199.0,Paid
INV0005862,CUST00813,SUB00813,2024-02-17,2024-03-03,199.0,Paid
INV0005863,CUST00813,SUB00813,2024-03-17,2024-04-01,199.0,Paid
INV0005864,CUST00813,SUB00813,2024-04-17,2024-05-02,199.0,Paid
INV0005865,CUST00813,SUB00813,2024-05-17,2024-06-01,199.0,Paid
INV0005866,CUST00813,SUB00813,2024-06-17,2024-07-02,199.0,Paid
INV0005867,CUST00813,SUB00813,2024-07-17,2024-08-01,199.0,Pending
INV0005868,CUST00813,SUB00813,2024-08-17,2024-09-01,199.0,Paid
INV0005869,CUST00813,SUB00813,2024-09-17,2024-10-02,199.0,Paid
INV0005870,CUST00813,SUB00813,2024-10-17,2024-11-01,199.0,Paid
INV0005871,CUST00813,SUB00813,2024-11-17,2024-12-02,199.0,Paid
INV0005872,CUST00813,SUB00813,2024-12-17,2025-01-01,199.0,Paid
INV0005873,CUST00813,SUB00813,2025-01-17,2025-02-01,199.0,Paid
INV0005874,CUST00813,SUB00813,2025-02-17,2025-03-04,199.0,Overdue
INV0005875,CUST00813,SUB00813,2025-03-17,2025-04-01,199.0,Paid
INV0005876,CUST00813,SUB00813,2025-04-17,2025-05-02,199.0,Paid
INV0005877,CUST00813,SUB00813,2025-05-17,2025-06-01,199.0,Paid
INV0005878,CUST00813,SUB00813,2025-06-17,2025-07-02,199.0,Paid
INV0005879,CUST00813,SUB00813,2025-07-17,2025-08-01,199.0,Paid
INV0005880,CUST00814,SUB00814,2025-11-16,2025-12-01,199.0,Paid
INV0005881,CUST00814,SUB00814,2025-12-16,2025-12-31,199.0,Paid
INV0005882,CUST00815,SUB00815,2025-03-19,2025-04-03,295.8,Paid
INV0005883,CUST00816,SUB00816,2024-06-01,2024-06-16,295.8,Paid
INV0005884,CUST00817,SUB00817,2024-01-12,2024-01-27,805.8,Paid
INV0005885,CUST00817,SUB00817,2025-01-12,2025-01-27,805.8,Paid
INV0005886,CUST00818,SUB00818,2025-05-22,2025-06-06,29.0,Paid
INV0005887,CUST00818,SUB00818,2025-06-22,2025-07-07,29.0,Paid
INV0005888,CUST00818,SUB00818,2025-07-22,2025-08-06,29.0,Paid
INV0005889,CUST00819,SUB00819,2024-09-03,2024-09-18,79.0,Paid
INV0005890,CUST00819,SUB00819,2024-10-03,2024-10-18,79.0,Paid
INV0005891,CUST00819,SUB00819,2024-11-03,2024-11-18,79.0,Paid
INV0005892,CUST00819,SUB00819,2024-12-03,2024-12-18,79.0,Paid
INV0005893,CUST00819,SUB00819,2025-01-03,2025-01-18,79.0,Paid
INV0005894,CUST00819,SUB00819,2025-02-03,2025-02-18,79.0,Paid
INV0005895,CUST00820,SUB00820,2025-07-17,2025-08-01,29.0,Paid
INV0005896,CUST00820,SUB00820,2025-08-17,2025-09-01,29.0,Paid
INV0005897,CUST00820,SUB00820,2025-09-17,2025-10-02,29.0,Overdue
INV0005898,CUST00820,SUB00820,2025-10-17,2025-11-01,29.0,Paid
INV0005899,CUST00820,SUB00820,2025-11-17,2025-12-02,29.0,Paid
INV0005900,CUST00820,SUB00820,2025-12-17,2026-01-01,29.0,Paid
INV0005901,CUST00821,SUB00821,2025-04-15,2025-04-30,199.0,Paid
INV0005902,CUST00821,SUB00821,2025-05-15,2025-05-30,199.0,Paid
INV0005903,CUST00821,SUB00821,2025-06-15,2025-06-30,199.0,Paid
INV0005904,CUST00821,SUB00821,2025-07-15,2025-07-30,199.0,Paid
INV0005905,CUST00821,SUB00821,2025-08-15,2025-08-30,199.0,Paid
INV0005906,CUST00821,SUB00821,2025-09-15,2025-09-30,199.0,Paid
INV0005907,CUST00821,SUB00821,2025-10-15,2025-10-30,199.0,Paid
INV0005908,CUST00821,SUB00821,2025-11-15,2025-11-30,199.0,Paid
INV0005909,CUST00821,SUB00821,2025-12-15,2025-12-30,199.0,Paid
INV0005910,CUST00822,SUB00822,2025-04-02,2025-04-17,29.0,Paid
INV0005911,CUST00822,SUB00822,2025-05-02,2025-05-17,29.0,Paid
INV0005912,CUST00822,SUB00822,2025-06-02,2025-06-17,29.0,Paid
INV0005913,CUST00822,SUB00822,2025-07-02,2025-07-17,29.0,Paid
INV0005914,CUST00822,SUB00822,2025-08-02,2025-08-17,29.0,Paid
INV0005915,CUST00822,SUB00822,2025-09-02,2025-09-17,29.0,Paid
INV0005916,CUST00823,SUB00823,2024-04-15,2024-04-30,79.0,Paid
INV0005917,CUST00823,SUB00823,2024-05-15,2024-05-30,79.0,Paid
INV0005918,CUST00823,SUB00823,2024-06-15,2024-06-30,79.0,Paid
INV0005919,CUST00824,SUB00824,2024-04-03,2024-04-18,79.0,Paid
INV0005920,CUST00824,SUB00824,2024-05-03,2024-05-18,79.0,Paid
INV0005921,CUST00824,SUB00824,2024-06-03,2024-06-18,79.0,Paid
INV0005922,CUST00824,SUB00824,2024-07-03,2024-07-18,79.0,Paid
INV0005923,CUST00824,SUB00824,2024-08-03,2024-08-18,79.0,Paid
INV0005924,CUST00824,SUB00824,2024-09-03,2024-09-18,79.0,Paid
INV0005925,CUST00824,SUB00824,2024-10-03,2024-10-18,79.0,Paid
INV0005926,CUST00824,SUB00824,2024-11-03,2024-11-18,79.0,Paid
INV0005927,CUST00824,SUB00824,2024-12-03,2024-12-18,79.0,Paid
INV0005928,CUST00824,SUB00824,2025-01-03,2025-01-18,79.0,Paid
INV0005929,CUST00824,SUB00824,2025-02-03,2025-02-18,79.0,Paid
INV0005930,CUST00824,SUB00824,2025-03-03,2025-03-18,79.0,Paid
INV0005931,CUST00825,SUB00825,2025-11-01,2025-11-16,79.0,Paid
INV0005932,CUST00825,SUB00825,2025-12-01,2025-12-16,79.0,Paid
INV0005933,CUST00826,SUB00826,2024-08-16,2024-08-31,199.0,Paid
INV0005934,CUST00826,SUB00826,2024-09-16,2024-10-01,199.0,Paid
INV0005935,CUST00826,SUB00826,2024-10-16,2024-10-31,199.0,Paid
INV0005936,CUST00826,SUB00826,2024-11-16,2024-12-01,199.0,Paid
INV0005937,CUST00826,SUB00826,2024-12-16,2024-12-31,199.0,Paid
INV0005938,CUST00826,SUB00826,2025-01-16,2025-01-31,199.0,Paid
INV0005939,CUST00826,SUB00826,2025-02-16,2025-03-03,199.0,Paid
INV0005940,CUST00826,SUB00826,2025-03-16,2025-03-31,199.0,Paid
INV0005941,CUST00826,SUB00826,2025-04-16,2025-05-01,199.0,Paid
INV0005942,CUST00826,SUB00826,2025-05-16,2025-05-31,199.0,Paid
INV0005943,CUST00826,SUB00826,2025-06-16,2025-07-01,199.0,Overdue
INV0005944,CUST00826,SUB00826,2025-07-16,2025-07-31,199.0,Paid
INV0005945,CUST00827,SUB00827,2025-11-03,2025-11-18,79.0,Paid
INV0005946,CUST00827,SUB00827,2025-12-03,2025-12-18,79.0,Paid
INV0005947,CUST00828,SUB00828,2024-01-03,2024-01-18,79.0,Paid
INV0005948,CUST00828,SUB00828,2024-02-03,2024-02-18,79.0,Paid
INV0005949,CUST00828,SUB00828,2024-03-03,2024-03-18,79.0,Paid
INV0005950,CUST00829,SUB00829,2025-07-14,2025-07-29,199.0,Paid
INV0005951,CUST00829,SUB00829,2025-08-14,2025-08-29,199.0,Paid
INV0005952,CUST00829,SUB00829,2025-09-14,2025-09-29,199.0,Paid
INV0005953,CUST00829,SUB00829,2025-10-14,2025-10-29,199.0,Paid
INV0005954,CUST00829,SUB00829,2025-11-14,2025-11-29,199.0,Paid
INV0005955,CUST00829,SUB00829,2025-12-14,2025-12-29,199.0,Paid
INV0005956,CUST00830,SUB00830,2025-05-19,2025-06-03,79.0,Overdue
INV0005957,CUST00830,SUB00830,2025-06-19,2025-07-04,79.0,Paid
INV0005958,CUST00830,SUB00830,2025-07-19,2025-08-03,79.0,Paid
INV0005959,CUST00830,SUB00830,2025-08-19,2025-09-03,79.0,Pending
INV0005960,CUST00830,SUB00830,2025-09-19,2025-10-04,79.0,Paid
INV0005961,CUST00830,SUB00830,2025-10-19,2025-11-03,79.0,Paid
INV0005962,CUST00830,SUB00830,2025-11-19,2025-12-04,79.0,Paid
INV0005963,CUST00830,SUB00830,2025-12-19,2026-01-03,79.0,Paid
INV0005964,CUST00831,SUB00831,2024-04-19,2024-05-04,79.0,Paid
INV0005965,CUST00831,SUB00831,2024-05-19,2024-06-03,79.0,Paid
INV0005966,CUST00831,SUB00831,2024-06-19,2024-07-04,79.0,Overdue
INV0005967,CUST00831,SUB00831,2024-07-19,2024-08-03,79.0,Paid
INV0005968,CUST00831,SUB00831,2024-08-19,2024-09-03,79.0,Paid
INV0005969,CUST00831,SUB00831,2024-09-19,2024-10-04,79.0,Paid
INV0005970,CUST00831,SUB00831,2024-10-19,2024-11-03,79.0,Paid
INV0005971,CUST00831,SUB00831,2024-11-19,2024-12-04,79.0,Paid
INV0005972,CUST00831,SUB00831,2024-12-19,2025-01-03,79.0,Paid
INV0005973,CUST00831,SUB00831,2025-01-19,2025-02-03,79.0,Paid
INV0005974,CUST00831,SUB00831,2025-02-19,2025-03-06,79.0,Paid
INV0005975,CUST00831,SUB00831,2025-03-19,2025-04-03,79.0,Paid
INV0005976,CUST00831,SUB00831,2025-04-19,2025-05-04,79.0,Paid
INV0005977,CUST00831,SUB00831,2025-05-19,2025-06-03,79.0,Paid
INV0005978,CUST00831,SUB00831,2025-06-19,2025-07-04,79.0,Paid
INV0005979,CUST00831,SUB00831,2025-07-19,2025-08-03,79.0,Paid
INV0005980,CUST00831,SUB00831,2025-08-19,2025-09-03,79.0,Paid
INV0005981,CUST00831,SUB00831,2025-09-19,2025-10-04,79.0,Overdue
INV0005982,CUST00831,SUB00831,2025-10-19,2025-11-03,79.0,Paid
INV0005983,CUST00831,SUB00831,2025-11-19,2025-12-04,79.0,Paid
INV0005984,CUST00831,SUB00831,2025-12-19,2026-01-03,79.0,Paid
INV0005985,CUST00832,SUB00832,2024-08-08,2024-08-23,29.0,Pending
INV0005986,CUST00832,SUB00832,2024-09-08,2024-09-23,29.0,Paid
INV0005987,CUST00832,SUB00832,2024-10-08,2024-10-23,29.0,Paid
INV0005988,CUST00832,SUB00832,2024-11-08,2024-11-23,29.0,Paid
INV0005989,CUST00832,SUB00832,2024-12-08,2024-12-23,29.0,Paid
INV0005990,CUST00832,SUB00832,2025-01-08,2025-01-23,29.0,Paid
INV0005991,CUST00832,SUB00832,2025-02-08,2025-02-23,29.0,Paid
INV0005992,CUST00832,SUB00832,2025-03-08,2025-03-23,29.0,Paid
INV0005993,CUST00832,SUB00832,2025-04-08,2025-04-23,29.0,Pending
INV0005994,CUST00832,SUB00832,2025-05-08,2025-05-23,29.0,Overdue
INV0005995,CUST00832,SUB00832,2025-06-08,2025-06-23,29.0,Paid
INV0005996,CUST00832,SUB00832,2025-07-08,2025-07-23,29.0,Paid
INV0005997,CUST00832,SUB00832,2025-08-08,2025-08-23,29.0,Paid
INV0005998,CUST00832,SUB00832,2025-09-08,2025-09-23,29.0,Paid
INV0005999,CUST00832,SUB00832,2025-10-08,2025-10-23,29.0,Paid
INV0006000,CUST00832,SUB00832,2025-11-08,2025-11-23,29.0,Overdue
INV0006001,CUST00832,SUB00832,2025-12-08,2025-12-23,29.0,Paid
INV0006002,CUST00833,SUB00833,2024-04-20,2024-05-05,29.0,Paid
INV0006003,CUST00833,SUB00833,2024-05-20,2024-06-04,29.0,Pending
INV0006004,CUST00833,SUB00833,2024-06-20,2024-07-05,29.0,Paid
INV0006005,CUST00833,SUB00833,2024-07-20,2024-08-04,29.0,Paid
INV0006006,CUST00833,SUB00833,2024-08-20,2024-09-04,29.0,Paid
INV0006007,CUST00833,SUB00833,2024-09-20,2024-10-05,29.0,Paid
INV0006008,CUST00833,SUB00833,2024-10-20,2024-11-04,29.0,Paid
INV0006009,CUST00833,SUB00833,2024-11-20,2024-12-05,29.0,Paid
INV0006010,CUST00833,SUB00833,2024-12-20,2025-01-04,29.0,Paid
INV0006011,CUST00833,SUB00833,2025-01-20,2025-02-04,29.0,Paid
INV0006012,CUST00833,SUB00833,2025-02-20,2025-03-07,29.0,Paid
INV0006013,CUST00833,SUB00833,2025-03-20,2025-04-04,29.0,Overdue
INV0006014,CUST00833,SUB00833,2025-04-20,2025-05-05,29.0,Paid
INV0006015,CUST00833,SUB00833,2025-05-20,2025-06-04,29.0,Paid
INV0006016,CUST00833,SUB00833,2025-06-20,2025-07-05,29.0,Paid
INV0006017,CUST00833,SUB00833,2025-07-20,2025-08-04,29.0,Paid
INV0006018,CUST00833,SUB00833,2025-08-20,2025-09-04,29.0,Paid
INV0006019,CUST00833,SUB00833,2025-09-20,2025-10-05,29.0,Paid
INV0006020,CUST00833,SUB00833,2025-10-20,2025-11-04,29.0,Paid
INV0006021,CUST00833,SUB00833,2025-11-20,2025-12-05,29.0,Paid
INV0006022,CUST00833,SUB00833,2025-12-20,2026-01-04,29.0,Paid
INV0006023,CUST00834,SUB00834,2025-04-06,2025-04-21,199.0,Paid
INV0006024,CUST00834,SUB00834,2025-05-06,2025-05-21,199.0,Paid
INV0006025,CUST00834,SUB00834,2025-06-06,2025-06-21,199.0,Paid
INV0006026,CUST00835,SUB00835,2025-05-25,2025-06-09,79.0,Paid
INV0006027,CUST00835,SUB00835,2025-06-25,2025-07-10,79.0,Paid
INV0006028,CUST00835,SUB00835,2025-07-25,2025-08-09,79.0,Paid
INV0006029,CUST00835,SUB00835,2025-08-25,2025-09-09,79.0,Paid
INV0006030,CUST00835,SUB00835,2025-09-25,2025-10-10,79.0,Paid
INV0006031,CUST00835,SUB00835,2025-10-25,2025-11-09,79.0,Paid
INV0006032,CUST00835,SUB00835,2025-11-25,2025-12-10,79.0,Overdue
INV0006033,CUST00835,SUB00835,2025-12-25,2026-01-09,79.0,Paid
INV0006034,CUST00836,SUB00836,2025-08-22,2025-09-06,29.0,Paid
INV0006035,CUST00836,SUB00836,2025-09-22,2025-10-07,29.0,Paid
INV0006036,CUST00836,SUB00836,2025-10-22,2025-11-06,29.0,Paid
INV0006037,CUST00836,SUB00836,2025-11-22,2025-12-07,29.0,Paid
INV0006038,CUST00836,SUB00836,2025-12-22,2026-01-06,29.0,Paid
INV0006039,CUST00837,SUB00837,2025-12-09,2025-12-24,29.0,Paid
INV0006040,CUST00838,SUB00838,2025-01-31,2025-02-15,805.8,Paid
INV0006041,CUST00839,SUB00839,2025-03-04,2025-03-19,79.0,Paid
INV0006042,CUST00839,SUB00839,2025-04-04,2025-04-19,79.0,Paid
INV0006043,CUST00839,SUB00839,2025-05-04,2025-05-19,79.0,Paid
INV0006044,CUST00839,SUB00839,2025-06-04,2025-06-19,79.0,Paid
INV0006045,CUST00839,SUB00839,2025-07-04,2025-07-19,79.0,Paid
INV0006046,CUST00839,SUB00839,2025-08-04,2025-08-19,79.0,Paid
INV0006047,CUST00839,SUB00839,2025-09-04,2025-09-19,79.0,Paid
INV0006048,CUST00839,SUB00839,2025-10-04,2025-10-19,79.0,Paid
INV0006049,CUST00839,SUB00839,2025-11-04,2025-11-19,79.0,Overdue
INV0006050,CUST00839,SUB00839,2025-12-04,2025-12-19,79.0,Paid
INV0006051,CUST00840,SUB00840,2025-02-11,2025-02-26,79.0,Paid
INV0006052,CUST00840,SUB00840,2025-03-11,2025-03-26,79.0,Paid
INV0006053,CUST00840,SUB00840,2025-04-11,2025-04-26,79.0,Paid
INV0006054,CUST00840,SUB00840,2025-05-11,2025-05-26,79.0,Paid
INV0006055,CUST00840,SUB00840,2025-06-11,2025-06-26,79.0,Paid
INV0006056,CUST00840,SUB00840,2025-07-11,2025-07-26,79.0,Paid
INV0006057,CUST00840,SUB00840,2025-08-11,2025-08-26,79.0,Paid
INV0006058,CUST00840,SUB00840,2025-09-11,2025-09-26,79.0,Paid
INV0006059,CUST00840,SUB00840,2025-10-11,2025-10-26,79.0,Overdue
INV0006060,CUST00840,SUB00840,2025-11-11,2025-11-26,79.0,Paid
INV0006061,CUST00840,SUB00840,2025-12-11,2025-12-26,79.0,Paid
INV0006062,CUST00841,SUB00841,2024-05-21,2024-06-05,29.0,Paid
INV0006063,CUST00841,SUB00841,2024-06-21,2024-07-06,29.0,Paid
INV0006064,CUST00841,SUB00841,2024-07-21,2024-08-05,29.0,Paid
INV0006065,CUST00841,SUB00841,2024-08-21,2024-09-05,29.0,Paid
INV0006066,CUST00841,SUB00841,2024-09-21,2024-10-06,29.0,Paid
INV0006067,CUST00841,SUB00841,2024-10-21,2024-11-05,29.0,Paid
INV0006068,CUST00841,SUB00841,2024-11-21,2024-12-06,29.0,Paid
INV0006069,CUST00841,SUB00841,2024-12-21,2025-01-05,29.0,Paid
INV0006070,CUST00841,SUB00841,2025-01-21,2025-02-05,29.0,Paid
INV0006071,CUST00841,SUB00841,2025-02-21,2025-03-08,29.0,Paid
INV0006072,CUST00841,SUB00841,2025-03-21,2025-04-05,29.0,Paid
INV0006073,CUST00841,SUB00841,2025-04-21,2025-05-06,29.0,Paid
INV0006074,CUST00841,SUB00841,2025-05-21,2025-06-05,29.0,Overdue
INV0006075,CUST00841,SUB00841,2025-06-21,2025-07-06,29.0,Paid
INV0006076,CUST00841,SUB00841,2025-07-21,2025-08-05,29.0,Paid
INV0006077,CUST00841,SUB00841,2025-08-21,2025-09-05,29.0,Paid
INV0006078,CUST00841,SUB00841,2025-09-21,2025-10-06,29.0,Paid
INV0006079,CUST00841,SUB00841,2025-10-21,2025-11-05,29.0,Paid
INV0006080,CUST00841,SUB00841,2025-11-21,2025-12-06,29.0,Paid
INV0006081,CUST00841,SUB00841,2025-12-21,2026-01-05,29.0,Paid
INV0006082,CUST00842,SUB00842,2025-12-19,2026-01-03,199.0,Paid
INV0006083,CUST00843,SUB00843,2024-07-24,2024-08-08,805.8,Paid
INV0006084,CUST00843,SUB00843,2025-07-24,2025-08-08,805.8,Paid
INV0006085,CUST00844,SUB00844,2025-11-19,2025-12-04,29.0,Paid
INV0006086,CUST00844,SUB00844,2025-12-19,2026-01-03,29.0,Paid
INV0006087,CUST00845,SUB00845,2025-05-30,2025-06-14,199.0,Overdue
INV0006088,CUST00845,SUB00845,2025-06-30,2025-07-15,199.0,Paid
INV0006089,CUST00845,SUB00845,2025-07-30,2025-08-14,199.0,Overdue
INV0006090,CUST00845,SUB00845,2025-08-30,2025-09-14,199.0,Paid
INV0006091,CUST00845,SUB00845,2025-09-30,2025-10-15,199.0,Paid
INV0006092,CUST00845,SUB00845,2025-10-30,2025-11-14,199.0,Paid
INV0006093,CUST00845,SUB00845,2025-11-30,2025-12-15,199.0,Paid
INV0006094,CUST00845,SUB00845,2025-12-30,2026-01-14,199.0,Paid
INV0006095,CUST00846,SUB00846,2024-12-26,2025-01-10,29.0,Paid
INV0006096,CUST00846,SUB00846,2025-01-26,2025-02-10,29.0,Paid
INV0006097,CUST00846,SUB00846,2025-02-26,2025-03-13,29.0,Paid
INV0006098,CUST00846,SUB00846,2025-03-26,2025-04-10,29.0,Paid
INV0006099,CUST00846,SUB00846,2025-04-26,2025-05-11,29.0,Paid
INV0006100,CUST00846,SUB00846,2025-05-26,2025-06-10,29.0,Paid
INV0006101,CUST00847,SUB00847,2025-11-21,2025-12-06,79.0,Paid
INV0006102,CUST00847,SUB00847,2025-12-21,2026-01-05,79.0,Paid
INV0006103,CUST00848,SUB00848,2024-01-14,2024-01-29,295.8,Paid
INV0006104,CUST00848,SUB00848,2025-01-14,2025-01-29,295.8,Paid
INV0006105,CUST00849,SUB00849,2025-11-17,2025-12-02,199.0,Paid
INV0006106,CUST00849,SUB00849,2025-12-17,2026-01-01,199.0,Paid
INV0006107,CUST00850,SUB00850,2024-10-20,2024-11-04,805.8,Paid
INV0006108,CUST00850,SUB00850,2025-10-20,2025-11-04,805.8,Paid
INV0006109,CUST00851,SUB00851,2024-07-27,2024-08-11,295.8,Paid
INV0006110,CUST00852,SUB00852,2024-04-14,2024-04-29,79.0,Paid
INV0006111,CUST00852,SUB00852,2024-05-14,2024-05-29,79.0,Paid
INV0006112,CUST00852,SUB00852,2024-06-14,2024-06-29,79.0,Paid
INV0006113,CUST00852,SUB00852,2024-07-14,2024-07-29,79.0,Paid
INV0006114,CUST00852,SUB00852,2024-08-14,2024-08-29,79.0,Paid
INV0006115,CUST00852,SUB00852,2024-09-14,2024-09-29,79.0,Overdue
INV0006116,CUST00852,SUB00852,2024-10-14,2024-10-29,79.0,Overdue
INV0006117,CUST00852,SUB00852,2024-11-14,2024-11-29,79.0,Paid
INV0006118,CUST00852,SUB00852,2024-12-14,2024-12-29,79.0,Paid
INV0006119,CUST00852,SUB00852,2025-01-14,2025-01-29,79.0,Paid
INV0006120,CUST00852,SUB00852,2025-02-14,2025-03-01,79.0,Paid
INV0006121,CUST00852,SUB00852,2025-03-14,2025-03-29,79.0,Paid
INV0006122,CUST00852,SUB00852,2025-04-14,2025-04-29,79.0,Paid
INV0006123,CUST00852,SUB00852,2025-05-14,2025-05-29,79.0,Paid
INV0006124,CUST00852,SUB00852,2025-06-14,2025-06-29,79.0,Paid
INV0006125,CUST00852,SUB00852,2025-07-14,2025-07-29,79.0,Paid
INV0006126,CUST00852,SUB00852,2025-08-14,2025-08-29,79.0,Overdue
INV0006127,CUST00852,SUB00852,2025-09-14,2025-09-29,79.0,Paid
INV0006128,CUST00852,SUB00852,2025-10-14,2025-10-29,79.0,Paid
INV0006129,CUST00852,SUB00852,2025-11-14,2025-11-29,79.0,Paid
INV0006130,CUST00852,SUB00852,2025-12-14,2025-12-29,79.0,Paid
INV0006131,CUST00853,SUB00853,2025-10-24,2025-11-08,199.0,Paid
INV0006132,CUST00853,SUB00853,2025-11-24,2025-12-09,199.0,Paid
INV0006133,CUST00853,SUB00853,2025-12-24,2026-01-08,199.0,Paid
INV0006134,CUST00854,SUB00854,2025-12-10,2025-12-25,79.0,Paid
INV0006135,CUST00855,SUB00855,2025-07-19,2025-08-03,29.0,Paid
INV0006136,CUST00855,SUB00855,2025-08-19,2025-09-03,29.0,Paid
INV0006137,CUST00855,SUB00855,2025-09-19,2025-10-04,29.0,Paid
INV0006138,CUST00855,SUB00855,2025-10-19,2025-11-03,29.0,Paid
INV0006139,CUST00855,SUB00855,2025-11-19,2025-12-04,29.0,Paid
INV0006140,CUST00855,SUB00855,2025-12-19,2026-01-03,29.0,Overdue
INV0006141,CUST00856,SUB00856,2024-08-18,2024-09-02,29.0,Paid
INV0006142,CUST00856,SUB00856,2024-09-18,2024-10-03,29.0,Pending
INV0006143,CUST00856,SUB00856,2024-10-18,2024-11-02,29.0,Paid
INV0006144,CUST00856,SUB00856,2024-11-18,2024-12-03,29.0,Paid
INV0006145,CUST00856,SUB00856,2024-12-18,2025-01-02,29.0,Paid
INV0006146,CUST00856,SUB00856,2025-01-18,2025-02-02,29.0,Paid
INV0006147,CUST00857,SUB00857,2025-08-25,2025-09-09,199.0,Paid
INV0006148,CUST00857,SUB00857,2025-09-25,2025-10-10,199.0,Paid
INV0006149,CUST00857,SUB00857,2025-10-25,2025-11-09,199.0,Paid
INV0006150,CUST00857,SUB00857,2025-11-25,2025-12-10,199.0,Paid
INV0006151,CUST00857,SUB00857,2025-12-25,2026-01-09,199.0,Paid
INV0006152,CUST00858,SUB00858,2024-10-28,2024-11-12,29.0,Paid
INV0006153,CUST00858,SUB00858,2024-11-28,2024-12-13,29.0,Paid
INV0006154,CUST00858,SUB00858,2024-12-28,2025-01-12,29.0,Paid
INV0006155,CUST00858,SUB00858,2025-01-28,2025-02-12,29.0,Pending
INV0006156,CUST00858,SUB00858,2025-02-28,2025-03-15,29.0,Paid
INV0006157,CUST00858,SUB00858,2025-03-28,2025-04-12,29.0,Pending
INV0006158,CUST00858,SUB00858,2025-04-28,2025-05-13,29.0,Paid
INV0006159,CUST00858,SUB00858,2025-05-28,2025-06-12,29.0,Paid
INV0006160,CUST00858,SUB00858,2025-06-28,2025-07-13,29.0,Paid
INV0006161,CUST00858,SUB00858,2025-07-28,2025-08-12,29.0,Paid
INV0006162,CUST00858,SUB00858,2025-08-28,2025-09-12,29.0,Paid
INV0006163,CUST00858,SUB00858,2025-09-28,2025-10-13,29.0,Paid
INV0006164,CUST00859,SUB00859,2025-06-10,2025-06-25,29.0,Paid
INV0006165,CUST00859,SUB00859,2025-07-10,2025-07-25,29.0,Overdue
INV0006166,CUST00859,SUB00859,2025-08-10,2025-08-25,29.0,Paid
INV0006167,CUST00859,SUB00859,2025-09-10,2025-09-25,29.0,Paid
INV0006168,CUST00859,SUB00859,2025-10-10,2025-10-25,29.0,Paid
INV0006169,CUST00859,SUB00859,2025-11-10,2025-11-25,29.0,Paid
INV0006170,CUST00859,SUB00859,2025-12-10,2025-12-25,29.0,Paid
INV0006171,CUST00860,SUB00860,2024-05-13,2024-05-28,29.0,Paid
INV0006172,CUST00860,SUB00860,2024-06-13,2024-06-28,29.0,Paid
INV0006173,CUST00860,SUB00860,2024-07-13,2024-07-28,29.0,Paid
INV0006174,CUST00860,SUB00860,2024-08-13,2024-08-28,29.0,Paid
INV0006175,CUST00860,SUB00860,2024-09-13,2024-09-28,29.0,Paid
INV0006176,CUST00860,SUB00860,2024-10-13,2024-10-28,29.0,Paid
INV0006177,CUST00860,SUB00860,2024-11-13,2024-11-28,29.0,Paid
INV0006178,CUST00860,SUB00860,2024-12-13,2024-12-28,29.0,Paid
INV0006179,CUST00860,SUB00860,2025-01-13,2025-01-28,29.0,Paid
INV0006180,CUST00860,SUB00860,2025-02-13,2025-02-28,29.0,Paid
INV0006181,CUST00860,SUB00860,2025-03-13,2025-03-28,29.0,Paid
INV0006182,CUST00860,SUB00860,2025-04-13,2025-04-28,29.0,Paid
INV0006183,CUST00860,SUB00860,2025-05-13,2025-05-28,29.0,Paid
INV0006184,CUST00860,SUB00860,2025-06-13,2025-06-28,29.0,Paid
INV0006185,CUST00860,SUB00860,2025-07-13,2025-07-28,29.0,Paid
INV0006186,CUST00860,SUB00860,2025-08-13,2025-08-28,29.0,Paid
INV0006187,CUST00860,SUB00860,2025-09-13,2025-09-28,29.0,Paid
INV0006188,CUST00860,SUB00860,2025-10-13,2025-10-28,29.0,Paid
INV0006189,CUST00861,SUB00861,2025-04-22,2025-05-07,79.0,Overdue
INV0006190,CUST00861,SUB00861,2025-05-22,2025-06-06,79.0,Paid
INV0006191,CUST00861,SUB00861,2025-06-22,2025-07-07,79.0,Paid
INV0006192,CUST00862,SUB00862,2025-09-03,2025-09-18,805.8,Paid
INV0006193,CUST00863,SUB00863,2025-05-17,2025-06-01,2029.8,Paid
INV0006194,CUST00864,SUB00864,2025-06-22,2025-07-07,79.0,Paid
INV0006195,CUST00864,SUB00864,2025-07-22,2025-08-06,79.0,Paid
INV0006196,CUST00864,SUB00864,2025-08-22,2025-09-06,79.0,Paid
INV0006197,CUST00864,SUB00864,2025-09-22,2025-10-07,79.0,Paid
INV0006198,CUST00864,SUB00864,2025-10-22,2025-11-06,79.0,Paid
INV0006199,CUST00864,SUB00864,2025-11-22,2025-12-07,79.0,Paid
INV0006200,CUST00865,SUB00865,2025-03-01,2025-03-16,29.0,Paid
INV0006201,CUST00865,SUB00865,2025-04-01,2025-04-16,29.0,Paid
INV0006202,CUST00865,SUB00865,2025-05-01,2025-05-16,29.0,Overdue
INV0006203,CUST00865,SUB00865,2025-06-01,2025-06-16,29.0,Overdue
INV0006204,CUST00865,SUB00865,2025-07-01,2025-07-16,29.0,Overdue
INV0006205,CUST00865,SUB00865,2025-08-01,2025-08-16,29.0,Paid
INV0006206,CUST00865,SUB00865,2025-09-01,2025-09-16,29.0,Paid
INV0006207,CUST00865,SUB00865,2025-10-01,2025-10-16,29.0,Paid
INV0006208,CUST00865,SUB00865,2025-11-01,2025-11-16,29.0,Paid
INV0006209,CUST00865,SUB00865,2025-12-01,2025-12-16,29.0,Overdue
INV0006210,CUST00866,SUB00866,2024-08-06,2024-08-21,2029.8,Paid
INV0006211,CUST00866,SUB00866,2025-08-06,2025-08-21,2029.8,Paid
INV0006212,CUST00867,SUB00867,2025-09-25,2025-10-10,295.8,Paid
INV0006213,CUST00868,SUB00868,2024-04-27,2024-05-12,2029.8,Paid
INV0006214,CUST00869,SUB00869,2024-02-10,2024-02-25,29.0,Paid
INV0006215,CUST00869,SUB00869,2024-03-10,2024-03-25,29.0,Paid
INV0006216,CUST00869,SUB00869,2024-04-10,2024-04-25,29.0,Overdue
INV0006217,CUST00869,SUB00869,2024-05-10,2024-05-25,29.0,Overdue
INV0006218,CUST00869,SUB00869,2024-06-10,2024-06-25,29.0,Paid
INV0006219,CUST00869,SUB00869,2024-07-10,2024-07-25,29.0,Paid
INV0006220,CUST00869,SUB00869,2024-08-10,2024-08-25,29.0,Overdue
INV0006221,CUST00869,SUB00869,2024-09-10,2024-09-25,29.0,Paid
INV0006222,CUST00869,SUB00869,2024-10-10,2024-10-25,29.0,Paid
INV0006223,CUST00869,SUB00869,2024-11-10,2024-11-25,29.0,Paid
INV0006224,CUST00869,SUB00869,2024-12-10,2024-12-25,29.0,Paid
INV0006225,CUST00869,SUB00869,2025-01-10,2025-01-25,29.0,Paid
INV0006226,CUST00869,SUB00869,2025-02-10,2025-02-25,29.0,Paid
INV0006227,CUST00869,SUB00869,2025-03-10,2025-03-25,29.0,Paid
INV0006228,CUST00869,SUB00869,2025-04-10,2025-04-25,29.0,Paid
INV0006229,CUST00869,SUB00869,2025-05-10,2025-05-25,29.0,Paid
INV0006230,CUST00869,SUB00869,2025-06-10,2025-06-25,29.0,Paid
INV0006231,CUST00869,SUB00869,2025-07-10,2025-07-25,29.0,Paid
INV0006232,CUST00870,SUB00870,2025-01-30,2025-02-14,805.8,Paid
INV0006233,CUST00871,SUB00871,2025-06-10,2025-06-25,295.8,Paid
INV0006234,CUST00872,SUB00872,2025-10-29,2025-11-13,29.0,Paid
INV0006235,CUST00872,SUB00872,2025-11-29,2025-12-14,29.0,Paid
INV0006236,CUST00872,SUB00872,2025-12-29,2026-01-13,29.0,Paid
INV0006237,CUST00873,SUB00873,2024-06-20,2024-07-05,79.0,Paid
INV0006238,CUST00873,SUB00873,2024-07-20,2024-08-04,79.0,Overdue
INV0006239,CUST00873,SUB00873,2024-08-20,2024-09-04,79.0,Paid
INV0006240,CUST00873,SUB00873,2024-09-20,2024-10-05,79.0,Paid
INV0006241,CUST00873,SUB00873,2024-10-20,2024-11-04,79.0,Paid
INV0006242,CUST00873,SUB00873,2024-11-20,2024-12-05,79.0,Paid
INV0006243,CUST00873,SUB00873,2024-12-20,2025-01-04,79.0,Paid
INV0006244,CUST00873,SUB00873,2025-01-20,2025-02-04,79.0,Paid
INV0006245,CUST00873,SUB00873,2025-02-20,2025-03-07,79.0,Paid
INV0006246,CUST00873,SUB00873,2025-03-20,2025-04-04,79.0,Paid
INV0006247,CUST00873,SUB00873,2025-04-20,2025-05-05,79.0,Paid
INV0006248,CUST00873,SUB00873,2025-05-20,2025-06-04,79.0,Paid
INV0006249,CUST00873,SUB00873,2025-06-20,2025-07-05,79.0,Paid
INV0006250,CUST00873,SUB00873,2025-07-20,2025-08-04,79.0,Paid
INV0006251,CUST00873,SUB00873,2025-08-20,2025-09-04,79.0,Overdue
INV0006252,CUST00873,SUB00873,2025-09-20,2025-10-05,79.0,Paid
INV0006253,CUST00873,SUB00873,2025-10-20,2025-11-04,79.0,Paid
INV0006254,CUST00873,SUB00873,2025-11-20,2025-12-05,79.0,Paid
INV0006255,CUST00874,SUB00874,2025-10-03,2025-10-18,29.0,Paid
INV0006256,CUST00874,SUB00874,2025-11-03,2025-11-18,29.0,Paid
INV0006257,CUST00874,SUB00874,2025-12-03,2025-12-18,29.0,Paid
INV0006258,CUST00875,SUB00875,2025-12-02,2025-12-17,199.0,Paid
INV0006259,CUST00876,SUB00876,2025-10-24,2025-11-08,29.0,Paid
INV0006260,CUST00876,SUB00876,2025-11-24,2025-12-09,29.0,Paid
INV0006261,CUST00876,SUB00876,2025-12-24,2026-01-08,29.0,Paid
INV0006262,CUST00877,SUB00877,2024-01-25,2024-02-09,199.0,Paid
INV0006263,CUST00877,SUB00877,2024-02-25,2024-03-11,199.0,Paid
INV0006264,CUST00877,SUB00877,2024-03-25,2024-04-09,199.0,Paid
INV0006265,CUST00877,SUB00877,2024-04-25,2024-05-10,199.0,Overdue
INV0006266,CUST00877,SUB00877,2024-05-25,2024-06-09,199.0,Overdue
INV0006267,CUST00877,SUB00877,2024-06-25,2024-07-10,199.0,Pending
INV0006268,CUST00877,SUB00877,2024-07-25,2024-08-09,79.0,Paid
INV0006269,CUST00877,SUB00877,2024-08-25,2024-09-09,79.0,Paid
INV0006270,CUST00877,SUB00877,2024-09-25,2024-10-10,79.0,Paid
INV0006271,CUST00877,SUB00877,2024-10-25,2024-11-09,79.0,Paid
INV0006272,CUST00877,SUB00877,2024-11-25,2024-12-10,79.0,Paid
INV0006273,CUST00877,SUB00877,2024-12-25,2025-01-09,79.0,Paid
INV0006274,CUST00878,SUB00878,2024-02-25,2024-03-11,29.0,Overdue
INV0006275,CUST00878,SUB00878,2024-03-25,2024-04-09,29.0,Paid
INV0006276,CUST00878,SUB00878,2024-04-25,2024-05-10,29.0,Paid
INV0006277,CUST00878,SUB00878,2024-05-25,2024-06-09,29.0,Paid
INV0006278,CUST00878,SUB00878,2024-06-25,2024-07-10,79.0,Paid
INV0006279,CUST00878,SUB00878,2024-07-25,2024-08-09,79.0,Paid
INV0006280,CUST00879,SUB00879,2024-09-21,2024-10-06,79.0,Paid
INV0006281,CUST00879,SUB00879,2024-10-21,2024-11-05,79.0,Paid
INV0006282,CUST00879,SUB00879,2024-11-21,2024-12-06,79.0,Paid
INV0006283,CUST00879,SUB00879,2024-12-21,2025-01-05,79.0,Overdue
INV0006284,CUST00879,SUB00879,2025-01-21,2025-02-05,79.0,Paid
INV0006285,CUST00879,SUB00879,2025-02-21,2025-03-08,79.0,Paid
INV0006286,CUST00879,SUB00879,2025-03-21,2025-04-05,79.0,Paid
INV0006287,CUST00879,SUB00879,2025-04-21,2025-05-06,79.0,Pending
INV0006288,CUST00879,SUB00879,2025-05-21,2025-06-05,79.0,Paid
INV0006289,CUST00879,SUB00879,2025-06-21,2025-07-06,79.0,Paid
INV0006290,CUST00879,SUB00879,2025-07-21,2025-08-05,79.0,Overdue
INV0006291,CUST00879,SUB00879,2025-08-21,2025-09-05,79.0,Paid
INV0006292,CUST00879,SUB00879,2025-09-21,2025-10-06,79.0,Paid
INV0006293,CUST00879,SUB00879,2025-10-21,2025-11-05,79.0,Paid
INV0006294,CUST00879,SUB00879,2025-11-21,2025-12-06,79.0,Paid
INV0006295,CUST00879,SUB00879,2025-12-21,2026-01-05,79.0,Paid
INV0006296,CUST00880,SUB00880,2024-11-19,2024-12-04,199.0,Paid
INV0006297,CUST00880,SUB00880,2024-12-19,2025-01-03,199.0,Paid
INV0006298,CUST00880,SUB00880,2025-01-19,2025-02-03,199.0,Paid
INV0006299,CUST00880,SUB00880,2025-02-19,2025-03-06,199.0,Paid
INV0006300,CUST00880,SUB00880,2025-03-19,2025-04-03,199.0,Paid
INV0006301,CUST00880,SUB00880,2025-04-19,2025-05-04,199.0,Paid
INV0006302,CUST00880,SUB00880,2025-05-19,2025-06-03,199.0,Paid
INV0006303,CUST00880,SUB00880,2025-06-19,2025-07-04,199.0,Paid
INV0006304,CUST00880,SUB00880,2025-07-19,2025-08-03,199.0,Overdue
INV0006305,CUST00880,SUB00880,2025-08-19,2025-09-03,199.0,Paid
INV0006306,CUST00880,SUB00880,2025-09-19,2025-10-04,199.0,Paid
INV0006307,CUST00880,SUB00880,2025-10-19,2025-11-03,199.0,Paid
INV0006308,CUST00881,SUB00881,2025-10-18,2025-11-02,79.0,Paid
INV0006309,CUST00881,SUB00881,2025-11-18,2025-12-03,79.0,Paid
INV0006310,CUST00881,SUB00881,2025-12-18,2026-01-02,79.0,Paid
INV0006311,CUST00882,SUB00882,2025-12-18,2026-01-02,79.0,Overdue
INV0006312,CUST00883,SUB00883,2024-10-23,2024-11-07,805.8,Paid
INV0006313,CUST00884,SUB00884,2025-03-24,2025-04-08,199.0,Paid
INV0006314,CUST00884,SUB00884,2025-04-24,2025-05-09,199.0,Paid
INV0006315,CUST00884,SUB00884,2025-05-24,2025-06-08,199.0,Paid
INV0006316,CUST00884,SUB00884,2025-06-24,2025-07-09,199.0,Pending
INV0006317,CUST00884,SUB00884,2025-07-24,2025-08-08,199.0,Paid
INV0006318,CUST00884,SUB00884,2025-08-24,2025-09-08,199.0,Paid
INV0006319,CUST00885,SUB00885,2024-06-09,2024-06-24,79.0,Overdue
INV0006320,CUST00885,SUB00885,2024-07-09,2024-07-24,79.0,Pending
INV0006321,CUST00885,SUB00885,2024-08-09,2024-08-24,79.0,Paid
INV0006322,CUST00885,SUB00885,2024-09-09,2024-09-24,79.0,Paid
INV0006323,CUST00885,SUB00885,2024-10-09,2024-10-24,79.0,Paid
INV0006324,CUST00885,SUB00885,2024-11-09,2024-11-24,79.0,Paid
INV0006325,CUST00885,SUB00885,2024-12-09,2024-12-24,79.0,Paid
INV0006326,CUST00885,SUB00885,2025-01-09,2025-01-24,79.0,Paid
INV0006327,CUST00885,SUB00885,2025-02-09,2025-02-24,79.0,Paid
INV0006328,CUST00885,SUB00885,2025-03-09,2025-03-24,79.0,Paid
INV0006329,CUST00885,SUB00885,2025-04-09,2025-04-24,79.0,Paid
INV0006330,CUST00885,SUB00885,2025-05-09,2025-05-24,79.0,Paid
INV0006331,CUST00885,SUB00885,2025-06-09,2025-06-24,79.0,Paid
INV0006332,CUST00885,SUB00885,2025-07-09,2025-07-24,79.0,Paid
INV0006333,CUST00885,SUB00885,2025-08-09,2025-08-24,79.0,Paid
INV0006334,CUST00885,SUB00885,2025-09-09,2025-09-24,79.0,Paid
INV0006335,CUST00885,SUB00885,2025-10-09,2025-10-24,79.0,Paid
INV0006336,CUST00885,SUB00885,2025-11-09,2025-11-24,79.0,Paid
INV0006337,CUST00885,SUB00885,2025-12-09,2025-12-24,79.0,Paid
INV0006338,CUST00886,SUB00886,2025-10-11,2025-10-26,29.0,Paid
INV0006339,CUST00886,SUB00886,2025-11-11,2025-11-26,29.0,Paid
INV0006340,CUST00886,SUB00886,2025-12-11,2025-12-26,29.0,Pending
INV0006341,CUST00887,SUB00887,2024-01-12,2024-01-27,199.0,Paid
INV0006342,CUST00887,SUB00887,2024-02-12,2024-02-27,199.0,Overdue
INV0006343,CUST00887,SUB00887,2024-03-12,2024-03-27,199.0,Paid
INV0006344,CUST00887,SUB00887,2024-04-12,2024-04-27,199.0,Overdue
INV0006345,CUST00887,SUB00887,2024-05-12,2024-05-27,199.0,Paid
INV0006346,CUST00887,SUB00887,2024-06-12,2024-06-27,199.0,Paid
INV0006347,CUST00887,SUB00887,2024-07-12,2024-07-27,199.0,Paid
INV0006348,CUST00887,SUB00887,2024-08-12,2024-08-27,199.0,Paid
INV0006349,CUST00887,SUB00887,2024-09-12,2024-09-27,199.0,Pending
INV0006350,CUST00887,SUB00887,2024-10-12,2024-10-27,199.0,Overdue
INV0006351,CUST00887,SUB00887,2024-11-12,2024-11-27,199.0,Paid
INV0006352,CUST00887,SUB00887,2024-12-12,2024-12-27,199.0,Paid
INV0006353,CUST00887,SUB00887,2025-01-12,2025-01-27,199.0,Paid
INV0006354,CUST00887,SUB00887,2025-02-12,2025-02-27,199.0,Paid
INV0006355,CUST00887,SUB00887,2025-03-12,2025-03-27,199.0,Paid
INV0006356,CUST00887,SUB00887,2025-04-12,2025-04-27,199.0,Paid
INV0006357,CUST00887,SUB00887,2025-05-12,2025-05-27,199.0,Paid
INV0006358,CUST00887,SUB00887,2025-06-12,2025-06-27,199.0,Paid
INV0006359,CUST00887,SUB00887,2025-07-12,2025-07-27,199.0,Paid
INV0006360,CUST00887,SUB00887,2025-08-12,2025-08-27,199.0,Paid
INV0006361,CUST00887,SUB00887,2025-09-12,2025-09-27,199.0,Paid
INV0006362,CUST00887,SUB00887,2025-10-12,2025-10-27,199.0,Paid
INV0006363,CUST00887,SUB00887,2025-11-12,2025-11-27,199.0,Paid
INV0006364,CUST00887,SUB00887,2025-12-12,2025-12-27,199.0,Paid
INV0006365,CUST00888,SUB00888,2024-01-06,2024-01-21,295.8,Paid
INV0006366,CUST00889,SUB00889,2024-11-08,2024-11-23,29.0,Paid
INV0006367,CUST00889,SUB00889,2024-12-08,2024-12-23,29.0,Paid
INV0006368,CUST00889,SUB00889,2025-01-08,2025-01-23,29.0,Paid
INV0006369,CUST00889,SUB00889,2025-02-08,2025-02-23,29.0,Paid
INV0006370,CUST00889,SUB00889,2025-03-08,2025-03-23,29.0,Paid
INV0006371,CUST00889,SUB00889,2025-04-08,2025-04-23,29.0,Paid
INV0006372,CUST00889,SUB00889,2025-05-08,2025-05-23,29.0,Paid
INV0006373,CUST00889,SUB00889,2025-06-08,2025-06-23,29.0,Paid
INV0006374,CUST00889,SUB00889,2025-07-08,2025-07-23,29.0,Paid
INV0006375,CUST00889,SUB00889,2025-08-08,2025-08-23,29.0,Paid
INV0006376,CUST00889,SUB00889,2025-09-08,2025-09-23,29.0,Paid
INV0006377,CUST00889,SUB00889,2025-10-08,2025-10-23,29.0,Paid
INV0006378,CUST00889,SUB00889,2025-11-08,2025-11-23,29.0,Paid
INV0006379,CUST00889,SUB00889,2025-12-08,2025-12-23,29.0,Paid
INV0006380,CUST00890,SUB00890,2024-08-04,2024-08-19,199.0,Paid
INV0006381,CUST00890,SUB00890,2024-09-04,2024-09-19,199.0,Paid
INV0006382,CUST00890,SUB00890,2024-10-04,2024-10-19,199.0,Paid
INV0006383,CUST00890,SUB00890,2024-11-04,2024-11-19,199.0,Paid
INV0006384,CUST00890,SUB00890,2024-12-04,2024-12-19,199.0,Paid
INV0006385,CUST00890,SUB00890,2025-01-04,2025-01-19,199.0,Paid
INV0006386,CUST00890,SUB00890,2025-02-04,2025-02-19,199.0,Paid
INV0006387,CUST00890,SUB00890,2025-03-04,2025-03-19,199.0,Paid
INV0006388,CUST00890,SUB00890,2025-04-04,2025-04-19,199.0,Paid
INV0006389,CUST00890,SUB00890,2025-05-04,2025-05-19,199.0,Paid
INV0006390,CUST00890,SUB00890,2025-06-04,2025-06-19,199.0,Paid
INV0006391,CUST00890,SUB00890,2025-07-04,2025-07-19,199.0,Paid
INV0006392,CUST00891,SUB00891,2024-06-13,2024-06-28,79.0,Paid
INV0006393,CUST00891,SUB00891,2024-07-13,2024-07-28,79.0,Overdue
INV0006394,CUST00891,SUB00891,2024-08-13,2024-08-28,29.0,Paid
INV0006395,CUST00891,SUB00891,2024-09-13,2024-09-28,29.0,Pending
INV0006396,CUST00891,SUB00891,2024-10-13,2024-10-28,29.0,Paid
INV0006397,CUST00891,SUB00891,2024-11-13,2024-11-28,29.0,Paid
INV0006398,CUST00891,SUB00891,2024-12-13,2024-12-28,29.0,Paid
INV0006399,CUST00891,SUB00891,2025-01-13,2025-01-28,29.0,Paid
INV0006400,CUST00891,SUB00891,2025-02-13,2025-02-28,29.0,Paid
INV0006401,CUST00891,SUB00891,2025-03-13,2025-03-28,29.0,Paid
INV0006402,CUST00891,SUB00891,2025-04-13,2025-04-28,29.0,Paid
INV0006403,CUST00891,SUB00891,2025-05-13,2025-05-28,29.0,Paid
INV0006404,CUST00891,SUB00891,2025-06-13,2025-06-28,29.0,Pending
INV0006405,CUST00891,SUB00891,2025-07-13,2025-07-28,29.0,Paid
INV0006406,CUST00891,SUB00891,2025-08-13,2025-08-28,29.0,Paid
INV0006407,CUST00891,SUB00891,2025-09-13,2025-09-28,29.0,Paid
INV0006408,CUST00891,SUB00891,2025-10-13,2025-10-28,29.0,Paid
INV0006409,CUST00891,SUB00891,2025-11-13,2025-11-28,29.0,Paid
INV0006410,CUST00892,SUB00892,2024-04-27,2024-05-12,29.0,Paid
INV0006411,CUST00892,SUB00892,2024-05-27,2024-06-11,29.0,Overdue
INV0006412,CUST00892,SUB00892,2024-06-27,2024-07-12,29.0,Paid
INV0006413,CUST00892,SUB00892,2024-07-27,2024-08-11,29.0,Paid
INV0006414,CUST00892,SUB00892,2024-08-27,2024-09-11,29.0,Paid
INV0006415,CUST00892,SUB00892,2024-09-27,2024-10-12,29.0,Paid
INV0006416,CUST00892,SUB00892,2024-10-27,2024-11-11,29.0,Paid
INV0006417,CUST00892,SUB00892,2024-11-27,2024-12-12,29.0,Paid
INV0006418,CUST00892,SUB00892,2024-12-27,2025-01-11,29.0,Paid
INV0006419,CUST00892,SUB00892,2025-01-27,2025-02-11,29.0,Paid
INV0006420,CUST00892,SUB00892,2025-02-27,2025-03-14,29.0,Overdue
INV0006421,CUST00892,SUB00892,2025-03-27,2025-04-11,29.0,Paid
INV0006422,CUST00893,SUB00893,2025-07-16,2025-07-31,29.0,Paid
INV0006423,CUST00893,SUB00893,2025-08-16,2025-08-31,29.0,Paid
INV0006424,CUST00893,SUB00893,2025-09-16,2025-10-01,29.0,Paid
INV0006425,CUST00893,SUB00893,2025-10-16,2025-10-31,29.0,Paid
INV0006426,CUST00893,SUB00893,2025-11-16,2025-12-01,29.0,Paid
INV0006427,CUST00893,SUB00893,2025-12-16,2025-12-31,29.0,Overdue
INV0006428,CUST00894,SUB00894,2024-09-13,2024-09-28,29.0,Paid
INV0006429,CUST00894,SUB00894,2024-10-13,2024-10-28,29.0,Paid
INV0006430,CUST00894,SUB00894,2024-11-13,2024-11-28,29.0,Paid
INV0006431,CUST00894,SUB00894,2024-12-13,2024-12-28,29.0,Paid
INV0006432,CUST00894,SUB00894,2025-01-13,2025-01-28,29.0,Paid
INV0006433,CUST00894,SUB00894,2025-02-13,2025-02-28,29.0,Paid
INV0006434,CUST00894,SUB00894,2025-03-13,2025-03-28,29.0,Paid
INV0006435,CUST00894,SUB00894,2025-04-13,2025-04-28,29.0,Paid
INV0006436,CUST00894,SUB00894,2025-05-13,2025-05-28,29.0,Paid
INV0006437,CUST00894,SUB00894,2025-06-13,2025-06-28,29.0,Paid
INV0006438,CUST00894,SUB00894,2025-07-13,2025-07-28,29.0,Paid
INV0006439,CUST00894,SUB00894,2025-08-13,2025-08-28,29.0,Paid
INV0006440,CUST00895,SUB00895,2024-12-31,2025-01-15,79.0,Pending
INV0006441,CUST00895,SUB00895,2025-01-31,2025-02-15,79.0,Paid
INV0006442,CUST00895,SUB00895,2025-02-28,2025-03-15,79.0,Paid
INV0006443,CUST00895,SUB00895,2025-03-28,2025-04-12,79.0,Paid
INV0006444,CUST00895,SUB00895,2025-04-28,2025-05-13,79.0,Paid
INV0006445,CUST00895,SUB00895,2025-05-28,2025-06-12,79.0,Paid
INV0006446,CUST00895,SUB00895,2025-06-28,2025-07-13,79.0,Paid
INV0006447,CUST00895,SUB00895,2025-07-28,2025-08-12,79.0,Paid
INV0006448,CUST00895,SUB00895,2025-08-28,2025-09-12,79.0,Paid
INV0006449,CUST00895,SUB00895,2025-09-28,2025-10-13,79.0,Paid
INV0006450,CUST00895,SUB00895,2025-10-28,2025-11-12,79.0,Paid
INV0006451,CUST00895,SUB00895,2025-11-28,2025-12-13,79.0,Pending
INV0006452,CUST00896,SUB00896,2025-09-26,2025-10-11,29.0,Paid
INV0006453,CUST00896,SUB00896,2025-10-26,2025-11-10,29.0,Paid
INV0006454,CUST00896,SUB00896,2025-11-26,2025-12-11,29.0,Paid
INV0006455,CUST00896,SUB00896,2025-12-26,2026-01-10,29.0,Paid
INV0006456,CUST00897,SUB00897,2024-12-02,2024-12-17,295.8,Paid
INV0006457,CUST00898,SUB00898,2025-08-02,2025-08-17,79.0,Paid
INV0006458,CUST00898,SUB00898,2025-09-02,2025-09-17,79.0,Paid
INV0006459,CUST00898,SUB00898,2025-10-02,2025-10-17,79.0,Paid
INV0006460,CUST00898,SUB00898,2025-11-02,2025-11-17,79.0,Paid
INV0006461,CUST00898,SUB00898,2025-12-02,2025-12-17,79.0,Paid
INV0006462,CUST00899,SUB00899,2024-06-21,2024-07-06,29.0,Paid
INV0006463,CUST00899,SUB00899,2024-07-21,2024-08-05,29.0,Paid
INV0006464,CUST00899,SUB00899,2024-08-21,2024-09-05,29.0,Paid
INV0006465,CUST00899,SUB00899,2024-09-21,2024-10-06,29.0,Paid
INV0006466,CUST00899,SUB00899,2024-10-21,2024-11-05,29.0,Paid
INV0006467,CUST00899,SUB00899,2024-11-21,2024-12-06,29.0,Paid
INV0006468,CUST00899,SUB00899,2024-12-21,2025-01-05,29.0,Paid
INV0006469,CUST00899,SUB00899,2025-01-21,2025-02-05,29.0,Paid
INV0006470,CUST00899,SUB00899,2025-02-21,2025-03-08,29.0,Paid
INV0006471,CUST00899,SUB00899,2025-03-21,2025-04-05,29.0,Paid
INV0006472,CUST00899,SUB00899,2025-04-21,2025-05-06,29.0,Paid
INV0006473,CUST00899,SUB00899,2025-05-21,2025-06-05,29.0,Paid
INV0006474,CUST00899,SUB00899,2025-06-21,2025-07-06,29.0,Overdue
INV0006475,CUST00899,SUB00899,2025-07-21,2025-08-05,29.0,Paid
INV0006476,CUST00899,SUB00899,2025-08-21,2025-09-05,29.0,Paid
INV0006477,CUST00899,SUB00899,2025-09-21,2025-10-06,29.0,Paid
INV0006478,CUST00899,SUB00899,2025-10-21,2025-11-05,29.0,Pending
INV0006479,CUST00899,SUB00899,2025-11-21,2025-12-06,29.0,Paid
INV0006480,CUST00900,SUB00900,2024-10-10,2024-10-25,29.0,Paid
INV0006481,CUST00900,SUB00900,2024-11-10,2024-11-25,29.0,Paid
INV0006482,CUST00900,SUB00900,2024-12-10,2024-12-25,29.0,Paid
INV0006483,CUST00900,SUB00900,2025-01-10,2025-01-25,29.0,Paid
INV0006484,CUST00900,SUB00900,2025-02-10,2025-02-25,29.0,Overdue
INV0006485,CUST00900,SUB00900,2025-03-10,2025-03-25,29.0,Paid
INV0006486,CUST00900,SUB00900,2025-04-10,2025-04-25,29.0,Paid
INV0006487,CUST00900,SUB00900,2025-05-10,2025-05-25,29.0,Paid
INV0006488,CUST00900,SUB00900,2025-06-10,2025-06-25,29.0,Paid
INV0006489,CUST00900,SUB00900,2025-07-10,2025-07-25,29.0,Paid
INV0006490,CUST00900,SUB00900,2025-08-10,2025-08-25,29.0,Paid
INV0006491,CUST00900,SUB00900,2025-09-10,2025-09-25,29.0,Paid
INV0006492,CUST00900,SUB00900,2025-10-10,2025-10-25,29.0,Paid
INV0006493,CUST00900,SUB00900,2025-11-10,2025-11-25,29.0,Paid
INV0006494,CUST00900,SUB00900,2025-12-10,2025-12-25,29.0,Paid
INV0006495,CUST00901,SUB00901,2025-05-06,2025-05-21,199.0,Overdue
INV0006496,CUST00901,SUB00901,2025-06-06,2025-06-21,199.0,Paid
INV0006497,CUST00901,SUB00901,2025-07-06,2025-07-21,199.0,Paid
INV0006498,CUST00901,SUB00901,2025-08-06,2025-08-21,199.0,Paid
INV0006499,CUST00901,SUB00901,2025-09-06,2025-09-21,199.0,Paid
INV0006500,CUST00901,SUB00901,2025-10-06,2025-10-21,199.0,Paid
INV0006501,CUST00901,SUB00901,2025-11-06,2025-11-21,199.0,Paid
INV0006502,CUST00901,SUB00901,2025-12-06,2025-12-21,199.0,Paid
INV0006503,CUST00902,SUB00902,2025-07-18,2025-08-02,805.8,Paid
INV0006504,CUST00903,SUB00903,2024-05-23,2024-06-07,805.8,Paid
INV0006505,CUST00904,SUB00904,2024-03-18,2024-04-02,29.0,Paid
INV0006506,CUST00904,SUB00904,2024-04-18,2024-05-03,29.0,Paid
INV0006507,CUST00904,SUB00904,2024-05-18,2024-06-02,29.0,Paid
INV0006508,CUST00904,SUB00904,2024-06-18,2024-07-03,29.0,Paid
INV0006509,CUST00904,SUB00904,2024-07-18,2024-08-02,29.0,Paid
INV0006510,CUST00904,SUB00904,2024-08-18,2024-09-02,29.0,Paid
INV0006511,CUST00904,SUB00904,2024-09-18,2024-10-03,29.0,Paid
INV0006512,CUST00904,SUB00904,2024-10-18,2024-11-02,29.0,Paid
INV0006513,CUST00904,SUB00904,2024-11-18,2024-12-03,29.0,Paid
INV0006514,CUST00904,SUB00904,2024-12-18,2025-01-02,29.0,Paid
INV0006515,CUST00904,SUB00904,2025-01-18,2025-02-02,29.0,Paid
INV0006516,CUST00904,SUB00904,2025-02-18,2025-03-05,29.0,Paid
INV0006517,CUST00904,SUB00904,2025-03-18,2025-04-02,29.0,Paid
INV0006518,CUST00904,SUB00904,2025-04-18,2025-05-03,29.0,Paid
INV0006519,CUST00904,SUB00904,2025-05-18,2025-06-02,29.0,Paid
INV0006520,CUST00904,SUB00904,2025-06-18,2025-07-03,29.0,Paid
INV0006521,CUST00904,SUB00904,2025-07-18,2025-08-02,29.0,Paid
INV0006522,CUST00904,SUB00904,2025-08-18,2025-09-02,29.0,Overdue
INV0006523,CUST00904,SUB00904,2025-09-18,2025-10-03,29.0,Paid
INV0006524,CUST00904,SUB00904,2025-10-18,2025-11-02,29.0,Paid
INV0006525,CUST00904,SUB00904,2025-11-18,2025-12-03,29.0,Paid
INV0006526,CUST00904,SUB00904,2025-12-18,2026-01-02,29.0,Paid
INV0006527,CUST00905,SUB00905,2025-08-18,2025-09-02,79.0,Paid
INV0006528,CUST00905,SUB00905,2025-09-18,2025-10-03,79.0,Overdue
INV0006529,CUST00905,SUB00905,2025-10-18,2025-11-02,79.0,Paid
INV0006530,CUST00905,SUB00905,2025-11-18,2025-12-03,79.0,Paid
INV0006531,CUST00905,SUB00905,2025-12-18,2026-01-02,79.0,Paid
INV0006532,CUST00906,SUB00906,2025-07-18,2025-08-02,199.0,Paid
INV0006533,CUST00906,SUB00906,2025-08-18,2025-09-02,199.0,Paid
INV0006534,CUST00906,SUB00906,2025-09-18,2025-10-03,199.0,Paid
INV0006535,CUST00906,SUB00906,2025-10-18,2025-11-02,199.0,Paid
INV0006536,CUST00906,SUB00906,2025-11-18,2025-12-03,199.0,Paid
INV0006537,CUST00906,SUB00906,2025-12-18,2026-01-02,199.0,Paid
INV0006538,CUST00907,SUB00907,2025-01-09,2025-01-24,295.8,Paid
INV0006539,CUST00908,SUB00908,2024-05-17,2024-06-01,2029.8,Paid
INV0006540,CUST00909,SUB00909,2025-05-29,2025-06-13,199.0,Paid
INV0006541,CUST00909,SUB00909,2025-06-29,2025-07-14,199.0,Paid
INV0006542,CUST00909,SUB00909,2025-07-29,2025-08-13,199.0,Paid
INV0006543,CUST00909,SUB00909,2025-08-29,2025-09-13,199.0,Paid
INV0006544,CUST00909,SUB00909,2025-09-29,2025-10-14,199.0,Paid
INV0006545,CUST00909,SUB00909,2025-10-29,2025-11-13,199.0,Paid
INV0006546,CUST00909,SUB00909,2025-11-29,2025-12-14,199.0,Paid
INV0006547,CUST00909,SUB00909,2025-12-29,2026-01-13,199.0,Paid
INV0006548,CUST00910,SUB00910,2025-06-10,2025-06-25,2029.8,Paid
INV0006549,CUST00911,SUB00911,2025-05-10,2025-05-25,805.8,Paid
INV0006550,CUST00912,SUB00912,2024-08-25,2024-09-09,29.0,Paid
INV0006551,CUST00912,SUB00912,2024-09-25,2024-10-10,29.0,Paid
INV0006552,CUST00912,SUB00912,2024-10-25,2024-11-09,29.0,Paid
INV0006553,CUST00912,SUB00912,2024-11-25,2024-12-10,29.0,Paid
INV0006554,CUST00912,SUB00912,2024-12-25,2025-01-09,29.0,Paid
INV0006555,CUST00912,SUB00912,2025-01-25,2025-02-09,29.0,Paid
INV0006556,CUST00912,SUB00912,2025-02-25,2025-03-12,29.0,Paid
INV0006557,CUST00912,SUB00912,2025-03-25,2025-04-09,29.0,Paid
INV0006558,CUST00912,SUB00912,2025-04-25,2025-05-10,29.0,Paid
INV0006559,CUST00912,SUB00912,2025-05-25,2025-06-09,29.0,Paid
INV0006560,CUST00912,SUB00912,2025-06-25,2025-07-10,29.0,Paid
INV0006561,CUST00912,SUB00912,2025-07-25,2025-08-09,29.0,Paid
INV0006562,CUST00913,SUB00913,2025-06-14,2025-06-29,805.8,Paid
INV0006563,CUST00914,SUB00914,2024-02-17,2024-03-03,29.0,Paid
INV0006564,CUST00914,SUB00914,2024-03-17,2024-04-01,29.0,Paid
INV0006565,CUST00914,SUB00914,2024-04-17,2024-05-02,29.0,Paid
INV0006566,CUST00914,SUB00914,2024-05-17,2024-06-01,29.0,Paid
INV0006567,CUST00914,SUB00914,2024-06-17,2024-07-02,29.0,Paid
INV0006568,CUST00914,SUB00914,2024-07-17,2024-08-01,29.0,Paid
INV0006569,CUST00914,SUB00914,2024-08-17,2024-09-01,29.0,Paid
INV0006570,CUST00914,SUB00914,2024-09-17,2024-10-02,29.0,Paid
INV0006571,CUST00914,SUB00914,2024-10-17,2024-11-01,29.0,Paid
INV0006572,CUST00914,SUB00914,2024-11-17,2024-12-02,29.0,Paid
INV0006573,CUST00914,SUB00914,2024-12-17,2025-01-01,29.0,Paid
INV0006574,CUST00914,SUB00914,2025-01-17,2025-02-01,29.0,Paid
INV0006575,CUST00915,SUB00915,2024-09-26,2024-10-11,295.8,Overdue
INV0006576,CUST00915,SUB00915,2025-09-26,2025-10-11,295.8,Paid
INV0006577,CUST00916,SUB00916,2025-01-09,2025-01-24,79.0,Paid
INV0006578,CUST00916,SUB00916,2025-02-09,2025-02-24,79.0,Paid
INV0006579,CUST00916,SUB00916,2025-03-09,2025-03-24,79.0,Paid
INV0006580,CUST00916,SUB00916,2025-04-09,2025-04-24,79.0,Paid
INV0006581,CUST00916,SUB00916,2025-05-09,2025-05-24,79.0,Paid
INV0006582,CUST00916,SUB00916,2025-06-09,2025-06-24,79.0,Paid
INV0006583,CUST00917,SUB00917,2025-01-20,2025-02-04,29.0,Paid
INV0006584,CUST00917,SUB00917,2025-02-20,2025-03-07,29.0,Paid
INV0006585,CUST00917,SUB00917,2025-03-20,2025-04-04,29.0,Paid
INV0006586,CUST00917,SUB00917,2025-04-20,2025-05-05,29.0,Overdue
INV0006587,CUST00917,SUB00917,2025-05-20,2025-06-04,29.0,Paid
INV0006588,CUST00917,SUB00917,2025-06-20,2025-07-05,29.0,Paid
INV0006589,CUST00917,SUB00917,2025-07-20,2025-08-04,29.0,Paid
INV0006590,CUST00917,SUB00917,2025-08-20,2025-09-04,29.0,Paid
INV0006591,CUST00917,SUB00917,2025-09-20,2025-10-05,29.0,Paid
INV0006592,CUST00917,SUB00917,2025-10-20,2025-11-04,29.0,Paid
INV0006593,CUST00917,SUB00917,2025-11-20,2025-12-05,29.0,Paid
INV0006594,CUST00917,SUB00917,2025-12-20,2026-01-04,29.0,Paid
INV0006595,CUST00918,SUB00918,2024-12-19,2025-01-03,79.0,Paid
INV0006596,CUST00918,SUB00918,2025-01-19,2025-02-03,79.0,Paid
INV0006597,CUST00918,SUB00918,2025-02-19,2025-03-06,79.0,Paid
INV0006598,CUST00918,SUB00918,2025-03-19,2025-04-03,79.0,Paid
INV0006599,CUST00918,SUB00918,2025-04-19,2025-05-04,79.0,Paid
INV0006600,CUST00918,SUB00918,2025-05-19,2025-06-03,79.0,Pending
INV0006601,CUST00918,SUB00918,2025-06-19,2025-07-04,79.0,Pending
INV0006602,CUST00918,SUB00918,2025-07-19,2025-08-03,79.0,Pending
INV0006603,CUST00918,SUB00918,2025-08-19,2025-09-03,79.0,Paid
INV0006604,CUST00918,SUB00918,2025-09-19,2025-10-04,79.0,Paid
INV0006605,CUST00918,SUB00918,2025-10-19,2025-11-03,79.0,Paid
INV0006606,CUST00918,SUB00918,2025-11-19,2025-12-04,79.0,Paid
INV0006607,CUST00918,SUB00918,2025-12-19,2026-01-03,79.0,Paid
INV0006608,CUST00919,SUB00919,2025-05-28,2025-06-12,29.0,Paid
INV0006609,CUST00919,SUB00919,2025-06-28,2025-07-13,29.0,Paid
INV0006610,CUST00919,SUB00919,2025-07-28,2025-08-12,29.0,Paid
INV0006611,CUST00919,SUB00919,2025-08-28,2025-09-12,29.0,Paid
INV0006612,CUST00919,SUB00919,2025-09-28,2025-10-13,29.0,Paid
INV0006613,CUST00919,SUB00919,2025-10-28,2025-11-12,29.0,Paid
INV0006614,CUST00920,SUB00920,2025-06-10,2025-06-25,79.0,Paid
INV0006615,CUST00920,SUB00920,2025-07-10,2025-07-25,79.0,Paid
INV0006616,CUST00920,SUB00920,2025-08-10,2025-08-25,79.0,Paid
INV0006617,CUST00920,SUB00920,2025-09-10,2025-09-25,79.0,Paid
INV0006618,CUST00920,SUB00920,2025-10-10,2025-10-25,79.0,Paid
INV0006619,CUST00920,SUB00920,2025-11-10,2025-11-25,79.0,Paid
INV0006620,CUST00920,SUB00920,2025-12-10,2025-12-25,79.0,Paid
INV0006621,CUST00921,SUB00921,2025-01-05,2025-01-20,29.0,Paid
INV0006622,CUST00921,SUB00921,2025-02-05,2025-02-20,29.0,Paid
INV0006623,CUST00921,SUB00921,2025-03-05,2025-03-20,29.0,Paid
INV0006624,CUST00921,SUB00921,2025-04-05,2025-04-20,29.0,Paid
INV0006625,CUST00921,SUB00921,2025-05-05,2025-05-20,29.0,Paid
INV0006626,CUST00921,SUB00921,2025-06-05,2025-06-20,29.0,Paid
INV0006627,CUST00921,SUB00921,2025-07-05,2025-07-20,29.0,Paid
INV0006628,CUST00921,SUB00921,2025-08-05,2025-08-20,29.0,Paid
INV0006629,CUST00921,SUB00921,2025-09-05,2025-09-20,29.0,Overdue
INV0006630,CUST00921,SUB00921,2025-10-05,2025-10-20,29.0,Paid
INV0006631,CUST00921,SUB00921,2025-11-05,2025-11-20,29.0,Paid
INV0006632,CUST00921,SUB00921,2025-12-05,2025-12-20,29.0,Paid
INV0006633,CUST00922,SUB00922,2025-02-28,2025-03-15,805.8,Paid
INV0006634,CUST00923,SUB00923,2025-05-05,2025-05-20,79.0,Paid
INV0006635,CUST00923,SUB00923,2025-06-05,2025-06-20,79.0,Paid
INV0006636,CUST00923,SUB00923,2025-07-05,2025-07-20,79.0,Paid
INV0006637,CUST00923,SUB00923,2025-08-05,2025-08-20,79.0,Paid
INV0006638,CUST00923,SUB00923,2025-09-05,2025-09-20,79.0,Paid
INV0006639,CUST00923,SUB00923,2025-10-05,2025-10-20,79.0,Paid
INV0006640,CUST00923,SUB00923,2025-11-05,2025-11-20,79.0,Paid
INV0006641,CUST00923,SUB00923,2025-12-05,2025-12-20,79.0,Paid
INV0006642,CUST00924,SUB00924,2024-01-23,2024-02-07,79.0,Paid
INV0006643,CUST00924,SUB00924,2024-02-23,2024-03-09,79.0,Paid
INV0006644,CUST00924,SUB00924,2024-03-23,2024-04-07,79.0,Paid
INV0006645,CUST00924,SUB00924,2024-04-23,2024-05-08,79.0,Paid
INV0006646,CUST00924,SUB00924,2024-05-23,2024-06-07,79.0,Paid
INV0006647,CUST00924,SUB00924,2024-06-23,2024-07-08,79.0,Paid
INV0006648,CUST00924,SUB00924,2024-07-23,2024-08-07,79.0,Paid
INV0006649,CUST00924,SUB00924,2024-08-23,2024-09-07,79.0,Paid
INV0006650,CUST00924,SUB00924,2024-09-23,2024-10-08,79.0,Paid
INV0006651,CUST00924,SUB00924,2024-10-23,2024-11-07,79.0,Paid
INV0006652,CUST00924,SUB00924,2024-11-23,2024-12-08,79.0,Paid
INV0006653,CUST00924,SUB00924,2024-12-23,2025-01-07,79.0,Paid
INV0006654,CUST00924,SUB00924,2025-01-23,2025-02-07,79.0,Overdue
INV0006655,CUST00924,SUB00924,2025-02-23,2025-03-10,79.0,Paid
INV0006656,CUST00924,SUB00924,2025-03-23,2025-04-07,79.0,Paid
INV0006657,CUST00924,SUB00924,2025-04-23,2025-05-08,79.0,Paid
INV0006658,CUST00924,SUB00924,2025-05-23,2025-06-07,79.0,Paid
INV0006659,CUST00924,SUB00924,2025-06-23,2025-07-08,79.0,Paid
INV0006660,CUST00924,SUB00924,2025-07-23,2025-08-07,79.0,Paid
INV0006661,CUST00924,SUB00924,2025-08-23,2025-09-07,79.0,Paid
INV0006662,CUST00924,SUB00924,2025-09-23,2025-10-08,79.0,Paid
INV0006663,CUST00924,SUB00924,2025-10-23,2025-11-07,79.0,Paid
INV0006664,CUST00924,SUB00924,2025-11-23,2025-12-08,79.0,Paid
INV0006665,CUST00924,SUB00924,2025-12-23,2026-01-07,79.0,Overdue
INV0006666,CUST00925,SUB00925,2024-05-17,2024-06-01,295.8,Paid
INV0006667,CUST00926,SUB00926,2024-02-27,2024-03-13,79.0,Paid
INV0006668,CUST00926,SUB00926,2024-03-27,2024-04-11,79.0,Paid
INV0006669,CUST00926,SUB00926,2024-04-27,2024-05-12,79.0,Paid
INV0006670,CUST00926,SUB00926,2024-05-27,2024-06-11,79.0,Paid
INV0006671,CUST00926,SUB00926,2024-06-27,2024-07-12,79.0,Paid
INV0006672,CUST00926,SUB00926,2024-07-27,2024-08-11,79.0,Paid
INV0006673,CUST00926,SUB00926,2024-08-27,2024-09-11,79.0,Paid
INV0006674,CUST00926,SUB00926,2024-09-27,2024-10-12,79.0,Paid
INV0006675,CUST00926,SUB00926,2024-10-27,2024-11-11,79.0,Paid
INV0006676,CUST00926,SUB00926,2024-11-27,2024-12-12,79.0,Paid
INV0006677,CUST00926,SUB00926,2024-12-27,2025-01-11,79.0,Paid
INV0006678,CUST00926,SUB00926,2025-01-27,2025-02-11,79.0,Paid
INV0006679,CUST00926,SUB00926,2025-02-27,2025-03-14,79.0,Paid
INV0006680,CUST00926,SUB00926,2025-03-27,2025-04-11,79.0,Paid
INV0006681,CUST00926,SUB00926,2025-04-27,2025-05-12,79.0,Paid
INV0006682,CUST00926,SUB00926,2025-05-27,2025-06-11,79.0,Overdue
INV0006683,CUST00926,SUB00926,2025-06-27,2025-07-12,79.0,Paid
INV0006684,CUST00926,SUB00926,2025-07-27,2025-08-11,79.0,Paid
INV0006685,CUST00927,SUB00927,2025-09-05,2025-09-20,295.8,Paid
INV0006686,CUST00928,SUB00928,2024-03-28,2024-04-12,805.8,Paid
INV0006687,CUST00928,SUB00928,2025-03-28,2025-04-12,805.8,Paid
INV0006688,CUST00929,SUB00929,2024-06-23,2024-07-08,199.0,Paid
INV0006689,CUST00929,SUB00929,2024-07-23,2024-08-07,199.0,Paid
INV0006690,CUST00929,SUB00929,2024-08-23,2024-09-07,199.0,Paid
INV0006691,CUST00929,SUB00929,2024-09-23,2024-10-08,199.0,Paid
INV0006692,CUST00929,SUB00929,2024-10-23,2024-11-07,199.0,Paid
INV0006693,CUST00929,SUB00929,2024-11-23,2024-12-08,199.0,Overdue
INV0006694,CUST00929,SUB00929,2024-12-23,2025-01-07,199.0,Paid
INV0006695,CUST00929,SUB00929,2025-01-23,2025-02-07,199.0,Paid
INV0006696,CUST00929,SUB00929,2025-02-23,2025-03-10,199.0,Pending
INV0006697,CUST00929,SUB00929,2025-03-23,2025-04-07,199.0,Paid
INV0006698,CUST00929,SUB00929,2025-04-23,2025-05-08,199.0,Paid
INV0006699,CUST00929,SUB00929,2025-05-23,2025-06-07,199.0,Paid
INV0006700,CUST00930,SUB00930,2025-09-30,2025-10-15,805.8,Paid
INV0006701,CUST00931,SUB00931,2025-04-09,2025-04-24,29.0,Paid
INV0006702,CUST00931,SUB00931,2025-05-09,2025-05-24,29.0,Paid
INV0006703,CUST00931,SUB00931,2025-06-09,2025-06-24,29.0,Paid
INV0006704,CUST00931,SUB00931,2025-07-09,2025-07-24,29.0,Paid
INV0006705,CUST00931,SUB00931,2025-08-09,2025-08-24,29.0,Paid
INV0006706,CUST00931,SUB00931,2025-09-09,2025-09-24,29.0,Paid
INV0006707,CUST00931,SUB00931,2025-10-09,2025-10-24,29.0,Paid
INV0006708,CUST00931,SUB00931,2025-11-09,2025-11-24,29.0,Paid
INV0006709,CUST00931,SUB00931,2025-12-09,2025-12-24,29.0,Paid
INV0006710,CUST00932,SUB00932,2024-05-15,2024-05-30,79.0,Paid
INV0006711,CUST00932,SUB00932,2024-06-15,2024-06-30,79.0,Overdue
INV0006712,CUST00932,SUB00932,2024-07-15,2024-07-30,79.0,Paid
INV0006713,CUST00932,SUB00932,2024-08-15,2024-08-30,79.0,Paid
INV0006714,CUST00932,SUB00932,2024-09-15,2024-09-30,79.0,Paid
INV0006715,CUST00932,SUB00932,2024-10-15,2024-10-30,79.0,Paid
INV0006716,CUST00932,SUB00932,2024-11-15,2024-11-30,79.0,Paid
INV0006717,CUST00932,SUB00932,2024-12-15,2024-12-30,29.0,Paid
INV0006718,CUST00932,SUB00932,2025-01-15,2025-01-30,29.0,Paid
INV0006719,CUST00932,SUB00932,2025-02-15,2025-03-02,29.0,Paid
INV0006720,CUST00932,SUB00932,2025-03-15,2025-03-30,29.0,Paid
INV0006721,CUST00932,SUB00932,2025-04-15,2025-04-30,29.0,Pending
INV0006722,CUST00933,SUB00933,2024-06-02,2024-06-17,29.0,Paid
INV0006723,CUST00933,SUB00933,2024-07-02,2024-07-17,29.0,Paid
INV0006724,CUST00933,SUB00933,2024-08-02,2024-08-17,29.0,Paid
INV0006725,CUST00933,SUB00933,2024-09-02,2024-09-17,29.0,Paid
INV0006726,CUST00933,SUB00933,2024-10-02,2024-10-17,29.0,Paid
INV0006727,CUST00933,SUB00933,2024-11-02,2024-11-17,29.0,Paid
INV0006728,CUST00933,SUB00933,2024-12-02,2024-12-17,29.0,Overdue
INV0006729,CUST00933,SUB00933,2025-01-02,2025-01-17,29.0,Paid
INV0006730,CUST00933,SUB00933,2025-02-02,2025-02-17,29.0,Paid
INV0006731,CUST00933,SUB00933,2025-03-02,2025-03-17,29.0,Paid
INV0006732,CUST00933,SUB00933,2025-04-02,2025-04-17,29.0,Overdue
INV0006733,CUST00933,SUB00933,2025-05-02,2025-05-17,29.0,Paid
INV0006734,CUST00933,SUB00933,2025-06-02,2025-06-17,29.0,Paid
INV0006735,CUST00933,SUB00933,2025-07-02,2025-07-17,29.0,Paid
INV0006736,CUST00933,SUB00933,2025-08-02,2025-08-17,29.0,Pending
INV0006737,CUST00933,SUB00933,2025-09-02,2025-09-17,29.0,Paid
INV0006738,CUST00933,SUB00933,2025-10-02,2025-10-17,29.0,Overdue
INV0006739,CUST00933,SUB00933,2025-11-02,2025-11-17,29.0,Paid
INV0006740,CUST00933,SUB00933,2025-12-02,2025-12-17,29.0,Paid
INV0006741,CUST00934,SUB00934,2025-06-28,2025-07-13,29.0,Pending
INV0006742,CUST00934,SUB00934,2025-07-28,2025-08-12,29.0,Paid
INV0006743,CUST00934,SUB00934,2025-08-28,2025-09-12,29.0,Paid
INV0006744,CUST00934,SUB00934,2025-09-28,2025-10-13,29.0,Paid
INV0006745,CUST00934,SUB00934,2025-10-28,2025-11-12,29.0,Paid
INV0006746,CUST00934,SUB00934,2025-11-28,2025-12-13,29.0,Paid
INV0006747,CUST00935,SUB00935,2025-09-09,2025-09-24,29.0,Paid
INV0006748,CUST00935,SUB00935,2025-10-09,2025-10-24,29.0,Overdue
INV0006749,CUST00935,SUB00935,2025-11-09,2025-11-24,29.0,Paid
INV0006750,CUST00935,SUB00935,2025-12-09,2025-12-24,29.0,Overdue
INV0006751,CUST00936,SUB00936,2025-06-18,2025-07-03,199.0,Paid
INV0006752,CUST00936,SUB00936,2025-07-18,2025-08-02,199.0,Paid
INV0006753,CUST00936,SUB00936,2025-08-18,2025-09-02,199.0,Paid
INV0006754,CUST00936,SUB00936,2025-09-18,2025-10-03,199.0,Paid
INV0006755,CUST00936,SUB00936,2025-10-18,2025-11-02,199.0,Overdue
INV0006756,CUST00936,SUB00936,2025-11-18,2025-12-03,199.0,Paid
INV0006757,CUST00936,SUB00936,2025-12-18,2026-01-02,199.0,Paid
INV0006758,CUST00937,SUB00937,2024-08-22,2024-09-06,295.8,Paid
INV0006759,CUST00937,SUB00937,2025-08-22,2025-09-06,295.8,Paid
INV0006760,CUST00938,SUB00938,2024-12-24,2025-01-08,79.0,Paid
INV0006761,CUST00938,SUB00938,2025-01-24,2025-02-08,79.0,Paid
INV0006762,CUST00938,SUB00938,2025-02-24,2025-03-11,79.0,Overdue
INV0006763,CUST00938,SUB00938,2025-03-24,2025-04-08,79.0,Paid
INV0006764,CUST00938,SUB00938,2025-04-24,2025-05-09,79.0,Paid
INV0006765,CUST00938,SUB00938,2025-05-24,2025-06-08,79.0,Paid
INV0006766,CUST00938,SUB00938,2025-06-24,2025-07-09,79.0,Paid
INV0006767,CUST00938,SUB00938,2025-07-24,2025-08-08,79.0,Paid
INV0006768,CUST00938,SUB00938,2025-08-24,2025-09-08,79.0,Paid
INV0006769,CUST00938,SUB00938,2025-09-24,2025-10-09,79.0,Paid
INV0006770,CUST00938,SUB00938,2025-10-24,2025-11-08,79.0,Paid
INV0006771,CUST00938,SUB00938,2025-11-24,2025-12-09,79.0,Paid
INV0006772,CUST00939,SUB00939,2025-03-11,2025-03-26,2029.8,Paid
INV0006773,CUST00940,SUB00940,2024-10-17,2024-11-01,79.0,Paid
INV0006774,CUST00940,SUB00940,2024-11-17,2024-12-02,79.0,Paid
INV0006775,CUST00940,SUB00940,2024-12-17,2025-01-01,79.0,Paid
INV0006776,CUST00940,SUB00940,2025-01-17,2025-02-01,79.0,Paid
INV0006777,CUST00940,SUB00940,2025-02-17,2025-03-04,79.0,Paid
INV0006778,CUST00940,SUB00940,2025-03-17,2025-04-01,199.0,Paid
INV0006779,CUST00940,SUB00940,2025-04-17,2025-05-02,199.0,Paid
INV0006780,CUST00940,SUB00940,2025-05-17,2025-06-01,199.0,Paid
INV0006781,CUST00940,SUB00940,2025-06-17,2025-07-02,199.0,Paid
INV0006782,CUST00940,SUB00940,2025-07-17,2025-08-01,199.0,Paid
INV0006783,CUST00940,SUB00940,2025-08-17,2025-09-01,199.0,Paid
INV0006784,CUST00940,SUB00940,2025-09-17,2025-10-02,199.0,Paid
INV0006785,CUST00941,SUB00941,2024-01-06,2024-01-21,295.8,Paid
INV0006786,CUST00941,SUB00941,2025-01-06,2025-01-21,295.8,Paid
INV0006787,CUST00942,SUB00942,2025-06-16,2025-07-01,79.0,Paid
INV0006788,CUST00942,SUB00942,2025-07-16,2025-07-31,79.0,Paid
INV0006789,CUST00942,SUB00942,2025-08-16,2025-08-31,79.0,Paid
INV0006790,CUST00942,SUB00942,2025-09-16,2025-10-01,79.0,Paid
INV0006791,CUST00942,SUB00942,2025-10-16,2025-10-31,79.0,Paid
INV0006792,CUST00942,SUB00942,2025-11-16,2025-12-01,79.0,Paid
INV0006793,CUST00942,SUB00942,2025-12-16,2025-12-31,79.0,Paid
INV0006794,CUST00943,SUB00943,2025-02-22,2025-03-09,29.0,Paid
INV0006795,CUST00943,SUB00943,2025-03-22,2025-04-06,29.0,Paid
INV0006796,CUST00943,SUB00943,2025-04-22,2025-05-07,29.0,Paid
INV0006797,CUST00943,SUB00943,2025-05-22,2025-06-06,29.0,Paid
INV0006798,CUST00943,SUB00943,2025-06-22,2025-07-07,29.0,Paid
INV0006799,CUST00943,SUB00943,2025-07-22,2025-08-06,29.0,Paid
INV0006800,CUST00943,SUB00943,2025-08-22,2025-09-06,29.0,Paid
INV0006801,CUST00943,SUB00943,2025-09-22,2025-10-07,29.0,Paid
INV0006802,CUST00943,SUB00943,2025-10-22,2025-11-06,29.0,Paid
INV0006803,CUST00943,SUB00943,2025-11-22,2025-12-07,29.0,Paid
INV0006804,CUST00943,SUB00943,2025-12-22,2026-01-06,29.0,Paid
INV0006805,CUST00944,SUB00944,2024-09-24,2024-10-09,295.8,Paid
INV0006806,CUST00944,SUB00944,2025-09-24,2025-10-09,295.8,Paid
INV0006807,CUST00945,SUB00945,2025-11-27,2025-12-12,79.0,Paid
INV0006808,CUST00945,SUB00945,2025-12-27,2026-01-11,79.0,Paid
INV0006809,CUST00946,SUB00946,2024-07-02,2024-07-17,29.0,Paid
INV0006810,CUST00946,SUB00946,2024-08-02,2024-08-17,29.0,Paid
INV0006811,CUST00946,SUB00946,2024-09-02,2024-09-17,29.0,Paid
INV0006812,CUST00946,SUB00946,2024-10-02,2024-10-17,29.0,Paid
INV0006813,CUST00946,SUB00946,2024-11-02,2024-11-17,29.0,Paid
INV0006814,CUST00946,SUB00946,2024-12-02,2024-12-17,29.0,Paid
INV0006815,CUST00946,SUB00946,2025-01-02,2025-01-17,29.0,Paid
INV0006816,CUST00946,SUB00946,2025-02-02,2025-02-17,29.0,Overdue
INV0006817,CUST00946,SUB00946,2025-03-02,2025-03-17,29.0,Paid
INV0006818,CUST00946,SUB00946,2025-04-02,2025-04-17,29.0,Paid
INV0006819,CUST00946,SUB00946,2025-05-02,2025-05-17,29.0,Paid
INV0006820,CUST00946,SUB00946,2025-06-02,2025-06-17,29.0,Paid
INV0006821,CUST00946,SUB00946,2025-07-02,2025-07-17,29.0,Pending
INV0006822,CUST00946,SUB00946,2025-08-02,2025-08-17,29.0,Paid
INV0006823,CUST00946,SUB00946,2025-09-02,2025-09-17,29.0,Paid
INV0006824,CUST00946,SUB00946,2025-10-02,2025-10-17,29.0,Paid
INV0006825,CUST00946,SUB00946,2025-11-02,2025-11-17,29.0,Paid
INV0006826,CUST00946,SUB00946,2025-12-02,2025-12-17,29.0,Pending
INV0006827,CUST00947,SUB00947,2025-08-14,2025-08-29,29.0,Paid
INV0006828,CUST00947,SUB00947,2025-09-14,2025-09-29,29.0,Pending
INV0006829,CUST00947,SUB00947,2025-10-14,2025-10-29,29.0,Paid
INV0006830,CUST00947,SUB00947,2025-11-14,2025-11-29,29.0,Paid
INV0006831,CUST00947,SUB00947,2025-12-14,2025-12-29,29.0,Paid
INV0006832,CUST00948,SUB00948,2025-11-06,2025-11-21,805.8,Overdue
INV0006833,CUST00949,SUB00949,2024-04-12,2024-04-27,29.0,Paid
INV0006834,CUST00949,SUB00949,2024-05-12,2024-05-27,29.0,Paid
INV0006835,CUST00949,SUB00949,2024-06-12,2024-06-27,29.0,Paid
INV0006836,CUST00949,SUB00949,2024-07-12,2024-07-27,29.0,Paid
INV0006837,CUST00949,SUB00949,2024-08-12,2024-08-27,29.0,Paid
INV0006838,CUST00949,SUB00949,2024-09-12,2024-09-27,29.0,Paid
INV0006839,CUST00949,SUB00949,2024-10-12,2024-10-27,29.0,Paid
INV0006840,CUST00949,SUB00949,2024-11-12,2024-11-27,29.0,Paid
INV0006841,CUST00949,SUB00949,2024-12-12,2024-12-27,29.0,Paid
INV0006842,CUST00949,SUB00949,2025-01-12,2025-01-27,29.0,Paid
INV0006843,CUST00949,SUB00949,2025-02-12,2025-02-27,29.0,Paid
INV0006844,CUST00949,SUB00949,2025-03-12,2025-03-27,29.0,Paid
INV0006845,CUST00950,SUB00950,2024-06-13,2024-06-28,295.8,Paid
INV0006846,CUST00950,SUB00950,2025-06-13,2025-06-28,295.8,Paid
INV0006847,CUST00951,SUB00951,2024-05-28,2024-06-12,29.0,Paid
INV0006848,CUST00951,SUB00951,2024-06-28,2024-07-13,29.0,Paid
INV0006849,CUST00951,SUB00951,2024-07-28,2024-08-12,29.0,Paid
INV0006850,CUST00951,SUB00951,2024-08-28,2024-09-12,29.0,Paid
INV0006851,CUST00951,SUB00951,2024-09-28,2024-10-13,29.0,Paid
INV0006852,CUST00951,SUB00951,2024-10-28,2024-11-12,29.0,Paid
INV0006853,CUST00951,SUB00951,2024-11-28,2024-12-13,29.0,Paid
INV0006854,CUST00951,SUB00951,2024-12-28,2025-01-12,29.0,Paid
INV0006855,CUST00951,SUB00951,2025-01-28,2025-02-12,29.0,Paid
INV0006856,CUST00951,SUB00951,2025-02-28,2025-03-15,29.0,Paid
INV0006857,CUST00951,SUB00951,2025-03-28,2025-04-12,29.0,Paid
INV0006858,CUST00951,SUB00951,2025-04-28,2025-05-13,29.0,Paid
INV0006859,CUST00951,SUB00951,2025-05-28,2025-06-12,29.0,Overdue
INV0006860,CUST00951,SUB00951,2025-06-28,2025-07-13,29.0,Paid
INV0006861,CUST00951,SUB00951,2025-07-28,2025-08-12,29.0,Paid
INV0006862,CUST00951,SUB00951,2025-08-28,2025-09-12,29.0,Paid
INV0006863,CUST00951,SUB00951,2025-09-28,2025-10-13,29.0,Paid
INV0006864,CUST00951,SUB00951,2025-10-28,2025-11-12,29.0,Paid
INV0006865,CUST00951,SUB00951,2025-11-28,2025-12-13,29.0,Paid
INV0006866,CUST00951,SUB00951,2025-12-28,2026-01-12,29.0,Paid
INV0006867,CUST00952,SUB00952,2024-09-26,2024-10-11,29.0,Paid
INV0006868,CUST00952,SUB00952,2024-10-26,2024-11-10,29.0,Paid
INV0006869,CUST00952,SUB00952,2024-11-26,2024-12-11,29.0,Paid
INV0006870,CUST00952,SUB00952,2024-12-26,2025-01-10,29.0,Paid
INV0006871,CUST00952,SUB00952,2025-01-26,2025-02-10,29.0,Paid
INV0006872,CUST00952,SUB00952,2025-02-26,2025-03-13,29.0,Paid
INV0006873,CUST00952,SUB00952,2025-03-26,2025-04-10,29.0,Paid
INV0006874,CUST00952,SUB00952,2025-04-26,2025-05-11,29.0,Paid
INV0006875,CUST00952,SUB00952,2025-05-26,2025-06-10,29.0,Paid
INV0006876,CUST00952,SUB00952,2025-06-26,2025-07-11,29.0,Paid
INV0006877,CUST00952,SUB00952,2025-07-26,2025-08-10,29.0,Paid
INV0006878,CUST00952,SUB00952,2025-08-26,2025-09-10,29.0,Overdue
INV0006879,CUST00952,SUB00952,2025-09-26,2025-10-11,29.0,Paid
INV0006880,CUST00952,SUB00952,2025-10-26,2025-11-10,29.0,Paid
INV0006881,CUST00952,SUB00952,2025-11-26,2025-12-11,29.0,Paid
INV0006882,CUST00952,SUB00952,2025-12-26,2026-01-10,29.0,Paid
INV0006883,CUST00953,SUB00953,2025-02-14,2025-03-01,2029.8,Paid
INV0006884,CUST00954,SUB00954,2024-06-28,2024-07-13,29.0,Overdue
INV0006885,CUST00954,SUB00954,2024-07-28,2024-08-12,29.0,Paid
INV0006886,CUST00954,SUB00954,2024-08-28,2024-09-12,29.0,Paid
INV0006887,CUST00954,SUB00954,2024-09-28,2024-10-13,29.0,Pending
INV0006888,CUST00954,SUB00954,2024-10-28,2024-11-12,29.0,Paid
INV0006889,CUST00954,SUB00954,2024-11-28,2024-12-13,29.0,Overdue
INV0006890,CUST00954,SUB00954,2024-12-28,2025-01-12,29.0,Paid
INV0006891,CUST00954,SUB00954,2025-01-28,2025-02-12,29.0,Paid
INV0006892,CUST00954,SUB00954,2025-02-28,2025-03-15,29.0,Paid
INV0006893,CUST00954,SUB00954,2025-03-28,2025-04-12,79.0,Paid
INV0006894,CUST00954,SUB00954,2025-04-28,2025-05-13,79.0,Paid
INV0006895,CUST00954,SUB00954,2025-05-28,2025-06-12,79.0,Paid
INV0006896,CUST00954,SUB00954,2025-06-28,2025-07-13,79.0,Paid
INV0006897,CUST00954,SUB00954,2025-07-28,2025-08-12,79.0,Paid
INV0006898,CUST00954,SUB00954,2025-08-28,2025-09-12,79.0,Paid
INV0006899,CUST00954,SUB00954,2025-09-28,2025-10-13,79.0,Paid
INV0006900,CUST00954,SUB00954,2025-10-28,2025-11-12,79.0,Paid
INV0006901,CUST00954,SUB00954,2025-11-28,2025-12-13,79.0,Paid
INV0006902,CUST00955,SUB00955,2024-07-18,2024-08-02,805.8,Paid
INV0006903,CUST00956,SUB00956,2025-09-21,2025-10-06,29.0,Paid
INV0006904,CUST00956,SUB00956,2025-10-21,2025-11-05,29.0,Overdue
INV0006905,CUST00956,SUB00956,2025-11-21,2025-12-06,29.0,Overdue
INV0006906,CUST00956,SUB00956,2025-12-21,2026-01-05,29.0,Pending
INV0006907,CUST00957,SUB00957,2024-06-10,2024-06-25,29.0,Paid
INV0006908,CUST00957,SUB00957,2024-07-10,2024-07-25,29.0,Pending
INV0006909,CUST00957,SUB00957,2024-08-10,2024-08-25,29.0,Overdue
INV0006910,CUST00957,SUB00957,2024-09-10,2024-09-25,29.0,Paid
INV0006911,CUST00957,SUB00957,2024-10-10,2024-10-25,29.0,Paid
INV0006912,CUST00957,SUB00957,2024-11-10,2024-11-25,29.0,Paid
INV0006913,CUST00957,SUB00957,2024-12-10,2024-12-25,29.0,Paid
INV0006914,CUST00957,SUB00957,2025-01-10,2025-01-25,29.0,Paid
INV0006915,CUST00957,SUB00957,2025-02-10,2025-02-25,29.0,Paid
INV0006916,CUST00957,SUB00957,2025-03-10,2025-03-25,29.0,Paid
INV0006917,CUST00957,SUB00957,2025-04-10,2025-04-25,29.0,Pending
INV0006918,CUST00957,SUB00957,2025-05-10,2025-05-25,29.0,Paid
INV0006919,CUST00957,SUB00957,2025-06-10,2025-06-25,29.0,Paid
INV0006920,CUST00957,SUB00957,2025-07-10,2025-07-25,29.0,Paid
INV0006921,CUST00957,SUB00957,2025-08-10,2025-08-25,29.0,Pending
INV0006922,CUST00957,SUB00957,2025-09-10,2025-09-25,29.0,Paid
INV0006923,CUST00957,SUB00957,2025-10-10,2025-10-25,29.0,Paid
INV0006924,CUST00957,SUB00957,2025-11-10,2025-11-25,29.0,Paid
INV0006925,CUST00958,SUB00958,2025-11-16,2025-12-01,805.8,Pending
INV0006926,CUST00959,SUB00959,2025-12-21,2026-01-05,199.0,Paid
INV0006927,CUST00960,SUB00960,2024-12-21,2025-01-05,805.8,Paid
INV0006928,CUST00961,SUB00961,2025-04-10,2025-04-25,29.0,Paid
INV0006929,CUST00961,SUB00961,2025-05-10,2025-05-25,29.0,Paid
INV0006930,CUST00961,SUB00961,2025-06-10,2025-06-25,29.0,Paid
INV0006931,CUST00961,SUB00961,2025-07-10,2025-07-25,29.0,Paid
INV0006932,CUST00961,SUB00961,2025-08-10,2025-08-25,29.0,Paid
INV0006933,CUST00961,SUB00961,2025-09-10,2025-09-25,29.0,Overdue
INV0006934,CUST00961,SUB00961,2025-10-10,2025-10-25,29.0,Paid
INV0006935,CUST00961,SUB00961,2025-11-10,2025-11-25,29.0,Paid
INV0006936,CUST00961,SUB00961,2025-12-10,2025-12-25,29.0,Paid
INV0006937,CUST00962,SUB00962,2025-02-20,2025-03-07,79.0,Paid
INV0006938,CUST00962,SUB00962,2025-03-20,2025-04-04,79.0,Paid
INV0006939,CUST00962,SUB00962,2025-04-20,2025-05-05,79.0,Paid
INV0006940,CUST00962,SUB00962,2025-05-20,2025-06-04,79.0,Paid
INV0006941,CUST00962,SUB00962,2025-06-20,2025-07-05,79.0,Paid
INV0006942,CUST00962,SUB00962,2025-07-20,2025-08-04,79.0,Paid
INV0006943,CUST00962,SUB00962,2025-08-20,2025-09-04,79.0,Paid
INV0006944,CUST00962,SUB00962,2025-09-20,2025-10-05,79.0,Overdue
INV0006945,CUST00962,SUB00962,2025-10-20,2025-11-04,79.0,Paid
INV0006946,CUST00962,SUB00962,2025-11-20,2025-12-05,79.0,Paid
INV0006947,CUST00962,SUB00962,2025-12-20,2026-01-04,79.0,Paid
INV0006948,CUST00963,SUB00963,2024-12-14,2024-12-29,29.0,Paid
INV0006949,CUST00963,SUB00963,2025-01-14,2025-01-29,29.0,Pending
INV0006950,CUST00963,SUB00963,2025-02-14,2025-03-01,29.0,Paid
INV0006951,CUST00963,SUB00963,2025-03-14,2025-03-29,29.0,Paid
INV0006952,CUST00963,SUB00963,2025-04-14,2025-04-29,29.0,Paid
INV0006953,CUST00963,SUB00963,2025-05-14,2025-05-29,29.0,Paid
INV0006954,CUST00963,SUB00963,2025-06-14,2025-06-29,29.0,Paid
INV0006955,CUST00963,SUB00963,2025-07-14,2025-07-29,29.0,Paid
INV0006956,CUST00963,SUB00963,2025-08-14,2025-08-29,29.0,Paid
INV0006957,CUST00963,SUB00963,2025-09-14,2025-09-29,29.0,Paid
INV0006958,CUST00963,SUB00963,2025-10-14,2025-10-29,29.0,Paid
INV0006959,CUST00963,SUB00963,2025-11-14,2025-11-29,29.0,Paid
INV0006960,CUST00964,SUB00964,2025-07-04,2025-07-19,295.8,Paid
INV0006961,CUST00965,SUB00965,2025-01-21,2025-02-05,29.0,Paid
INV0006962,CUST00965,SUB00965,2025-02-21,2025-03-08,29.0,Paid
INV0006963,CUST00965,SUB00965,2025-03-21,2025-04-05,29.0,Pending
INV0006964,CUST00965,SUB00965,2025-04-21,2025-05-06,29.0,Paid
INV0006965,CUST00965,SUB00965,2025-05-21,2025-06-05,29.0,Overdue
INV0006966,CUST00965,SUB00965,2025-06-21,2025-07-06,29.0,Overdue
INV0006967,CUST00965,SUB00965,2025-07-21,2025-08-05,29.0,Paid
INV0006968,CUST00965,SUB00965,2025-08-21,2025-09-05,29.0,Paid
INV0006969,CUST00965,SUB00965,2025-09-21,2025-10-06,29.0,Paid
INV0006970,CUST00965,SUB00965,2025-10-21,2025-11-05,29.0,Paid
INV0006971,CUST00965,SUB00965,2025-11-21,2025-12-06,29.0,Paid
INV0006972,CUST00965,SUB00965,2025-12-21,2026-01-05,29.0,Pending
INV0006973,CUST00966,SUB00966,2025-04-14,2025-04-29,295.8,Paid
INV0006974,CUST00967,SUB00967,2024-04-29,2024-05-14,199.0,Paid
INV0006975,CUST00967,SUB00967,2024-05-29,2024-06-13,199.0,Paid
INV0006976,CUST00967,SUB00967,2024-06-29,2024-07-14,199.0,Paid
INV0006977,CUST00967,SUB00967,2024-07-29,2024-08-13,199.0,Paid
INV0006978,CUST00967,SUB00967,2024-08-29,2024-09-13,199.0,Paid
INV0006979,CUST00967,SUB00967,2024-09-29,2024-10-14,199.0,Paid
INV0006980,CUST00967,SUB00967,2024-10-29,2024-11-13,199.0,Paid
INV0006981,CUST00967,SUB00967,2024-11-29,2024-12-14,199.0,Paid
INV0006982,CUST00967,SUB00967,2024-12-29,2025-01-13,199.0,Paid
INV0006983,CUST00967,SUB00967,2025-01-29,2025-02-13,199.0,Paid
INV0006984,CUST00967,SUB00967,2025-02-28,2025-03-15,199.0,Paid
INV0006985,CUST00967,SUB00967,2025-03-28,2025-04-12,199.0,Paid
INV0006986,CUST00967,SUB00967,2025-04-28,2025-05-13,199.0,Paid
INV0006987,CUST00967,SUB00967,2025-05-28,2025-06-12,199.0,Paid
INV0006988,CUST00967,SUB00967,2025-06-28,2025-07-13,199.0,Paid
INV0006989,CUST00967,SUB00967,2025-07-28,2025-08-12,199.0,Paid
INV0006990,CUST00967,SUB00967,2025-08-28,2025-09-12,199.0,Paid
INV0006991,CUST00967,SUB00967,2025-09-28,2025-10-13,199.0,Paid
INV0006992,CUST00967,SUB00967,2025-10-28,2025-11-12,199.0,Paid
INV0006993,CUST00967,SUB00967,2025-11-28,2025-12-13,199.0,Paid
INV0006994,CUST00967,SUB00967,2025-12-28,2026-01-12,199.0,Paid
INV0006995,CUST00968,SUB00968,2025-11-24,2025-12-09,805.8,Paid
INV0006996,CUST00969,SUB00969,2025-06-12,2025-06-27,29.0,Paid
INV0006997,CUST00969,SUB00969,2025-07-12,2025-07-27,29.0,Paid
INV0006998,CUST00969,SUB00969,2025-08-12,2025-08-27,29.0,Paid
INV0006999,CUST00969,SUB00969,2025-09-12,2025-09-27,29.0,Paid
INV0007000,CUST00969,SUB00969,2025-10-12,2025-10-27,29.0,Paid
INV0007001,CUST00969,SUB00969,2025-11-12,2025-11-27,29.0,Paid
INV0007002,CUST00969,SUB00969,2025-12-12,2025-12-27,29.0,Paid
INV0007003,CUST00970,SUB00970,2024-10-21,2024-11-05,29.0,Paid
INV0007004,CUST00970,SUB00970,2024-11-21,2024-12-06,29.0,Paid
INV0007005,CUST00970,SUB00970,2024-12-21,2025-01-05,29.0,Paid
INV0007006,CUST00970,SUB00970,2025-01-21,2025-02-05,29.0,Paid
INV0007007,CUST00970,SUB00970,2025-02-21,2025-03-08,29.0,Paid
INV0007008,CUST00970,SUB00970,2025-03-21,2025-04-05,29.0,Paid
INV0007009,CUST00970,SUB00970,2025-04-21,2025-05-06,29.0,Paid
INV0007010,CUST00970,SUB00970,2025-05-21,2025-06-05,29.0,Paid
INV0007011,CUST00970,SUB00970,2025-06-21,2025-07-06,29.0,Paid
INV0007012,CUST00970,SUB00970,2025-07-21,2025-08-05,29.0,Paid
INV0007013,CUST00970,SUB00970,2025-08-21,2025-09-05,29.0,Paid
INV0007014,CUST00970,SUB00970,2025-09-21,2025-10-06,29.0,Paid
INV0007015,CUST00971,SUB00971,2024-03-18,2024-04-02,199.0,Paid
INV0007016,CUST00971,SUB00971,2024-04-18,2024-05-03,199.0,Paid
INV0007017,CUST00971,SUB00971,2024-05-18,2024-06-02,199.0,Paid
INV0007018,CUST00971,SUB00971,2024-06-18,2024-07-03,199.0,Paid
INV0007019,CUST00971,SUB00971,2024-07-18,2024-08-02,199.0,Paid
INV0007020,CUST00971,SUB00971,2024-08-18,2024-09-02,199.0,Paid
INV0007021,CUST00971,SUB00971,2024-09-18,2024-10-03,199.0,Paid
INV0007022,CUST00971,SUB00971,2024-10-18,2024-11-02,199.0,Paid
INV0007023,CUST00971,SUB00971,2024-11-18,2024-12-03,199.0,Paid
INV0007024,CUST00971,SUB00971,2024-12-18,2025-01-02,199.0,Paid
INV0007025,CUST00971,SUB00971,2025-01-18,2025-02-02,199.0,Paid
INV0007026,CUST00971,SUB00971,2025-02-18,2025-03-05,199.0,Paid
INV0007027,CUST00972,SUB00972,2024-08-11,2024-08-26,199.0,Paid
INV0007028,CUST00972,SUB00972,2024-09-11,2024-09-26,199.0,Paid
INV0007029,CUST00972,SUB00972,2024-10-11,2024-10-26,199.0,Paid
INV0007030,CUST00972,SUB00972,2024-11-11,2024-11-26,199.0,Paid
INV0007031,CUST00972,SUB00972,2024-12-11,2024-12-26,199.0,Paid
INV0007032,CUST00972,SUB00972,2025-01-11,2025-01-26,199.0,Paid
INV0007033,CUST00972,SUB00972,2025-02-11,2025-02-26,199.0,Paid
INV0007034,CUST00972,SUB00972,2025-03-11,2025-03-26,199.0,Paid
INV0007035,CUST00972,SUB00972,2025-04-11,2025-04-26,199.0,Paid
INV0007036,CUST00972,SUB00972,2025-05-11,2025-05-26,199.0,Paid
INV0007037,CUST00972,SUB00972,2025-06-11,2025-06-26,199.0,Paid
INV0007038,CUST00972,SUB00972,2025-07-11,2025-07-26,199.0,Paid
INV0007039,CUST00972,SUB00972,2025-08-11,2025-08-26,199.0,Paid
INV0007040,CUST00972,SUB00972,2025-09-11,2025-09-26,199.0,Paid
INV0007041,CUST00972,SUB00972,2025-10-11,2025-10-26,199.0,Paid
INV0007042,CUST00972,SUB00972,2025-11-11,2025-11-26,199.0,Paid
INV0007043,CUST00972,SUB00972,2025-12-11,2025-12-26,199.0,Paid
INV0007044,CUST00973,SUB00973,2025-05-25,2025-06-09,29.0,Paid
INV0007045,CUST00973,SUB00973,2025-06-25,2025-07-10,29.0,Paid
INV0007046,CUST00973,SUB00973,2025-07-25,2025-08-09,29.0,Paid
INV0007047,CUST00974,SUB00974,2024-07-30,2024-08-14,199.0,Paid
INV0007048,CUST00974,SUB00974,2024-08-30,2024-09-14,199.0,Paid
INV0007049,CUST00974,SUB00974,2024-09-30,2024-10-15,199.0,Paid
INV0007050,CUST00974,SUB00974,2024-10-30,2024-11-14,199.0,Paid
INV0007051,CUST00974,SUB00974,2024-11-30,2024-12-15,199.0,Paid
INV0007052,CUST00974,SUB00974,2024-12-30,2025-01-14,199.0,Paid
INV0007053,CUST00974,SUB00974,2025-01-30,2025-02-14,199.0,Paid
INV0007054,CUST00974,SUB00974,2025-02-28,2025-03-15,199.0,Paid
INV0007055,CUST00974,SUB00974,2025-03-28,2025-04-12,199.0,Paid
INV0007056,CUST00974,SUB00974,2025-04-28,2025-05-13,199.0,Paid
INV0007057,CUST00974,SUB00974,2025-05-28,2025-06-12,199.0,Paid
INV0007058,CUST00974,SUB00974,2025-06-28,2025-07-13,199.0,Paid
INV0007059,CUST00974,SUB00974,2025-07-28,2025-08-12,199.0,Paid
INV0007060,CUST00974,SUB00974,2025-08-28,2025-09-12,199.0,Paid
INV0007061,CUST00974,SUB00974,2025-09-28,2025-10-13,199.0,Paid
INV0007062,CUST00974,SUB00974,2025-10-28,2025-11-12,199.0,Paid
INV0007063,CUST00974,SUB00974,2025-11-28,2025-12-13,199.0,Paid
INV0007064,CUST00974,SUB00974,2025-12-28,2026-01-12,199.0,Paid
INV0007065,CUST00975,SUB00975,2024-06-08,2024-06-23,295.8,Paid
INV0007066,CUST00976,SUB00976,2025-09-20,2025-10-05,79.0,Paid
INV0007067,CUST00976,SUB00976,2025-10-20,2025-11-04,79.0,Paid
INV0007068,CUST00976,SUB00976,2025-11-20,2025-12-05,79.0,Paid
INV0007069,CUST00976,SUB00976,2025-12-20,2026-01-04,79.0,Paid
INV0007070,CUST00977,SUB00977,2025-05-08,2025-05-23,29.0,Paid
INV0007071,CUST00977,SUB00977,2025-06-08,2025-06-23,29.0,Paid
INV0007072,CUST00977,SUB00977,2025-07-08,2025-07-23,29.0,Paid
INV0007073,CUST00977,SUB00977,2025-08-08,2025-08-23,29.0,Paid
INV0007074,CUST00977,SUB00977,2025-09-08,2025-09-23,29.0,Paid
INV0007075,CUST00977,SUB00977,2025-10-08,2025-10-23,29.0,Paid
INV0007076,CUST00978,SUB00978,2025-05-17,2025-06-01,79.0,Overdue
INV0007077,CUST00978,SUB00978,2025-06-17,2025-07-02,79.0,Paid
INV0007078,CUST00978,SUB00978,2025-07-17,2025-08-01,79.0,Paid
INV0007079,CUST00978,SUB00978,2025-08-17,2025-09-01,79.0,Paid
INV0007080,CUST00978,SUB00978,2025-09-17,2025-10-02,79.0,Paid
INV0007081,CUST00978,SUB00978,2025-10-17,2025-11-01,79.0,Paid
INV0007082,CUST00978,SUB00978,2025-11-17,2025-12-02,79.0,Paid
INV0007083,CUST00978,SUB00978,2025-12-17,2026-01-01,79.0,Paid
INV0007084,CUST00979,SUB00979,2025-02-11,2025-02-26,79.0,Paid
INV0007085,CUST00979,SUB00979,2025-03-11,2025-03-26,79.0,Paid
INV0007086,CUST00979,SUB00979,2025-04-11,2025-04-26,79.0,Overdue
INV0007087,CUST00979,SUB00979,2025-05-11,2025-05-26,79.0,Paid
INV0007088,CUST00979,SUB00979,2025-06-11,2025-06-26,79.0,Paid
INV0007089,CUST00979,SUB00979,2025-07-11,2025-07-26,79.0,Paid
INV0007090,CUST00979,SUB00979,2025-08-11,2025-08-26,79.0,Paid
INV0007091,CUST00979,SUB00979,2025-09-11,2025-09-26,79.0,Paid
INV0007092,CUST00979,SUB00979,2025-10-11,2025-10-26,79.0,Paid
INV0007093,CUST00979,SUB00979,2025-11-11,2025-11-26,79.0,Paid
INV0007094,CUST00979,SUB00979,2025-12-11,2025-12-26,79.0,Paid
INV0007095,CUST00980,SUB00980,2025-05-04,2025-05-19,29.0,Paid
INV0007096,CUST00980,SUB00980,2025-06-04,2025-06-19,29.0,Paid
INV0007097,CUST00980,SUB00980,2025-07-04,2025-07-19,29.0,Paid
INV0007098,CUST00980,SUB00980,2025-08-04,2025-08-19,29.0,Overdue
INV0007099,CUST00980,SUB00980,2025-09-04,2025-09-19,29.0,Paid
INV0007100,CUST00980,SUB00980,2025-10-04,2025-10-19,29.0,Paid
INV0007101,CUST00980,SUB00980,2025-11-04,2025-11-19,29.0,Paid
INV0007102,CUST00980,SUB00980,2025-12-04,2025-12-19,29.0,Paid
INV0007103,CUST00981,SUB00981,2025-12-03,2025-12-18,29.0,Paid
INV0007104,CUST00982,SUB00982,2024-11-19,2024-12-04,805.8,Pending
INV0007105,CUST00983,SUB00983,2025-08-17,2025-09-01,79.0,Paid
INV0007106,CUST00983,SUB00983,2025-09-17,2025-10-02,79.0,Paid
INV0007107,CUST00983,SUB00983,2025-10-17,2025-11-01,79.0,Paid
INV0007108,CUST00983,SUB00983,2025-11-17,2025-12-02,79.0,Paid
INV0007109,CUST00983,SUB00983,2025-12-17,2026-01-01,79.0,Paid
INV0007110,CUST00984,SUB00984,2024-07-10,2024-07-25,2029.8,Paid
INV0007111,CUST00985,SUB00985,2025-01-09,2025-01-24,29.0,Paid
INV0007112,CUST00985,SUB00985,2025-02-09,2025-02-24,29.0,Paid
INV0007113,CUST00985,SUB00985,2025-03-09,2025-03-24,29.0,Paid
INV0007114,CUST00985,SUB00985,2025-04-09,2025-04-24,29.0,Paid
INV0007115,CUST00985,SUB00985,2025-05-09,2025-05-24,29.0,Paid
INV0007116,CUST00985,SUB00985,2025-06-09,2025-06-24,29.0,Paid
INV0007117,CUST00985,SUB00985,2025-07-09,2025-07-24,29.0,Paid
INV0007118,CUST00985,SUB00985,2025-08-09,2025-08-24,29.0,Paid
INV0007119,CUST00985,SUB00985,2025-09-09,2025-09-24,29.0,Paid
INV0007120,CUST00985,SUB00985,2025-10-09,2025-10-24,29.0,Paid
INV0007121,CUST00985,SUB00985,2025-11-09,2025-11-24,29.0,Paid
INV0007122,CUST00985,SUB00985,2025-12-09,2025-12-24,29.0,Pending
INV0007123,CUST00986,SUB00986,2025-01-08,2025-01-23,79.0,Paid
INV0007124,CUST00986,SUB00986,2025-02-08,2025-02-23,79.0,Paid
INV0007125,CUST00986,SUB00986,2025-03-08,2025-03-23,79.0,Paid
INV0007126,CUST00986,SUB00986,2025-04-08,2025-04-23,79.0,Paid
INV0007127,CUST00986,SUB00986,2025-05-08,2025-05-23,199.0,Paid
INV0007128,CUST00986,SUB00986,2025-06-08,2025-06-23,199.0,Paid
INV0007129,CUST00987,SUB00987,2025-08-12,2025-08-27,79.0,Paid
INV0007130,CUST00987,SUB00987,2025-09-12,2025-09-27,79.0,Paid
INV0007131,CUST00987,SUB00987,2025-10-12,2025-10-27,79.0,Overdue
INV0007132,CUST00987,SUB00987,2025-11-12,2025-11-27,79.0,Paid
INV0007133,CUST00987,SUB00987,2025-12-12,2025-12-27,79.0,Paid
INV0007134,CUST00988,SUB00988,2024-08-29,2024-09-13,29.0,Paid
INV0007135,CUST00988,SUB00988,2024-09-29,2024-10-14,29.0,Paid
INV0007136,CUST00988,SUB00988,2024-10-29,2024-11-13,29.0,Paid
INV0007137,CUST00988,SUB00988,2024-11-29,2024-12-14,29.0,Paid
INV0007138,CUST00988,SUB00988,2024-12-29,2025-01-13,29.0,Overdue
INV0007139,CUST00988,SUB00988,2025-01-29,2025-02-13,29.0,Paid
INV0007140,CUST00988,SUB00988,2025-02-28,2025-03-15,29.0,Pending
INV0007141,CUST00988,SUB00988,2025-03-28,2025-04-12,29.0,Paid
INV0007142,CUST00988,SUB00988,2025-04-28,2025-05-13,29.0,Paid
INV0007143,CUST00988,SUB00988,2025-05-28,2025-06-12,29.0,Paid
INV0007144,CUST00988,SUB00988,2025-06-28,2025-07-13,29.0,Paid
INV0007145,CUST00988,SUB00988,2025-07-28,2025-08-12,29.0,Paid
INV0007146,CUST00988,SUB00988,2025-08-28,2025-09-12,29.0,Paid
INV0007147,CUST00988,SUB00988,2025-09-28,2025-10-13,29.0,Paid
INV0007148,CUST00988,SUB00988,2025-10-28,2025-11-12,29.0,Paid
INV0007149,CUST00988,SUB00988,2025-11-28,2025-12-13,29.0,Paid
INV0007150,CUST00988,SUB00988,2025-12-28,2026-01-12,29.0,Paid
INV0007151,CUST00989,SUB00989,2024-06-02,2024-06-17,295.8,Paid
INV0007152,CUST00990,SUB00990,2024-05-17,2024-06-01,295.8,Paid
INV0007153,CUST00990,SUB00990,2025-05-17,2025-06-01,295.8,Paid
INV0007154,CUST00991,SUB00991,2025-05-13,2025-05-28,29.0,Paid
INV0007155,CUST00991,SUB00991,2025-06-13,2025-06-28,29.0,Paid
INV0007156,CUST00991,SUB00991,2025-07-13,2025-07-28,29.0,Paid
INV0007157,CUST00991,SUB00991,2025-08-13,2025-08-28,29.0,Paid
INV0007158,CUST00991,SUB00991,2025-09-13,2025-09-28,29.0,Pending
INV0007159,CUST00991,SUB00991,2025-10-13,2025-10-28,29.0,Paid
INV0007160,CUST00991,SUB00991,2025-11-13,2025-11-28,29.0,Paid
INV0007161,CUST00991,SUB00991,2025-12-13,2025-12-28,29.0,Paid
INV0007162,CUST00992,SUB00992,2025-02-11,2025-02-26,199.0,Pending
INV0007163,CUST00992,SUB00992,2025-03-11,2025-03-26,199.0,Paid
INV0007164,CUST00992,SUB00992,2025-04-11,2025-04-26,199.0,Paid
INV0007165,CUST00992,SUB00992,2025-05-11,2025-05-26,199.0,Paid
INV0007166,CUST00992,SUB00992,2025-06-11,2025-06-26,199.0,Pending
INV0007167,CUST00992,SUB00992,2025-07-11,2025-07-26,199.0,Paid
INV0007168,CUST00992,SUB00992,2025-08-11,2025-08-26,199.0,Paid
INV0007169,CUST00992,SUB00992,2025-09-11,2025-09-26,199.0,Paid
INV0007170,CUST00992,SUB00992,2025-10-11,2025-10-26,199.0,Paid
INV0007171,CUST00992,SUB00992,2025-11-11,2025-11-26,199.0,Paid
INV0007172,CUST00992,SUB00992,2025-12-11,2025-12-26,199.0,Paid
INV0007173,CUST00993,SUB00993,2025-05-02,2025-05-17,79.0,Paid
INV0007174,CUST00993,SUB00993,2025-06-02,2025-06-17,79.0,Paid
INV0007175,CUST00993,SUB00993,2025-07-02,2025-07-17,79.0,Paid
INV0007176,CUST00993,SUB00993,2025-08-02,2025-08-17,79.0,Paid
INV0007177,CUST00993,SUB00993,2025-09-02,2025-09-17,79.0,Paid
INV0007178,CUST00993,SUB00993,2025-10-02,2025-10-17,79.0,Paid
INV0007179,CUST00993,SUB00993,2025-11-02,2025-11-17,79.0,Paid
INV0007180,CUST00993,SUB00993,2025-12-02,2025-12-17,79.0,Paid
INV0007181,CUST00994,SUB00994,2024-09-23,2024-10-08,79.0,Paid
INV0007182,CUST00994,SUB00994,2024-10-23,2024-11-07,79.0,Paid
INV0007183,CUST00994,SUB00994,2024-11-23,2024-12-08,79.0,Paid
INV0007184,CUST00994,SUB00994,2024-12-23,2025-01-07,79.0,Paid
INV0007185,CUST00994,SUB00994,2025-01-23,2025-02-07,79.0,Paid
INV0007186,CUST00994,SUB00994,2025-02-23,2025-03-10,79.0,Paid
INV0007187,CUST00994,SUB00994,2025-03-23,2025-04-07,79.0,Paid
INV0007188,CUST00994,SUB00994,2025-04-23,2025-05-08,79.0,Paid
INV0007189,CUST00994,SUB00994,2025-05-23,2025-06-07,79.0,Paid
INV0007190,CUST00994,SUB00994,2025-06-23,2025-07-08,79.0,Paid
INV0007191,CUST00994,SUB00994,2025-07-23,2025-08-07,79.0,Paid
INV0007192,CUST00994,SUB00994,2025-08-23,2025-09-07,79.0,Paid
INV0007193,CUST00994,SUB00994,2025-09-23,2025-10-08,79.0,Paid
INV0007194,CUST00994,SUB00994,2025-10-23,2025-11-07,79.0,Paid
INV0007195,CUST00994,SUB00994,2025-11-23,2025-12-08,79.0,Paid
INV0007196,CUST00994,SUB00994,2025-12-23,2026-01-07,79.0,Paid
INV0007197,CUST00995,SUB00995,2024-12-18,2025-01-02,79.0,Paid
INV0007198,CUST00995,SUB00995,2025-01-18,2025-02-02,79.0,Paid
INV0007199,CUST00995,SUB00995,2025-02-18,2025-03-05,79.0,Paid
INV0007200,CUST00995,SUB00995,2025-03-18,2025-04-02,79.0,Paid
INV0007201,CUST00995,SUB00995,2025-04-18,2025-05-03,79.0,Paid
INV0007202,CUST00995,SUB00995,2025-05-18,2025-06-02,79.0,Paid
INV0007203,CUST00996,SUB00996,2025-08-13,2025-08-28,29.0,Paid
INV0007204,CUST00996,SUB00996,2025-09-13,2025-09-28,29.0,Paid
INV0007205,CUST00996,SUB00996,2025-10-13,2025-10-28,29.0,Paid
INV0007206,CUST00996,SUB00996,2025-11-13,2025-11-28,29.0,Paid
INV0007207,CUST00996,SUB00996,2025-12-13,2025-12-28,29.0,Paid
INV0007208,CUST00997,SUB00997,2024-12-29,2025-01-13,29.0,Paid
INV0007209,CUST00997,SUB00997,2025-01-29,2025-02-13,29.0,Overdue
INV0007210,CUST00997,SUB00997,2025-02-28,2025-03-15,29.0,Paid
INV0007211,CUST00997,SUB00997,2025-03-28,2025-04-12,29.0,Paid
INV0007212,CUST00997,SUB00997,2025-04-28,2025-05-13,29.0,Paid
INV0007213,CUST00997,SUB00997,2025-05-28,2025-06-12,29.0,Paid
INV0007214,CUST00998,SUB00998,2024-03-21,2024-04-05,29.0,Paid
INV0007215,CUST00998,SUB00998,2024-04-21,2024-05-06,29.0,Paid
INV0007216,CUST00998,SUB00998,2024-05-21,2024-06-05,29.0,Paid
INV0007217,CUST00998,SUB00998,2024-06-21,2024-07-06,29.0,Paid
INV0007218,CUST00998,SUB00998,2024-07-21,2024-08-05,29.0,Overdue
INV0007219,CUST00998,SUB00998,2024-08-21,2024-09-05,29.0,Paid
INV0007220,CUST00999,SUB00999,2024-06-20,2024-07-05,29.0,Paid
INV0007221,CUST00999,SUB00999,2024-07-20,2024-08-04,29.0,Paid
INV0007222,CUST00999,SUB00999,2024-08-20,2024-09-04,29.0,Paid
INV0007223,CUST00999,SUB00999,2024-09-20,2024-10-05,29.0,Paid
INV0007224,CUST00999,SUB00999,2024-10-20,2024-11-04,29.0,Paid
INV0007225,CUST00999,SUB00999,2024-11-20,2024-12-05,29.0,Paid
INV0007226,CUST00999,SUB00999,2024-12-20,2025-01-04,29.0,Paid
INV0007227,CUST00999,SUB00999,2025-01-20,2025-02-04,29.0,Paid
INV0007228,CUST00999,SUB00999,2025-02-20,2025-03-07,29.0,Paid
INV0007229,CUST00999,SUB00999,2025-03-20,2025-04-04,29.0,Paid
INV0007230,CUST00999,SUB00999,2025-04-20,2025-05-05,29.0,Paid
INV0007231,CUST00999,SUB00999,2025-05-20,2025-06-04,29.0,Paid
INV0007232,CUST01000,SUB01000,2024-03-14,2024-03-29,79.0,Paid
INV0007233,CUST01000,SUB01000,2024-04-14,2024-04-29,79.0,Paid
INV0007234,CUST01000,SUB01000,2024-05-14,2024-05-29,79.0,Overdue
INV0007235,CUST01001,SUB01001,2025-10-30,2025-11-14,2029.8,Paid
INV0007236,CUST01002,SUB01002,2024-10-04,2024-10-19,29.0,Paid
INV0007237,CUST01002,SUB01002,2024-11-04,2024-11-19,29.0,Paid
INV0007238,CUST01002,SUB01002,2024-12-04,2024-12-19,29.0,Paid
INV0007239,CUST01002,SUB01002,2025-01-04,2025-01-19,29.0,Paid
INV0007240,CUST01002,SUB01002,2025-02-04,2025-02-19,29.0,Paid
INV0007241,CUST01002,SUB01002,2025-03-04,2025-03-19,29.0,Paid
INV0007242,CUST01002,SUB01002,2025-04-04,2025-04-19,29.0,Paid
INV0007243,CUST01002,SUB01002,2025-05-04,2025-05-19,29.0,Overdue
INV0007244,CUST01002,SUB01002,2025-06-04,2025-06-19,29.0,Paid
INV0007245,CUST01002,SUB01002,2025-07-04,2025-07-19,29.0,Paid
INV0007246,CUST01002,SUB01002,2025-08-04,2025-08-19,29.0,Paid
INV0007247,CUST01002,SUB01002,2025-09-04,2025-09-19,29.0,Paid
INV0007248,CUST01003,SUB01003,2025-08-24,2025-09-08,79.0,Paid
INV0007249,CUST01003,SUB01003,2025-09-24,2025-10-09,79.0,Paid
INV0007250,CUST01003,SUB01003,2025-10-24,2025-11-08,79.0,Paid
INV0007251,CUST01003,SUB01003,2025-11-24,2025-12-09,79.0,Paid
INV0007252,CUST01003,SUB01003,2025-12-24,2026-01-08,79.0,Paid
INV0007253,CUST01004,SUB01004,2024-01-24,2024-02-08,199.0,Paid
INV0007254,CUST01004,SUB01004,2024-02-24,2024-03-10,199.0,Paid
INV0007255,CUST01004,SUB01004,2024-03-24,2024-04-08,199.0,Pending
INV0007256,CUST01004,SUB01004,2024-04-24,2024-05-09,199.0,Paid
INV0007257,CUST01004,SUB01004,2024-05-24,2024-06-08,199.0,Paid
INV0007258,CUST01004,SUB01004,2024-06-24,2024-07-09,199.0,Paid
INV0007259,CUST01004,SUB01004,2024-07-24,2024-08-08,199.0,Paid
INV0007260,CUST01004,SUB01004,2024-08-24,2024-09-08,199.0,Overdue
INV0007261,CUST01004,SUB01004,2024-09-24,2024-10-09,199.0,Paid
INV0007262,CUST01004,SUB01004,2024-10-24,2024-11-08,199.0,Paid
INV0007263,CUST01004,SUB01004,2024-11-24,2024-12-09,199.0,Paid
INV0007264,CUST01004,SUB01004,2024-12-24,2025-01-08,199.0,Paid
INV0007265,CUST01005,SUB01005,2024-08-03,2024-08-18,29.0,Paid
INV0007266,CUST01005,SUB01005,2024-09-03,2024-09-18,29.0,Paid
INV0007267,CUST01005,SUB01005,2024-10-03,2024-10-18,29.0,Paid
INV0007268,CUST01005,SUB01005,2024-11-03,2024-11-18,29.0,Paid
INV0007269,CUST01005,SUB01005,2024-12-03,2024-12-18,29.0,Paid
INV0007270,CUST01005,SUB01005,2025-01-03,2025-01-18,29.0,Paid
INV0007271,CUST01005,SUB01005,2025-02-03,2025-02-18,29.0,Paid
INV0007272,CUST01005,SUB01005,2025-03-03,2025-03-18,29.0,Paid
INV0007273,CUST01005,SUB01005,2025-04-03,2025-04-18,29.0,Paid
INV0007274,CUST01005,SUB01005,2025-05-03,2025-05-18,29.0,Paid
INV0007275,CUST01005,SUB01005,2025-06-03,2025-06-18,29.0,Paid
INV0007276,CUST01005,SUB01005,2025-07-03,2025-07-18,29.0,Paid
INV0007277,CUST01006,SUB01006,2025-07-15,2025-07-30,29.0,Paid
INV0007278,CUST01006,SUB01006,2025-08-15,2025-08-30,29.0,Paid
INV0007279,CUST01006,SUB01006,2025-09-15,2025-09-30,29.0,Paid
INV0007280,CUST01006,SUB01006,2025-10-15,2025-10-30,29.0,Paid
INV0007281,CUST01006,SUB01006,2025-11-15,2025-11-30,29.0,Overdue
INV0007282,CUST01006,SUB01006,2025-12-15,2025-12-30,29.0,Paid
INV0007283,CUST01007,SUB01007,2024-04-16,2024-05-01,79.0,Paid
INV0007284,CUST01007,SUB01007,2024-05-16,2024-05-31,79.0,Paid
INV0007285,CUST01007,SUB01007,2024-06-16,2024-07-01,79.0,Paid
INV0007286,CUST01007,SUB01007,2024-07-16,2024-07-31,79.0,Paid
INV0007287,CUST01007,SUB01007,2024-08-16,2024-08-31,79.0,Paid
INV0007288,CUST01007,SUB01007,2024-09-16,2024-10-01,79.0,Paid
INV0007289,CUST01007,SUB01007,2024-10-16,2024-10-31,79.0,Paid
INV0007290,CUST01007,SUB01007,2024-11-16,2024-12-01,79.0,Paid
INV0007291,CUST01007,SUB01007,2024-12-16,2024-12-31,79.0,Paid
INV0007292,CUST01007,SUB01007,2025-01-16,2025-01-31,79.0,Paid
INV0007293,CUST01007,SUB01007,2025-02-16,2025-03-03,79.0,Paid
INV0007294,CUST01007,SUB01007,2025-03-16,2025-03-31,79.0,Paid
INV0007295,CUST01007,SUB01007,2025-04-16,2025-05-01,79.0,Paid
INV0007296,CUST01007,SUB01007,2025-05-16,2025-05-31,79.0,Paid
INV0007297,CUST01007,SUB01007,2025-06-16,2025-07-01,79.0,Paid
INV0007298,CUST01007,SUB01007,2025-07-16,2025-07-31,79.0,Paid
INV0007299,CUST01007,SUB01007,2025-08-16,2025-08-31,79.0,Paid
INV0007300,CUST01007,SUB01007,2025-09-16,2025-10-01,79.0,Paid
INV0007301,CUST01007,SUB01007,2025-10-16,2025-10-31,79.0,Paid
INV0007302,CUST01007,SUB01007,2025-11-16,2025-12-01,79.0,Paid
INV0007303,CUST01007,SUB01007,2025-12-16,2025-12-31,79.0,Paid
INV0007304,CUST01008,SUB01008,2024-11-12,2024-11-27,79.0,Paid
INV0007305,CUST01008,SUB01008,2024-12-12,2024-12-27,79.0,Overdue
INV0007306,CUST01008,SUB01008,2025-01-12,2025-01-27,79.0,Paid
INV0007307,CUST01008,SUB01008,2025-02-12,2025-02-27,79.0,Paid
INV0007308,CUST01008,SUB01008,2025-03-12,2025-03-27,79.0,Paid
INV0007309,CUST01008,SUB01008,2025-04-12,2025-04-27,79.0,Paid
INV0007310,CUST01008,SUB01008,2025-05-12,2025-05-27,79.0,Paid
INV0007311,CUST01008,SUB01008,2025-06-12,2025-06-27,79.0,Paid
INV0007312,CUST01008,SUB01008,2025-07-12,2025-07-27,79.0,Paid
INV0007313,CUST01008,SUB01008,2025-08-12,2025-08-27,79.0,Paid
INV0007314,CUST01008,SUB01008,2025-09-12,2025-09-27,79.0,Paid
INV0007315,CUST01008,SUB01008,2025-10-12,2025-10-27,79.0,Overdue
INV0007316,CUST01009,SUB01009,2024-05-14,2024-05-29,295.8,Paid
INV0007317,CUST01010,SUB01010,2024-11-29,2024-12-14,29.0,Pending
INV0007318,CUST01010,SUB01010,2024-12-29,2025-01-13,29.0,Paid
INV0007319,CUST01010,SUB01010,2025-01-29,2025-02-13,29.0,Paid
INV0007320,CUST01010,SUB01010,2025-02-28,2025-03-15,29.0,Paid
INV0007321,CUST01010,SUB01010,2025-03-28,2025-04-12,29.0,Paid
INV0007322,CUST01010,SUB01010,2025-04-28,2025-05-13,29.0,Paid
INV0007323,CUST01010,SUB01010,2025-05-28,2025-06-12,29.0,Paid
INV0007324,CUST01010,SUB01010,2025-06-28,2025-07-13,29.0,Paid
INV0007325,CUST01010,SUB01010,2025-07-28,2025-08-12,29.0,Paid
INV0007326,CUST01010,SUB01010,2025-08-28,2025-09-12,29.0,Paid
INV0007327,CUST01010,SUB01010,2025-09-28,2025-10-13,29.0,Paid
INV0007328,CUST01010,SUB01010,2025-10-28,2025-11-12,29.0,Paid
INV0007329,CUST01010,SUB01010,2025-11-28,2025-12-13,29.0,Paid
INV0007330,CUST01010,SUB01010,2025-12-28,2026-01-12,29.0,Paid
INV0007331,CUST01011,SUB01011,2025-07-15,2025-07-30,79.0,Paid
INV0007332,CUST01011,SUB01011,2025-08-15,2025-08-30,79.0,Paid
INV0007333,CUST01011,SUB01011,2025-09-15,2025-09-30,79.0,Paid
INV0007334,CUST01011,SUB01011,2025-10-15,2025-10-30,79.0,Paid
INV0007335,CUST01011,SUB01011,2025-11-15,2025-11-30,79.0,Pending
INV0007336,CUST01011,SUB01011,2025-12-15,2025-12-30,79.0,Paid
INV0007337,CUST01012,SUB01012,2025-10-08,2025-10-23,79.0,Paid
INV0007338,CUST01012,SUB01012,2025-11-08,2025-11-23,79.0,Paid
INV0007339,CUST01012,SUB01012,2025-12-08,2025-12-23,79.0,Paid
INV0007340,CUST01013,SUB01013,2024-12-21,2025-01-05,29.0,Paid
INV0007341,CUST01013,SUB01013,2025-01-21,2025-02-05,29.0,Overdue
INV0007342,CUST01013,SUB01013,2025-02-21,2025-03-08,29.0,Paid
INV0007343,CUST01013,SUB01013,2025-03-21,2025-04-05,29.0,Paid
INV0007344,CUST01014,SUB01014,2024-11-11,2024-11-26,79.0,Paid
INV0007345,CUST01014,SUB01014,2024-12-11,2024-12-26,79.0,Paid
INV0007346,CUST01014,SUB01014,2025-01-11,2025-01-26,79.0,Paid
INV0007347,CUST01014,SUB01014,2025-02-11,2025-02-26,79.0,Paid
INV0007348,CUST01014,SUB01014,2025-03-11,2025-03-26,79.0,Paid
INV0007349,CUST01014,SUB01014,2025-04-11,2025-04-26,79.0,Overdue
INV0007350,CUST01014,SUB01014,2025-05-11,2025-05-26,79.0,Paid
INV0007351,CUST01014,SUB01014,2025-06-11,2025-06-26,79.0,Paid
INV0007352,CUST01014,SUB01014,2025-07-11,2025-07-26,79.0,Paid
INV0007353,CUST01014,SUB01014,2025-08-11,2025-08-26,79.0,Paid
INV0007354,CUST01014,SUB01014,2025-09-11,2025-09-26,79.0,Paid
INV0007355,CUST01014,SUB01014,2025-10-11,2025-10-26,79.0,Paid
INV0007356,CUST01014,SUB01014,2025-11-11,2025-11-26,79.0,Paid
INV0007357,CUST01014,SUB01014,2025-12-11,2025-12-26,79.0,Paid
INV0007358,CUST01015,SUB01015,2024-01-01,2024-01-16,79.0,Paid
INV0007359,CUST01015,SUB01015,2024-02-01,2024-02-16,79.0,Paid
INV0007360,CUST01015,SUB01015,2024-03-01,2024-03-16,79.0,Paid
INV0007361,CUST01015,SUB01015,2024-04-01,2024-04-16,79.0,Paid
INV0007362,CUST01015,SUB01015,2024-05-01,2024-05-16,79.0,Paid
INV0007363,CUST01015,SUB01015,2024-06-01,2024-06-16,79.0,Paid
INV0007364,CUST01016,SUB01016,2024-10-20,2024-11-04,79.0,Paid
INV0007365,CUST01016,SUB01016,2024-11-20,2024-12-05,79.0,Paid
INV0007366,CUST01016,SUB01016,2024-12-20,2025-01-04,79.0,Paid
INV0007367,CUST01016,SUB01016,2025-01-20,2025-02-04,79.0,Pending
INV0007368,CUST01016,SUB01016,2025-02-20,2025-03-07,79.0,Paid
INV0007369,CUST01016,SUB01016,2025-03-20,2025-04-04,79.0,Paid
INV0007370,CUST01016,SUB01016,2025-04-20,2025-05-05,79.0,Pending
INV0007371,CUST01016,SUB01016,2025-05-20,2025-06-04,79.0,Paid
INV0007372,CUST01016,SUB01016,2025-06-20,2025-07-05,79.0,Paid
INV0007373,CUST01016,SUB01016,2025-07-20,2025-08-04,79.0,Paid
INV0007374,CUST01016,SUB01016,2025-08-20,2025-09-04,79.0,Paid
INV0007375,CUST01016,SUB01016,2025-09-20,2025-10-05,79.0,Paid
INV0007376,CUST01016,SUB01016,2025-10-20,2025-11-04,79.0,Paid
INV0007377,CUST01016,SUB01016,2025-11-20,2025-12-05,79.0,Paid
INV0007378,CUST01016,SUB01016,2025-12-20,2026-01-04,79.0,Paid
INV0007379,CUST01017,SUB01017,2025-05-03,2025-05-18,805.8,Paid
INV0007380,CUST01018,SUB01018,2025-09-03,2025-09-18,29.0,Paid
INV0007381,CUST01018,SUB01018,2025-10-03,2025-10-18,29.0,Paid
INV0007382,CUST01018,SUB01018,2025-11-03,2025-11-18,29.0,Paid
INV0007383,CUST01019,SUB01019,2025-02-25,2025-03-12,29.0,Overdue
INV0007384,CUST01019,SUB01019,2025-03-25,2025-04-09,29.0,Paid
INV0007385,CUST01019,SUB01019,2025-04-25,2025-05-10,29.0,Overdue
INV0007386,CUST01019,SUB01019,2025-05-25,2025-06-09,29.0,Paid
INV0007387,CUST01019,SUB01019,2025-06-25,2025-07-10,29.0,Paid
INV0007388,CUST01019,SUB01019,2025-07-25,2025-08-09,29.0,Paid
INV0007389,CUST01019,SUB01019,2025-08-25,2025-09-09,29.0,Paid
INV0007390,CUST01019,SUB01019,2025-09-25,2025-10-10,29.0,Paid
INV0007391,CUST01019,SUB01019,2025-10-25,2025-11-09,29.0,Overdue
INV0007392,CUST01019,SUB01019,2025-11-25,2025-12-10,29.0,Paid
INV0007393,CUST01019,SUB01019,2025-12-25,2026-01-09,29.0,Paid
INV0007394,CUST01020,SUB01020,2025-10-23,2025-11-07,79.0,Paid
INV0007395,CUST01020,SUB01020,2025-11-23,2025-12-08,79.0,Paid
INV0007396,CUST01020,SUB01020,2025-12-23,2026-01-07,79.0,Overdue
INV0007397,CUST01021,SUB01021,2025-03-08,2025-03-23,199.0,Overdue
INV0007398,CUST01021,SUB01021,2025-04-08,2025-04-23,199.0,Paid
INV0007399,CUST01021,SUB01021,2025-05-08,2025-05-23,199.0,Paid
INV0007400,CUST01021,SUB01021,2025-06-08,2025-06-23,199.0,Paid
INV0007401,CUST01021,SUB01021,2025-07-08,2025-07-23,199.0,Paid
INV0007402,CUST01021,SUB01021,2025-08-08,2025-08-23,199.0,Paid
INV0007403,CUST01021,SUB01021,2025-09-08,2025-09-23,199.0,Paid
INV0007404,CUST01021,SUB01021,2025-10-08,2025-10-23,199.0,Overdue
INV0007405,CUST01021,SUB01021,2025-11-08,2025-11-23,199.0,Paid
INV0007406,CUST01021,SUB01021,2025-12-08,2025-12-23,199.0,Paid
INV0007407,CUST01022,SUB01022,2024-10-18,2024-11-02,79.0,Paid
INV0007408,CUST01022,SUB01022,2024-11-18,2024-12-03,79.0,Paid
INV0007409,CUST01022,SUB01022,2024-12-18,2025-01-02,79.0,Paid
INV0007410,CUST01022,SUB01022,2025-01-18,2025-02-02,79.0,Paid
INV0007411,CUST01022,SUB01022,2025-02-18,2025-03-05,79.0,Paid
INV0007412,CUST01022,SUB01022,2025-03-18,2025-04-02,79.0,Paid
INV0007413,CUST01023,SUB01023,2024-07-11,2024-07-26,29.0,Paid
INV0007414,CUST01023,SUB01023,2024-08-11,2024-08-26,29.0,Paid
INV0007415,CUST01023,SUB01023,2024-09-11,2024-09-26,29.0,Paid
INV0007416,CUST01023,SUB01023,2024-10-11,2024-10-26,29.0,Pending
INV0007417,CUST01023,SUB01023,2024-11-11,2024-11-26,29.0,Paid
INV0007418,CUST01023,SUB01023,2024-12-11,2024-12-26,29.0,Paid
INV0007419,CUST01023,SUB01023,2025-01-11,2025-01-26,29.0,Paid
INV0007420,CUST01023,SUB01023,2025-02-11,2025-02-26,29.0,Paid
INV0007421,CUST01023,SUB01023,2025-03-11,2025-03-26,29.0,Paid
INV0007422,CUST01023,SUB01023,2025-04-11,2025-04-26,29.0,Paid
INV0007423,CUST01023,SUB01023,2025-05-11,2025-05-26,29.0,Paid
INV0007424,CUST01023,SUB01023,2025-06-11,2025-06-26,29.0,Paid
INV0007425,CUST01023,SUB01023,2025-07-11,2025-07-26,29.0,Paid
INV0007426,CUST01023,SUB01023,2025-08-11,2025-08-26,29.0,Paid
INV0007427,CUST01023,SUB01023,2025-09-11,2025-09-26,29.0,Paid
INV0007428,CUST01023,SUB01023,2025-10-11,2025-10-26,29.0,Paid
INV0007429,CUST01023,SUB01023,2025-11-11,2025-11-26,29.0,Paid
INV0007430,CUST01023,SUB01023,2025-12-11,2025-12-26,29.0,Paid
INV0007431,CUST01024,SUB01024,2025-10-14,2025-10-29,295.8,Paid
INV0007432,CUST01025,SUB01025,2024-07-11,2024-07-26,199.0,Paid
INV0007433,CUST01025,SUB01025,2024-08-11,2024-08-26,199.0,Paid
INV0007434,CUST01025,SUB01025,2024-09-11,2024-09-26,199.0,Paid
INV0007435,CUST01025,SUB01025,2024-10-11,2024-10-26,199.0,Paid
INV0007436,CUST01025,SUB01025,2024-11-11,2024-11-26,199.0,Paid
INV0007437,CUST01025,SUB01025,2024-12-11,2024-12-26,199.0,Paid
INV0007438,CUST01025,SUB01025,2025-01-11,2025-01-26,199.0,Paid
INV0007439,CUST01025,SUB01025,2025-02-11,2025-02-26,199.0,Overdue
INV0007440,CUST01025,SUB01025,2025-03-11,2025-03-26,199.0,Paid
INV0007441,CUST01025,SUB01025,2025-04-11,2025-04-26,199.0,Paid
INV0007442,CUST01025,SUB01025,2025-05-11,2025-05-26,199.0,Paid
INV0007443,CUST01025,SUB01025,2025-06-11,2025-06-26,199.0,Paid
INV0007444,CUST01025,SUB01025,2025-07-11,2025-07-26,199.0,Paid
INV0007445,CUST01025,SUB01025,2025-08-11,2025-08-26,199.0,Paid
INV0007446,CUST01025,SUB01025,2025-09-11,2025-09-26,199.0,Paid
INV0007447,CUST01025,SUB01025,2025-10-11,2025-10-26,199.0,Paid
INV0007448,CUST01025,SUB01025,2025-11-11,2025-11-26,199.0,Paid
INV0007449,CUST01025,SUB01025,2025-12-11,2025-12-26,199.0,Pending
INV0007450,CUST01026,SUB01026,2024-07-09,2024-07-24,295.8,Paid
INV0007451,CUST01026,SUB01026,2025-07-09,2025-07-24,295.8,Paid
INV0007452,CUST01027,SUB01027,2024-01-09,2024-01-24,79.0,Paid
INV0007453,CUST01027,SUB01027,2024-02-09,2024-02-24,79.0,Paid
INV0007454,CUST01027,SUB01027,2024-03-09,2024-03-24,79.0,Paid
INV0007455,CUST01027,SUB01027,2024-04-09,2024-04-24,79.0,Paid
INV0007456,CUST01027,SUB01027,2024-05-09,2024-05-24,79.0,Paid
INV0007457,CUST01027,SUB01027,2024-06-09,2024-06-24,79.0,Paid
INV0007458,CUST01027,SUB01027,2024-07-09,2024-07-24,79.0,Paid
INV0007459,CUST01027,SUB01027,2024-08-09,2024-08-24,79.0,Paid
INV0007460,CUST01027,SUB01027,2024-09-09,2024-09-24,79.0,Paid
INV0007461,CUST01027,SUB01027,2024-10-09,2024-10-24,79.0,Pending
INV0007462,CUST01027,SUB01027,2024-11-09,2024-11-24,79.0,Paid
INV0007463,CUST01027,SUB01027,2024-12-09,2024-12-24,79.0,Paid
INV0007464,CUST01028,SUB01028,2024-12-16,2024-12-31,199.0,Paid
INV0007465,CUST01028,SUB01028,2025-01-16,2025-01-31,199.0,Paid
INV0007466,CUST01028,SUB01028,2025-02-16,2025-03-03,199.0,Paid
INV0007467,CUST01028,SUB01028,2025-03-16,2025-03-31,199.0,Paid
INV0007468,CUST01028,SUB01028,2025-04-16,2025-05-01,199.0,Paid
INV0007469,CUST01028,SUB01028,2025-05-16,2025-05-31,199.0,Paid
INV0007470,CUST01029,SUB01029,2025-04-19,2025-05-04,79.0,Paid
INV0007471,CUST01029,SUB01029,2025-05-19,2025-06-03,79.0,Paid
INV0007472,CUST01029,SUB01029,2025-06-19,2025-07-04,79.0,Paid
INV0007473,CUST01029,SUB01029,2025-07-19,2025-08-03,79.0,Paid
INV0007474,CUST01029,SUB01029,2025-08-19,2025-09-03,79.0,Paid
INV0007475,CUST01029,SUB01029,2025-09-19,2025-10-04,79.0,Paid
INV0007476,CUST01029,SUB01029,2025-10-19,2025-11-03,79.0,Paid
INV0007477,CUST01029,SUB01029,2025-11-19,2025-12-04,79.0,Paid
INV0007478,CUST01029,SUB01029,2025-12-19,2026-01-03,79.0,Paid
INV0007479,CUST01030,SUB01030,2024-02-27,2024-03-13,79.0,Paid
INV0007480,CUST01030,SUB01030,2024-03-27,2024-04-11,79.0,Paid
INV0007481,CUST01030,SUB01030,2024-04-27,2024-05-12,79.0,Paid
INV0007482,CUST01030,SUB01030,2024-05-27,2024-06-11,79.0,Paid
INV0007483,CUST01030,SUB01030,2024-06-27,2024-07-12,79.0,Paid
INV0007484,CUST01030,SUB01030,2024-07-27,2024-08-11,79.0,Paid
INV0007485,CUST01030,SUB01030,2024-08-27,2024-09-11,79.0,Paid
INV0007486,CUST01030,SUB01030,2024-09-27,2024-10-12,79.0,Paid
INV0007487,CUST01030,SUB01030,2024-10-27,2024-11-11,79.0,Pending
INV0007488,CUST01030,SUB01030,2024-11-27,2024-12-12,79.0,Paid
INV0007489,CUST01030,SUB01030,2024-12-27,2025-01-11,79.0,Paid
INV0007490,CUST01030,SUB01030,2025-01-27,2025-02-11,79.0,Paid
INV0007491,CUST01030,SUB01030,2025-02-27,2025-03-14,79.0,Paid
INV0007492,CUST01030,SUB01030,2025-03-27,2025-04-11,79.0,Paid
INV0007493,CUST01030,SUB01030,2025-04-27,2025-05-12,79.0,Paid
INV0007494,CUST01030,SUB01030,2025-05-27,2025-06-11,79.0,Paid
INV0007495,CUST01030,SUB01030,2025-06-27,2025-07-12,79.0,Paid
INV0007496,CUST01030,SUB01030,2025-07-27,2025-08-11,79.0,Paid
INV0007497,CUST01030,SUB01030,2025-08-27,2025-09-11,79.0,Paid
INV0007498,CUST01030,SUB01030,2025-09-27,2025-10-12,79.0,Paid
INV0007499,CUST01030,SUB01030,2025-10-27,2025-11-11,79.0,Paid
INV0007500,CUST01030,SUB01030,2025-11-27,2025-12-12,79.0,Overdue
INV0007501,CUST01030,SUB01030,2025-12-27,2026-01-11,79.0,Paid
INV0007502,CUST01031,SUB01031,2024-07-04,2024-07-19,29.0,Paid
INV0007503,CUST01031,SUB01031,2024-08-04,2024-08-19,29.0,Paid
INV0007504,CUST01031,SUB01031,2024-09-04,2024-09-19,29.0,Paid
INV0007505,CUST01031,SUB01031,2024-10-04,2024-10-19,29.0,Paid
INV0007506,CUST01031,SUB01031,2024-11-04,2024-11-19,29.0,Paid
INV0007507,CUST01031,SUB01031,2024-12-04,2024-12-19,29.0,Paid
INV0007508,CUST01031,SUB01031,2025-01-04,2025-01-19,29.0,Paid
INV0007509,CUST01031,SUB01031,2025-02-04,2025-02-19,29.0,Paid
INV0007510,CUST01031,SUB01031,2025-03-04,2025-03-19,29.0,Paid
INV0007511,CUST01031,SUB01031,2025-04-04,2025-04-19,29.0,Paid
INV0007512,CUST01031,SUB01031,2025-05-04,2025-05-19,29.0,Paid
INV0007513,CUST01031,SUB01031,2025-06-04,2025-06-19,29.0,Paid
INV0007514,CUST01032,SUB01032,2024-01-13,2024-01-28,29.0,Paid
INV0007515,CUST01032,SUB01032,2024-02-13,2024-02-28,29.0,Paid
INV0007516,CUST01032,SUB01032,2024-03-13,2024-03-28,29.0,Paid
INV0007517,CUST01032,SUB01032,2024-04-13,2024-04-28,29.0,Paid
INV0007518,CUST01032,SUB01032,2024-05-13,2024-05-28,29.0,Paid
INV0007519,CUST01032,SUB01032,2024-06-13,2024-06-28,29.0,Paid
INV0007520,CUST01032,SUB01032,2024-07-13,2024-07-28,29.0,Paid
INV0007521,CUST01032,SUB01032,2024-08-13,2024-08-28,29.0,Paid
INV0007522,CUST01032,SUB01032,2024-09-13,2024-09-28,29.0,Paid
INV0007523,CUST01032,SUB01032,2024-10-13,2024-10-28,29.0,Paid
INV0007524,CUST01032,SUB01032,2024-11-13,2024-11-28,29.0,Paid
INV0007525,CUST01032,SUB01032,2024-12-13,2024-12-28,29.0,Paid
INV0007526,CUST01032,SUB01032,2025-01-13,2025-01-28,29.0,Paid
INV0007527,CUST01032,SUB01032,2025-02-13,2025-02-28,29.0,Paid
INV0007528,CUST01032,SUB01032,2025-03-13,2025-03-28,29.0,Paid
INV0007529,CUST01032,SUB01032,2025-04-13,2025-04-28,29.0,Paid
INV0007530,CUST01032,SUB01032,2025-05-13,2025-05-28,29.0,Paid
INV0007531,CUST01032,SUB01032,2025-06-13,2025-06-28,29.0,Paid
INV0007532,CUST01033,SUB01033,2025-03-29,2025-04-13,79.0,Overdue
INV0007533,CUST01033,SUB01033,2025-04-29,2025-05-14,79.0,Paid
INV0007534,CUST01033,SUB01033,2025-05-29,2025-06-13,79.0,Paid
INV0007535,CUST01033,SUB01033,2025-06-29,2025-07-14,79.0,Paid
INV0007536,CUST01033,SUB01033,2025-07-29,2025-08-13,79.0,Paid
INV0007537,CUST01033,SUB01033,2025-08-29,2025-09-13,79.0,Paid
INV0007538,CUST01033,SUB01033,2025-09-29,2025-10-14,79.0,Paid
INV0007539,CUST01033,SUB01033,2025-10-29,2025-11-13,79.0,Paid
INV0007540,CUST01033,SUB01033,2025-11-29,2025-12-14,79.0,Paid
INV0007541,CUST01033,SUB01033,2025-12-29,2026-01-13,79.0,Paid
INV0007542,CUST01034,SUB01034,2025-06-17,2025-07-02,29.0,Paid
INV0007543,CUST01034,SUB01034,2025-07-17,2025-08-01,29.0,Paid
INV0007544,CUST01034,SUB01034,2025-08-17,2025-09-01,29.0,Overdue
INV0007545,CUST01034,SUB01034,2025-09-17,2025-10-02,29.0,Paid
INV0007546,CUST01034,SUB01034,2025-10-17,2025-11-01,29.0,Paid
INV0007547,CUST01034,SUB01034,2025-11-17,2025-12-02,29.0,Paid
INV0007548,CUST01035,SUB01035,2024-11-26,2024-12-11,79.0,Paid
INV0007549,CUST01035,SUB01035,2024-12-26,2025-01-10,79.0,Paid
INV0007550,CUST01035,SUB01035,2025-01-26,2025-02-10,79.0,Paid
INV0007551,CUST01036,SUB01036,2024-09-16,2024-10-01,29.0,Paid
INV0007552,CUST01036,SUB01036,2024-10-16,2024-10-31,29.0,Paid
INV0007553,CUST01036,SUB01036,2024-11-16,2024-12-01,29.0,Paid
INV0007554,CUST01036,SUB01036,2024-12-16,2024-12-31,29.0,Paid
INV0007555,CUST01036,SUB01036,2025-01-16,2025-01-31,29.0,Paid
INV0007556,CUST01036,SUB01036,2025-02-16,2025-03-03,29.0,Paid
INV0007557,CUST01036,SUB01036,2025-03-16,2025-03-31,29.0,Paid
INV0007558,CUST01036,SUB01036,2025-04-16,2025-05-01,29.0,Paid
INV0007559,CUST01036,SUB01036,2025-05-16,2025-05-31,29.0,Paid
INV0007560,CUST01036,SUB01036,2025-06-16,2025-07-01,29.0,Paid
INV0007561,CUST01036,SUB01036,2025-07-16,2025-07-31,29.0,Paid
INV0007562,CUST01036,SUB01036,2025-08-16,2025-08-31,29.0,Pending
INV0007563,CUST01036,SUB01036,2025-09-16,2025-10-01,29.0,Paid
INV0007564,CUST01036,SUB01036,2025-10-16,2025-10-31,29.0,Paid
INV0007565,CUST01036,SUB01036,2025-11-16,2025-12-01,29.0,Paid
INV0007566,CUST01036,SUB01036,2025-12-16,2025-12-31,29.0,Paid
INV0007567,CUST01037,SUB01037,2025-11-13,2025-11-28,29.0,Paid
INV0007568,CUST01037,SUB01037,2025-12-13,2025-12-28,29.0,Paid
INV0007569,CUST01038,SUB01038,2024-11-28,2024-12-13,295.8,Paid
INV0007570,CUST01039,SUB01039,2025-02-09,2025-02-24,805.8,Paid
INV0007571,CUST01040,SUB01040,2025-12-05,2025-12-20,199.0,Paid
INV0007572,CUST01041,SUB01041,2024-06-10,2024-06-25,29.0,Pending
INV0007573,CUST01041,SUB01041,2024-07-10,2024-07-25,29.0,Paid
INV0007574,CUST01041,SUB01041,2024-08-10,2024-08-25,29.0,Paid
INV0007575,CUST01041,SUB01041,2024-09-10,2024-09-25,29.0,Paid
INV0007576,CUST01041,SUB01041,2024-10-10,2024-10-25,29.0,Paid
INV0007577,CUST01041,SUB01041,2024-11-10,2024-11-25,29.0,Paid
INV0007578,CUST01041,SUB01041,2024-12-10,2024-12-25,29.0,Paid
INV0007579,CUST01041,SUB01041,2025-01-10,2025-01-25,29.0,Paid
INV0007580,CUST01041,SUB01041,2025-02-10,2025-02-25,29.0,Paid
INV0007581,CUST01041,SUB01041,2025-03-10,2025-03-25,29.0,Paid
INV0007582,CUST01041,SUB01041,2025-04-10,2025-04-25,29.0,Overdue
INV0007583,CUST01041,SUB01041,2025-05-10,2025-05-25,29.0,Paid
INV0007584,CUST01041,SUB01041,2025-06-10,2025-06-25,29.0,Paid
INV0007585,CUST01041,SUB01041,2025-07-10,2025-07-25,29.0,Paid
INV0007586,CUST01041,SUB01041,2025-08-10,2025-08-25,29.0,Paid
INV0007587,CUST01041,SUB01041,2025-09-10,2025-09-25,29.0,Paid
INV0007588,CUST01041,SUB01041,2025-10-10,2025-10-25,29.0,Paid
INV0007589,CUST01041,SUB01041,2025-11-10,2025-11-25,29.0,Paid
INV0007590,CUST01042,SUB01042,2024-03-02,2024-03-17,29.0,Paid
INV0007591,CUST01042,SUB01042,2024-04-02,2024-04-17,29.0,Paid
INV0007592,CUST01042,SUB01042,2024-05-02,2024-05-17,29.0,Paid
INV0007593,CUST01042,SUB01042,2024-06-02,2024-06-17,29.0,Paid
INV0007594,CUST01042,SUB01042,2024-07-02,2024-07-17,29.0,Paid
INV0007595,CUST01042,SUB01042,2024-08-02,2024-08-17,29.0,Paid
INV0007596,CUST01043,SUB01043,2024-05-08,2024-05-23,79.0,Paid
INV0007597,CUST01043,SUB01043,2024-06-08,2024-06-23,79.0,Paid
INV0007598,CUST01043,SUB01043,2024-07-08,2024-07-23,79.0,Paid
INV0007599,CUST01043,SUB01043,2024-08-08,2024-08-23,79.0,Paid
INV0007600,CUST01043,SUB01043,2024-09-08,2024-09-23,79.0,Paid
INV0007601,CUST01043,SUB01043,2024-10-08,2024-10-23,79.0,Paid
INV0007602,CUST01043,SUB01043,2024-11-08,2024-11-23,79.0,Paid
INV0007603,CUST01043,SUB01043,2024-12-08,2024-12-23,79.0,Paid
INV0007604,CUST01043,SUB01043,2025-01-08,2025-01-23,79.0,Pending
INV0007605,CUST01043,SUB01043,2025-02-08,2025-02-23,79.0,Paid
INV0007606,CUST01043,SUB01043,2025-03-08,2025-03-23,79.0,Paid
INV0007607,CUST01043,SUB01043,2025-04-08,2025-04-23,79.0,Paid
INV0007608,CUST01043,SUB01043,2025-05-08,2025-05-23,79.0,Paid
INV0007609,CUST01043,SUB01043,2025-06-08,2025-06-23,79.0,Paid
INV0007610,CUST01043,SUB01043,2025-07-08,2025-07-23,79.0,Paid
INV0007611,CUST01043,SUB01043,2025-08-08,2025-08-23,79.0,Paid
INV0007612,CUST01043,SUB01043,2025-09-08,2025-09-23,79.0,Paid
INV0007613,CUST01043,SUB01043,2025-10-08,2025-10-23,79.0,Overdue
INV0007614,CUST01044,SUB01044,2025-03-25,2025-04-09,29.0,Paid
INV0007615,CUST01044,SUB01044,2025-04-25,2025-05-10,29.0,Paid
INV0007616,CUST01044,SUB01044,2025-05-25,2025-06-09,29.0,Paid
INV0007617,CUST01044,SUB01044,2025-06-25,2025-07-10,29.0,Paid
INV0007618,CUST01044,SUB01044,2025-07-25,2025-08-09,29.0,Paid
INV0007619,CUST01044,SUB01044,2025-08-25,2025-09-09,29.0,Paid
INV0007620,CUST01044,SUB01044,2025-09-25,2025-10-10,29.0,Paid
INV0007621,CUST01044,SUB01044,2025-10-25,2025-11-09,29.0,Paid
INV0007622,CUST01044,SUB01044,2025-11-25,2025-12-10,29.0,Paid
INV0007623,CUST01044,SUB01044,2025-12-25,2026-01-09,29.0,Paid
INV0007624,CUST01045,SUB01045,2024-05-17,2024-06-01,79.0,Paid
INV0007625,CUST01045,SUB01045,2024-06-17,2024-07-02,79.0,Pending
INV0007626,CUST01045,SUB01045,2024-07-17,2024-08-01,79.0,Paid
INV0007627,CUST01045,SUB01045,2024-08-17,2024-09-01,79.0,Paid
INV0007628,CUST01045,SUB01045,2024-09-17,2024-10-02,79.0,Paid
INV0007629,CUST01045,SUB01045,2024-10-17,2024-11-01,79.0,Paid
INV0007630,CUST01045,SUB01045,2024-11-17,2024-12-02,79.0,Paid
INV0007631,CUST01045,SUB01045,2024-12-17,2025-01-01,79.0,Paid
INV0007632,CUST01045,SUB01045,2025-01-17,2025-02-01,79.0,Overdue
INV0007633,CUST01045,SUB01045,2025-02-17,2025-03-04,79.0,Paid
INV0007634,CUST01045,SUB01045,2025-03-17,2025-04-01,79.0,Paid
INV0007635,CUST01045,SUB01045,2025-04-17,2025-05-02,79.0,Paid
INV0007636,CUST01045,SUB01045,2025-05-17,2025-06-01,79.0,Paid
INV0007637,CUST01045,SUB01045,2025-06-17,2025-07-02,79.0,Paid
INV0007638,CUST01045,SUB01045,2025-07-17,2025-08-01,79.0,Paid
INV0007639,CUST01045,SUB01045,2025-08-17,2025-09-01,79.0,Paid
INV0007640,CUST01045,SUB01045,2025-09-17,2025-10-02,79.0,Paid
INV0007641,CUST01045,SUB01045,2025-10-17,2025-11-01,79.0,Paid
INV0007642,CUST01046,SUB01046,2025-07-26,2025-08-10,805.8,Paid
INV0007643,CUST01047,SUB01047,2025-07-10,2025-07-25,29.0,Paid
INV0007644,CUST01047,SUB01047,2025-08-10,2025-08-25,29.0,Paid
INV0007645,CUST01047,SUB01047,2025-09-10,2025-09-25,29.0,Paid
INV0007646,CUST01048,SUB01048,2024-03-11,2024-03-26,79.0,Paid
INV0007647,CUST01048,SUB01048,2024-04-11,2024-04-26,79.0,Paid
INV0007648,CUST01048,SUB01048,2024-05-11,2024-05-26,79.0,Paid
INV0007649,CUST01048,SUB01048,2024-06-11,2024-06-26,79.0,Paid
INV0007650,CUST01048,SUB01048,2024-07-11,2024-07-26,79.0,Paid
INV0007651,CUST01048,SUB01048,2024-08-11,2024-08-26,79.0,Paid
INV0007652,CUST01048,SUB01048,2024-09-11,2024-09-26,79.0,Paid
INV0007653,CUST01048,SUB01048,2024-10-11,2024-10-26,79.0,Paid
INV0007654,CUST01048,SUB01048,2024-11-11,2024-11-26,79.0,Paid
INV0007655,CUST01048,SUB01048,2024-12-11,2024-12-26,79.0,Paid
INV0007656,CUST01048,SUB01048,2025-01-11,2025-01-26,79.0,Paid
INV0007657,CUST01048,SUB01048,2025-02-11,2025-02-26,79.0,Pending
INV0007658,CUST01049,SUB01049,2025-07-08,2025-07-23,29.0,Paid
INV0007659,CUST01049,SUB01049,2025-08-08,2025-08-23,29.0,Overdue
INV0007660,CUST01049,SUB01049,2025-09-08,2025-09-23,29.0,Paid
INV0007661,CUST01049,SUB01049,2025-10-08,2025-10-23,29.0,Paid
INV0007662,CUST01049,SUB01049,2025-11-08,2025-11-23,29.0,Paid
INV0007663,CUST01049,SUB01049,2025-12-08,2025-12-23,29.0,Paid
INV0007664,CUST01050,SUB01050,2024-07-08,2024-07-23,29.0,Pending
INV0007665,CUST01050,SUB01050,2024-08-08,2024-08-23,29.0,Paid
INV0007666,CUST01050,SUB01050,2024-09-08,2024-09-23,29.0,Paid
INV0007667,CUST01050,SUB01050,2024-10-08,2024-10-23,29.0,Paid
INV0007668,CUST01050,SUB01050,2024-11-08,2024-11-23,29.0,Paid
INV0007669,CUST01050,SUB01050,2024-12-08,2024-12-23,29.0,Paid
INV0007670,CUST01050,SUB01050,2025-01-08,2025-01-23,29.0,Overdue
INV0007671,CUST01050,SUB01050,2025-02-08,2025-02-23,29.0,Paid
INV0007672,CUST01050,SUB01050,2025-03-08,2025-03-23,29.0,Paid
INV0007673,CUST01050,SUB01050,2025-04-08,2025-04-23,29.0,Paid
INV0007674,CUST01050,SUB01050,2025-05-08,2025-05-23,29.0,Paid
INV0007675,CUST01050,SUB01050,2025-06-08,2025-06-23,29.0,Paid
INV0007676,CUST01050,SUB01050,2025-07-08,2025-07-23,29.0,Paid
INV0007677,CUST01050,SUB01050,2025-08-08,2025-08-23,29.0,Paid
INV0007678,CUST01050,SUB01050,2025-09-08,2025-09-23,29.0,Overdue
INV0007679,CUST01050,SUB01050,2025-10-08,2025-10-23,29.0,Paid
INV0007680,CUST01050,SUB01050,2025-11-08,2025-11-23,29.0,Paid
INV0007681,CUST01050,SUB01050,2025-12-08,2025-12-23,29.0,Paid
INV0007682,CUST01051,SUB01051,2024-11-24,2024-12-09,199.0,Paid
INV0007683,CUST01051,SUB01051,2024-12-24,2025-01-08,199.0,Paid
INV0007684,CUST01051,SUB01051,2025-01-24,2025-02-08,199.0,Paid
INV0007685,CUST01051,SUB01051,2025-02-24,2025-03-11,199.0,Paid
INV0007686,CUST01051,SUB01051,2025-03-24,2025-04-08,199.0,Paid
INV0007687,CUST01051,SUB01051,2025-04-24,2025-05-09,199.0,Paid
INV0007688,CUST01051,SUB01051,2025-05-24,2025-06-08,199.0,Overdue
INV0007689,CUST01051,SUB01051,2025-06-24,2025-07-09,199.0,Paid
INV0007690,CUST01051,SUB01051,2025-07-24,2025-08-08,199.0,Paid
INV0007691,CUST01051,SUB01051,2025-08-24,2025-09-08,199.0,Paid
INV0007692,CUST01051,SUB01051,2025-09-24,2025-10-09,199.0,Paid
INV0007693,CUST01051,SUB01051,2025-10-24,2025-11-08,199.0,Paid
INV0007694,CUST01051,SUB01051,2025-11-24,2025-12-09,199.0,Paid
INV0007695,CUST01051,SUB01051,2025-12-24,2026-01-08,199.0,Paid
INV0007696,CUST01052,SUB01052,2024-07-13,2024-07-28,2029.8,Paid
INV0007697,CUST01053,SUB01053,2025-09-19,2025-10-04,199.0,Paid
INV0007698,CUST01053,SUB01053,2025-10-19,2025-11-03,199.0,Paid
INV0007699,CUST01053,SUB01053,2025-11-19,2025-12-04,199.0,Paid
INV0007700,CUST01053,SUB01053,2025-12-19,2026-01-03,199.0,Paid
INV0007701,CUST01054,SUB01054,2024-04-08,2024-04-23,79.0,Paid
INV0007702,CUST01054,SUB01054,2024-05-08,2024-05-23,79.0,Paid
INV0007703,CUST01054,SUB01054,2024-06-08,2024-06-23,79.0,Paid
INV0007704,CUST01054,SUB01054,2024-07-08,2024-07-23,79.0,Paid
INV0007705,CUST01054,SUB01054,2024-08-08,2024-08-23,79.0,Paid
INV0007706,CUST01054,SUB01054,2024-09-08,2024-09-23,79.0,Paid
INV0007707,CUST01054,SUB01054,2024-10-08,2024-10-23,79.0,Overdue
INV0007708,CUST01054,SUB01054,2024-11-08,2024-11-23,79.0,Paid
INV0007709,CUST01054,SUB01054,2024-12-08,2024-12-23,79.0,Paid
INV0007710,CUST01054,SUB01054,2025-01-08,2025-01-23,79.0,Paid
INV0007711,CUST01054,SUB01054,2025-02-08,2025-02-23,79.0,Paid
INV0007712,CUST01054,SUB01054,2025-03-08,2025-03-23,79.0,Paid
INV0007713,CUST01054,SUB01054,2025-04-08,2025-04-23,79.0,Paid
INV0007714,CUST01054,SUB01054,2025-05-08,2025-05-23,79.0,Paid
INV0007715,CUST01054,SUB01054,2025-06-08,2025-06-23,79.0,Paid
INV0007716,CUST01054,SUB01054,2025-07-08,2025-07-23,79.0,Overdue
INV0007717,CUST01054,SUB01054,2025-08-08,2025-08-23,79.0,Paid
INV0007718,CUST01054,SUB01054,2025-09-08,2025-09-23,79.0,Paid
INV0007719,CUST01055,SUB01055,2024-07-01,2024-07-16,805.8,Paid
INV0007720,CUST01055,SUB01055,2025-07-01,2025-07-16,2029.8,Overdue
INV0007721,CUST01056,SUB01056,2024-04-11,2024-04-26,29.0,Paid
INV0007722,CUST01056,SUB01056,2024-05-11,2024-05-26,29.0,Paid
INV0007723,CUST01056,SUB01056,2024-06-11,2024-06-26,29.0,Pending
INV0007724,CUST01056,SUB01056,2024-07-11,2024-07-26,29.0,Paid
INV0007725,CUST01056,SUB01056,2024-08-11,2024-08-26,29.0,Paid
INV0007726,CUST01056,SUB01056,2024-09-11,2024-09-26,29.0,Paid
INV0007727,CUST01056,SUB01056,2024-10-11,2024-10-26,29.0,Paid
INV0007728,CUST01056,SUB01056,2024-11-11,2024-11-26,29.0,Paid
INV0007729,CUST01056,SUB01056,2024-12-11,2024-12-26,29.0,Paid
INV0007730,CUST01056,SUB01056,2025-01-11,2025-01-26,29.0,Paid
INV0007731,CUST01056,SUB01056,2025-02-11,2025-02-26,29.0,Paid
INV0007732,CUST01056,SUB01056,2025-03-11,2025-03-26,29.0,Pending
INV0007733,CUST01056,SUB01056,2025-04-11,2025-04-26,29.0,Paid
INV0007734,CUST01056,SUB01056,2025-05-11,2025-05-26,29.0,Paid
INV0007735,CUST01056,SUB01056,2025-06-11,2025-06-26,29.0,Paid
INV0007736,CUST01056,SUB01056,2025-07-11,2025-07-26,29.0,Paid
INV0007737,CUST01056,SUB01056,2025-08-11,2025-08-26,29.0,Paid
INV0007738,CUST01056,SUB01056,2025-09-11,2025-09-26,29.0,Paid
INV0007739,CUST01057,SUB01057,2025-06-22,2025-07-07,29.0,Paid
INV0007740,CUST01057,SUB01057,2025-07-22,2025-08-06,29.0,Paid
INV0007741,CUST01057,SUB01057,2025-08-22,2025-09-06,29.0,Paid
INV0007742,CUST01057,SUB01057,2025-09-22,2025-10-07,29.0,Paid
INV0007743,CUST01057,SUB01057,2025-10-22,2025-11-06,29.0,Paid
INV0007744,CUST01057,SUB01057,2025-11-22,2025-12-07,29.0,Paid
INV0007745,CUST01057,SUB01057,2025-12-22,2026-01-06,29.0,Paid
INV0007746,CUST01058,SUB01058,2024-08-14,2024-08-29,805.8,Paid
INV0007747,CUST01059,SUB01059,2025-11-02,2025-11-17,29.0,Paid
INV0007748,CUST01059,SUB01059,2025-12-02,2025-12-17,29.0,Paid
INV0007749,CUST01060,SUB01060,2025-01-04,2025-01-19,29.0,Paid
INV0007750,CUST01060,SUB01060,2025-02-04,2025-02-19,29.0,Paid
INV0007751,CUST01060,SUB01060,2025-03-04,2025-03-19,29.0,Paid
INV0007752,CUST01060,SUB01060,2025-04-04,2025-04-19,29.0,Paid
INV0007753,CUST01060,SUB01060,2025-05-04,2025-05-19,29.0,Paid
INV0007754,CUST01060,SUB01060,2025-06-04,2025-06-19,29.0,Paid
INV0007755,CUST01060,SUB01060,2025-07-04,2025-07-19,29.0,Paid
INV0007756,CUST01060,SUB01060,2025-08-04,2025-08-19,29.0,Paid
INV0007757,CUST01060,SUB01060,2025-09-04,2025-09-19,29.0,Paid
INV0007758,CUST01060,SUB01060,2025-10-04,2025-10-19,29.0,Paid
INV0007759,CUST01060,SUB01060,2025-11-04,2025-11-19,29.0,Paid
INV0007760,CUST01060,SUB01060,2025-12-04,2025-12-19,29.0,Paid
INV0007761,CUST01061,SUB01061,2025-09-23,2025-10-08,199.0,Paid
INV0007762,CUST01061,SUB01061,2025-10-23,2025-11-07,199.0,Paid
INV0007763,CUST01061,SUB01061,2025-11-23,2025-12-08,199.0,Paid
INV0007764,CUST01061,SUB01061,2025-12-23,2026-01-07,199.0,Paid
INV0007765,CUST01062,SUB01062,2024-03-20,2024-04-04,805.8,Paid
INV0007766,CUST01062,SUB01062,2025-03-20,2025-04-04,805.8,Paid
INV0007767,CUST01063,SUB01063,2025-06-28,2025-07-13,29.0,Paid
INV0007768,CUST01063,SUB01063,2025-07-28,2025-08-12,29.0,Paid
INV0007769,CUST01063,SUB01063,2025-08-28,2025-09-12,29.0,Paid
INV0007770,CUST01063,SUB01063,2025-09-28,2025-10-13,29.0,Paid
INV0007771,CUST01063,SUB01063,2025-10-28,2025-11-12,79.0,Paid
INV0007772,CUST01063,SUB01063,2025-11-28,2025-12-13,79.0,Paid
INV0007773,CUST01064,SUB01064,2025-08-06,2025-08-21,295.8,Overdue
INV0007774,CUST01065,SUB01065,2024-04-18,2024-05-03,79.0,Paid
INV0007775,CUST01065,SUB01065,2024-05-18,2024-06-02,79.0,Paid
INV0007776,CUST01065,SUB01065,2024-06-18,2024-07-03,79.0,Paid
INV0007777,CUST01065,SUB01065,2024-07-18,2024-08-02,79.0,Paid
INV0007778,CUST01065,SUB01065,2024-08-18,2024-09-02,79.0,Paid
INV0007779,CUST01065,SUB01065,2024-09-18,2024-10-03,79.0,Paid
INV0007780,CUST01065,SUB01065,2024-10-18,2024-11-02,79.0,Paid
INV0007781,CUST01065,SUB01065,2024-11-18,2024-12-03,79.0,Paid
INV0007782,CUST01065,SUB01065,2024-12-18,2025-01-02,79.0,Paid
INV0007783,CUST01065,SUB01065,2025-01-18,2025-02-02,79.0,Paid
INV0007784,CUST01065,SUB01065,2025-02-18,2025-03-05,79.0,Paid
INV0007785,CUST01065,SUB01065,2025-03-18,2025-04-02,79.0,Paid
INV0007786,CUST01065,SUB01065,2025-04-18,2025-05-03,79.0,Paid
INV0007787,CUST01065,SUB01065,2025-05-18,2025-06-02,79.0,Paid
INV0007788,CUST01065,SUB01065,2025-06-18,2025-07-03,79.0,Paid
INV0007789,CUST01065,SUB01065,2025-07-18,2025-08-02,79.0,Paid
INV0007790,CUST01065,SUB01065,2025-08-18,2025-09-02,79.0,Overdue
INV0007791,CUST01065,SUB01065,2025-09-18,2025-10-03,79.0,Paid
INV0007792,CUST01065,SUB01065,2025-10-18,2025-11-02,79.0,Paid
INV0007793,CUST01065,SUB01065,2025-11-18,2025-12-03,79.0,Paid
INV0007794,CUST01065,SUB01065,2025-12-18,2026-01-02,79.0,Paid
INV0007795,CUST01066,SUB01066,2025-12-20,2026-01-04,79.0,Paid
INV0007796,CUST01067,SUB01067,2025-07-17,2025-08-01,295.8,Paid
INV0007797,CUST01068,SUB01068,2024-12-26,2025-01-10,199.0,Paid
INV0007798,CUST01068,SUB01068,2025-01-26,2025-02-10,199.0,Overdue
INV0007799,CUST01068,SUB01068,2025-02-26,2025-03-13,199.0,Paid
INV0007800,CUST01068,SUB01068,2025-03-26,2025-04-10,199.0,Paid
INV0007801,CUST01068,SUB01068,2025-04-26,2025-05-11,199.0,Paid
INV0007802,CUST01068,SUB01068,2025-05-26,2025-06-10,199.0,Paid
INV0007803,CUST01068,SUB01068,2025-06-26,2025-07-11,199.0,Paid
INV0007804,CUST01068,SUB01068,2025-07-26,2025-08-10,199.0,Paid
INV0007805,CUST01068,SUB01068,2025-08-26,2025-09-10,199.0,Paid
INV0007806,CUST01068,SUB01068,2025-09-26,2025-10-11,199.0,Paid
INV0007807,CUST01068,SUB01068,2025-10-26,2025-11-10,199.0,Paid
INV0007808,CUST01068,SUB01068,2025-11-26,2025-12-11,199.0,Paid
INV0007809,CUST01068,SUB01068,2025-12-26,2026-01-10,199.0,Paid
INV0007810,CUST01069,SUB01069,2025-01-15,2025-01-30,199.0,Paid
INV0007811,CUST01069,SUB01069,2025-02-15,2025-03-02,199.0,Paid
INV0007812,CUST01069,SUB01069,2025-03-15,2025-03-30,199.0,Paid
INV0007813,CUST01069,SUB01069,2025-04-15,2025-04-30,199.0,Paid
INV0007814,CUST01069,SUB01069,2025-05-15,2025-05-30,199.0,Paid
INV0007815,CUST01069,SUB01069,2025-06-15,2025-06-30,199.0,Paid
INV0007816,CUST01069,SUB01069,2025-07-15,2025-07-30,199.0,Paid
INV0007817,CUST01069,SUB01069,2025-08-15,2025-08-30,199.0,Paid
INV0007818,CUST01069,SUB01069,2025-09-15,2025-09-30,199.0,Paid
INV0007819,CUST01069,SUB01069,2025-10-15,2025-10-30,199.0,Paid
INV0007820,CUST01069,SUB01069,2025-11-15,2025-11-30,199.0,Paid
INV0007821,CUST01069,SUB01069,2025-12-15,2025-12-30,199.0,Paid
INV0007822,CUST01070,SUB01070,2025-09-15,2025-09-30,2029.8,Overdue
INV0007823,CUST01071,SUB01071,2025-01-03,2025-01-18,805.8,Paid
INV0007824,CUST01072,SUB01072,2024-02-05,2024-02-20,199.0,Pending
INV0007825,CUST01072,SUB01072,2024-03-05,2024-03-20,199.0,Paid
INV0007826,CUST01072,SUB01072,2024-04-05,2024-04-20,199.0,Paid
INV0007827,CUST01072,SUB01072,2024-05-05,2024-05-20,199.0,Paid
INV0007828,CUST01072,SUB01072,2024-06-05,2024-06-20,199.0,Paid
INV0007829,CUST01072,SUB01072,2024-07-05,2024-07-20,199.0,Paid
INV0007830,CUST01072,SUB01072,2024-08-05,2024-08-20,199.0,Paid
INV0007831,CUST01072,SUB01072,2024-09-05,2024-09-20,199.0,Pending
INV0007832,CUST01072,SUB01072,2024-10-05,2024-10-20,199.0,Paid
INV0007833,CUST01072,SUB01072,2024-11-05,2024-11-20,199.0,Paid
INV0007834,CUST01072,SUB01072,2024-12-05,2024-12-20,199.0,Paid
INV0007835,CUST01072,SUB01072,2025-01-05,2025-01-20,199.0,Paid
INV0007836,CUST01072,SUB01072,2025-02-05,2025-02-20,199.0,Paid
INV0007837,CUST01072,SUB01072,2025-03-05,2025-03-20,199.0,Paid
INV0007838,CUST01072,SUB01072,2025-04-05,2025-04-20,199.0,Paid
INV0007839,CUST01072,SUB01072,2025-05-05,2025-05-20,199.0,Paid
INV0007840,CUST01072,SUB01072,2025-06-05,2025-06-20,199.0,Paid
INV0007841,CUST01072,SUB01072,2025-07-05,2025-07-20,199.0,Paid
INV0007842,CUST01073,SUB01073,2024-11-05,2024-11-20,29.0,Paid
INV0007843,CUST01073,SUB01073,2024-12-05,2024-12-20,29.0,Paid
INV0007844,CUST01073,SUB01073,2025-01-05,2025-01-20,29.0,Paid
INV0007845,CUST01073,SUB01073,2025-02-05,2025-02-20,29.0,Paid
INV0007846,CUST01073,SUB01073,2025-03-05,2025-03-20,29.0,Paid
INV0007847,CUST01073,SUB01073,2025-04-05,2025-04-20,29.0,Paid
INV0007848,CUST01073,SUB01073,2025-05-05,2025-05-20,29.0,Paid
INV0007849,CUST01073,SUB01073,2025-06-05,2025-06-20,29.0,Paid
INV0007850,CUST01073,SUB01073,2025-07-05,2025-07-20,29.0,Paid
INV0007851,CUST01073,SUB01073,2025-08-05,2025-08-20,29.0,Paid
INV0007852,CUST01073,SUB01073,2025-09-05,2025-09-20,29.0,Paid
INV0007853,CUST01073,SUB01073,2025-10-05,2025-10-20,29.0,Paid
INV0007854,CUST01073,SUB01073,2025-11-05,2025-11-20,29.0,Paid
INV0007855,CUST01073,SUB01073,2025-12-05,2025-12-20,29.0,Paid
INV0007856,CUST01074,SUB01074,2024-01-23,2024-02-07,805.8,Overdue
INV0007857,CUST01074,SUB01074,2025-01-23,2025-02-07,805.8,Paid
INV0007858,CUST01075,SUB01075,2024-04-06,2024-04-21,79.0,Paid
INV0007859,CUST01075,SUB01075,2024-05-06,2024-05-21,79.0,Paid
INV0007860,CUST01075,SUB01075,2024-06-06,2024-06-21,79.0,Paid
INV0007861,CUST01075,SUB01075,2024-07-06,2024-07-21,79.0,Paid
INV0007862,CUST01075,SUB01075,2024-08-06,2024-08-21,79.0,Paid
INV0007863,CUST01075,SUB01075,2024-09-06,2024-09-21,79.0,Paid
INV0007864,CUST01075,SUB01075,2024-10-06,2024-10-21,79.0,Paid
INV0007865,CUST01075,SUB01075,2024-11-06,2024-11-21,79.0,Paid
INV0007866,CUST01075,SUB01075,2024-12-06,2024-12-21,79.0,Paid
INV0007867,CUST01075,SUB01075,2025-01-06,2025-01-21,79.0,Paid
INV0007868,CUST01075,SUB01075,2025-02-06,2025-02-21,79.0,Paid
INV0007869,CUST01075,SUB01075,2025-03-06,2025-03-21,79.0,Paid
INV0007870,CUST01075,SUB01075,2025-04-06,2025-04-21,79.0,Paid
INV0007871,CUST01075,SUB01075,2025-05-06,2025-05-21,79.0,Paid
INV0007872,CUST01075,SUB01075,2025-06-06,2025-06-21,79.0,Paid
INV0007873,CUST01075,SUB01075,2025-07-06,2025-07-21,79.0,Paid
INV0007874,CUST01075,SUB01075,2025-08-06,2025-08-21,79.0,Paid
INV0007875,CUST01075,SUB01075,2025-09-06,2025-09-21,79.0,Paid
INV0007876,CUST01076,SUB01076,2025-01-10,2025-01-25,295.8,Paid
INV0007877,CUST01077,SUB01077,2024-04-04,2024-04-19,29.0,Paid
INV0007878,CUST01077,SUB01077,2024-05-04,2024-05-19,29.0,Paid
INV0007879,CUST01077,SUB01077,2024-06-04,2024-06-19,29.0,Overdue
INV0007880,CUST01077,SUB01077,2024-07-04,2024-07-19,29.0,Paid
INV0007881,CUST01077,SUB01077,2024-08-04,2024-08-19,29.0,Paid
INV0007882,CUST01077,SUB01077,2024-09-04,2024-09-19,29.0,Paid
INV0007883,CUST01077,SUB01077,2024-10-04,2024-10-19,29.0,Paid
INV0007884,CUST01077,SUB01077,2024-11-04,2024-11-19,29.0,Paid
INV0007885,CUST01077,SUB01077,2024-12-04,2024-12-19,29.0,Paid
INV0007886,CUST01077,SUB01077,2025-01-04,2025-01-19,29.0,Paid
INV0007887,CUST01077,SUB01077,2025-02-04,2025-02-19,29.0,Paid
INV0007888,CUST01077,SUB01077,2025-03-04,2025-03-19,29.0,Paid
INV0007889,CUST01077,SUB01077,2025-04-04,2025-04-19,29.0,Pending
INV0007890,CUST01077,SUB01077,2025-05-04,2025-05-19,29.0,Paid
INV0007891,CUST01077,SUB01077,2025-06-04,2025-06-19,29.0,Paid
INV0007892,CUST01077,SUB01077,2025-07-04,2025-07-19,29.0,Paid
INV0007893,CUST01077,SUB01077,2025-08-04,2025-08-19,29.0,Paid
INV0007894,CUST01077,SUB01077,2025-09-04,2025-09-19,29.0,Paid
INV0007895,CUST01078,SUB01078,2024-11-28,2024-12-13,79.0,Paid
INV0007896,CUST01078,SUB01078,2024-12-28,2025-01-12,79.0,Paid
INV0007897,CUST01078,SUB01078,2025-01-28,2025-02-12,79.0,Paid
INV0007898,CUST01078,SUB01078,2025-02-28,2025-03-15,79.0,Paid
INV0007899,CUST01078,SUB01078,2025-03-28,2025-04-12,79.0,Paid
INV0007900,CUST01078,SUB01078,2025-04-28,2025-05-13,79.0,Paid
INV0007901,CUST01078,SUB01078,2025-05-28,2025-06-12,79.0,Overdue
INV0007902,CUST01078,SUB01078,2025-06-28,2025-07-13,79.0,Paid
INV0007903,CUST01078,SUB01078,2025-07-28,2025-08-12,79.0,Paid
INV0007904,CUST01078,SUB01078,2025-08-28,2025-09-12,79.0,Paid
INV0007905,CUST01078,SUB01078,2025-09-28,2025-10-13,79.0,Paid
INV0007906,CUST01078,SUB01078,2025-10-28,2025-11-12,79.0,Paid
INV0007907,CUST01079,SUB01079,2025-09-01,2025-09-16,29.0,Paid
INV0007908,CUST01079,SUB01079,2025-10-01,2025-10-16,29.0,Paid
INV0007909,CUST01079,SUB01079,2025-11-01,2025-11-16,29.0,Paid
INV0007910,CUST01079,SUB01079,2025-12-01,2025-12-16,29.0,Paid
INV0007911,CUST01080,SUB01080,2024-03-21,2024-04-05,79.0,Paid
INV0007912,CUST01080,SUB01080,2024-04-21,2024-05-06,79.0,Paid
INV0007913,CUST01080,SUB01080,2024-05-21,2024-06-05,79.0,Paid
INV0007914,CUST01080,SUB01080,2024-06-21,2024-07-06,79.0,Paid
INV0007915,CUST01080,SUB01080,2024-07-21,2024-08-05,199.0,Pending
INV0007916,CUST01080,SUB01080,2024-08-21,2024-09-05,199.0,Paid
INV0007917,CUST01080,SUB01080,2024-09-21,2024-10-06,199.0,Paid
INV0007918,CUST01080,SUB01080,2024-10-21,2024-11-05,199.0,Paid
INV0007919,CUST01080,SUB01080,2024-11-21,2024-12-06,199.0,Paid
INV0007920,CUST01080,SUB01080,2024-12-21,2025-01-05,199.0,Paid
INV0007921,CUST01080,SUB01080,2025-01-21,2025-02-05,199.0,Paid
INV0007922,CUST01080,SUB01080,2025-02-21,2025-03-08,199.0,Paid
INV0007923,CUST01080,SUB01080,2025-03-21,2025-04-05,199.0,Overdue
INV0007924,CUST01080,SUB01080,2025-04-21,2025-05-06,199.0,Paid
INV0007925,CUST01080,SUB01080,2025-05-21,2025-06-05,199.0,Pending
INV0007926,CUST01080,SUB01080,2025-06-21,2025-07-06,199.0,Paid
INV0007927,CUST01080,SUB01080,2025-07-21,2025-08-05,199.0,Overdue
INV0007928,CUST01080,SUB01080,2025-08-21,2025-09-05,199.0,Paid
INV0007929,CUST01081,SUB01081,2025-03-02,2025-03-17,29.0,Paid
INV0007930,CUST01081,SUB01081,2025-04-02,2025-04-17,29.0,Paid
INV0007931,CUST01081,SUB01081,2025-05-02,2025-05-17,29.0,Pending
INV0007932,CUST01082,SUB01082,2025-10-30,2025-11-14,199.0,Paid
INV0007933,CUST01082,SUB01082,2025-11-30,2025-12-15,199.0,Paid
INV0007934,CUST01082,SUB01082,2025-12-30,2026-01-14,199.0,Paid
INV0007935,CUST01083,SUB01083,2024-02-25,2024-03-11,79.0,Paid
INV0007936,CUST01083,SUB01083,2024-03-25,2024-04-09,79.0,Paid
INV0007937,CUST01083,SUB01083,2024-04-25,2024-05-10,79.0,Paid
INV0007938,CUST01083,SUB01083,2024-05-25,2024-06-09,79.0,Paid
INV0007939,CUST01083,SUB01083,2024-06-25,2024-07-10,79.0,Paid
INV0007940,CUST01083,SUB01083,2024-07-25,2024-08-09,79.0,Overdue
INV0007941,CUST01083,SUB01083,2024-08-25,2024-09-09,79.0,Paid
INV0007942,CUST01083,SUB01083,2024-09-25,2024-10-10,79.0,Paid
INV0007943,CUST01083,SUB01083,2024-10-25,2024-11-09,79.0,Paid
INV0007944,CUST01083,SUB01083,2024-11-25,2024-12-10,79.0,Paid
INV0007945,CUST01083,SUB01083,2024-12-25,2025-01-09,79.0,Paid
INV0007946,CUST01083,SUB01083,2025-01-25,2025-02-09,79.0,Paid
INV0007947,CUST01083,SUB01083,2025-02-25,2025-03-12,79.0,Paid
INV0007948,CUST01083,SUB01083,2025-03-25,2025-04-09,79.0,Paid
INV0007949,CUST01083,SUB01083,2025-04-25,2025-05-10,79.0,Pending
INV0007950,CUST01083,SUB01083,2025-05-25,2025-06-09,79.0,Paid
INV0007951,CUST01083,SUB01083,2025-06-25,2025-07-10,79.0,Paid
INV0007952,CUST01083,SUB01083,2025-07-25,2025-08-09,79.0,Paid
INV0007953,CUST01084,SUB01084,2024-11-30,2024-12-15,29.0,Paid
INV0007954,CUST01084,SUB01084,2024-12-30,2025-01-14,29.0,Paid
INV0007955,CUST01084,SUB01084,2025-01-30,2025-02-14,29.0,Paid
INV0007956,CUST01085,SUB01085,2025-04-01,2025-04-16,29.0,Paid
INV0007957,CUST01085,SUB01085,2025-05-01,2025-05-16,29.0,Paid
INV0007958,CUST01085,SUB01085,2025-06-01,2025-06-16,29.0,Paid
INV0007959,CUST01085,SUB01085,2025-07-01,2025-07-16,29.0,Paid
INV0007960,CUST01085,SUB01085,2025-08-01,2025-08-16,29.0,Paid
INV0007961,CUST01085,SUB01085,2025-09-01,2025-09-16,29.0,Paid
INV0007962,CUST01086,SUB01086,2025-03-18,2025-04-02,79.0,Paid
INV0007963,CUST01086,SUB01086,2025-04-18,2025-05-03,79.0,Paid
INV0007964,CUST01086,SUB01086,2025-05-18,2025-06-02,79.0,Paid
INV0007965,CUST01086,SUB01086,2025-06-18,2025-07-03,79.0,Paid
INV0007966,CUST01086,SUB01086,2025-07-18,2025-08-02,79.0,Paid
INV0007967,CUST01086,SUB01086,2025-08-18,2025-09-02,79.0,Paid
INV0007968,CUST01086,SUB01086,2025-09-18,2025-10-03,79.0,Paid
INV0007969,CUST01086,SUB01086,2025-10-18,2025-11-02,79.0,Paid
INV0007970,CUST01086,SUB01086,2025-11-18,2025-12-03,79.0,Paid
INV0007971,CUST01086,SUB01086,2025-12-18,2026-01-02,79.0,Paid
INV0007972,CUST01087,SUB01087,2024-03-25,2024-04-09,295.8,Paid
INV0007973,CUST01087,SUB01087,2025-03-25,2025-04-09,805.8,Overdue
INV0007974,CUST01088,SUB01088,2024-09-25,2024-10-10,805.8,Paid
INV0007975,CUST01089,SUB01089,2024-05-18,2024-06-02,295.8,Paid
INV0007976,CUST01089,SUB01089,2025-05-18,2025-06-02,295.8,Overdue
INV0007977,CUST01090,SUB01090,2025-07-28,2025-08-12,79.0,Paid
INV0007978,CUST01090,SUB01090,2025-08-28,2025-09-12,79.0,Paid
INV0007979,CUST01090,SUB01090,2025-09-28,2025-10-13,79.0,Paid
INV0007980,CUST01090,SUB01090,2025-10-28,2025-11-12,79.0,Paid
INV0007981,CUST01090,SUB01090,2025-11-28,2025-12-13,79.0,Paid
INV0007982,CUST01090,SUB01090,2025-12-28,2026-01-12,79.0,Paid
INV0007983,CUST01091,SUB01091,2024-03-14,2024-03-29,805.8,Paid
INV0007984,CUST01092,SUB01092,2024-04-25,2024-05-10,295.8,Paid
INV0007985,CUST01092,SUB01092,2025-04-25,2025-05-10,295.8,Pending
INV0007986,CUST01093,SUB01093,2024-11-24,2024-12-09,295.8,Paid
INV0007987,CUST01094,SUB01094,2024-06-22,2024-07-07,79.0,Paid
INV0007988,CUST01094,SUB01094,2024-07-22,2024-08-06,79.0,Paid
INV0007989,CUST01094,SUB01094,2024-08-22,2024-09-06,79.0,Overdue
INV0007990,CUST01094,SUB01094,2024-09-22,2024-10-07,79.0,Paid
INV0007991,CUST01094,SUB01094,2024-10-22,2024-11-06,79.0,Paid
INV0007992,CUST01094,SUB01094,2024-11-22,2024-12-07,79.0,Paid
INV0007993,CUST01094,SUB01094,2024-12-22,2025-01-06,79.0,Paid
INV0007994,CUST01094,SUB01094,2025-01-22,2025-02-06,79.0,Pending
INV0007995,CUST01094,SUB01094,2025-02-22,2025-03-09,79.0,Paid
INV0007996,CUST01094,SUB01094,2025-03-22,2025-04-06,79.0,Paid
INV0007997,CUST01094,SUB01094,2025-04-22,2025-05-07,79.0,Paid
INV0007998,CUST01094,SUB01094,2025-05-22,2025-06-06,79.0,Paid
INV0007999,CUST01095,SUB01095,2025-09-30,2025-10-15,805.8,Paid
INV0008000,CUST01096,SUB01096,2024-07-23,2024-08-07,29.0,Paid
INV0008001,CUST01096,SUB01096,2024-08-23,2024-09-07,29.0,Paid
INV0008002,CUST01096,SUB01096,2024-09-23,2024-10-08,29.0,Paid
INV0008003,CUST01096,SUB01096,2024-10-23,2024-11-07,29.0,Paid
INV0008004,CUST01096,SUB01096,2024-11-23,2024-12-08,29.0,Paid
INV0008005,CUST01096,SUB01096,2024-12-23,2025-01-07,29.0,Paid
INV0008006,CUST01096,SUB01096,2025-01-23,2025-02-07,29.0,Paid
INV0008007,CUST01096,SUB01096,2025-02-23,2025-03-10,29.0,Paid
INV0008008,CUST01096,SUB01096,2025-03-23,2025-04-07,29.0,Paid
INV0008009,CUST01096,SUB01096,2025-04-23,2025-05-08,29.0,Paid
INV0008010,CUST01096,SUB01096,2025-05-23,2025-06-07,29.0,Paid
INV0008011,CUST01096,SUB01096,2025-06-23,2025-07-08,29.0,Paid
INV0008012,CUST01096,SUB01096,2025-07-23,2025-08-07,29.0,Paid
INV0008013,CUST01096,SUB01096,2025-08-23,2025-09-07,29.0,Paid
INV0008014,CUST01096,SUB01096,2025-09-23,2025-10-08,29.0,Paid
INV0008015,CUST01096,SUB01096,2025-10-23,2025-11-07,29.0,Paid
INV0008016,CUST01096,SUB01096,2025-11-23,2025-12-08,29.0,Paid
INV0008017,CUST01096,SUB01096,2025-12-23,2026-01-07,29.0,Paid
INV0008018,CUST01097,SUB01097,2024-04-25,2024-05-10,805.8,Pending
INV0008019,CUST01098,SUB01098,2024-10-21,2024-11-05,79.0,Paid
INV0008020,CUST01098,SUB01098,2024-11-21,2024-12-06,79.0,Paid
INV0008021,CUST01098,SUB01098,2024-12-21,2025-01-05,79.0,Paid
INV0008022,CUST01098,SUB01098,2025-01-21,2025-02-05,79.0,Paid
INV0008023,CUST01098,SUB01098,2025-02-21,2025-03-08,79.0,Paid
INV0008024,CUST01098,SUB01098,2025-03-21,2025-04-05,79.0,Paid
INV0008025,CUST01098,SUB01098,2025-04-21,2025-05-06,79.0,Paid
INV0008026,CUST01098,SUB01098,2025-05-21,2025-06-05,79.0,Overdue
INV0008027,CUST01098,SUB01098,2025-06-21,2025-07-06,79.0,Paid
INV0008028,CUST01098,SUB01098,2025-07-21,2025-08-05,79.0,Paid
INV0008029,CUST01098,SUB01098,2025-08-21,2025-09-05,79.0,Paid
INV0008030,CUST01098,SUB01098,2025-09-21,2025-10-06,79.0,Paid
INV0008031,CUST01098,SUB01098,2025-10-21,2025-11-05,79.0,Paid
INV0008032,CUST01098,SUB01098,2025-11-21,2025-12-06,79.0,Paid
INV0008033,CUST01098,SUB01098,2025-12-21,2026-01-05,79.0,Paid
INV0008034,CUST01099,SUB01099,2025-04-05,2025-04-20,79.0,Paid
INV0008035,CUST01099,SUB01099,2025-05-05,2025-05-20,79.0,Paid
INV0008036,CUST01099,SUB01099,2025-06-05,2025-06-20,79.0,Pending
INV0008037,CUST01099,SUB01099,2025-07-05,2025-07-20,79.0,Paid
INV0008038,CUST01099,SUB01099,2025-08-05,2025-08-20,79.0,Overdue
INV0008039,CUST01099,SUB01099,2025-09-05,2025-09-20,79.0,Paid
INV0008040,CUST01099,SUB01099,2025-10-05,2025-10-20,79.0,Paid
INV0008041,CUST01099,SUB01099,2025-11-05,2025-11-20,79.0,Paid
INV0008042,CUST01099,SUB01099,2025-12-05,2025-12-20,79.0,Paid
INV0008043,CUST01100,SUB01100,2024-07-27,2024-08-11,79.0,Paid
INV0008044,CUST01100,SUB01100,2024-08-27,2024-09-11,79.0,Paid
INV0008045,CUST01100,SUB01100,2024-09-27,2024-10-12,79.0,Paid
INV0008046,CUST01100,SUB01100,2024-10-27,2024-11-11,79.0,Paid
INV0008047,CUST01100,SUB01100,2024-11-27,2024-12-12,79.0,Pending
INV0008048,CUST01100,SUB01100,2024-12-27,2025-01-11,79.0,Paid
INV0008049,CUST01100,SUB01100,2025-01-27,2025-02-11,79.0,Paid
INV0008050,CUST01100,SUB01100,2025-02-27,2025-03-14,79.0,Paid
INV0008051,CUST01100,SUB01100,2025-03-27,2025-04-11,79.0,Paid
INV0008052,CUST01100,SUB01100,2025-04-27,2025-05-12,79.0,Paid
INV0008053,CUST01100,SUB01100,2025-05-27,2025-06-11,79.0,Paid
INV0008054,CUST01100,SUB01100,2025-06-27,2025-07-12,79.0,Paid
INV0008055,CUST01101,SUB01101,2025-09-29,2025-10-14,29.0,Pending
INV0008056,CUST01101,SUB01101,2025-10-29,2025-11-13,29.0,Paid
INV0008057,CUST01101,SUB01101,2025-11-29,2025-12-14,29.0,Paid
INV0008058,CUST01101,SUB01101,2025-12-29,2026-01-13,29.0,Paid
INV0008059,CUST01102,SUB01102,2025-01-20,2025-02-04,79.0,Paid
INV0008060,CUST01102,SUB01102,2025-02-20,2025-03-07,79.0,Paid
INV0008061,CUST01102,SUB01102,2025-03-20,2025-04-04,79.0,Overdue
INV0008062,CUST01102,SUB01102,2025-04-20,2025-05-05,79.0,Paid
INV0008063,CUST01102,SUB01102,2025-05-20,2025-06-04,79.0,Paid
INV0008064,CUST01102,SUB01102,2025-06-20,2025-07-05,79.0,Paid
INV0008065,CUST01103,SUB01103,2024-06-23,2024-07-08,29.0,Paid
INV0008066,CUST01103,SUB01103,2024-07-23,2024-08-07,29.0,Paid
INV0008067,CUST01103,SUB01103,2024-08-23,2024-09-07,29.0,Paid
INV0008068,CUST01103,SUB01103,2024-09-23,2024-10-08,29.0,Paid
INV0008069,CUST01103,SUB01103,2024-10-23,2024-11-07,29.0,Paid
INV0008070,CUST01103,SUB01103,2024-11-23,2024-12-08,29.0,Paid
INV0008071,CUST01103,SUB01103,2024-12-23,2025-01-07,29.0,Overdue
INV0008072,CUST01103,SUB01103,2025-01-23,2025-02-07,29.0,Paid
INV0008073,CUST01103,SUB01103,2025-02-23,2025-03-10,29.0,Paid
INV0008074,CUST01103,SUB01103,2025-03-23,2025-04-07,29.0,Paid
INV0008075,CUST01103,SUB01103,2025-04-23,2025-05-08,29.0,Paid
INV0008076,CUST01103,SUB01103,2025-05-23,2025-06-07,29.0,Paid
INV0008077,CUST01104,SUB01104,2024-02-24,2024-03-10,79.0,Paid
INV0008078,CUST01104,SUB01104,2024-03-24,2024-04-08,79.0,Paid
INV0008079,CUST01104,SUB01104,2024-04-24,2024-05-09,79.0,Paid
INV0008080,CUST01104,SUB01104,2024-05-24,2024-06-08,79.0,Paid
INV0008081,CUST01104,SUB01104,2024-06-24,2024-07-09,79.0,Paid
INV0008082,CUST01104,SUB01104,2024-07-24,2024-08-08,79.0,Paid
INV0008083,CUST01104,SUB01104,2024-08-24,2024-09-08,79.0,Paid
INV0008084,CUST01104,SUB01104,2024-09-24,2024-10-09,79.0,Paid
INV0008085,CUST01104,SUB01104,2024-10-24,2024-11-08,79.0,Paid
INV0008086,CUST01104,SUB01104,2024-11-24,2024-12-09,79.0,Paid
INV0008087,CUST01104,SUB01104,2024-12-24,2025-01-08,79.0,Paid
INV0008088,CUST01104,SUB01104,2025-01-24,2025-02-08,79.0,Paid
INV0008089,CUST01104,SUB01104,2025-02-24,2025-03-11,79.0,Paid
INV0008090,CUST01104,SUB01104,2025-03-24,2025-04-08,79.0,Overdue
INV0008091,CUST01104,SUB01104,2025-04-24,2025-05-09,79.0,Paid
INV0008092,CUST01104,SUB01104,2025-05-24,2025-06-08,79.0,Paid
INV0008093,CUST01104,SUB01104,2025-06-24,2025-07-09,79.0,Paid
INV0008094,CUST01104,SUB01104,2025-07-24,2025-08-08,79.0,Paid
INV0008095,CUST01105,SUB01105,2025-11-09,2025-11-24,29.0,Paid
INV0008096,CUST01105,SUB01105,2025-12-09,2025-12-24,29.0,Overdue
INV0008097,CUST01106,SUB01106,2024-01-20,2024-02-04,295.8,Paid
INV0008098,CUST01107,SUB01107,2025-06-04,2025-06-19,79.0,Paid
INV0008099,CUST01107,SUB01107,2025-07-04,2025-07-19,79.0,Pending
INV0008100,CUST01107,SUB01107,2025-08-04,2025-08-19,79.0,Paid
INV0008101,CUST01107,SUB01107,2025-09-04,2025-09-19,79.0,Paid
INV0008102,CUST01107,SUB01107,2025-10-04,2025-10-19,79.0,Paid
INV0008103,CUST01107,SUB01107,2025-11-04,2025-11-19,79.0,Paid
INV0008104,CUST01107,SUB01107,2025-12-04,2025-12-19,79.0,Paid
INV0008105,CUST01108,SUB01108,2025-09-03,2025-09-18,199.0,Paid
INV0008106,CUST01108,SUB01108,2025-10-03,2025-10-18,199.0,Paid
INV0008107,CUST01108,SUB01108,2025-11-03,2025-11-18,199.0,Overdue
INV0008108,CUST01108,SUB01108,2025-12-03,2025-12-18,199.0,Paid
INV0008109,CUST01109,SUB01109,2025-07-28,2025-08-12,29.0,Paid
INV0008110,CUST01109,SUB01109,2025-08-28,2025-09-12,29.0,Paid
INV0008111,CUST01109,SUB01109,2025-09-28,2025-10-13,29.0,Paid
INV0008112,CUST01109,SUB01109,2025-10-28,2025-11-12,29.0,Paid
INV0008113,CUST01109,SUB01109,2025-11-28,2025-12-13,29.0,Paid
INV0008114,CUST01109,SUB01109,2025-12-28,2026-01-12,29.0,Paid
INV0008115,CUST01110,SUB01110,2024-12-07,2024-12-22,295.8,Overdue
INV0008116,CUST01110,SUB01110,2025-12-07,2025-12-22,295.8,Paid
INV0008117,CUST01111,SUB01111,2025-12-01,2025-12-16,79.0,Paid
INV0008118,CUST01112,SUB01112,2024-03-04,2024-03-19,805.8,Overdue
INV0008119,CUST01112,SUB01112,2025-03-04,2025-03-19,805.8,Paid
INV0008120,CUST01113,SUB01113,2025-07-22,2025-08-06,199.0,Paid
INV0008121,CUST01113,SUB01113,2025-08-22,2025-09-06,199.0,Paid
INV0008122,CUST01113,SUB01113,2025-09-22,2025-10-07,199.0,Paid
INV0008123,CUST01113,SUB01113,2025-10-22,2025-11-06,199.0,Paid
INV0008124,CUST01113,SUB01113,2025-11-22,2025-12-07,199.0,Paid
INV0008125,CUST01113,SUB01113,2025-12-22,2026-01-06,199.0,Paid
INV0008126,CUST01114,SUB01114,2025-11-03,2025-11-18,29.0,Paid
INV0008127,CUST01114,SUB01114,2025-12-03,2025-12-18,29.0,Paid
INV0008128,CUST01115,SUB01115,2025-03-03,2025-03-18,295.8,Overdue
INV0008129,CUST01116,SUB01116,2025-09-11,2025-09-26,295.8,Paid
INV0008130,CUST01117,SUB01117,2025-08-17,2025-09-01,29.0,Paid
INV0008131,CUST01117,SUB01117,2025-09-17,2025-10-02,29.0,Paid
INV0008132,CUST01117,SUB01117,2025-10-17,2025-11-01,29.0,Paid
INV0008133,CUST01117,SUB01117,2025-11-17,2025-12-02,29.0,Paid
INV0008134,CUST01117,SUB01117,2025-12-17,2026-01-01,29.0,Paid
INV0008135,CUST01118,SUB01118,2024-11-12,2024-11-27,29.0,Paid
INV0008136,CUST01118,SUB01118,2024-12-12,2024-12-27,29.0,Paid
INV0008137,CUST01118,SUB01118,2025-01-12,2025-01-27,29.0,Overdue
INV0008138,CUST01118,SUB01118,2025-02-12,2025-02-27,29.0,Paid
INV0008139,CUST01118,SUB01118,2025-03-12,2025-03-27,29.0,Paid
INV0008140,CUST01118,SUB01118,2025-04-12,2025-04-27,29.0,Paid
INV0008141,CUST01118,SUB01118,2025-05-12,2025-05-27,29.0,Paid
INV0008142,CUST01118,SUB01118,2025-06-12,2025-06-27,29.0,Paid
INV0008143,CUST01118,SUB01118,2025-07-12,2025-07-27,29.0,Paid
INV0008144,CUST01118,SUB01118,2025-08-12,2025-08-27,29.0,Paid
INV0008145,CUST01118,SUB01118,2025-09-12,2025-09-27,29.0,Overdue
INV0008146,CUST01118,SUB01118,2025-10-12,2025-10-27,29.0,Paid
INV0008147,CUST01118,SUB01118,2025-11-12,2025-11-27,29.0,Paid
INV0008148,CUST01118,SUB01118,2025-12-12,2025-12-27,29.0,Paid
INV0008149,CUST01119,SUB01119,2024-05-28,2024-06-12,79.0,Paid
INV0008150,CUST01119,SUB01119,2024-06-28,2024-07-13,79.0,Paid
INV0008151,CUST01119,SUB01119,2024-07-28,2024-08-12,79.0,Paid
INV0008152,CUST01119,SUB01119,2024-08-28,2024-09-12,79.0,Paid
INV0008153,CUST01119,SUB01119,2024-09-28,2024-10-13,79.0,Paid
INV0008154,CUST01119,SUB01119,2024-10-28,2024-11-12,79.0,Pending
INV0008155,CUST01119,SUB01119,2024-11-28,2024-12-13,79.0,Paid
INV0008156,CUST01119,SUB01119,2024-12-28,2025-01-12,79.0,Paid
INV0008157,CUST01119,SUB01119,2025-01-28,2025-02-12,79.0,Paid
INV0008158,CUST01119,SUB01119,2025-02-28,2025-03-15,79.0,Paid
INV0008159,CUST01119,SUB01119,2025-03-28,2025-04-12,79.0,Paid
INV0008160,CUST01119,SUB01119,2025-04-28,2025-05-13,79.0,Paid
INV0008161,CUST01119,SUB01119,2025-05-28,2025-06-12,79.0,Paid
INV0008162,CUST01119,SUB01119,2025-06-28,2025-07-13,79.0,Paid
INV0008163,CUST01119,SUB01119,2025-07-28,2025-08-12,79.0,Paid
INV0008164,CUST01119,SUB01119,2025-08-28,2025-09-12,79.0,Paid
INV0008165,CUST01119,SUB01119,2025-09-28,2025-10-13,79.0,Paid
INV0008166,CUST01119,SUB01119,2025-10-28,2025-11-12,79.0,Paid
INV0008167,CUST01120,SUB01120,2024-03-10,2024-03-25,2029.8,Paid
INV0008168,CUST01120,SUB01120,2025-03-10,2025-03-25,2029.8,Paid
INV0008169,CUST01121,SUB01121,2024-05-29,2024-06-13,29.0,Paid
INV0008170,CUST01121,SUB01121,2024-06-29,2024-07-14,29.0,Paid
INV0008171,CUST01121,SUB01121,2024-07-29,2024-08-13,29.0,Paid
INV0008172,CUST01121,SUB01121,2024-08-29,2024-09-13,29.0,Paid
INV0008173,CUST01121,SUB01121,2024-09-29,2024-10-14,29.0,Paid
INV0008174,CUST01121,SUB01121,2024-10-29,2024-11-13,29.0,Paid
INV0008175,CUST01121,SUB01121,2024-11-29,2024-12-14,29.0,Paid
INV0008176,CUST01121,SUB01121,2024-12-29,2025-01-13,29.0,Overdue
INV0008177,CUST01121,SUB01121,2025-01-29,2025-02-13,29.0,Paid
INV0008178,CUST01121,SUB01121,2025-02-28,2025-03-15,29.0,Paid
INV0008179,CUST01121,SUB01121,2025-03-28,2025-04-12,29.0,Paid
INV0008180,CUST01121,SUB01121,2025-04-28,2025-05-13,29.0,Paid
INV0008181,CUST01122,SUB01122,2025-02-25,2025-03-12,29.0,Paid
INV0008182,CUST01122,SUB01122,2025-03-25,2025-04-09,29.0,Paid
INV0008183,CUST01122,SUB01122,2025-04-25,2025-05-10,29.0,Paid
INV0008184,CUST01122,SUB01122,2025-05-25,2025-06-09,29.0,Paid
INV0008185,CUST01122,SUB01122,2025-06-25,2025-07-10,29.0,Paid
INV0008186,CUST01122,SUB01122,2025-07-25,2025-08-09,29.0,Paid
INV0008187,CUST01122,SUB01122,2025-08-25,2025-09-09,29.0,Paid
INV0008188,CUST01122,SUB01122,2025-09-25,2025-10-10,29.0,Paid
INV0008189,CUST01122,SUB01122,2025-10-25,2025-11-09,29.0,Paid
INV0008190,CUST01122,SUB01122,2025-11-25,2025-12-10,29.0,Overdue
INV0008191,CUST01122,SUB01122,2025-12-25,2026-01-09,29.0,Paid
INV0008192,CUST01123,SUB01123,2024-06-04,2024-06-19,79.0,Paid
INV0008193,CUST01123,SUB01123,2024-07-04,2024-07-19,79.0,Paid
INV0008194,CUST01123,SUB01123,2024-08-04,2024-08-19,79.0,Paid
INV0008195,CUST01123,SUB01123,2024-09-04,2024-09-19,79.0,Paid
INV0008196,CUST01123,SUB01123,2024-10-04,2024-10-19,79.0,Paid
INV0008197,CUST01123,SUB01123,2024-11-04,2024-11-19,199.0,Paid
INV0008198,CUST01123,SUB01123,2024-12-04,2024-12-19,199.0,Paid
INV0008199,CUST01123,SUB01123,2025-01-04,2025-01-19,199.0,Paid
INV0008200,CUST01123,SUB01123,2025-02-04,2025-02-19,199.0,Paid
INV0008201,CUST01123,SUB01123,2025-03-04,2025-03-19,199.0,Paid
INV0008202,CUST01123,SUB01123,2025-04-04,2025-04-19,199.0,Paid
INV0008203,CUST01123,SUB01123,2025-05-04,2025-05-19,199.0,Paid
INV0008204,CUST01123,SUB01123,2025-06-04,2025-06-19,199.0,Paid
INV0008205,CUST01123,SUB01123,2025-07-04,2025-07-19,199.0,Pending
INV0008206,CUST01123,SUB01123,2025-08-04,2025-08-19,199.0,Paid
INV0008207,CUST01123,SUB01123,2025-09-04,2025-09-19,199.0,Paid
INV0008208,CUST01123,SUB01123,2025-10-04,2025-10-19,199.0,Paid
INV0008209,CUST01123,SUB01123,2025-11-04,2025-11-19,199.0,Paid
INV0008210,CUST01124,SUB01124,2025-09-18,2025-10-03,295.8,Paid
INV0008211,CUST01125,SUB01125,2025-09-02,2025-09-17,199.0,Paid
INV0008212,CUST01125,SUB01125,2025-10-02,2025-10-17,199.0,Paid
INV0008213,CUST01125,SUB01125,2025-11-02,2025-11-17,199.0,Paid
INV0008214,CUST01125,SUB01125,2025-12-02,2025-12-17,199.0,Paid
INV0008215,CUST01126,SUB01126,2025-12-05,2025-12-20,29.0,Paid
INV0008216,CUST01127,SUB01127,2025-12-30,2026-01-14,29.0,Overdue
INV0008217,CUST01128,SUB01128,2025-04-30,2025-05-15,79.0,Paid
INV0008218,CUST01128,SUB01128,2025-05-30,2025-06-14,79.0,Paid
INV0008219,CUST01128,SUB01128,2025-06-30,2025-07-15,79.0,Paid
INV0008220,CUST01128,SUB01128,2025-07-30,2025-08-14,79.0,Paid
INV0008221,CUST01128,SUB01128,2025-08-30,2025-09-14,79.0,Paid
INV0008222,CUST01128,SUB01128,2025-09-30,2025-10-15,79.0,Paid
INV0008223,CUST01128,SUB01128,2025-10-30,2025-11-14,79.0,Paid
INV0008224,CUST01128,SUB01128,2025-11-30,2025-12-15,79.0,Pending
INV0008225,CUST01128,SUB01128,2025-12-30,2026-01-14,79.0,Paid
INV0008226,CUST01129,SUB01129,2024-01-16,2024-01-31,295.8,Paid
INV0008227,CUST01130,SUB01130,2024-07-28,2024-08-12,79.0,Paid
INV0008228,CUST01130,SUB01130,2024-08-28,2024-09-12,79.0,Paid
INV0008229,CUST01130,SUB01130,2024-09-28,2024-10-13,79.0,Paid
INV0008230,CUST01130,SUB01130,2024-10-28,2024-11-12,79.0,Paid
INV0008231,CUST01130,SUB01130,2024-11-28,2024-12-13,79.0,Paid
INV0008232,CUST01130,SUB01130,2024-12-28,2025-01-12,79.0,Paid
INV0008233,CUST01130,SUB01130,2025-01-28,2025-02-12,79.0,Paid
INV0008234,CUST01130,SUB01130,2025-02-28,2025-03-15,79.0,Paid
INV0008235,CUST01130,SUB01130,2025-03-28,2025-04-12,79.0,Paid
INV0008236,CUST01130,SUB01130,2025-04-28,2025-05-13,79.0,Paid
INV0008237,CUST01130,SUB01130,2025-05-28,2025-06-12,79.0,Paid
INV0008238,CUST01130,SUB01130,2025-06-28,2025-07-13,79.0,Overdue
INV0008239,CUST01131,SUB01131,2025-12-05,2025-12-20,199.0,Paid
INV0008240,CUST01132,SUB01132,2025-02-18,2025-03-05,2029.8,Overdue
INV0008241,CUST01133,SUB01133,2024-11-16,2024-12-01,805.8,Paid
INV0008242,CUST01134,SUB01134,2025-06-17,2025-07-02,29.0,Paid
INV0008243,CUST01134,SUB01134,2025-07-17,2025-08-01,29.0,Paid
INV0008244,CUST01134,SUB01134,2025-08-17,2025-09-01,29.0,Paid
INV0008245,CUST01135,SUB01135,2024-09-08,2024-09-23,199.0,Overdue
INV0008246,CUST01135,SUB01135,2024-10-08,2024-10-23,199.0,Paid
INV0008247,CUST01135,SUB01135,2024-11-08,2024-11-23,199.0,Overdue
INV0008248,CUST01135,SUB01135,2024-12-08,2024-12-23,199.0,Paid
INV0008249,CUST01135,SUB01135,2025-01-08,2025-01-23,199.0,Paid
INV0008250,CUST01135,SUB01135,2025-02-08,2025-02-23,199.0,Overdue
INV0008251,CUST01135,SUB01135,2025-03-08,2025-03-23,199.0,Paid
INV0008252,CUST01135,SUB01135,2025-04-08,2025-04-23,199.0,Paid
INV0008253,CUST01135,SUB01135,2025-05-08,2025-05-23,199.0,Paid
INV0008254,CUST01135,SUB01135,2025-06-08,2025-06-23,199.0,Paid
INV0008255,CUST01135,SUB01135,2025-07-08,2025-07-23,199.0,Paid
INV0008256,CUST01135,SUB01135,2025-08-08,2025-08-23,199.0,Paid
INV0008257,CUST01135,SUB01135,2025-09-08,2025-09-23,199.0,Paid
INV0008258,CUST01135,SUB01135,2025-10-08,2025-10-23,199.0,Paid
INV0008259,CUST01135,SUB01135,2025-11-08,2025-11-23,199.0,Paid
INV0008260,CUST01135,SUB01135,2025-12-08,2025-12-23,199.0,Paid
INV0008261,CUST01136,SUB01136,2025-07-25,2025-08-09,199.0,Paid
INV0008262,CUST01136,SUB01136,2025-08-25,2025-09-09,199.0,Paid
INV0008263,CUST01136,SUB01136,2025-09-25,2025-10-10,199.0,Paid
INV0008264,CUST01136,SUB01136,2025-10-25,2025-11-09,199.0,Paid
INV0008265,CUST01136,SUB01136,2025-11-25,2025-12-10,199.0,Paid
INV0008266,CUST01136,SUB01136,2025-12-25,2026-01-09,199.0,Paid
INV0008267,CUST01137,SUB01137,2024-07-13,2024-07-28,805.8,Paid
INV0008268,CUST01138,SUB01138,2025-04-17,2025-05-02,199.0,Paid
INV0008269,CUST01138,SUB01138,2025-05-17,2025-06-01,199.0,Paid
INV0008270,CUST01138,SUB01138,2025-06-17,2025-07-02,199.0,Paid
INV0008271,CUST01138,SUB01138,2025-07-17,2025-08-01,199.0,Paid
INV0008272,CUST01138,SUB01138,2025-08-17,2025-09-01,199.0,Paid
INV0008273,CUST01138,SUB01138,2025-09-17,2025-10-02,199.0,Paid
INV0008274,CUST01138,SUB01138,2025-10-17,2025-11-01,199.0,Paid
INV0008275,CUST01138,SUB01138,2025-11-17,2025-12-02,199.0,Paid
INV0008276,CUST01138,SUB01138,2025-12-17,2026-01-01,199.0,Paid
INV0008277,CUST01139,SUB01139,2025-12-07,2025-12-22,79.0,Paid
INV0008278,CUST01140,SUB01140,2024-04-02,2024-04-17,29.0,Paid
INV0008279,CUST01140,SUB01140,2024-05-02,2024-05-17,29.0,Paid
INV0008280,CUST01140,SUB01140,2024-06-02,2024-06-17,29.0,Paid
INV0008281,CUST01140,SUB01140,2024-07-02,2024-07-17,29.0,Overdue
INV0008282,CUST01140,SUB01140,2024-08-02,2024-08-17,29.0,Paid
INV0008283,CUST01140,SUB01140,2024-09-02,2024-09-17,29.0,Paid
INV0008284,CUST01140,SUB01140,2024-10-02,2024-10-17,29.0,Paid
INV0008285,CUST01140,SUB01140,2024-11-02,2024-11-17,29.0,Paid
INV0008286,CUST01140,SUB01140,2024-12-02,2024-12-17,29.0,Overdue
INV0008287,CUST01140,SUB01140,2025-01-02,2025-01-17,29.0,Paid
INV0008288,CUST01140,SUB01140,2025-02-02,2025-02-17,29.0,Paid
INV0008289,CUST01140,SUB01140,2025-03-02,2025-03-17,29.0,Paid
INV0008290,CUST01140,SUB01140,2025-04-02,2025-04-17,29.0,Paid
INV0008291,CUST01140,SUB01140,2025-05-02,2025-05-17,29.0,Paid
INV0008292,CUST01140,SUB01140,2025-06-02,2025-06-17,29.0,Paid
INV0008293,CUST01140,SUB01140,2025-07-02,2025-07-17,29.0,Paid
INV0008294,CUST01140,SUB01140,2025-08-02,2025-08-17,29.0,Paid
INV0008295,CUST01140,SUB01140,2025-09-02,2025-09-17,29.0,Paid
INV0008296,CUST01140,SUB01140,2025-10-02,2025-10-17,29.0,Paid
INV0008297,CUST01140,SUB01140,2025-11-02,2025-11-17,29.0,Paid
INV0008298,CUST01140,SUB01140,2025-12-02,2025-12-17,29.0,Paid
INV0008299,CUST01141,SUB01141,2025-02-06,2025-02-21,79.0,Paid
INV0008300,CUST01141,SUB01141,2025-03-06,2025-03-21,79.0,Paid
INV0008301,CUST01141,SUB01141,2025-04-06,2025-04-21,79.0,Paid
INV0008302,CUST01141,SUB01141,2025-05-06,2025-05-21,79.0,Paid
INV0008303,CUST01141,SUB01141,2025-06-06,2025-06-21,79.0,Paid
INV0008304,CUST01141,SUB01141,2025-07-06,2025-07-21,79.0,Paid
INV0008305,CUST01142,SUB01142,2025-08-27,2025-09-11,29.0,Paid
INV0008306,CUST01142,SUB01142,2025-09-27,2025-10-12,29.0,Paid
INV0008307,CUST01142,SUB01142,2025-10-27,2025-11-11,29.0,Paid
INV0008308,CUST01142,SUB01142,2025-11-27,2025-12-12,29.0,Paid
INV0008309,CUST01142,SUB01142,2025-12-27,2026-01-11,29.0,Paid
INV0008310,CUST01143,SUB01143,2024-09-13,2024-09-28,2029.8,Paid
INV0008311,CUST01143,SUB01143,2025-09-13,2025-09-28,2029.8,Paid
INV0008312,CUST01144,SUB01144,2024-05-06,2024-05-21,199.0,Paid
INV0008313,CUST01144,SUB01144,2024-06-06,2024-06-21,199.0,Paid
INV0008314,CUST01144,SUB01144,2024-07-06,2024-07-21,199.0,Paid
INV0008315,CUST01144,SUB01144,2024-08-06,2024-08-21,199.0,Paid
INV0008316,CUST01144,SUB01144,2024-09-06,2024-09-21,199.0,Paid
INV0008317,CUST01144,SUB01144,2024-10-06,2024-10-21,199.0,Paid
INV0008318,CUST01145,SUB01145,2024-03-28,2024-04-12,29.0,Paid
INV0008319,CUST01145,SUB01145,2024-04-28,2024-05-13,29.0,Paid
INV0008320,CUST01145,SUB01145,2024-05-28,2024-06-12,29.0,Pending
INV0008321,CUST01146,SUB01146,2025-01-22,2025-02-06,199.0,Paid
INV0008322,CUST01146,SUB01146,2025-02-22,2025-03-09,199.0,Paid
INV0008323,CUST01146,SUB01146,2025-03-22,2025-04-06,199.0,Paid
INV0008324,CUST01146,SUB01146,2025-04-22,2025-05-07,199.0,Paid
INV0008325,CUST01146,SUB01146,2025-05-22,2025-06-06,199.0,Paid
INV0008326,CUST01146,SUB01146,2025-06-22,2025-07-07,199.0,Paid
INV0008327,CUST01146,SUB01146,2025-07-22,2025-08-06,199.0,Paid
INV0008328,CUST01146,SUB01146,2025-08-22,2025-09-06,199.0,Paid
INV0008329,CUST01146,SUB01146,2025-09-22,2025-10-07,199.0,Paid
INV0008330,CUST01146,SUB01146,2025-10-22,2025-11-06,199.0,Pending
INV0008331,CUST01146,SUB01146,2025-11-22,2025-12-07,199.0,Paid
INV0008332,CUST01146,SUB01146,2025-12-22,2026-01-06,199.0,Paid
INV0008333,CUST01147,SUB01147,2025-08-02,2025-08-17,79.0,Paid
INV0008334,CUST01147,SUB01147,2025-09-02,2025-09-17,79.0,Paid
INV0008335,CUST01147,SUB01147,2025-10-02,2025-10-17,79.0,Paid
INV0008336,CUST01147,SUB01147,2025-11-02,2025-11-17,79.0,Paid
INV0008337,CUST01147,SUB01147,2025-12-02,2025-12-17,79.0,Paid
INV0008338,CUST01148,SUB01148,2024-07-02,2024-07-17,29.0,Paid
INV0008339,CUST01148,SUB01148,2024-08-02,2024-08-17,29.0,Paid
INV0008340,CUST01148,SUB01148,2024-09-02,2024-09-17,29.0,Paid
INV0008341,CUST01148,SUB01148,2024-10-02,2024-10-17,29.0,Paid
INV0008342,CUST01148,SUB01148,2024-11-02,2024-11-17,29.0,Paid
INV0008343,CUST01148,SUB01148,2024-12-02,2024-12-17,29.0,Paid
INV0008344,CUST01148,SUB01148,2025-01-02,2025-01-17,29.0,Paid
INV0008345,CUST01148,SUB01148,2025-02-02,2025-02-17,29.0,Paid
INV0008346,CUST01148,SUB01148,2025-03-02,2025-03-17,29.0,Paid
INV0008347,CUST01148,SUB01148,2025-04-02,2025-04-17,29.0,Paid
INV0008348,CUST01148,SUB01148,2025-05-02,2025-05-17,29.0,Paid
INV0008349,CUST01148,SUB01148,2025-06-02,2025-06-17,29.0,Paid
INV0008350,CUST01149,SUB01149,2025-04-01,2025-04-16,199.0,Paid
INV0008351,CUST01149,SUB01149,2025-05-01,2025-05-16,199.0,Paid
INV0008352,CUST01149,SUB01149,2025-06-01,2025-06-16,199.0,Paid
INV0008353,CUST01149,SUB01149,2025-07-01,2025-07-16,199.0,Paid
INV0008354,CUST01149,SUB01149,2025-08-01,2025-08-16,199.0,Paid
INV0008355,CUST01149,SUB01149,2025-09-01,2025-09-16,199.0,Paid
INV0008356,CUST01149,SUB01149,2025-10-01,2025-10-16,199.0,Paid
INV0008357,CUST01149,SUB01149,2025-11-01,2025-11-16,199.0,Paid
INV0008358,CUST01149,SUB01149,2025-12-01,2025-12-16,199.0,Paid
INV0008359,CUST01150,SUB01150,2024-07-26,2024-08-10,29.0,Paid
INV0008360,CUST01150,SUB01150,2024-08-26,2024-09-10,29.0,Paid
INV0008361,CUST01150,SUB01150,2024-09-26,2024-10-11,29.0,Paid
INV0008362,CUST01150,SUB01150,2024-10-26,2024-11-10,29.0,Paid
INV0008363,CUST01150,SUB01150,2024-11-26,2024-12-11,29.0,Paid
INV0008364,CUST01150,SUB01150,2024-12-26,2025-01-10,29.0,Paid
INV0008365,CUST01150,SUB01150,2025-01-26,2025-02-10,29.0,Paid
INV0008366,CUST01150,SUB01150,2025-02-26,2025-03-13,29.0,Paid
INV0008367,CUST01150,SUB01150,2025-03-26,2025-04-10,29.0,Paid
INV0008368,CUST01150,SUB01150,2025-04-26,2025-05-11,29.0,Paid
INV0008369,CUST01150,SUB01150,2025-05-26,2025-06-10,29.0,Paid
INV0008370,CUST01150,SUB01150,2025-06-26,2025-07-11,29.0,Paid
INV0008371,CUST01151,SUB01151,2025-05-24,2025-06-08,79.0,Paid
INV0008372,CUST01151,SUB01151,2025-06-24,2025-07-09,79.0,Overdue
INV0008373,CUST01151,SUB01151,2025-07-24,2025-08-08,79.0,Paid
INV0008374,CUST01151,SUB01151,2025-08-24,2025-09-08,79.0,Paid
INV0008375,CUST01151,SUB01151,2025-09-24,2025-10-09,79.0,Paid
INV0008376,CUST01151,SUB01151,2025-10-24,2025-11-08,79.0,Paid
INV0008377,CUST01151,SUB01151,2025-11-24,2025-12-09,79.0,Paid
INV0008378,CUST01151,SUB01151,2025-12-24,2026-01-08,79.0,Paid
INV0008379,CUST01152,SUB01152,2024-08-31,2024-09-15,199.0,Paid
INV0008380,CUST01152,SUB01152,2024-09-30,2024-10-15,199.0,Paid
INV0008381,CUST01152,SUB01152,2024-10-30,2024-11-14,199.0,Paid
INV0008382,CUST01152,SUB01152,2024-11-30,2024-12-15,199.0,Paid
INV0008383,CUST01152,SUB01152,2024-12-30,2025-01-14,199.0,Overdue
INV0008384,CUST01152,SUB01152,2025-01-30,2025-02-14,199.0,Paid
INV0008385,CUST01152,SUB01152,2025-02-28,2025-03-15,199.0,Paid
INV0008386,CUST01152,SUB01152,2025-03-28,2025-04-12,199.0,Overdue
INV0008387,CUST01152,SUB01152,2025-04-28,2025-05-13,199.0,Paid
INV0008388,CUST01152,SUB01152,2025-05-28,2025-06-12,199.0,Paid
INV0008389,CUST01152,SUB01152,2025-06-28,2025-07-13,199.0,Paid
INV0008390,CUST01152,SUB01152,2025-07-28,2025-08-12,199.0,Paid
INV0008391,CUST01153,SUB01153,2025-03-28,2025-04-12,29.0,Paid
INV0008392,CUST01153,SUB01153,2025-04-28,2025-05-13,29.0,Paid
INV0008393,CUST01153,SUB01153,2025-05-28,2025-06-12,29.0,Paid
INV0008394,CUST01153,SUB01153,2025-06-28,2025-07-13,29.0,Paid
INV0008395,CUST01153,SUB01153,2025-07-28,2025-08-12,29.0,Paid
INV0008396,CUST01153,SUB01153,2025-08-28,2025-09-12,29.0,Paid
INV0008397,CUST01153,SUB01153,2025-09-28,2025-10-13,29.0,Paid
INV0008398,CUST01153,SUB01153,2025-10-28,2025-11-12,29.0,Paid
INV0008399,CUST01153,SUB01153,2025-11-28,2025-12-13,29.0,Paid
INV0008400,CUST01153,SUB01153,2025-12-28,2026-01-12,29.0,Paid
INV0008401,CUST01154,SUB01154,2025-09-26,2025-10-11,79.0,Paid
INV0008402,CUST01154,SUB01154,2025-10-26,2025-11-10,79.0,Paid
INV0008403,CUST01154,SUB01154,2025-11-26,2025-12-11,79.0,Paid
INV0008404,CUST01154,SUB01154,2025-12-26,2026-01-10,79.0,Paid
INV0008405,CUST01155,SUB01155,2024-07-08,2024-07-23,29.0,Paid
INV0008406,CUST01155,SUB01155,2024-08-08,2024-08-23,29.0,Paid
INV0008407,CUST01155,SUB01155,2024-09-08,2024-09-23,29.0,Paid
INV0008408,CUST01155,SUB01155,2024-10-08,2024-10-23,29.0,Paid
INV0008409,CUST01155,SUB01155,2024-11-08,2024-11-23,29.0,Overdue
INV0008410,CUST01155,SUB01155,2024-12-08,2024-12-23,29.0,Paid
INV0008411,CUST01156,SUB01156,2024-02-03,2024-02-18,29.0,Paid
INV0008412,CUST01156,SUB01156,2024-03-03,2024-03-18,29.0,Paid
INV0008413,CUST01156,SUB01156,2024-04-03,2024-04-18,29.0,Paid
INV0008414,CUST01156,SUB01156,2024-05-03,2024-05-18,29.0,Paid
INV0008415,CUST01156,SUB01156,2024-06-03,2024-06-18,29.0,Paid
INV0008416,CUST01156,SUB01156,2024-07-03,2024-07-18,29.0,Paid
INV0008417,CUST01157,SUB01157,2024-03-30,2024-04-14,79.0,Pending
INV0008418,CUST01157,SUB01157,2024-04-30,2024-05-15,79.0,Paid
INV0008419,CUST01157,SUB01157,2024-05-30,2024-06-14,79.0,Paid
INV0008420,CUST01157,SUB01157,2024-06-30,2024-07-15,79.0,Paid
INV0008421,CUST01157,SUB01157,2024-07-30,2024-08-14,79.0,Pending
INV0008422,CUST01157,SUB01157,2024-08-30,2024-09-14,79.0,Paid
INV0008423,CUST01157,SUB01157,2024-09-30,2024-10-15,79.0,Paid
INV0008424,CUST01157,SUB01157,2024-10-30,2024-11-14,79.0,Pending
INV0008425,CUST01157,SUB01157,2024-11-30,2024-12-15,79.0,Paid
INV0008426,CUST01157,SUB01157,2024-12-30,2025-01-14,79.0,Paid
INV0008427,CUST01157,SUB01157,2025-01-30,2025-02-14,79.0,Paid
INV0008428,CUST01157,SUB01157,2025-02-28,2025-03-15,79.0,Paid
INV0008429,CUST01158,SUB01158,2025-11-19,2025-12-04,29.0,Paid
INV0008430,CUST01158,SUB01158,2025-12-19,2026-01-03,29.0,Paid
INV0008431,CUST01159,SUB01159,2025-04-11,2025-04-26,29.0,Paid
INV0008432,CUST01159,SUB01159,2025-05-11,2025-05-26,29.0,Paid
INV0008433,CUST01159,SUB01159,2025-06-11,2025-06-26,29.0,Paid
INV0008434,CUST01159,SUB01159,2025-07-11,2025-07-26,29.0,Pending
INV0008435,CUST01159,SUB01159,2025-08-11,2025-08-26,29.0,Paid
INV0008436,CUST01159,SUB01159,2025-09-11,2025-09-26,29.0,Paid
INV0008437,CUST01159,SUB01159,2025-10-11,2025-10-26,29.0,Paid
INV0008438,CUST01159,SUB01159,2025-11-11,2025-11-26,29.0,Paid
INV0008439,CUST01159,SUB01159,2025-12-11,2025-12-26,29.0,Paid
INV0008440,CUST01160,SUB01160,2024-11-02,2024-11-17,79.0,Paid
INV0008441,CUST01160,SUB01160,2024-12-02,2024-12-17,79.0,Paid
INV0008442,CUST01160,SUB01160,2025-01-02,2025-01-17,79.0,Overdue
INV0008443,CUST01161,SUB01161,2025-07-17,2025-08-01,29.0,Paid
INV0008444,CUST01161,SUB01161,2025-08-17,2025-09-01,29.0,Overdue
INV0008445,CUST01161,SUB01161,2025-09-17,2025-10-02,29.0,Paid
INV0008446,CUST01161,SUB01161,2025-10-17,2025-11-01,29.0,Paid
INV0008447,CUST01161,SUB01161,2025-11-17,2025-12-02,29.0,Paid
INV0008448,CUST01161,SUB01161,2025-12-17,2026-01-01,29.0,Paid
INV0008449,CUST01162,SUB01162,2024-12-03,2024-12-18,29.0,Paid
INV0008450,CUST01162,SUB01162,2025-01-03,2025-01-18,29.0,Pending
INV0008451,CUST01162,SUB01162,2025-02-03,2025-02-18,29.0,Paid
INV0008452,CUST01162,SUB01162,2025-03-03,2025-03-18,29.0,Overdue
INV0008453,CUST01162,SUB01162,2025-04-03,2025-04-18,29.0,Paid
INV0008454,CUST01162,SUB01162,2025-05-03,2025-05-18,29.0,Paid
INV0008455,CUST01162,SUB01162,2025-06-03,2025-06-18,29.0,Paid
INV0008456,CUST01162,SUB01162,2025-07-03,2025-07-18,29.0,Paid
INV0008457,CUST01162,SUB01162,2025-08-03,2025-08-18,29.0,Paid
INV0008458,CUST01162,SUB01162,2025-09-03,2025-09-18,29.0,Paid
INV0008459,CUST01162,SUB01162,2025-10-03,2025-10-18,29.0,Paid
INV0008460,CUST01162,SUB01162,2025-11-03,2025-11-18,29.0,Paid
INV0008461,CUST01162,SUB01162,2025-12-03,2025-12-18,29.0,Paid
INV0008462,CUST01163,SUB01163,2025-09-18,2025-10-03,29.0,Overdue
INV0008463,CUST01163,SUB01163,2025-10-18,2025-11-02,29.0,Paid
INV0008464,CUST01163,SUB01163,2025-11-18,2025-12-03,29.0,Paid
INV0008465,CUST01163,SUB01163,2025-12-18,2026-01-02,29.0,Paid
INV0008466,CUST01164,SUB01164,2025-05-10,2025-05-25,199.0,Paid
INV0008467,CUST01164,SUB01164,2025-06-10,2025-06-25,199.0,Paid
INV0008468,CUST01164,SUB01164,2025-07-10,2025-07-25,199.0,Paid
INV0008469,CUST01164,SUB01164,2025-08-10,2025-08-25,199.0,Paid
INV0008470,CUST01164,SUB01164,2025-09-10,2025-09-25,199.0,Paid
INV0008471,CUST01164,SUB01164,2025-10-10,2025-10-25,199.0,Paid
INV0008472,CUST01164,SUB01164,2025-11-10,2025-11-25,199.0,Paid
INV0008473,CUST01164,SUB01164,2025-12-10,2025-12-25,199.0,Paid
INV0008474,CUST01165,SUB01165,2025-03-13,2025-03-28,2029.8,Paid
INV0008475,CUST01166,SUB01166,2024-05-12,2024-05-27,295.8,Paid
INV0008476,CUST01166,SUB01166,2025-05-12,2025-05-27,295.8,Paid
INV0008477,CUST01167,SUB01167,2025-05-19,2025-06-03,29.0,Paid
INV0008478,CUST01167,SUB01167,2025-06-19,2025-07-04,29.0,Paid
INV0008479,CUST01167,SUB01167,2025-07-19,2025-08-03,29.0,Paid
INV0008480,CUST01167,SUB01167,2025-08-19,2025-09-03,29.0,Paid
INV0008481,CUST01167,SUB01167,2025-09-19,2025-10-04,29.0,Paid
INV0008482,CUST01167,SUB01167,2025-10-19,2025-11-03,29.0,Paid
INV0008483,CUST01167,SUB01167,2025-11-19,2025-12-04,29.0,Paid
INV0008484,CUST01167,SUB01167,2025-12-19,2026-01-03,29.0,Paid
INV0008485,CUST01168,SUB01168,2024-07-17,2024-08-01,79.0,Paid
INV0008486,CUST01168,SUB01168,2024-08-17,2024-09-01,79.0,Paid
INV0008487,CUST01168,SUB01168,2024-09-17,2024-10-02,79.0,Paid
INV0008488,CUST01168,SUB01168,2024-10-17,2024-11-01,79.0,Paid
INV0008489,CUST01168,SUB01168,2024-11-17,2024-12-02,79.0,Paid
INV0008490,CUST01168,SUB01168,2024-12-17,2025-01-01,79.0,Paid
INV0008491,CUST01168,SUB01168,2025-01-17,2025-02-01,79.0,Pending
INV0008492,CUST01168,SUB01168,2025-02-17,2025-03-04,79.0,Paid
INV0008493,CUST01168,SUB01168,2025-03-17,2025-04-01,79.0,Paid
INV0008494,CUST01168,SUB01168,2025-04-17,2025-05-02,79.0,Pending
INV0008495,CUST01168,SUB01168,2025-05-17,2025-06-01,79.0,Paid
INV0008496,CUST01168,SUB01168,2025-06-17,2025-07-02,79.0,Paid
INV0008497,CUST01169,SUB01169,2024-07-31,2024-08-15,29.0,Paid
INV0008498,CUST01169,SUB01169,2024-08-31,2024-09-15,29.0,Paid
INV0008499,CUST01169,SUB01169,2024-09-30,2024-10-15,29.0,Paid
INV0008500,CUST01169,SUB01169,2024-10-30,2024-11-14,29.0,Paid
INV0008501,CUST01169,SUB01169,2024-11-30,2024-12-15,29.0,Paid
INV0008502,CUST01169,SUB01169,2024-12-30,2025-01-14,79.0,Paid
INV0008503,CUST01170,SUB01170,2024-12-24,2025-01-08,79.0,Paid
INV0008504,CUST01170,SUB01170,2025-01-24,2025-02-08,79.0,Overdue
INV0008505,CUST01170,SUB01170,2025-02-24,2025-03-11,79.0,Paid
INV0008506,CUST01170,SUB01170,2025-03-24,2025-04-08,79.0,Paid
INV0008507,CUST01170,SUB01170,2025-04-24,2025-05-09,79.0,Paid
INV0008508,CUST01170,SUB01170,2025-05-24,2025-06-08,79.0,Paid
INV0008509,CUST01170,SUB01170,2025-06-24,2025-07-09,79.0,Paid
INV0008510,CUST01170,SUB01170,2025-07-24,2025-08-08,79.0,Paid
INV0008511,CUST01170,SUB01170,2025-08-24,2025-09-08,199.0,Paid
INV0008512,CUST01170,SUB01170,2025-09-24,2025-10-09,199.0,Paid
INV0008513,CUST01170,SUB01170,2025-10-24,2025-11-08,199.0,Overdue
INV0008514,CUST01170,SUB01170,2025-11-24,2025-12-09,199.0,Paid
INV0008515,CUST01171,SUB01171,2025-12-07,2025-12-22,29.0,Paid
INV0008516,CUST01172,SUB01172,2025-06-02,2025-06-17,295.8,Paid
INV0008517,CUST01173,SUB01173,2024-12-15,2024-12-30,29.0,Paid
INV0008518,CUST01173,SUB01173,2025-01-15,2025-01-30,29.0,Paid
INV0008519,CUST01173,SUB01173,2025-02-15,2025-03-02,29.0,Paid
INV0008520,CUST01173,SUB01173,2025-03-15,2025-03-30,29.0,Paid
INV0008521,CUST01173,SUB01173,2025-04-15,2025-04-30,29.0,Paid
INV0008522,CUST01173,SUB01173,2025-05-15,2025-05-30,79.0,Paid
INV0008523,CUST01174,SUB01174,2024-06-28,2024-07-13,805.8,Paid
INV0008524,CUST01174,SUB01174,2025-06-28,2025-07-13,805.8,Paid
INV0008525,CUST01175,SUB01175,2025-04-30,2025-05-15,29.0,Paid
INV0008526,CUST01175,SUB01175,2025-05-30,2025-06-14,29.0,Paid
INV0008527,CUST01175,SUB01175,2025-06-30,2025-07-15,29.0,Paid
INV0008528,CUST01176,SUB01176,2025-10-04,2025-10-19,295.8,Paid
INV0008529,CUST01177,SUB01177,2025-04-18,2025-05-03,29.0,Paid
INV0008530,CUST01177,SUB01177,2025-05-18,2025-06-02,29.0,Paid
INV0008531,CUST01177,SUB01177,2025-06-18,2025-07-03,29.0,Paid
INV0008532,CUST01177,SUB01177,2025-07-18,2025-08-02,29.0,Paid
INV0008533,CUST01177,SUB01177,2025-08-18,2025-09-02,29.0,Paid
INV0008534,CUST01177,SUB01177,2025-09-18,2025-10-03,29.0,Paid
INV0008535,CUST01177,SUB01177,2025-10-18,2025-11-02,29.0,Overdue
INV0008536,CUST01177,SUB01177,2025-11-18,2025-12-03,29.0,Paid
INV0008537,CUST01177,SUB01177,2025-12-18,2026-01-02,29.0,Paid
INV0008538,CUST01178,SUB01178,2025-06-17,2025-07-02,199.0,Paid
INV0008539,CUST01178,SUB01178,2025-07-17,2025-08-01,199.0,Paid
INV0008540,CUST01178,SUB01178,2025-08-17,2025-09-01,199.0,Paid
INV0008541,CUST01178,SUB01178,2025-09-17,2025-10-02,199.0,Paid
INV0008542,CUST01178,SUB01178,2025-10-17,2025-11-01,199.0,Paid
INV0008543,CUST01178,SUB01178,2025-11-17,2025-12-02,199.0,Paid
INV0008544,CUST01179,SUB01179,2024-08-01,2024-08-16,79.0,Paid
INV0008545,CUST01179,SUB01179,2024-09-01,2024-09-16,79.0,Paid
INV0008546,CUST01179,SUB01179,2024-10-01,2024-10-16,79.0,Overdue
INV0008547,CUST01179,SUB01179,2024-11-01,2024-11-16,79.0,Paid
INV0008548,CUST01179,SUB01179,2024-12-01,2024-12-16,79.0,Paid
INV0008549,CUST01179,SUB01179,2025-01-01,2025-01-16,79.0,Paid
INV0008550,CUST01179,SUB01179,2025-02-01,2025-02-16,79.0,Paid
INV0008551,CUST01179,SUB01179,2025-03-01,2025-03-16,79.0,Pending
INV0008552,CUST01179,SUB01179,2025-04-01,2025-04-16,79.0,Paid
INV0008553,CUST01179,SUB01179,2025-05-01,2025-05-16,79.0,Paid
INV0008554,CUST01179,SUB01179,2025-06-01,2025-06-16,79.0,Paid
INV0008555,CUST01179,SUB01179,2025-07-01,2025-07-16,79.0,Paid
INV0008556,CUST01179,SUB01179,2025-08-01,2025-08-16,79.0,Pending
INV0008557,CUST01179,SUB01179,2025-09-01,2025-09-16,79.0,Paid
INV0008558,CUST01179,SUB01179,2025-10-01,2025-10-16,79.0,Paid
INV0008559,CUST01179,SUB01179,2025-11-01,2025-11-16,79.0,Paid
INV0008560,CUST01179,SUB01179,2025-12-01,2025-12-16,79.0,Paid
INV0008561,CUST01180,SUB01180,2024-03-08,2024-03-23,805.8,Paid
INV0008562,CUST01181,SUB01181,2025-01-19,2025-02-03,805.8,Paid
INV0008563,CUST01182,SUB01182,2024-07-10,2024-07-25,79.0,Paid
INV0008564,CUST01182,SUB01182,2024-08-10,2024-08-25,79.0,Paid
INV0008565,CUST01182,SUB01182,2024-09-10,2024-09-25,79.0,Paid
INV0008566,CUST01182,SUB01182,2024-10-10,2024-10-25,79.0,Paid
INV0008567,CUST01182,SUB01182,2024-11-10,2024-11-25,79.0,Paid
INV0008568,CUST01182,SUB01182,2024-12-10,2024-12-25,79.0,Paid
INV0008569,CUST01182,SUB01182,2025-01-10,2025-01-25,79.0,Paid
INV0008570,CUST01182,SUB01182,2025-02-10,2025-02-25,79.0,Paid
INV0008571,CUST01182,SUB01182,2025-03-10,2025-03-25,79.0,Paid
INV0008572,CUST01182,SUB01182,2025-04-10,2025-04-25,79.0,Paid
INV0008573,CUST01182,SUB01182,2025-05-10,2025-05-25,79.0,Paid
INV0008574,CUST01182,SUB01182,2025-06-10,2025-06-25,79.0,Paid
INV0008575,CUST01182,SUB01182,2025-07-10,2025-07-25,79.0,Paid
INV0008576,CUST01182,SUB01182,2025-08-10,2025-08-25,79.0,Paid
INV0008577,CUST01182,SUB01182,2025-09-10,2025-09-25,79.0,Paid
INV0008578,CUST01182,SUB01182,2025-10-10,2025-10-25,79.0,Paid
INV0008579,CUST01182,SUB01182,2025-11-10,2025-11-25,79.0,Paid
INV0008580,CUST01182,SUB01182,2025-12-10,2025-12-25,79.0,Paid
INV0008581,CUST01183,SUB01183,2025-12-23,2026-01-07,79.0,Overdue
INV0008582,CUST01184,SUB01184,2024-03-29,2024-04-13,29.0,Paid
INV0008583,CUST01184,SUB01184,2024-04-29,2024-05-14,29.0,Paid
INV0008584,CUST01184,SUB01184,2024-05-29,2024-06-13,29.0,Paid
INV0008585,CUST01184,SUB01184,2024-06-29,2024-07-14,29.0,Paid
INV0008586,CUST01184,SUB01184,2024-07-29,2024-08-13,29.0,Paid
INV0008587,CUST01184,SUB01184,2024-08-29,2024-09-13,29.0,Paid
INV0008588,CUST01184,SUB01184,2024-09-29,2024-10-14,29.0,Pending
INV0008589,CUST01184,SUB01184,2024-10-29,2024-11-13,29.0,Paid
INV0008590,CUST01184,SUB01184,2024-11-29,2024-12-14,29.0,Overdue
INV0008591,CUST01184,SUB01184,2024-12-29,2025-01-13,29.0,Paid
INV0008592,CUST01184,SUB01184,2025-01-29,2025-02-13,29.0,Paid
INV0008593,CUST01184,SUB01184,2025-02-28,2025-03-15,29.0,Paid
INV0008594,CUST01185,SUB01185,2024-08-09,2024-08-24,29.0,Paid
INV0008595,CUST01185,SUB01185,2024-09-09,2024-09-24,29.0,Paid
INV0008596,CUST01185,SUB01185,2024-10-09,2024-10-24,29.0,Paid
INV0008597,CUST01185,SUB01185,2024-11-09,2024-11-24,29.0,Paid
INV0008598,CUST01185,SUB01185,2024-12-09,2024-12-24,29.0,Paid
INV0008599,CUST01185,SUB01185,2025-01-09,2025-01-24,29.0,Paid
INV0008600,CUST01185,SUB01185,2025-02-09,2025-02-24,29.0,Pending
INV0008601,CUST01185,SUB01185,2025-03-09,2025-03-24,29.0,Paid
INV0008602,CUST01185,SUB01185,2025-04-09,2025-04-24,29.0,Paid
INV0008603,CUST01185,SUB01185,2025-05-09,2025-05-24,29.0,Paid
INV0008604,CUST01185,SUB01185,2025-06-09,2025-06-24,29.0,Paid
INV0008605,CUST01185,SUB01185,2025-07-09,2025-07-24,29.0,Paid
INV0008606,CUST01186,SUB01186,2024-07-25,2024-08-09,79.0,Paid
INV0008607,CUST01186,SUB01186,2024-08-25,2024-09-09,79.0,Paid
INV0008608,CUST01186,SUB01186,2024-09-25,2024-10-10,79.0,Paid
INV0008609,CUST01186,SUB01186,2024-10-25,2024-11-09,79.0,Paid
INV0008610,CUST01186,SUB01186,2024-11-25,2024-12-10,79.0,Overdue
INV0008611,CUST01186,SUB01186,2024-12-25,2025-01-09,79.0,Paid
INV0008612,CUST01186,SUB01186,2025-01-25,2025-02-09,79.0,Paid
INV0008613,CUST01186,SUB01186,2025-02-25,2025-03-12,79.0,Paid
INV0008614,CUST01186,SUB01186,2025-03-25,2025-04-09,79.0,Paid
INV0008615,CUST01186,SUB01186,2025-04-25,2025-05-10,79.0,Paid
INV0008616,CUST01186,SUB01186,2025-05-25,2025-06-09,79.0,Paid
INV0008617,CUST01186,SUB01186,2025-06-25,2025-07-10,79.0,Paid
INV0008618,CUST01186,SUB01186,2025-07-25,2025-08-09,79.0,Paid
INV0008619,CUST01186,SUB01186,2025-08-25,2025-09-09,79.0,Paid
INV0008620,CUST01186,SUB01186,2025-09-25,2025-10-10,79.0,Paid
INV0008621,CUST01186,SUB01186,2025-10-25,2025-11-09,79.0,Paid
INV0008622,CUST01186,SUB01186,2025-11-25,2025-12-10,79.0,Paid
INV0008623,CUST01186,SUB01186,2025-12-25,2026-01-09,79.0,Paid
INV0008624,CUST01187,SUB01187,2025-05-27,2025-06-11,79.0,Paid
INV0008625,CUST01187,SUB01187,2025-06-27,2025-07-12,79.0,Overdue
INV0008626,CUST01187,SUB01187,2025-07-27,2025-08-11,79.0,Paid
INV0008627,CUST01187,SUB01187,2025-08-27,2025-09-11,79.0,Paid
INV0008628,CUST01187,SUB01187,2025-09-27,2025-10-12,79.0,Paid
INV0008629,CUST01187,SUB01187,2025-10-27,2025-11-11,79.0,Paid
INV0008630,CUST01187,SUB01187,2025-11-27,2025-12-12,79.0,Paid
INV0008631,CUST01187,SUB01187,2025-12-27,2026-01-11,79.0,Paid
INV0008632,CUST01188,SUB01188,2024-12-01,2024-12-16,79.0,Paid
INV0008633,CUST01188,SUB01188,2025-01-01,2025-01-16,79.0,Paid
INV0008634,CUST01188,SUB01188,2025-02-01,2025-02-16,79.0,Paid
INV0008635,CUST01188,SUB01188,2025-03-01,2025-03-16,79.0,Paid
INV0008636,CUST01188,SUB01188,2025-04-01,2025-04-16,79.0,Paid
INV0008637,CUST01188,SUB01188,2025-05-01,2025-05-16,79.0,Paid
INV0008638,CUST01188,SUB01188,2025-06-01,2025-06-16,79.0,Paid
INV0008639,CUST01188,SUB01188,2025-07-01,2025-07-16,79.0,Paid
INV0008640,CUST01188,SUB01188,2025-08-01,2025-08-16,79.0,Paid
INV0008641,CUST01188,SUB01188,2025-09-01,2025-09-16,79.0,Paid
INV0008642,CUST01188,SUB01188,2025-10-01,2025-10-16,79.0,Paid
INV0008643,CUST01188,SUB01188,2025-11-01,2025-11-16,79.0,Paid
INV0008644,CUST01189,SUB01189,2024-07-29,2024-08-13,805.8,Paid
INV0008645,CUST01189,SUB01189,2025-07-29,2025-08-13,805.8,Paid
INV0008646,CUST01190,SUB01190,2024-01-05,2024-01-20,79.0,Paid
INV0008647,CUST01190,SUB01190,2024-02-05,2024-02-20,79.0,Paid
INV0008648,CUST01190,SUB01190,2024-03-05,2024-03-20,79.0,Paid
INV0008649,CUST01190,SUB01190,2024-04-05,2024-04-20,79.0,Paid
INV0008650,CUST01190,SUB01190,2024-05-05,2024-05-20,79.0,Paid
INV0008651,CUST01190,SUB01190,2024-06-05,2024-06-20,79.0,Overdue
INV0008652,CUST01190,SUB01190,2024-07-05,2024-07-20,79.0,Paid
INV0008653,CUST01190,SUB01190,2024-08-05,2024-08-20,79.0,Paid
INV0008654,CUST01190,SUB01190,2024-09-05,2024-09-20,79.0,Paid
INV0008655,CUST01190,SUB01190,2024-10-05,2024-10-20,79.0,Paid
INV0008656,CUST01190,SUB01190,2024-11-05,2024-11-20,29.0,Paid
INV0008657,CUST01190,SUB01190,2024-12-05,2024-12-20,29.0,Paid
INV0008658,CUST01190,SUB01190,2025-01-05,2025-01-20,29.0,Paid
INV0008659,CUST01190,SUB01190,2025-02-05,2025-02-20,29.0,Paid
INV0008660,CUST01190,SUB01190,2025-03-05,2025-03-20,29.0,Paid
INV0008661,CUST01190,SUB01190,2025-04-05,2025-04-20,29.0,Paid
INV0008662,CUST01190,SUB01190,2025-05-05,2025-05-20,29.0,Paid
INV0008663,CUST01190,SUB01190,2025-06-05,2025-06-20,29.0,Paid
INV0008664,CUST01191,SUB01191,2024-12-07,2024-12-22,29.0,Paid
INV0008665,CUST01191,SUB01191,2025-01-07,2025-01-22,29.0,Paid
INV0008666,CUST01191,SUB01191,2025-02-07,2025-02-22,29.0,Paid
INV0008667,CUST01191,SUB01191,2025-03-07,2025-03-22,79.0,Paid
INV0008668,CUST01191,SUB01191,2025-04-07,2025-04-22,79.0,Paid
INV0008669,CUST01191,SUB01191,2025-05-07,2025-05-22,79.0,Paid
INV0008670,CUST01191,SUB01191,2025-06-07,2025-06-22,79.0,Paid
INV0008671,CUST01191,SUB01191,2025-07-07,2025-07-22,79.0,Paid
INV0008672,CUST01191,SUB01191,2025-08-07,2025-08-22,79.0,Paid
INV0008673,CUST01191,SUB01191,2025-09-07,2025-09-22,79.0,Paid
INV0008674,CUST01191,SUB01191,2025-10-07,2025-10-22,79.0,Paid
INV0008675,CUST01191,SUB01191,2025-11-07,2025-11-22,79.0,Paid
INV0008676,CUST01192,SUB01192,2024-01-24,2024-02-08,79.0,Paid
INV0008677,CUST01192,SUB01192,2024-02-24,2024-03-10,79.0,Paid
INV0008678,CUST01192,SUB01192,2024-03-24,2024-04-08,79.0,Paid
INV0008679,CUST01192,SUB01192,2024-04-24,2024-05-09,79.0,Paid
INV0008680,CUST01192,SUB01192,2024-05-24,2024-06-08,79.0,Paid
INV0008681,CUST01192,SUB01192,2024-06-24,2024-07-09,79.0,Paid
INV0008682,CUST01193,SUB01193,2024-11-24,2024-12-09,29.0,Paid
INV0008683,CUST01193,SUB01193,2024-12-24,2025-01-08,29.0,Paid
INV0008684,CUST01193,SUB01193,2025-01-24,2025-02-08,29.0,Paid
INV0008685,CUST01193,SUB01193,2025-02-24,2025-03-11,29.0,Paid
INV0008686,CUST01193,SUB01193,2025-03-24,2025-04-08,29.0,Paid
INV0008687,CUST01193,SUB01193,2025-04-24,2025-05-09,29.0,Paid
INV0008688,CUST01194,SUB01194,2025-03-27,2025-04-11,29.0,Paid
INV0008689,CUST01194,SUB01194,2025-04-27,2025-05-12,29.0,Paid
INV0008690,CUST01194,SUB01194,2025-05-27,2025-06-11,29.0,Paid
INV0008691,CUST01194,SUB01194,2025-06-27,2025-07-12,29.0,Paid
INV0008692,CUST01194,SUB01194,2025-07-27,2025-08-11,29.0,Paid
INV0008693,CUST01194,SUB01194,2025-08-27,2025-09-11,29.0,Paid
INV0008694,CUST01195,SUB01195,2024-04-27,2024-05-12,29.0,Paid
INV0008695,CUST01195,SUB01195,2024-05-27,2024-06-11,29.0,Paid
INV0008696,CUST01195,SUB01195,2024-06-27,2024-07-12,29.0,Paid
INV0008697,CUST01195,SUB01195,2024-07-27,2024-08-11,29.0,Paid
INV0008698,CUST01195,SUB01195,2024-08-27,2024-09-11,29.0,Paid
INV0008699,CUST01195,SUB01195,2024-09-27,2024-10-12,29.0,Paid
INV0008700,CUST01195,SUB01195,2024-10-27,2024-11-11,29.0,Paid
INV0008701,CUST01195,SUB01195,2024-11-27,2024-12-12,29.0,Paid
INV0008702,CUST01195,SUB01195,2024-12-27,2025-01-11,29.0,Paid
INV0008703,CUST01195,SUB01195,2025-01-27,2025-02-11,29.0,Paid
INV0008704,CUST01195,SUB01195,2025-02-27,2025-03-14,29.0,Paid
INV0008705,CUST01195,SUB01195,2025-03-27,2025-04-11,29.0,Paid
INV0008706,CUST01195,SUB01195,2025-04-27,2025-05-12,29.0,Paid
INV0008707,CUST01195,SUB01195,2025-05-27,2025-06-11,29.0,Paid
INV0008708,CUST01195,SUB01195,2025-06-27,2025-07-12,29.0,Paid
INV0008709,CUST01195,SUB01195,2025-07-27,2025-08-11,29.0,Paid
INV0008710,CUST01195,SUB01195,2025-08-27,2025-09-11,29.0,Paid
INV0008711,CUST01195,SUB01195,2025-09-27,2025-10-12,29.0,Overdue
INV0008712,CUST01195,SUB01195,2025-10-27,2025-11-11,29.0,Paid
INV0008713,CUST01195,SUB01195,2025-11-27,2025-12-12,29.0,Paid
INV0008714,CUST01195,SUB01195,2025-12-27,2026-01-11,29.0,Pending
INV0008715,CUST01196,SUB01196,2024-07-30,2024-08-14,79.0,Paid
INV0008716,CUST01196,SUB01196,2024-08-30,2024-09-14,79.0,Overdue
INV0008717,CUST01196,SUB01196,2024-09-30,2024-10-15,79.0,Paid
INV0008718,CUST01196,SUB01196,2024-10-30,2024-11-14,79.0,Paid
INV0008719,CUST01196,SUB01196,2024-11-30,2024-12-15,79.0,Overdue
INV0008720,CUST01196,SUB01196,2024-12-30,2025-01-14,79.0,Paid
INV0008721,CUST01196,SUB01196,2025-01-30,2025-02-14,79.0,Paid
INV0008722,CUST01196,SUB01196,2025-02-28,2025-03-15,79.0,Paid
INV0008723,CUST01196,SUB01196,2025-03-28,2025-04-12,79.0,Overdue
INV0008724,CUST01196,SUB01196,2025-04-28,2025-05-13,79.0,Overdue
INV0008725,CUST01196,SUB01196,2025-05-28,2025-06-12,79.0,Paid
INV0008726,CUST01196,SUB01196,2025-06-28,2025-07-13,79.0,Paid
INV0008727,CUST01196,SUB01196,2025-07-28,2025-08-12,79.0,Paid
INV0008728,CUST01196,SUB01196,2025-08-28,2025-09-12,79.0,Paid
INV0008729,CUST01196,SUB01196,2025-09-28,2025-10-13,79.0,Paid
INV0008730,CUST01196,SUB01196,2025-10-28,2025-11-12,79.0,Paid
INV0008731,CUST01196,SUB01196,2025-11-28,2025-12-13,79.0,Paid
INV0008732,CUST01196,SUB01196,2025-12-28,2026-01-12,79.0,Paid
INV0008733,CUST01197,SUB01197,2025-12-22,2026-01-06,805.8,Paid
INV0008734,CUST01198,SUB01198,2024-11-14,2024-11-29,29.0,Paid
INV0008735,CUST01198,SUB01198,2024-12-14,2024-12-29,29.0,Paid
INV0008736,CUST01198,SUB01198,2025-01-14,2025-01-29,29.0,Paid
INV0008737,CUST01198,SUB01198,2025-02-14,2025-03-01,29.0,Paid
INV0008738,CUST01198,SUB01198,2025-03-14,2025-03-29,79.0,Paid
INV0008739,CUST01198,SUB01198,2025-04-14,2025-04-29,79.0,Paid
INV0008740,CUST01199,SUB01199,2024-05-13,2024-05-28,79.0,Paid
INV0008741,CUST01199,SUB01199,2024-06-13,2024-06-28,79.0,Paid
INV0008742,CUST01199,SUB01199,2024-07-13,2024-07-28,79.0,Paid
INV0008743,CUST01200,SUB01200,2024-02-25,2024-03-11,29.0,Paid
INV0008744,CUST01200,SUB01200,2024-03-25,2024-04-09,29.0,Pending
INV0008745,CUST01200,SUB01200,2024-04-25,2024-05-10,29.0,Paid
INV0008746,CUST01200,SUB01200,2024-05-25,2024-06-09,29.0,Overdue
INV0008747,CUST01200,SUB01200,2024-06-25,2024-07-10,29.0,Paid
INV0008748,CUST01200,SUB01200,2024-07-25,2024-08-09,29.0,Paid
INV0008749,CUST01201,SUB01201,2025-09-23,2025-10-08,29.0,Paid
INV0008750,CUST01201,SUB01201,2025-10-23,2025-11-07,29.0,Paid
INV0008751,CUST01201,SUB01201,2025-11-23,2025-12-08,29.0,Overdue
INV0008752,CUST01201,SUB01201,2025-12-23,2026-01-07,29.0,Paid
INV0008753,CUST01202,SUB01202,2025-04-21,2025-05-06,2029.8,Paid
INV0008754,CUST01203,SUB01203,2024-04-09,2024-04-24,79.0,Overdue
INV0008755,CUST01203,SUB01203,2024-05-09,2024-05-24,79.0,Paid
INV0008756,CUST01203,SUB01203,2024-06-09,2024-06-24,79.0,Paid
INV0008757,CUST01203,SUB01203,2024-07-09,2024-07-24,79.0,Paid
INV0008758,CUST01203,SUB01203,2024-08-09,2024-08-24,79.0,Paid
INV0008759,CUST01203,SUB01203,2024-09-09,2024-09-24,79.0,Paid
INV0008760,CUST01203,SUB01203,2024-10-09,2024-10-24,79.0,Paid
INV0008761,CUST01203,SUB01203,2024-11-09,2024-11-24,79.0,Paid
INV0008762,CUST01203,SUB01203,2024-12-09,2024-12-24,79.0,Paid
INV0008763,CUST01203,SUB01203,2025-01-09,2025-01-24,79.0,Paid
INV0008764,CUST01203,SUB01203,2025-02-09,2025-02-24,79.0,Paid
INV0008765,CUST01203,SUB01203,2025-03-09,2025-03-24,79.0,Paid
INV0008766,CUST01204,SUB01204,2025-04-26,2025-05-11,29.0,Paid
INV0008767,CUST01204,SUB01204,2025-05-26,2025-06-10,29.0,Paid
INV0008768,CUST01204,SUB01204,2025-06-26,2025-07-11,29.0,Paid
INV0008769,CUST01204,SUB01204,2025-07-26,2025-08-10,29.0,Paid
INV0008770,CUST01204,SUB01204,2025-08-26,2025-09-10,29.0,Paid
INV0008771,CUST01204,SUB01204,2025-09-26,2025-10-11,29.0,Paid
INV0008772,CUST01204,SUB01204,2025-10-26,2025-11-10,29.0,Pending
INV0008773,CUST01204,SUB01204,2025-11-26,2025-12-11,29.0,Paid
INV0008774,CUST01204,SUB01204,2025-12-26,2026-01-10,29.0,Paid
INV0008775,CUST01205,SUB01205,2025-01-07,2025-01-22,805.8,Paid
INV0008776,CUST01206,SUB01206,2024-11-28,2024-12-13,199.0,Paid
INV0008777,CUST01206,SUB01206,2024-12-28,2025-01-12,199.0,Paid
INV0008778,CUST01206,SUB01206,2025-01-28,2025-02-12,199.0,Paid
INV0008779,CUST01206,SUB01206,2025-02-28,2025-03-15,199.0,Paid
INV0008780,CUST01206,SUB01206,2025-03-28,2025-04-12,199.0,Paid
INV0008781,CUST01206,SUB01206,2025-04-28,2025-05-13,199.0,Paid
INV0008782,CUST01206,SUB01206,2025-05-28,2025-06-12,199.0,Paid
INV0008783,CUST01206,SUB01206,2025-06-28,2025-07-13,199.0,Overdue
INV0008784,CUST01206,SUB01206,2025-07-28,2025-08-12,199.0,Paid
INV0008785,CUST01206,SUB01206,2025-08-28,2025-09-12,199.0,Paid
INV0008786,CUST01206,SUB01206,2025-09-28,2025-10-13,199.0,Overdue
INV0008787,CUST01206,SUB01206,2025-10-28,2025-11-12,199.0,Paid
INV0008788,CUST01206,SUB01206,2025-11-28,2025-12-13,199.0,Paid
INV0008789,CUST01206,SUB01206,2025-12-28,2026-01-12,199.0,Paid
INV0008790,CUST01207,SUB01207,2024-12-25,2025-01-09,295.8,Paid
INV0008791,CUST01207,SUB01207,2025-12-25,2026-01-09,295.8,Overdue
INV0008792,CUST01208,SUB01208,2025-09-10,2025-09-25,79.0,Paid
INV0008793,CUST01208,SUB01208,2025-10-10,2025-10-25,79.0,Paid
INV0008794,CUST01208,SUB01208,2025-11-10,2025-11-25,79.0,Paid
INV0008795,CUST01208,SUB01208,2025-12-10,2025-12-25,79.0,Paid
INV0008796,CUST01209,SUB01209,2024-11-29,2024-12-14,29.0,Paid
INV0008797,CUST01209,SUB01209,2024-12-29,2025-01-13,29.0,Paid
INV0008798,CUST01209,SUB01209,2025-01-29,2025-02-13,29.0,Paid
INV0008799,CUST01209,SUB01209,2025-02-28,2025-03-15,29.0,Overdue
INV0008800,CUST01209,SUB01209,2025-03-28,2025-04-12,29.0,Paid
INV0008801,CUST01209,SUB01209,2025-04-28,2025-05-13,29.0,Paid
INV0008802,CUST01209,SUB01209,2025-05-28,2025-06-12,29.0,Paid
INV0008803,CUST01209,SUB01209,2025-06-28,2025-07-13,29.0,Paid
INV0008804,CUST01209,SUB01209,2025-07-28,2025-08-12,29.0,Paid
INV0008805,CUST01209,SUB01209,2025-08-28,2025-09-12,29.0,Paid
INV0008806,CUST01209,SUB01209,2025-09-28,2025-10-13,29.0,Paid
INV0008807,CUST01209,SUB01209,2025-10-28,2025-11-12,29.0,Paid
INV0008808,CUST01209,SUB01209,2025-11-28,2025-12-13,29.0,Paid
INV0008809,CUST01209,SUB01209,2025-12-28,2026-01-12,29.0,Paid
INV0008810,CUST01210,SUB01210,2025-02-14,2025-03-01,805.8,Paid
INV0008811,CUST01211,SUB01211,2025-05-08,2025-05-23,79.0,Paid
INV0008812,CUST01211,SUB01211,2025-06-08,2025-06-23,79.0,Paid
INV0008813,CUST01211,SUB01211,2025-07-08,2025-07-23,79.0,Paid
INV0008814,CUST01211,SUB01211,2025-08-08,2025-08-23,79.0,Paid
INV0008815,CUST01211,SUB01211,2025-09-08,2025-09-23,79.0,Paid
INV0008816,CUST01211,SUB01211,2025-10-08,2025-10-23,79.0,Paid
INV0008817,CUST01211,SUB01211,2025-11-08,2025-11-23,79.0,Paid
INV0008818,CUST01211,SUB01211,2025-12-08,2025-12-23,79.0,Paid
INV0008819,CUST01212,SUB01212,2025-03-21,2025-04-05,79.0,Pending
INV0008820,CUST01212,SUB01212,2025-04-21,2025-05-06,79.0,Paid
INV0008821,CUST01212,SUB01212,2025-05-21,2025-06-05,79.0,Paid
INV0008822,CUST01212,SUB01212,2025-06-21,2025-07-06,79.0,Paid
INV0008823,CUST01212,SUB01212,2025-07-21,2025-08-05,79.0,Paid
INV0008824,CUST01212,SUB01212,2025-08-21,2025-09-05,79.0,Paid
INV0008825,CUST01212,SUB01212,2025-09-21,2025-10-06,79.0,Paid
INV0008826,CUST01212,SUB01212,2025-10-21,2025-11-05,79.0,Paid
INV0008827,CUST01212,SUB01212,2025-11-21,2025-12-06,79.0,Overdue
INV0008828,CUST01212,SUB01212,2025-12-21,2026-01-05,79.0,Paid
INV0008829,CUST01213,SUB01213,2024-06-26,2024-07-11,805.8,Paid
INV0008830,CUST01214,SUB01214,2024-04-27,2024-05-12,79.0,Paid
INV0008831,CUST01214,SUB01214,2024-05-27,2024-06-11,79.0,Paid
INV0008832,CUST01214,SUB01214,2024-06-27,2024-07-12,79.0,Paid
INV0008833,CUST01214,SUB01214,2024-07-27,2024-08-11,79.0,Paid
INV0008834,CUST01214,SUB01214,2024-08-27,2024-09-11,79.0,Paid
INV0008835,CUST01214,SUB01214,2024-09-27,2024-10-12,79.0,Paid
INV0008836,CUST01215,SUB01215,2025-03-31,2025-04-15,295.8,Paid
INV0008837,CUST01216,SUB01216,2025-12-02,2025-12-17,29.0,Paid
INV0008838,CUST01217,SUB01217,2025-05-21,2025-06-05,29.0,Paid
INV0008839,CUST01217,SUB01217,2025-06-21,2025-07-06,29.0,Paid
INV0008840,CUST01217,SUB01217,2025-07-21,2025-08-05,29.0,Paid
INV0008841,CUST01217,SUB01217,2025-08-21,2025-09-05,29.0,Paid
INV0008842,CUST01217,SUB01217,2025-09-21,2025-10-06,29.0,Paid
INV0008843,CUST01217,SUB01217,2025-10-21,2025-11-05,29.0,Paid
INV0008844,CUST01217,SUB01217,2025-11-21,2025-12-06,29.0,Paid
INV0008845,CUST01217,SUB01217,2025-12-21,2026-01-05,29.0,Paid
INV0008846,CUST01218,SUB01218,2025-08-17,2025-09-01,29.0,Paid
INV0008847,CUST01218,SUB01218,2025-09-17,2025-10-02,29.0,Overdue
INV0008848,CUST01218,SUB01218,2025-10-17,2025-11-01,29.0,Paid
INV0008849,CUST01218,SUB01218,2025-11-17,2025-12-02,29.0,Paid
INV0008850,CUST01218,SUB01218,2025-12-17,2026-01-01,29.0,Paid
INV0008851,CUST01219,SUB01219,2025-11-07,2025-11-22,79.0,Paid
INV0008852,CUST01219,SUB01219,2025-12-07,2025-12-22,79.0,Paid
INV0008853,CUST01220,SUB01220,2024-07-19,2024-08-03,29.0,Overdue
INV0008854,CUST01220,SUB01220,2024-08-19,2024-09-03,29.0,Paid
INV0008855,CUST01220,SUB01220,2024-09-19,2024-10-04,29.0,Paid
INV0008856,CUST01220,SUB01220,2024-10-19,2024-11-03,29.0,Paid
INV0008857,CUST01220,SUB01220,2024-11-19,2024-12-04,29.0,Paid
INV0008858,CUST01220,SUB01220,2024-12-19,2025-01-03,29.0,Paid
INV0008859,CUST01220,SUB01220,2025-01-19,2025-02-03,29.0,Paid
INV0008860,CUST01220,SUB01220,2025-02-19,2025-03-06,29.0,Paid
INV0008861,CUST01220,SUB01220,2025-03-19,2025-04-03,29.0,Paid
INV0008862,CUST01220,SUB01220,2025-04-19,2025-05-04,29.0,Paid
INV0008863,CUST01220,SUB01220,2025-05-19,2025-06-03,29.0,Paid
INV0008864,CUST01220,SUB01220,2025-06-19,2025-07-04,29.0,Paid
INV0008865,CUST01220,SUB01220,2025-07-19,2025-08-03,29.0,Paid
INV0008866,CUST01220,SUB01220,2025-08-19,2025-09-03,29.0,Paid
INV0008867,CUST01220,SUB01220,2025-09-19,2025-10-04,29.0,Paid
INV0008868,CUST01220,SUB01220,2025-10-19,2025-11-03,29.0,Paid
INV0008869,CUST01220,SUB01220,2025-11-19,2025-12-04,29.0,Paid
INV0008870,CUST01220,SUB01220,2025-12-19,2026-01-03,29.0,Paid
INV0008871,CUST01221,SUB01221,2025-03-21,2025-04-05,295.8,Paid
INV0008872,CUST01222,SUB01222,2025-09-18,2025-10-03,199.0,Pending
INV0008873,CUST01222,SUB01222,2025-10-18,2025-11-02,199.0,Paid
INV0008874,CUST01222,SUB01222,2025-11-18,2025-12-03,199.0,Paid
INV0008875,CUST01222,SUB01222,2025-12-18,2026-01-02,199.0,Paid
INV0008876,CUST01223,SUB01223,2024-03-04,2024-03-19,805.8,Paid
INV0008877,CUST01224,SUB01224,2025-12-21,2026-01-05,29.0,Paid
INV0008878,CUST01225,SUB01225,2024-02-01,2024-02-16,295.8,Paid
INV0008879,CUST01225,SUB01225,2025-02-01,2025-02-16,295.8,Paid
INV0008880,CUST01226,SUB01226,2025-12-29,2026-01-13,805.8,Paid
INV0008881,CUST01227,SUB01227,2025-11-09,2025-11-24,79.0,Pending
INV0008882,CUST01227,SUB01227,2025-12-09,2025-12-24,79.0,Paid
INV0008883,CUST01228,SUB01228,2025-01-03,2025-01-18,805.8,Paid
INV0008884,CUST01229,SUB01229,2024-05-17,2024-06-01,29.0,Paid
INV0008885,CUST01229,SUB01229,2024-06-17,2024-07-02,29.0,Paid
INV0008886,CUST01229,SUB01229,2024-07-17,2024-08-01,29.0,Paid
INV0008887,CUST01229,SUB01229,2024-08-17,2024-09-01,29.0,Paid
INV0008888,CUST01229,SUB01229,2024-09-17,2024-10-02,29.0,Overdue
INV0008889,CUST01229,SUB01229,2024-10-17,2024-11-01,29.0,Paid
INV0008890,CUST01229,SUB01229,2024-11-17,2024-12-02,29.0,Paid
INV0008891,CUST01229,SUB01229,2024-12-17,2025-01-01,29.0,Paid
INV0008892,CUST01229,SUB01229,2025-01-17,2025-02-01,29.0,Paid
INV0008893,CUST01229,SUB01229,2025-02-17,2025-03-04,29.0,Overdue
INV0008894,CUST01229,SUB01229,2025-03-17,2025-04-01,29.0,Paid
INV0008895,CUST01229,SUB01229,2025-04-17,2025-05-02,29.0,Paid
INV0008896,CUST01229,SUB01229,2025-05-17,2025-06-01,29.0,Paid
INV0008897,CUST01229,SUB01229,2025-06-17,2025-07-02,29.0,Paid
INV0008898,CUST01229,SUB01229,2025-07-17,2025-08-01,29.0,Paid
INV0008899,CUST01229,SUB01229,2025-08-17,2025-09-01,29.0,Paid
INV0008900,CUST01229,SUB01229,2025-09-17,2025-10-02,29.0,Paid
INV0008901,CUST01229,SUB01229,2025-10-17,2025-11-01,29.0,Overdue
INV0008902,CUST01229,SUB01229,2025-11-17,2025-12-02,29.0,Paid
INV0008903,CUST01229,SUB01229,2025-12-17,2026-01-01,29.0,Overdue
INV0008904,CUST01230,SUB01230,2025-11-04,2025-11-19,29.0,Paid
INV0008905,CUST01230,SUB01230,2025-12-04,2025-12-19,29.0,Paid
INV0008906,CUST01231,SUB01231,2025-04-11,2025-04-26,29.0,Paid
INV0008907,CUST01231,SUB01231,2025-05-11,2025-05-26,29.0,Paid
INV0008908,CUST01231,SUB01231,2025-06-11,2025-06-26,29.0,Paid
INV0008909,CUST01231,SUB01231,2025-07-11,2025-07-26,29.0,Paid
INV0008910,CUST01231,SUB01231,2025-08-11,2025-08-26,29.0,Paid
INV0008911,CUST01231,SUB01231,2025-09-11,2025-09-26,29.0,Paid
INV0008912,CUST01231,SUB01231,2025-10-11,2025-10-26,29.0,Overdue
INV0008913,CUST01231,SUB01231,2025-11-11,2025-11-26,29.0,Paid
INV0008914,CUST01231,SUB01231,2025-12-11,2025-12-26,29.0,Paid
INV0008915,CUST01232,SUB01232,2025-09-30,2025-10-15,79.0,Paid
INV0008916,CUST01232,SUB01232,2025-10-30,2025-11-14,79.0,Paid
INV0008917,CUST01232,SUB01232,2025-11-30,2025-12-15,79.0,Paid
INV0008918,CUST01232,SUB01232,2025-12-30,2026-01-14,79.0,Paid
INV0008919,CUST01233,SUB01233,2025-01-28,2025-02-12,29.0,Paid
INV0008920,CUST01233,SUB01233,2025-02-28,2025-03-15,29.0,Paid
INV0008921,CUST01233,SUB01233,2025-03-28,2025-04-12,29.0,Paid
INV0008922,CUST01233,SUB01233,2025-04-28,2025-05-13,29.0,Paid
INV0008923,CUST01233,SUB01233,2025-05-28,2025-06-12,29.0,Paid
INV0008924,CUST01233,SUB01233,2025-06-28,2025-07-13,29.0,Paid
INV0008925,CUST01234,SUB01234,2025-08-14,2025-08-29,199.0,Paid
INV0008926,CUST01234,SUB01234,2025-09-14,2025-09-29,199.0,Paid
INV0008927,CUST01234,SUB01234,2025-10-14,2025-10-29,199.0,Paid
INV0008928,CUST01234,SUB01234,2025-11-14,2025-11-29,199.0,Overdue
INV0008929,CUST01234,SUB01234,2025-12-14,2025-12-29,199.0,Paid
INV0008930,CUST01235,SUB01235,2025-02-24,2025-03-11,29.0,Paid
INV0008931,CUST01235,SUB01235,2025-03-24,2025-04-08,29.0,Paid
INV0008932,CUST01235,SUB01235,2025-04-24,2025-05-09,29.0,Paid
INV0008933,CUST01235,SUB01235,2025-05-24,2025-06-08,29.0,Paid
INV0008934,CUST01235,SUB01235,2025-06-24,2025-07-09,29.0,Paid
INV0008935,CUST01235,SUB01235,2025-07-24,2025-08-08,29.0,Paid
INV0008936,CUST01235,SUB01235,2025-08-24,2025-09-08,29.0,Paid
INV0008937,CUST01235,SUB01235,2025-09-24,2025-10-09,29.0,Paid
INV0008938,CUST01235,SUB01235,2025-10-24,2025-11-08,29.0,Paid
INV0008939,CUST01235,SUB01235,2025-11-24,2025-12-09,29.0,Paid
INV0008940,CUST01235,SUB01235,2025-12-24,2026-01-08,29.0,Pending
INV0008941,CUST01236,SUB01236,2025-08-04,2025-08-19,79.0,Overdue
INV0008942,CUST01236,SUB01236,2025-09-04,2025-09-19,79.0,Paid
INV0008943,CUST01236,SUB01236,2025-10-04,2025-10-19,79.0,Paid
INV0008944,CUST01236,SUB01236,2025-11-04,2025-11-19,79.0,Paid
INV0008945,CUST01236,SUB01236,2025-12-04,2025-12-19,79.0,Paid
INV0008946,CUST01237,SUB01237,2025-12-08,2025-12-23,29.0,Paid
INV0008947,CUST01238,SUB01238,2025-04-21,2025-05-06,79.0,Paid
INV0008948,CUST01238,SUB01238,2025-05-21,2025-06-05,79.0,Paid
INV0008949,CUST01238,SUB01238,2025-06-21,2025-07-06,79.0,Paid
INV0008950,CUST01238,SUB01238,2025-07-21,2025-08-05,79.0,Paid
INV0008951,CUST01238,SUB01238,2025-08-21,2025-09-05,79.0,Paid
INV0008952,CUST01238,SUB01238,2025-09-21,2025-10-06,79.0,Paid
INV0008953,CUST01238,SUB01238,2025-10-21,2025-11-05,79.0,Overdue
INV0008954,CUST01238,SUB01238,2025-11-21,2025-12-06,79.0,Paid
INV0008955,CUST01238,SUB01238,2025-12-21,2026-01-05,79.0,Paid
INV0008956,CUST01239,SUB01239,2024-09-08,2024-09-23,79.0,Paid
INV0008957,CUST01239,SUB01239,2024-10-08,2024-10-23,79.0,Paid
INV0008958,CUST01239,SUB01239,2024-11-08,2024-11-23,79.0,Paid
INV0008959,CUST01239,SUB01239,2024-12-08,2024-12-23,79.0,Pending
INV0008960,CUST01239,SUB01239,2025-01-08,2025-01-23,79.0,Paid
INV0008961,CUST01239,SUB01239,2025-02-08,2025-02-23,79.0,Paid
INV0008962,CUST01239,SUB01239,2025-03-08,2025-03-23,79.0,Paid
INV0008963,CUST01239,SUB01239,2025-04-08,2025-04-23,79.0,Paid
INV0008964,CUST01239,SUB01239,2025-05-08,2025-05-23,79.0,Paid
INV0008965,CUST01239,SUB01239,2025-06-08,2025-06-23,79.0,Paid
INV0008966,CUST01239,SUB01239,2025-07-08,2025-07-23,79.0,Paid
INV0008967,CUST01239,SUB01239,2025-08-08,2025-08-23,79.0,Paid
INV0008968,CUST01240,SUB01240,2025-12-01,2025-12-16,29.0,Paid
INV0008969,CUST01241,SUB01241,2024-12-17,2025-01-01,79.0,Paid
INV0008970,CUST01241,SUB01241,2025-01-17,2025-02-01,79.0,Paid
INV0008971,CUST01241,SUB01241,2025-02-17,2025-03-04,29.0,Paid
INV0008972,CUST01241,SUB01241,2025-03-17,2025-04-01,29.0,Paid
INV0008973,CUST01241,SUB01241,2025-04-17,2025-05-02,29.0,Paid
INV0008974,CUST01241,SUB01241,2025-05-17,2025-06-01,29.0,Overdue
INV0008975,CUST01242,SUB01242,2025-08-10,2025-08-25,79.0,Paid
INV0008976,CUST01242,SUB01242,2025-09-10,2025-09-25,79.0,Paid
INV0008977,CUST01242,SUB01242,2025-10-10,2025-10-25,79.0,Paid
INV0008978,CUST01242,SUB01242,2025-11-10,2025-11-25,79.0,Paid
INV0008979,CUST01242,SUB01242,2025-12-10,2025-12-25,79.0,Paid
INV0008980,CUST01243,SUB01243,2024-10-23,2024-11-07,295.8,Paid
INV0008981,CUST01244,SUB01244,2025-07-31,2025-08-15,79.0,Paid
INV0008982,CUST01244,SUB01244,2025-08-31,2025-09-15,79.0,Paid
INV0008983,CUST01244,SUB01244,2025-09-30,2025-10-15,79.0,Paid
INV0008984,CUST01244,SUB01244,2025-10-30,2025-11-14,79.0,Paid
INV0008985,CUST01244,SUB01244,2025-11-30,2025-12-15,79.0,Paid
INV0008986,CUST01244,SUB01244,2025-12-30,2026-01-14,79.0,Paid
INV0008987,CUST01245,SUB01245,2025-08-09,2025-08-24,79.0,Paid
INV0008988,CUST01245,SUB01245,2025-09-09,2025-09-24,79.0,Paid
INV0008989,CUST01245,SUB01245,2025-10-09,2025-10-24,79.0,Paid
INV0008990,CUST01245,SUB01245,2025-11-09,2025-11-24,79.0,Paid
INV0008991,CUST01245,SUB01245,2025-12-09,2025-12-24,79.0,Paid
INV0008992,CUST01246,SUB01246,2024-10-20,2024-11-04,79.0,Paid
INV0008993,CUST01246,SUB01246,2024-11-20,2024-12-05,79.0,Paid
INV0008994,CUST01246,SUB01246,2024-12-20,2025-01-04,79.0,Paid
INV0008995,CUST01246,SUB01246,2025-01-20,2025-02-04,79.0,Paid
INV0008996,CUST01246,SUB01246,2025-02-20,2025-03-07,79.0,Paid
INV0008997,CUST01246,SUB01246,2025-03-20,2025-04-04,79.0,Paid
INV0008998,CUST01246,SUB01246,2025-04-20,2025-05-05,79.0,Paid
INV0008999,CUST01246,SUB01246,2025-05-20,2025-06-04,79.0,Paid
INV0009000,CUST01246,SUB01246,2025-06-20,2025-07-05,79.0,Paid
INV0009001,CUST01246,SUB01246,2025-07-20,2025-08-04,79.0,Paid
INV0009002,CUST01246,SUB01246,2025-08-20,2025-09-04,79.0,Paid
INV0009003,CUST01246,SUB01246,2025-09-20,2025-10-05,79.0,Paid
INV0009004,CUST01246,SUB01246,2025-10-20,2025-11-04,79.0,Overdue
INV0009005,CUST01246,SUB01246,2025-11-20,2025-12-05,79.0,Pending
INV0009006,CUST01246,SUB01246,2025-12-20,2026-01-04,79.0,Paid
INV0009007,CUST01247,SUB01247,2024-09-15,2024-09-30,29.0,Paid
INV0009008,CUST01247,SUB01247,2024-10-15,2024-10-30,29.0,Paid
INV0009009,CUST01247,SUB01247,2024-11-15,2024-11-30,29.0,Paid
INV0009010,CUST01247,SUB01247,2024-12-15,2024-12-30,29.0,Paid
INV0009011,CUST01247,SUB01247,2025-01-15,2025-01-30,29.0,Paid
INV0009012,CUST01247,SUB01247,2025-02-15,2025-03-02,29.0,Paid
INV0009013,CUST01247,SUB01247,2025-03-15,2025-03-30,29.0,Paid
INV0009014,CUST01247,SUB01247,2025-04-15,2025-04-30,29.0,Paid
INV0009015,CUST01247,SUB01247,2025-05-15,2025-05-30,29.0,Paid
INV0009016,CUST01247,SUB01247,2025-06-15,2025-06-30,29.0,Paid
INV0009017,CUST01247,SUB01247,2025-07-15,2025-07-30,29.0,Paid
INV0009018,CUST01247,SUB01247,2025-08-15,2025-08-30,29.0,Paid
INV0009019,CUST01247,SUB01247,2025-09-15,2025-09-30,29.0,Paid
INV0009020,CUST01247,SUB01247,2025-10-15,2025-10-30,29.0,Paid
INV0009021,CUST01247,SUB01247,2025-11-15,2025-11-30,29.0,Overdue
INV0009022,CUST01247,SUB01247,2025-12-15,2025-12-30,29.0,Paid
INV0009023,CUST01248,SUB01248,2024-01-15,2024-01-30,295.8,Paid
INV0009024,CUST01249,SUB01249,2025-11-05,2025-11-20,29.0,Paid
INV0009025,CUST01249,SUB01249,2025-12-05,2025-12-20,29.0,Paid
INV0009026,CUST01250,SUB01250,2025-05-11,2025-05-26,295.8,Paid
INV0009027,CUST01251,SUB01251,2024-03-27,2024-04-11,29.0,Paid
INV0009028,CUST01251,SUB01251,2024-04-27,2024-05-12,29.0,Paid
INV0009029,CUST01251,SUB01251,2024-05-27,2024-06-11,29.0,Paid
INV0009030,CUST01251,SUB01251,2024-06-27,2024-07-12,29.0,Paid
INV0009031,CUST01251,SUB01251,2024-07-27,2024-08-11,29.0,Paid
INV0009032,CUST01251,SUB01251,2024-08-27,2024-09-11,29.0,Paid
INV0009033,CUST01251,SUB01251,2024-09-27,2024-10-12,29.0,Paid
INV0009034,CUST01251,SUB01251,2024-10-27,2024-11-11,29.0,Paid
INV0009035,CUST01251,SUB01251,2024-11-27,2024-12-12,29.0,Paid
INV0009036,CUST01251,SUB01251,2024-12-27,2025-01-11,29.0,Paid
INV0009037,CUST01251,SUB01251,2025-01-27,2025-02-11,29.0,Paid
INV0009038,CUST01251,SUB01251,2025-02-27,2025-03-14,29.0,Paid
INV0009039,CUST01251,SUB01251,2025-03-27,2025-04-11,29.0,Paid
INV0009040,CUST01251,SUB01251,2025-04-27,2025-05-12,29.0,Paid
INV0009041,CUST01251,SUB01251,2025-05-27,2025-06-11,29.0,Pending
INV0009042,CUST01251,SUB01251,2025-06-27,2025-07-12,29.0,Paid
INV0009043,CUST01251,SUB01251,2025-07-27,2025-08-11,29.0,Paid
INV0009044,CUST01251,SUB01251,2025-08-27,2025-09-11,29.0,Paid
INV0009045,CUST01251,SUB01251,2025-09-27,2025-10-12,29.0,Paid
INV0009046,CUST01251,SUB01251,2025-10-27,2025-11-11,29.0,Paid
INV0009047,CUST01251,SUB01251,2025-11-27,2025-12-12,29.0,Paid
INV0009048,CUST01251,SUB01251,2025-12-27,2026-01-11,29.0,Paid
INV0009049,CUST01252,SUB01252,2025-05-22,2025-06-06,199.0,Paid
INV0009050,CUST01252,SUB01252,2025-06-22,2025-07-07,199.0,Paid
INV0009051,CUST01252,SUB01252,2025-07-22,2025-08-06,199.0,Paid
INV0009052,CUST01252,SUB01252,2025-08-22,2025-09-06,199.0,Paid
INV0009053,CUST01252,SUB01252,2025-09-22,2025-10-07,199.0,Paid
INV0009054,CUST01252,SUB01252,2025-10-22,2025-11-06,199.0,Paid
INV0009055,CUST01252,SUB01252,2025-11-22,2025-12-07,199.0,Overdue
INV0009056,CUST01252,SUB01252,2025-12-22,2026-01-06,199.0,Paid
INV0009057,CUST01253,SUB01253,2025-11-07,2025-11-22,79.0,Paid
INV0009058,CUST01253,SUB01253,2025-12-07,2025-12-22,79.0,Paid
INV0009059,CUST01254,SUB01254,2024-02-25,2024-03-11,29.0,Paid
INV0009060,CUST01254,SUB01254,2024-03-25,2024-04-09,29.0,Paid
INV0009061,CUST01254,SUB01254,2024-04-25,2024-05-10,79.0,Paid
INV0009062,CUST01254,SUB01254,2024-05-25,2024-06-09,79.0,Paid
INV0009063,CUST01254,SUB01254,2024-06-25,2024-07-10,79.0,Paid
INV0009064,CUST01254,SUB01254,2024-07-25,2024-08-09,79.0,Overdue
INV0009065,CUST01254,SUB01254,2024-08-25,2024-09-09,79.0,Paid
INV0009066,CUST01254,SUB01254,2024-09-25,2024-10-10,79.0,Paid
INV0009067,CUST01254,SUB01254,2024-10-25,2024-11-09,79.0,Paid
INV0009068,CUST01254,SUB01254,2024-11-25,2024-12-10,79.0,Paid
INV0009069,CUST01254,SUB01254,2024-12-25,2025-01-09,79.0,Paid
INV0009070,CUST01254,SUB01254,2025-01-25,2025-02-09,79.0,Paid
INV0009071,CUST01255,SUB01255,2024-06-20,2024-07-05,199.0,Paid
INV0009072,CUST01255,SUB01255,2024-07-20,2024-08-04,199.0,Paid
INV0009073,CUST01255,SUB01255,2024-08-20,2024-09-04,199.0,Paid
INV0009074,CUST01255,SUB01255,2024-09-20,2024-10-05,199.0,Paid
INV0009075,CUST01255,SUB01255,2024-10-20,2024-11-04,199.0,Paid
INV0009076,CUST01255,SUB01255,2024-11-20,2024-12-05,199.0,Overdue
INV0009077,CUST01255,SUB01255,2024-12-20,2025-01-04,199.0,Paid
INV0009078,CUST01255,SUB01255,2025-01-20,2025-02-04,199.0,Paid
INV0009079,CUST01255,SUB01255,2025-02-20,2025-03-07,199.0,Paid
INV0009080,CUST01255,SUB01255,2025-03-20,2025-04-04,199.0,Paid
INV0009081,CUST01255,SUB01255,2025-04-20,2025-05-05,199.0,Paid
INV0009082,CUST01255,SUB01255,2025-05-20,2025-06-04,199.0,Paid
INV0009083,CUST01256,SUB01256,2025-01-23,2025-02-07,29.0,Paid
INV0009084,CUST01256,SUB01256,2025-02-23,2025-03-10,29.0,Paid
INV0009085,CUST01256,SUB01256,2025-03-23,2025-04-07,29.0,Paid
INV0009086,CUST01256,SUB01256,2025-04-23,2025-05-08,29.0,Paid
INV0009087,CUST01256,SUB01256,2025-05-23,2025-06-07,29.0,Paid
INV0009088,CUST01256,SUB01256,2025-06-23,2025-07-08,29.0,Paid
INV0009089,CUST01256,SUB01256,2025-07-23,2025-08-07,29.0,Paid
INV0009090,CUST01256,SUB01256,2025-08-23,2025-09-07,29.0,Paid
INV0009091,CUST01256,SUB01256,2025-09-23,2025-10-08,29.0,Paid
INV0009092,CUST01256,SUB01256,2025-10-23,2025-11-07,29.0,Paid
INV0009093,CUST01256,SUB01256,2025-11-23,2025-12-08,29.0,Paid
INV0009094,CUST01256,SUB01256,2025-12-23,2026-01-07,29.0,Paid
INV0009095,CUST01257,SUB01257,2025-06-27,2025-07-12,79.0,Paid
INV0009096,CUST01257,SUB01257,2025-07-27,2025-08-11,79.0,Paid
INV0009097,CUST01257,SUB01257,2025-08-27,2025-09-11,79.0,Paid
INV0009098,CUST01257,SUB01257,2025-09-27,2025-10-12,79.0,Paid
INV0009099,CUST01257,SUB01257,2025-10-27,2025-11-11,79.0,Overdue
INV0009100,CUST01257,SUB01257,2025-11-27,2025-12-12,79.0,Paid
INV0009101,CUST01257,SUB01257,2025-12-27,2026-01-11,79.0,Paid
INV0009102,CUST01258,SUB01258,2025-01-26,2025-02-10,79.0,Paid
INV0009103,CUST01258,SUB01258,2025-02-26,2025-03-13,79.0,Paid
INV0009104,CUST01258,SUB01258,2025-03-26,2025-04-10,79.0,Paid
INV0009105,CUST01258,SUB01258,2025-04-26,2025-05-11,79.0,Paid
INV0009106,CUST01258,SUB01258,2025-05-26,2025-06-10,79.0,Paid
INV0009107,CUST01258,SUB01258,2025-06-26,2025-07-11,79.0,Paid
INV0009108,CUST01259,SUB01259,2024-04-09,2024-04-24,79.0,Paid
INV0009109,CUST01259,SUB01259,2024-05-09,2024-05-24,79.0,Paid
INV0009110,CUST01259,SUB01259,2024-06-09,2024-06-24,79.0,Paid
INV0009111,CUST01259,SUB01259,2024-07-09,2024-07-24,79.0,Paid
INV0009112,CUST01259,SUB01259,2024-08-09,2024-08-24,79.0,Paid
INV0009113,CUST01259,SUB01259,2024-09-09,2024-09-24,79.0,Paid
INV0009114,CUST01259,SUB01259,2024-10-09,2024-10-24,79.0,Overdue
INV0009115,CUST01259,SUB01259,2024-11-09,2024-11-24,29.0,Paid
INV0009116,CUST01259,SUB01259,2024-12-09,2024-12-24,29.0,Paid
INV0009117,CUST01259,SUB01259,2025-01-09,2025-01-24,29.0,Paid
INV0009118,CUST01259,SUB01259,2025-02-09,2025-02-24,29.0,Paid
INV0009119,CUST01259,SUB01259,2025-03-09,2025-03-24,29.0,Paid
INV0009120,CUST01260,SUB01260,2025-09-17,2025-10-02,29.0,Paid
INV0009121,CUST01260,SUB01260,2025-10-17,2025-11-01,29.0,Paid
INV0009122,CUST01260,SUB01260,2025-11-17,2025-12-02,29.0,Paid
INV0009123,CUST01260,SUB01260,2025-12-17,2026-01-01,29.0,Paid
INV0009124,CUST01261,SUB01261,2024-09-30,2024-10-15,79.0,Paid
INV0009125,CUST01261,SUB01261,2024-10-30,2024-11-14,79.0,Paid
INV0009126,CUST01261,SUB01261,2024-11-30,2024-12-15,79.0,Paid
INV0009127,CUST01261,SUB01261,2024-12-30,2025-01-14,79.0,Overdue
INV0009128,CUST01261,SUB01261,2025-01-30,2025-02-14,79.0,Paid
INV0009129,CUST01261,SUB01261,2025-02-28,2025-03-15,79.0,Paid
INV0009130,CUST01261,SUB01261,2025-03-28,2025-04-12,79.0,Paid
INV0009131,CUST01261,SUB01261,2025-04-28,2025-05-13,79.0,Paid
INV0009132,CUST01261,SUB01261,2025-05-28,2025-06-12,79.0,Paid
INV0009133,CUST01261,SUB01261,2025-06-28,2025-07-13,79.0,Overdue
INV0009134,CUST01261,SUB01261,2025-07-28,2025-08-12,79.0,Paid
INV0009135,CUST01261,SUB01261,2025-08-28,2025-09-12,79.0,Paid
INV0009136,CUST01261,SUB01261,2025-09-28,2025-10-13,79.0,Paid
INV0009137,CUST01261,SUB01261,2025-10-28,2025-11-12,79.0,Paid
INV0009138,CUST01261,SUB01261,2025-11-28,2025-12-13,79.0,Paid
INV0009139,CUST01261,SUB01261,2025-12-28,2026-01-12,79.0,Paid
INV0009140,CUST01262,SUB01262,2025-04-17,2025-05-02,79.0,Paid
INV0009141,CUST01262,SUB01262,2025-05-17,2025-06-01,79.0,Overdue
INV0009142,CUST01262,SUB01262,2025-06-17,2025-07-02,79.0,Paid
INV0009143,CUST01263,SUB01263,2025-06-16,2025-07-01,805.8,Paid
INV0009144,CUST01264,SUB01264,2025-07-14,2025-07-29,199.0,Paid
INV0009145,CUST01264,SUB01264,2025-08-14,2025-08-29,199.0,Paid
INV0009146,CUST01264,SUB01264,2025-09-14,2025-09-29,199.0,Paid
INV0009147,CUST01264,SUB01264,2025-10-14,2025-10-29,199.0,Paid
INV0009148,CUST01264,SUB01264,2025-11-14,2025-11-29,199.0,Overdue
INV0009149,CUST01264,SUB01264,2025-12-14,2025-12-29,199.0,Paid
INV0009150,CUST01265,SUB01265,2025-02-25,2025-03-12,805.8,Paid
INV0009151,CUST01266,SUB01266,2024-08-12,2024-08-27,79.0,Paid
INV0009152,CUST01266,SUB01266,2024-09-12,2024-09-27,79.0,Paid
INV0009153,CUST01266,SUB01266,2024-10-12,2024-10-27,79.0,Paid
INV0009154,CUST01266,SUB01266,2024-11-12,2024-11-27,79.0,Paid
INV0009155,CUST01266,SUB01266,2024-12-12,2024-12-27,79.0,Paid
INV0009156,CUST01266,SUB01266,2025-01-12,2025-01-27,79.0,Paid
INV0009157,CUST01266,SUB01266,2025-02-12,2025-02-27,79.0,Paid
INV0009158,CUST01266,SUB01266,2025-03-12,2025-03-27,79.0,Paid
INV0009159,CUST01266,SUB01266,2025-04-12,2025-04-27,79.0,Paid
INV0009160,CUST01266,SUB01266,2025-05-12,2025-05-27,79.0,Paid
INV0009161,CUST01266,SUB01266,2025-06-12,2025-06-27,79.0,Pending
INV0009162,CUST01266,SUB01266,2025-07-12,2025-07-27,79.0,Paid
INV0009163,CUST01266,SUB01266,2025-08-12,2025-08-27,79.0,Paid
INV0009164,CUST01266,SUB01266,2025-09-12,2025-09-27,79.0,Paid
INV0009165,CUST01266,SUB01266,2025-10-12,2025-10-27,79.0,Overdue
INV0009166,CUST01266,SUB01266,2025-11-12,2025-11-27,79.0,Paid
INV0009167,CUST01266,SUB01266,2025-12-12,2025-12-27,79.0,Paid
INV0009168,CUST01267,SUB01267,2025-09-26,2025-10-11,29.0,Paid
INV0009169,CUST01267,SUB01267,2025-10-26,2025-11-10,29.0,Paid
INV0009170,CUST01267,SUB01267,2025-11-26,2025-12-11,29.0,Overdue
INV0009171,CUST01267,SUB01267,2025-12-26,2026-01-10,29.0,Paid
INV0009172,CUST01268,SUB01268,2025-09-05,2025-09-20,805.8,Paid
INV0009173,CUST01269,SUB01269,2025-09-11,2025-09-26,29.0,Paid
INV0009174,CUST01269,SUB01269,2025-10-11,2025-10-26,29.0,Pending
INV0009175,CUST01269,SUB01269,2025-11-11,2025-11-26,29.0,Paid
INV0009176,CUST01269,SUB01269,2025-12-11,2025-12-26,29.0,Paid
INV0009177,CUST01270,SUB01270,2024-04-23,2024-05-08,295.8,Overdue
INV0009178,CUST01271,SUB01271,2025-10-16,2025-10-31,199.0,Paid
INV0009179,CUST01271,SUB01271,2025-11-16,2025-12-01,199.0,Paid
INV0009180,CUST01271,SUB01271,2025-12-16,2025-12-31,199.0,Paid
INV0009181,CUST01272,SUB01272,2024-09-20,2024-10-05,199.0,Paid
INV0009182,CUST01272,SUB01272,2024-10-20,2024-11-04,199.0,Paid
INV0009183,CUST01272,SUB01272,2024-11-20,2024-12-05,199.0,Paid
INV0009184,CUST01272,SUB01272,2024-12-20,2025-01-04,199.0,Overdue
INV0009185,CUST01272,SUB01272,2025-01-20,2025-02-04,199.0,Paid
INV0009186,CUST01272,SUB01272,2025-02-20,2025-03-07,199.0,Paid
INV0009187,CUST01272,SUB01272,2025-03-20,2025-04-04,199.0,Paid
INV0009188,CUST01272,SUB01272,2025-04-20,2025-05-05,199.0,Paid
INV0009189,CUST01272,SUB01272,2025-05-20,2025-06-04,199.0,Paid
INV0009190,CUST01272,SUB01272,2025-06-20,2025-07-05,199.0,Paid
INV0009191,CUST01272,SUB01272,2025-07-20,2025-08-04,199.0,Paid
INV0009192,CUST01272,SUB01272,2025-08-20,2025-09-04,199.0,Paid
INV0009193,CUST01273,SUB01273,2025-01-26,2025-02-10,79.0,Overdue
INV0009194,CUST01273,SUB01273,2025-02-26,2025-03-13,79.0,Paid
INV0009195,CUST01273,SUB01273,2025-03-26,2025-04-10,79.0,Paid
INV0009196,CUST01273,SUB01273,2025-04-26,2025-05-11,79.0,Paid
INV0009197,CUST01273,SUB01273,2025-05-26,2025-06-10,79.0,Paid
INV0009198,CUST01273,SUB01273,2025-06-26,2025-07-11,79.0,Overdue
INV0009199,CUST01274,SUB01274,2024-07-01,2024-07-16,29.0,Paid
INV0009200,CUST01274,SUB01274,2024-08-01,2024-08-16,29.0,Paid
INV0009201,CUST01274,SUB01274,2024-09-01,2024-09-16,29.0,Paid
INV0009202,CUST01274,SUB01274,2024-10-01,2024-10-16,29.0,Paid
INV0009203,CUST01274,SUB01274,2024-11-01,2024-11-16,29.0,Paid
INV0009204,CUST01274,SUB01274,2024-12-01,2024-12-16,29.0,Paid
INV0009205,CUST01274,SUB01274,2025-01-01,2025-01-16,29.0,Paid
INV0009206,CUST01274,SUB01274,2025-02-01,2025-02-16,29.0,Paid
INV0009207,CUST01274,SUB01274,2025-03-01,2025-03-16,29.0,Paid
INV0009208,CUST01274,SUB01274,2025-04-01,2025-04-16,29.0,Paid
INV0009209,CUST01274,SUB01274,2025-05-01,2025-05-16,29.0,Paid
INV0009210,CUST01274,SUB01274,2025-06-01,2025-06-16,29.0,Paid
INV0009211,CUST01274,SUB01274,2025-07-01,2025-07-16,29.0,Paid
INV0009212,CUST01274,SUB01274,2025-08-01,2025-08-16,29.0,Paid
INV0009213,CUST01274,SUB01274,2025-09-01,2025-09-16,29.0,Paid
INV0009214,CUST01274,SUB01274,2025-10-01,2025-10-16,29.0,Paid
INV0009215,CUST01274,SUB01274,2025-11-01,2025-11-16,29.0,Paid
INV0009216,CUST01274,SUB01274,2025-12-01,2025-12-16,29.0,Paid
INV0009217,CUST01275,SUB01275,2025-09-16,2025-10-01,199.0,Pending
INV0009218,CUST01275,SUB01275,2025-10-16,2025-10-31,199.0,Paid
INV0009219,CUST01275,SUB01275,2025-11-16,2025-12-01,199.0,Paid
INV0009220,CUST01275,SUB01275,2025-12-16,2025-12-31,199.0,Paid
INV0009221,CUST01276,SUB01276,2025-07-07,2025-07-22,295.8,Paid
INV0009222,CUST01277,SUB01277,2025-03-28,2025-04-12,79.0,Paid
INV0009223,CUST01277,SUB01277,2025-04-28,2025-05-13,79.0,Paid
INV0009224,CUST01277,SUB01277,2025-05-28,2025-06-12,79.0,Paid
INV0009225,CUST01277,SUB01277,2025-06-28,2025-07-13,79.0,Paid
INV0009226,CUST01277,SUB01277,2025-07-28,2025-08-12,79.0,Paid
INV0009227,CUST01277,SUB01277,2025-08-28,2025-09-12,79.0,Paid
INV0009228,CUST01277,SUB01277,2025-09-28,2025-10-13,79.0,Paid
INV0009229,CUST01277,SUB01277,2025-10-28,2025-11-12,79.0,Paid
INV0009230,CUST01277,SUB01277,2025-11-28,2025-12-13,79.0,Paid
INV0009231,CUST01277,SUB01277,2025-12-28,2026-01-12,79.0,Paid
INV0009232,CUST01278,SUB01278,2025-08-08,2025-08-23,805.8,Paid
INV0009233,CUST01279,SUB01279,2024-06-01,2024-06-16,29.0,Paid
INV0009234,CUST01279,SUB01279,2024-07-01,2024-07-16,29.0,Paid
INV0009235,CUST01279,SUB01279,2024-08-01,2024-08-16,29.0,Paid
INV0009236,CUST01280,SUB01280,2024-09-29,2024-10-14,199.0,Paid
INV0009237,CUST01280,SUB01280,2024-10-29,2024-11-13,199.0,Paid
INV0009238,CUST01280,SUB01280,2024-11-29,2024-12-14,199.0,Paid
INV0009239,CUST01281,SUB01281,2025-06-11,2025-06-26,79.0,Paid
INV0009240,CUST01281,SUB01281,2025-07-11,2025-07-26,79.0,Paid
INV0009241,CUST01281,SUB01281,2025-08-11,2025-08-26,79.0,Paid
INV0009242,CUST01282,SUB01282,2025-02-17,2025-03-04,29.0,Paid
INV0009243,CUST01282,SUB01282,2025-03-17,2025-04-01,29.0,Overdue
INV0009244,CUST01282,SUB01282,2025-04-17,2025-05-02,29.0,Paid
INV0009245,CUST01282,SUB01282,2025-05-17,2025-06-01,29.0,Paid
INV0009246,CUST01282,SUB01282,2025-06-17,2025-07-02,29.0,Paid
INV0009247,CUST01282,SUB01282,2025-07-17,2025-08-01,29.0,Paid
INV0009248,CUST01282,SUB01282,2025-08-17,2025-09-01,29.0,Paid
INV0009249,CUST01282,SUB01282,2025-09-17,2025-10-02,29.0,Paid
INV0009250,CUST01282,SUB01282,2025-10-17,2025-11-01,29.0,Paid
INV0009251,CUST01282,SUB01282,2025-11-17,2025-12-02,29.0,Paid
INV0009252,CUST01282,SUB01282,2025-12-17,2026-01-01,29.0,Paid
INV0009253,CUST01283,SUB01283,2025-07-07,2025-07-22,79.0,Paid
INV0009254,CUST01283,SUB01283,2025-08-07,2025-08-22,79.0,Paid
INV0009255,CUST01283,SUB01283,2025-09-07,2025-09-22,79.0,Paid
INV0009256,CUST01283,SUB01283,2025-10-07,2025-10-22,79.0,Paid
INV0009257,CUST01283,SUB01283,2025-11-07,2025-11-22,79.0,Paid
INV0009258,CUST01283,SUB01283,2025-12-07,2025-12-22,79.0,Paid
INV0009259,CUST01284,SUB01284,2024-05-04,2024-05-19,199.0,Paid
INV0009260,CUST01284,SUB01284,2024-06-04,2024-06-19,199.0,Paid
INV0009261,CUST01284,SUB01284,2024-07-04,2024-07-19,199.0,Pending
INV0009262,CUST01284,SUB01284,2024-08-04,2024-08-19,199.0,Paid
INV0009263,CUST01284,SUB01284,2024-09-04,2024-09-19,199.0,Paid
INV0009264,CUST01284,SUB01284,2024-10-04,2024-10-19,199.0,Paid
INV0009265,CUST01284,SUB01284,2024-11-04,2024-11-19,199.0,Paid
INV0009266,CUST01284,SUB01284,2024-12-04,2024-12-19,199.0,Paid
INV0009267,CUST01284,SUB01284,2025-01-04,2025-01-19,199.0,Paid
INV0009268,CUST01284,SUB01284,2025-02-04,2025-02-19,199.0,Paid
INV0009269,CUST01284,SUB01284,2025-03-04,2025-03-19,199.0,Paid
INV0009270,CUST01284,SUB01284,2025-04-04,2025-04-19,199.0,Paid
INV0009271,CUST01285,SUB01285,2025-02-14,2025-03-01,805.8,Paid
INV0009272,CUST01286,SUB01286,2024-03-23,2024-04-07,79.0,Overdue
INV0009273,CUST01286,SUB01286,2024-04-23,2024-05-08,79.0,Paid
INV0009274,CUST01286,SUB01286,2024-05-23,2024-06-07,79.0,Paid
INV0009275,CUST01286,SUB01286,2024-06-23,2024-07-08,79.0,Paid
INV0009276,CUST01286,SUB01286,2024-07-23,2024-08-07,79.0,Paid
INV0009277,CUST01286,SUB01286,2024-08-23,2024-09-07,79.0,Paid
INV0009278,CUST01286,SUB01286,2024-09-23,2024-10-08,79.0,Paid
INV0009279,CUST01286,SUB01286,2024-10-23,2024-11-07,79.0,Paid
INV0009280,CUST01286,SUB01286,2024-11-23,2024-12-08,79.0,Paid
INV0009281,CUST01286,SUB01286,2024-12-23,2025-01-07,79.0,Pending
INV0009282,CUST01286,SUB01286,2025-01-23,2025-02-07,79.0,Paid
INV0009283,CUST01286,SUB01286,2025-02-23,2025-03-10,79.0,Paid
INV0009284,CUST01286,SUB01286,2025-03-23,2025-04-07,79.0,Paid
INV0009285,CUST01286,SUB01286,2025-04-23,2025-05-08,79.0,Paid
INV0009286,CUST01286,SUB01286,2025-05-23,2025-06-07,79.0,Paid
INV0009287,CUST01286,SUB01286,2025-06-23,2025-07-08,79.0,Overdue
INV0009288,CUST01286,SUB01286,2025-07-23,2025-08-07,79.0,Paid
INV0009289,CUST01286,SUB01286,2025-08-23,2025-09-07,79.0,Paid
INV0009290,CUST01287,SUB01287,2024-06-29,2024-07-14,805.8,Paid
INV0009291,CUST01288,SUB01288,2025-12-13,2025-12-28,199.0,Paid
INV0009292,CUST01289,SUB01289,2025-05-13,2025-05-28,79.0,Paid
INV0009293,CUST01289,SUB01289,2025-06-13,2025-06-28,79.0,Paid
INV0009294,CUST01289,SUB01289,2025-07-13,2025-07-28,79.0,Paid
INV0009295,CUST01290,SUB01290,2024-05-23,2024-06-07,29.0,Paid
INV0009296,CUST01290,SUB01290,2024-06-23,2024-07-08,29.0,Overdue
INV0009297,CUST01290,SUB01290,2024-07-23,2024-08-07,29.0,Paid
INV0009298,CUST01290,SUB01290,2024-08-23,2024-09-07,29.0,Paid
INV0009299,CUST01290,SUB01290,2024-09-23,2024-10-08,79.0,Overdue
INV0009300,CUST01290,SUB01290,2024-10-23,2024-11-07,79.0,Paid
INV0009301,CUST01291,SUB01291,2025-05-15,2025-05-30,79.0,Paid
INV0009302,CUST01291,SUB01291,2025-06-15,2025-06-30,79.0,Paid
INV0009303,CUST01291,SUB01291,2025-07-15,2025-07-30,79.0,Paid
INV0009304,CUST01291,SUB01291,2025-08-15,2025-08-30,79.0,Paid
INV0009305,CUST01291,SUB01291,2025-09-15,2025-09-30,79.0,Paid
INV0009306,CUST01291,SUB01291,2025-10-15,2025-10-30,79.0,Paid
INV0009307,CUST01291,SUB01291,2025-11-15,2025-11-30,79.0,Paid
INV0009308,CUST01291,SUB01291,2025-12-15,2025-12-30,79.0,Paid
INV0009309,CUST01292,SUB01292,2025-05-26,2025-06-10,29.0,Paid
INV0009310,CUST01292,SUB01292,2025-06-26,2025-07-11,29.0,Paid
INV0009311,CUST01292,SUB01292,2025-07-26,2025-08-10,29.0,Paid
INV0009312,CUST01292,SUB01292,2025-08-26,2025-09-10,29.0,Paid
INV0009313,CUST01292,SUB01292,2025-09-26,2025-10-11,29.0,Paid
INV0009314,CUST01292,SUB01292,2025-10-26,2025-11-10,29.0,Paid
INV0009315,CUST01292,SUB01292,2025-11-26,2025-12-11,29.0,Paid
INV0009316,CUST01292,SUB01292,2025-12-26,2026-01-10,29.0,Paid
INV0009317,CUST01293,SUB01293,2024-02-07,2024-02-22,805.8,Overdue
INV0009318,CUST01293,SUB01293,2025-02-07,2025-02-22,805.8,Paid
INV0009319,CUST01294,SUB01294,2025-02-19,2025-03-06,805.8,Paid
INV0009320,CUST01295,SUB01295,2025-11-25,2025-12-10,805.8,Paid
INV0009321,CUST01296,SUB01296,2024-03-14,2024-03-29,79.0,Paid
INV0009322,CUST01296,SUB01296,2024-04-14,2024-04-29,79.0,Paid
INV0009323,CUST01296,SUB01296,2024-05-14,2024-05-29,79.0,Paid
INV0009324,CUST01296,SUB01296,2024-06-14,2024-06-29,199.0,Paid
INV0009325,CUST01296,SUB01296,2024-07-14,2024-07-29,199.0,Paid
INV0009326,CUST01296,SUB01296,2024-08-14,2024-08-29,199.0,Paid
INV0009327,CUST01296,SUB01296,2024-09-14,2024-09-29,199.0,Paid
INV0009328,CUST01296,SUB01296,2024-10-14,2024-10-29,199.0,Paid
INV0009329,CUST01296,SUB01296,2024-11-14,2024-11-29,199.0,Paid
INV0009330,CUST01296,SUB01296,2024-12-14,2024-12-29,199.0,Paid
INV0009331,CUST01296,SUB01296,2025-01-14,2025-01-29,199.0,Paid
INV0009332,CUST01296,SUB01296,2025-02-14,2025-03-01,199.0,Paid
INV0009333,CUST01297,SUB01297,2025-04-27,2025-05-12,805.8,Paid
INV0009334,CUST01298,SUB01298,2024-01-15,2024-01-30,295.8,Paid
INV0009335,CUST01299,SUB01299,2025-04-12,2025-04-27,199.0,Paid
INV0009336,CUST01299,SUB01299,2025-05-12,2025-05-27,199.0,Paid
INV0009337,CUST01299,SUB01299,2025-06-12,2025-06-27,199.0,Paid
INV0009338,CUST01300,SUB01300,2024-04-26,2024-05-11,79.0,Paid
INV0009339,CUST01300,SUB01300,2024-05-26,2024-06-10,79.0,Paid
INV0009340,CUST01300,SUB01300,2024-06-26,2024-07-11,79.0,Paid
INV0009341,CUST01300,SUB01300,2024-07-26,2024-08-10,79.0,Paid
INV0009342,CUST01300,SUB01300,2024-08-26,2024-09-10,79.0,Paid
INV0009343,CUST01300,SUB01300,2024-09-26,2024-10-11,79.0,Paid
INV0009344,CUST01300,SUB01300,2024-10-26,2024-11-10,79.0,Overdue
INV0009345,CUST01300,SUB01300,2024-11-26,2024-12-11,79.0,Paid
INV0009346,CUST01300,SUB01300,2024-12-26,2025-01-10,79.0,Paid
INV0009347,CUST01300,SUB01300,2025-01-26,2025-02-10,79.0,Paid
INV0009348,CUST01300,SUB01300,2025-02-26,2025-03-13,79.0,Paid
INV0009349,CUST01300,SUB01300,2025-03-26,2025-04-10,79.0,Paid
INV0009350,CUST01300,SUB01300,2025-04-26,2025-05-11,79.0,Paid
INV0009351,CUST01300,SUB01300,2025-05-26,2025-06-10,79.0,Paid
INV0009352,CUST01300,SUB01300,2025-06-26,2025-07-11,79.0,Paid
INV0009353,CUST01300,SUB01300,2025-07-26,2025-08-10,79.0,Paid
INV0009354,CUST01300,SUB01300,2025-08-26,2025-09-10,79.0,Paid
INV0009355,CUST01300,SUB01300,2025-09-26,2025-10-11,79.0,Paid
INV0009356,CUST01300,SUB01300,2025-10-26,2025-11-10,79.0,Paid
INV0009357,CUST01300,SUB01300,2025-11-26,2025-12-11,79.0,Paid
INV0009358,CUST01300,SUB01300,2025-12-26,2026-01-10,79.0,Paid
INV0009359,CUST01301,SUB01301,2024-07-26,2024-08-10,79.0,Paid
INV0009360,CUST01301,SUB01301,2024-08-26,2024-09-10,79.0,Paid
INV0009361,CUST01301,SUB01301,2024-09-26,2024-10-11,79.0,Paid
INV0009362,CUST01301,SUB01301,2024-10-26,2024-11-10,79.0,Paid
INV0009363,CUST01301,SUB01301,2024-11-26,2024-12-11,79.0,Paid
INV0009364,CUST01301,SUB01301,2024-12-26,2025-01-10,79.0,Paid
INV0009365,CUST01301,SUB01301,2025-01-26,2025-02-10,79.0,Paid
INV0009366,CUST01301,SUB01301,2025-02-26,2025-03-13,79.0,Paid
INV0009367,CUST01301,SUB01301,2025-03-26,2025-04-10,79.0,Paid
INV0009368,CUST01301,SUB01301,2025-04-26,2025-05-11,79.0,Paid
INV0009369,CUST01301,SUB01301,2025-05-26,2025-06-10,79.0,Paid
INV0009370,CUST01301,SUB01301,2025-06-26,2025-07-11,79.0,Paid
INV0009371,CUST01302,SUB01302,2024-11-28,2024-12-13,79.0,Paid
INV0009372,CUST01302,SUB01302,2024-12-28,2025-01-12,79.0,Paid
INV0009373,CUST01302,SUB01302,2025-01-28,2025-02-12,79.0,Paid
INV0009374,CUST01302,SUB01302,2025-02-28,2025-03-15,79.0,Paid
INV0009375,CUST01302,SUB01302,2025-03-28,2025-04-12,79.0,Paid
INV0009376,CUST01302,SUB01302,2025-04-28,2025-05-13,79.0,Paid
INV0009377,CUST01302,SUB01302,2025-05-28,2025-06-12,79.0,Paid
INV0009378,CUST01302,SUB01302,2025-06-28,2025-07-13,79.0,Overdue
INV0009379,CUST01302,SUB01302,2025-07-28,2025-08-12,79.0,Paid
INV0009380,CUST01302,SUB01302,2025-08-28,2025-09-12,79.0,Paid
INV0009381,CUST01302,SUB01302,2025-09-28,2025-10-13,79.0,Paid
INV0009382,CUST01302,SUB01302,2025-10-28,2025-11-12,79.0,Pending
INV0009383,CUST01302,SUB01302,2025-11-28,2025-12-13,79.0,Paid
INV0009384,CUST01302,SUB01302,2025-12-28,2026-01-12,79.0,Paid
INV0009385,CUST01303,SUB01303,2024-11-25,2024-12-10,79.0,Paid
INV0009386,CUST01303,SUB01303,2024-12-25,2025-01-09,79.0,Paid
INV0009387,CUST01303,SUB01303,2025-01-25,2025-02-09,79.0,Paid
INV0009388,CUST01303,SUB01303,2025-02-25,2025-03-12,79.0,Paid
INV0009389,CUST01303,SUB01303,2025-03-25,2025-04-09,79.0,Paid
INV0009390,CUST01303,SUB01303,2025-04-25,2025-05-10,79.0,Paid
INV0009391,CUST01303,SUB01303,2025-05-25,2025-06-09,79.0,Paid
INV0009392,CUST01303,SUB01303,2025-06-25,2025-07-10,79.0,Paid
INV0009393,CUST01303,SUB01303,2025-07-25,2025-08-09,79.0,Paid
INV0009394,CUST01303,SUB01303,2025-08-25,2025-09-09,79.0,Pending
INV0009395,CUST01303,SUB01303,2025-09-25,2025-10-10,79.0,Paid
INV0009396,CUST01303,SUB01303,2025-10-25,2025-11-09,79.0,Paid
INV0009397,CUST01303,SUB01303,2025-11-25,2025-12-10,79.0,Paid
INV0009398,CUST01303,SUB01303,2025-12-25,2026-01-09,79.0,Paid
INV0009399,CUST01304,SUB01304,2025-08-30,2025-09-14,805.8,Paid
INV0009400,CUST01305,SUB01305,2025-03-01,2025-03-16,29.0,Paid
INV0009401,CUST01305,SUB01305,2025-04-01,2025-04-16,29.0,Paid
INV0009402,CUST01305,SUB01305,2025-05-01,2025-05-16,29.0,Paid
INV0009403,CUST01305,SUB01305,2025-06-01,2025-06-16,29.0,Paid
INV0009404,CUST01305,SUB01305,2025-07-01,2025-07-16,29.0,Paid
INV0009405,CUST01305,SUB01305,2025-08-01,2025-08-16,29.0,Pending
INV0009406,CUST01305,SUB01305,2025-09-01,2025-09-16,29.0,Paid
INV0009407,CUST01305,SUB01305,2025-10-01,2025-10-16,29.0,Paid
INV0009408,CUST01305,SUB01305,2025-11-01,2025-11-16,29.0,Paid
INV0009409,CUST01305,SUB01305,2025-12-01,2025-12-16,29.0,Paid
INV0009410,CUST01306,SUB01306,2024-09-06,2024-09-21,79.0,Paid
INV0009411,CUST01306,SUB01306,2024-10-06,2024-10-21,79.0,Paid
INV0009412,CUST01306,SUB01306,2024-11-06,2024-11-21,79.0,Paid
INV0009413,CUST01306,SUB01306,2024-12-06,2024-12-21,79.0,Paid
INV0009414,CUST01306,SUB01306,2025-01-06,2025-01-21,79.0,Paid
INV0009415,CUST01306,SUB01306,2025-02-06,2025-02-21,79.0,Paid
INV0009416,CUST01306,SUB01306,2025-03-06,2025-03-21,79.0,Paid
INV0009417,CUST01306,SUB01306,2025-04-06,2025-04-21,79.0,Paid
INV0009418,CUST01306,SUB01306,2025-05-06,2025-05-21,79.0,Paid
INV0009419,CUST01306,SUB01306,2025-06-06,2025-06-21,79.0,Paid
INV0009420,CUST01306,SUB01306,2025-07-06,2025-07-21,79.0,Paid
INV0009421,CUST01306,SUB01306,2025-08-06,2025-08-21,79.0,Paid
INV0009422,CUST01307,SUB01307,2024-06-10,2024-06-25,79.0,Paid
INV0009423,CUST01307,SUB01307,2024-07-10,2024-07-25,79.0,Paid
INV0009424,CUST01307,SUB01307,2024-08-10,2024-08-25,79.0,Paid
INV0009425,CUST01308,SUB01308,2024-07-02,2024-07-17,29.0,Paid
INV0009426,CUST01308,SUB01308,2024-08-02,2024-08-17,29.0,Paid
INV0009427,CUST01308,SUB01308,2024-09-02,2024-09-17,29.0,Paid
INV0009428,CUST01308,SUB01308,2024-10-02,2024-10-17,29.0,Paid
INV0009429,CUST01308,SUB01308,2024-11-02,2024-11-17,29.0,Paid
INV0009430,CUST01308,SUB01308,2024-12-02,2024-12-17,29.0,Paid
INV0009431,CUST01308,SUB01308,2025-01-02,2025-01-17,29.0,Paid
INV0009432,CUST01308,SUB01308,2025-02-02,2025-02-17,29.0,Paid
INV0009433,CUST01308,SUB01308,2025-03-02,2025-03-17,29.0,Paid
INV0009434,CUST01308,SUB01308,2025-04-02,2025-04-17,29.0,Paid
INV0009435,CUST01308,SUB01308,2025-05-02,2025-05-17,29.0,Paid
INV0009436,CUST01308,SUB01308,2025-06-02,2025-06-17,29.0,Paid
INV0009437,CUST01309,SUB01309,2025-03-02,2025-03-17,29.0,Paid
INV0009438,CUST01309,SUB01309,2025-04-02,2025-04-17,29.0,Paid
INV0009439,CUST01309,SUB01309,2025-05-02,2025-05-17,29.0,Paid
INV0009440,CUST01309,SUB01309,2025-06-02,2025-06-17,29.0,Overdue
INV0009441,CUST01309,SUB01309,2025-07-02,2025-07-17,29.0,Paid
INV0009442,CUST01309,SUB01309,2025-08-02,2025-08-17,29.0,Paid
INV0009443,CUST01309,SUB01309,2025-09-02,2025-09-17,29.0,Paid
INV0009444,CUST01309,SUB01309,2025-10-02,2025-10-17,29.0,Paid
INV0009445,CUST01309,SUB01309,2025-11-02,2025-11-17,29.0,Paid
INV0009446,CUST01309,SUB01309,2025-12-02,2025-12-17,29.0,Paid
INV0009447,CUST01310,SUB01310,2024-07-30,2024-08-14,2029.8,Paid
INV0009448,CUST01310,SUB01310,2025-07-30,2025-08-14,2029.8,Paid
INV0009449,CUST01311,SUB01311,2024-09-01,2024-09-16,29.0,Paid
INV0009450,CUST01311,SUB01311,2024-10-01,2024-10-16,29.0,Paid
INV0009451,CUST01311,SUB01311,2024-11-01,2024-11-16,29.0,Overdue
INV0009452,CUST01311,SUB01311,2024-12-01,2024-12-16,29.0,Paid
INV0009453,CUST01311,SUB01311,2025-01-01,2025-01-16,29.0,Paid
INV0009454,CUST01311,SUB01311,2025-02-01,2025-02-16,29.0,Paid
INV0009455,CUST01311,SUB01311,2025-03-01,2025-03-16,29.0,Paid
INV0009456,CUST01311,SUB01311,2025-04-01,2025-04-16,29.0,Paid
INV0009457,CUST01311,SUB01311,2025-05-01,2025-05-16,29.0,Paid
INV0009458,CUST01311,SUB01311,2025-06-01,2025-06-16,29.0,Paid
INV0009459,CUST01311,SUB01311,2025-07-01,2025-07-16,29.0,Overdue
INV0009460,CUST01311,SUB01311,2025-08-01,2025-08-16,29.0,Paid
INV0009461,CUST01311,SUB01311,2025-09-01,2025-09-16,29.0,Paid
INV0009462,CUST01311,SUB01311,2025-10-01,2025-10-16,29.0,Paid
INV0009463,CUST01311,SUB01311,2025-11-01,2025-11-16,29.0,Paid
INV0009464,CUST01311,SUB01311,2025-12-01,2025-12-16,29.0,Paid
INV0009465,CUST01312,SUB01312,2025-05-26,2025-06-10,199.0,Paid
INV0009466,CUST01312,SUB01312,2025-06-26,2025-07-11,199.0,Paid
INV0009467,CUST01312,SUB01312,2025-07-26,2025-08-10,199.0,Paid
INV0009468,CUST01312,SUB01312,2025-08-26,2025-09-10,199.0,Paid
INV0009469,CUST01312,SUB01312,2025-09-26,2025-10-11,199.0,Paid
INV0009470,CUST01312,SUB01312,2025-10-26,2025-11-10,199.0,Paid
INV0009471,CUST01312,SUB01312,2025-11-26,2025-12-11,199.0,Paid
INV0009472,CUST01312,SUB01312,2025-12-26,2026-01-10,199.0,Paid
INV0009473,CUST01313,SUB01313,2024-12-22,2025-01-06,2029.8,Paid
INV0009474,CUST01313,SUB01313,2025-12-22,2026-01-06,2029.8,Paid
INV0009475,CUST01314,SUB01314,2025-06-26,2025-07-11,79.0,Paid
INV0009476,CUST01314,SUB01314,2025-07-26,2025-08-10,79.0,Paid
INV0009477,CUST01314,SUB01314,2025-08-26,2025-09-10,79.0,Paid
INV0009478,CUST01314,SUB01314,2025-09-26,2025-10-11,79.0,Overdue
INV0009479,CUST01314,SUB01314,2025-10-26,2025-11-10,79.0,Paid
INV0009480,CUST01314,SUB01314,2025-11-26,2025-12-11,79.0,Paid
INV0009481,CUST01315,SUB01315,2025-04-20,2025-05-05,29.0,Paid
INV0009482,CUST01315,SUB01315,2025-05-20,2025-06-04,29.0,Paid
INV0009483,CUST01315,SUB01315,2025-06-20,2025-07-05,29.0,Paid
INV0009484,CUST01315,SUB01315,2025-07-20,2025-08-04,29.0,Paid
INV0009485,CUST01315,SUB01315,2025-08-20,2025-09-04,29.0,Paid
INV0009486,CUST01315,SUB01315,2025-09-20,2025-10-05,29.0,Paid
INV0009487,CUST01315,SUB01315,2025-10-20,2025-11-04,29.0,Overdue
INV0009488,CUST01315,SUB01315,2025-11-20,2025-12-05,29.0,Paid
INV0009489,CUST01315,SUB01315,2025-12-20,2026-01-04,29.0,Paid
INV0009490,CUST01316,SUB01316,2024-07-17,2024-08-01,29.0,Paid
INV0009491,CUST01316,SUB01316,2024-08-17,2024-09-01,29.0,Paid
INV0009492,CUST01316,SUB01316,2024-09-17,2024-10-02,29.0,Paid
INV0009493,CUST01316,SUB01316,2024-10-17,2024-11-01,29.0,Paid
INV0009494,CUST01316,SUB01316,2024-11-17,2024-12-02,29.0,Paid
INV0009495,CUST01316,SUB01316,2024-12-17,2025-01-01,29.0,Paid
INV0009496,CUST01316,SUB01316,2025-01-17,2025-02-01,29.0,Paid
INV0009497,CUST01316,SUB01316,2025-02-17,2025-03-04,29.0,Paid
INV0009498,CUST01316,SUB01316,2025-03-17,2025-04-01,29.0,Paid
INV0009499,CUST01316,SUB01316,2025-04-17,2025-05-02,29.0,Paid
INV0009500,CUST01316,SUB01316,2025-05-17,2025-06-01,29.0,Paid
INV0009501,CUST01316,SUB01316,2025-06-17,2025-07-02,29.0,Paid
INV0009502,CUST01317,SUB01317,2025-05-24,2025-06-08,29.0,Paid
INV0009503,CUST01317,SUB01317,2025-06-24,2025-07-09,29.0,Paid
INV0009504,CUST01317,SUB01317,2025-07-24,2025-08-08,29.0,Paid
INV0009505,CUST01317,SUB01317,2025-08-24,2025-09-08,29.0,Paid
INV0009506,CUST01317,SUB01317,2025-09-24,2025-10-09,29.0,Overdue
INV0009507,CUST01317,SUB01317,2025-10-24,2025-11-08,29.0,Paid
INV0009508,CUST01317,SUB01317,2025-11-24,2025-12-09,29.0,Paid
INV0009509,CUST01317,SUB01317,2025-12-24,2026-01-08,29.0,Paid
INV0009510,CUST01318,SUB01318,2025-10-22,2025-11-06,199.0,Paid
INV0009511,CUST01318,SUB01318,2025-11-22,2025-12-07,199.0,Paid
INV0009512,CUST01318,SUB01318,2025-12-22,2026-01-06,199.0,Overdue
INV0009513,CUST01319,SUB01319,2025-09-23,2025-10-08,79.0,Overdue
INV0009514,CUST01319,SUB01319,2025-10-23,2025-11-07,79.0,Paid
INV0009515,CUST01319,SUB01319,2025-11-23,2025-12-08,79.0,Paid
INV0009516,CUST01320,SUB01320,2024-02-23,2024-03-09,29.0,Paid
INV0009517,CUST01320,SUB01320,2024-03-23,2024-04-07,29.0,Paid
INV0009518,CUST01320,SUB01320,2024-04-23,2024-05-08,29.0,Overdue
INV0009519,CUST01320,SUB01320,2024-05-23,2024-06-07,29.0,Overdue
INV0009520,CUST01320,SUB01320,2024-06-23,2024-07-08,29.0,Paid
INV0009521,CUST01320,SUB01320,2024-07-23,2024-08-07,29.0,Paid
INV0009522,CUST01320,SUB01320,2024-08-23,2024-09-07,29.0,Paid
INV0009523,CUST01320,SUB01320,2024-09-23,2024-10-08,29.0,Paid
INV0009524,CUST01320,SUB01320,2024-10-23,2024-11-07,29.0,Overdue
INV0009525,CUST01320,SUB01320,2024-11-23,2024-12-08,29.0,Paid
INV0009526,CUST01320,SUB01320,2024-12-23,2025-01-07,29.0,Paid
INV0009527,CUST01320,SUB01320,2025-01-23,2025-02-07,29.0,Paid
INV0009528,CUST01321,SUB01321,2025-05-11,2025-05-26,29.0,Paid
INV0009529,CUST01321,SUB01321,2025-06-11,2025-06-26,29.0,Paid
INV0009530,CUST01321,SUB01321,2025-07-11,2025-07-26,29.0,Paid
INV0009531,CUST01321,SUB01321,2025-08-11,2025-08-26,29.0,Paid
INV0009532,CUST01321,SUB01321,2025-09-11,2025-09-26,29.0,Paid
INV0009533,CUST01321,SUB01321,2025-10-11,2025-10-26,29.0,Paid
INV0009534,CUST01322,SUB01322,2025-08-29,2025-09-13,2029.8,Paid
INV0009535,CUST01323,SUB01323,2024-08-23,2024-09-07,79.0,Paid
INV0009536,CUST01323,SUB01323,2024-09-23,2024-10-08,79.0,Paid
INV0009537,CUST01323,SUB01323,2024-10-23,2024-11-07,79.0,Paid
INV0009538,CUST01323,SUB01323,2024-11-23,2024-12-08,79.0,Paid
INV0009539,CUST01323,SUB01323,2024-12-23,2025-01-07,79.0,Paid
INV0009540,CUST01323,SUB01323,2025-01-23,2025-02-07,79.0,Paid
INV0009541,CUST01323,SUB01323,2025-02-23,2025-03-10,79.0,Paid
INV0009542,CUST01323,SUB01323,2025-03-23,2025-04-07,79.0,Paid
INV0009543,CUST01323,SUB01323,2025-04-23,2025-05-08,79.0,Paid
INV0009544,CUST01323,SUB01323,2025-05-23,2025-06-07,79.0,Paid
INV0009545,CUST01323,SUB01323,2025-06-23,2025-07-08,79.0,Paid
INV0009546,CUST01323,SUB01323,2025-07-23,2025-08-07,79.0,Paid
INV0009547,CUST01323,SUB01323,2025-08-23,2025-09-07,79.0,Overdue
INV0009548,CUST01323,SUB01323,2025-09-23,2025-10-08,79.0,Paid
INV0009549,CUST01323,SUB01323,2025-10-23,2025-11-07,79.0,Paid
INV0009550,CUST01323,SUB01323,2025-11-23,2025-12-08,79.0,Paid
INV0009551,CUST01323,SUB01323,2025-12-23,2026-01-07,79.0,Paid
INV0009552,CUST01324,SUB01324,2025-02-26,2025-03-13,29.0,Paid
INV0009553,CUST01324,SUB01324,2025-03-26,2025-04-10,29.0,Paid
INV0009554,CUST01324,SUB01324,2025-04-26,2025-05-11,29.0,Paid
INV0009555,CUST01324,SUB01324,2025-05-26,2025-06-10,29.0,Paid
INV0009556,CUST01324,SUB01324,2025-06-26,2025-07-11,29.0,Paid
INV0009557,CUST01324,SUB01324,2025-07-26,2025-08-10,29.0,Paid
INV0009558,CUST01324,SUB01324,2025-08-26,2025-09-10,29.0,Paid
INV0009559,CUST01324,SUB01324,2025-09-26,2025-10-11,29.0,Paid
INV0009560,CUST01324,SUB01324,2025-10-26,2025-11-10,29.0,Paid
INV0009561,CUST01324,SUB01324,2025-11-26,2025-12-11,29.0,Paid
INV0009562,CUST01324,SUB01324,2025-12-26,2026-01-10,29.0,Paid
INV0009563,CUST01325,SUB01325,2025-04-27,2025-05-12,199.0,Paid
INV0009564,CUST01325,SUB01325,2025-05-27,2025-06-11,199.0,Paid
INV0009565,CUST01325,SUB01325,2025-06-27,2025-07-12,199.0,Pending
INV0009566,CUST01325,SUB01325,2025-07-27,2025-08-11,199.0,Paid
INV0009567,CUST01325,SUB01325,2025-08-27,2025-09-11,199.0,Overdue
INV0009568,CUST01325,SUB01325,2025-09-27,2025-10-12,199.0,Paid
INV0009569,CUST01325,SUB01325,2025-10-27,2025-11-11,199.0,Paid
INV0009570,CUST01325,SUB01325,2025-11-27,2025-12-12,199.0,Paid
INV0009571,CUST01325,SUB01325,2025-12-27,2026-01-11,199.0,Paid
INV0009572,CUST01326,SUB01326,2024-08-09,2024-08-24,199.0,Paid
INV0009573,CUST01326,SUB01326,2024-09-09,2024-09-24,199.0,Paid
INV0009574,CUST01326,SUB01326,2024-10-09,2024-10-24,199.0,Paid
INV0009575,CUST01326,SUB01326,2024-11-09,2024-11-24,199.0,Overdue
INV0009576,CUST01326,SUB01326,2024-12-09,2024-12-24,199.0,Paid
INV0009577,CUST01326,SUB01326,2025-01-09,2025-01-24,199.0,Pending
INV0009578,CUST01326,SUB01326,2025-02-09,2025-02-24,199.0,Paid
INV0009579,CUST01326,SUB01326,2025-03-09,2025-03-24,199.0,Paid
INV0009580,CUST01326,SUB01326,2025-04-09,2025-04-24,199.0,Paid
INV0009581,CUST01326,SUB01326,2025-05-09,2025-05-24,199.0,Paid
INV0009582,CUST01326,SUB01326,2025-06-09,2025-06-24,199.0,Paid
INV0009583,CUST01326,SUB01326,2025-07-09,2025-07-24,199.0,Paid
INV0009584,CUST01327,SUB01327,2024-05-19,2024-06-03,79.0,Overdue
INV0009585,CUST01327,SUB01327,2024-06-19,2024-07-04,79.0,Paid
INV0009586,CUST01327,SUB01327,2024-07-19,2024-08-03,79.0,Paid
INV0009587,CUST01327,SUB01327,2024-08-19,2024-09-03,79.0,Paid
INV0009588,CUST01327,SUB01327,2024-09-19,2024-10-04,79.0,Paid
INV0009589,CUST01327,SUB01327,2024-10-19,2024-11-03,79.0,Paid
INV0009590,CUST01327,SUB01327,2024-11-19,2024-12-04,79.0,Paid
INV0009591,CUST01327,SUB01327,2024-12-19,2025-01-03,79.0,Paid
INV0009592,CUST01327,SUB01327,2025-01-19,2025-02-03,79.0,Paid
INV0009593,CUST01327,SUB01327,2025-02-19,2025-03-06,79.0,Paid
INV0009594,CUST01327,SUB01327,2025-03-19,2025-04-03,79.0,Paid
INV0009595,CUST01327,SUB01327,2025-04-19,2025-05-04,79.0,Paid
INV0009596,CUST01327,SUB01327,2025-05-19,2025-06-03,79.0,Paid
INV0009597,CUST01327,SUB01327,2025-06-19,2025-07-04,79.0,Paid
INV0009598,CUST01327,SUB01327,2025-07-19,2025-08-03,79.0,Paid
INV0009599,CUST01327,SUB01327,2025-08-19,2025-09-03,79.0,Paid
INV0009600,CUST01327,SUB01327,2025-09-19,2025-10-04,79.0,Paid
INV0009601,CUST01327,SUB01327,2025-10-19,2025-11-03,79.0,Paid
INV0009602,CUST01327,SUB01327,2025-11-19,2025-12-04,79.0,Paid
INV0009603,CUST01327,SUB01327,2025-12-19,2026-01-03,79.0,Paid
INV0009604,CUST01328,SUB01328,2024-07-26,2024-08-10,29.0,Paid
INV0009605,CUST01328,SUB01328,2024-08-26,2024-09-10,29.0,Paid
INV0009606,CUST01328,SUB01328,2024-09-26,2024-10-11,79.0,Paid
INV0009607,CUST01328,SUB01328,2024-10-26,2024-11-10,79.0,Paid
INV0009608,CUST01328,SUB01328,2024-11-26,2024-12-11,79.0,Paid
INV0009609,CUST01328,SUB01328,2024-12-26,2025-01-10,79.0,Paid
INV0009610,CUST01329,SUB01329,2024-10-14,2024-10-29,79.0,Paid
INV0009611,CUST01329,SUB01329,2024-11-14,2024-11-29,79.0,Paid
INV0009612,CUST01329,SUB01329,2024-12-14,2024-12-29,79.0,Paid
INV0009613,CUST01329,SUB01329,2025-01-14,2025-01-29,79.0,Paid
INV0009614,CUST01329,SUB01329,2025-02-14,2025-03-01,79.0,Paid
INV0009615,CUST01329,SUB01329,2025-03-14,2025-03-29,79.0,Overdue
INV0009616,CUST01329,SUB01329,2025-04-14,2025-04-29,79.0,Paid
INV0009617,CUST01329,SUB01329,2025-05-14,2025-05-29,79.0,Paid
INV0009618,CUST01329,SUB01329,2025-06-14,2025-06-29,79.0,Paid
INV0009619,CUST01329,SUB01329,2025-07-14,2025-07-29,79.0,Paid
INV0009620,CUST01329,SUB01329,2025-08-14,2025-08-29,79.0,Paid
INV0009621,CUST01329,SUB01329,2025-09-14,2025-09-29,79.0,Paid
INV0009622,CUST01330,SUB01330,2024-06-24,2024-07-09,29.0,Paid
INV0009623,CUST01330,SUB01330,2024-07-24,2024-08-08,29.0,Paid
INV0009624,CUST01330,SUB01330,2024-08-24,2024-09-08,29.0,Overdue
INV0009625,CUST01330,SUB01330,2024-09-24,2024-10-09,29.0,Paid
INV0009626,CUST01330,SUB01330,2024-10-24,2024-11-08,29.0,Paid
INV0009627,CUST01330,SUB01330,2024-11-24,2024-12-09,29.0,Paid
INV0009628,CUST01330,SUB01330,2024-12-24,2025-01-08,29.0,Paid
INV0009629,CUST01330,SUB01330,2025-01-24,2025-02-08,29.0,Paid
INV0009630,CUST01330,SUB01330,2025-02-24,2025-03-11,29.0,Paid
INV0009631,CUST01330,SUB01330,2025-03-24,2025-04-08,29.0,Overdue
INV0009632,CUST01330,SUB01330,2025-04-24,2025-05-09,29.0,Pending
INV0009633,CUST01330,SUB01330,2025-05-24,2025-06-08,29.0,Paid
INV0009634,CUST01330,SUB01330,2025-06-24,2025-07-09,29.0,Paid
INV0009635,CUST01330,SUB01330,2025-07-24,2025-08-08,29.0,Paid
INV0009636,CUST01330,SUB01330,2025-08-24,2025-09-08,29.0,Paid
INV0009637,CUST01330,SUB01330,2025-09-24,2025-10-09,29.0,Paid
INV0009638,CUST01330,SUB01330,2025-10-24,2025-11-08,29.0,Overdue
INV0009639,CUST01330,SUB01330,2025-11-24,2025-12-09,29.0,Paid
INV0009640,CUST01331,SUB01331,2025-10-15,2025-10-30,199.0,Paid
INV0009641,CUST01331,SUB01331,2025-11-15,2025-11-30,199.0,Paid
INV0009642,CUST01331,SUB01331,2025-12-15,2025-12-30,199.0,Paid
INV0009643,CUST01332,SUB01332,2024-03-29,2024-04-13,199.0,Paid
INV0009644,CUST01332,SUB01332,2024-04-29,2024-05-14,199.0,Paid
INV0009645,CUST01332,SUB01332,2024-05-29,2024-06-13,199.0,Paid
INV0009646,CUST01332,SUB01332,2024-06-29,2024-07-14,199.0,Paid
INV0009647,CUST01332,SUB01332,2024-07-29,2024-08-13,199.0,Paid
INV0009648,CUST01332,SUB01332,2024-08-29,2024-09-13,199.0,Paid
INV0009649,CUST01332,SUB01332,2024-09-29,2024-10-14,199.0,Paid
INV0009650,CUST01332,SUB01332,2024-10-29,2024-11-13,199.0,Paid
INV0009651,CUST01332,SUB01332,2024-11-29,2024-12-14,199.0,Paid
INV0009652,CUST01332,SUB01332,2024-12-29,2025-01-13,199.0,Paid
INV0009653,CUST01332,SUB01332,2025-01-29,2025-02-13,199.0,Pending
INV0009654,CUST01332,SUB01332,2025-02-28,2025-03-15,199.0,Paid
INV0009655,CUST01332,SUB01332,2025-03-28,2025-04-12,199.0,Paid
INV0009656,CUST01332,SUB01332,2025-04-28,2025-05-13,199.0,Paid
INV0009657,CUST01332,SUB01332,2025-05-28,2025-06-12,199.0,Paid
INV0009658,CUST01332,SUB01332,2025-06-28,2025-07-13,199.0,Paid
INV0009659,CUST01332,SUB01332,2025-07-28,2025-08-12,199.0,Paid
INV0009660,CUST01332,SUB01332,2025-08-28,2025-09-12,199.0,Paid
INV0009661,CUST01332,SUB01332,2025-09-28,2025-10-13,199.0,Paid
INV0009662,CUST01332,SUB01332,2025-10-28,2025-11-12,199.0,Paid
INV0009663,CUST01332,SUB01332,2025-11-28,2025-12-13,199.0,Paid
INV0009664,CUST01332,SUB01332,2025-12-28,2026-01-12,199.0,Paid
INV0009665,CUST01333,SUB01333,2025-08-28,2025-09-12,29.0,Paid
INV0009666,CUST01333,SUB01333,2025-09-28,2025-10-13,29.0,Paid
INV0009667,CUST01333,SUB01333,2025-10-28,2025-11-12,29.0,Paid
INV0009668,CUST01333,SUB01333,2025-11-28,2025-12-13,29.0,Paid
INV0009669,CUST01333,SUB01333,2025-12-28,2026-01-12,29.0,Paid
INV0009670,CUST01334,SUB01334,2024-09-09,2024-09-24,79.0,Paid
INV0009671,CUST01334,SUB01334,2024-10-09,2024-10-24,79.0,Paid
INV0009672,CUST01334,SUB01334,2024-11-09,2024-11-24,79.0,Paid
INV0009673,CUST01334,SUB01334,2024-12-09,2024-12-24,79.0,Paid
INV0009674,CUST01334,SUB01334,2025-01-09,2025-01-24,79.0,Paid
INV0009675,CUST01334,SUB01334,2025-02-09,2025-02-24,79.0,Paid
INV0009676,CUST01334,SUB01334,2025-03-09,2025-03-24,79.0,Paid
INV0009677,CUST01334,SUB01334,2025-04-09,2025-04-24,79.0,Paid
INV0009678,CUST01334,SUB01334,2025-05-09,2025-05-24,79.0,Overdue
INV0009679,CUST01334,SUB01334,2025-06-09,2025-06-24,79.0,Paid
INV0009680,CUST01334,SUB01334,2025-07-09,2025-07-24,79.0,Paid
INV0009681,CUST01334,SUB01334,2025-08-09,2025-08-24,79.0,Paid
INV0009682,CUST01334,SUB01334,2025-09-09,2025-09-24,79.0,Paid
INV0009683,CUST01334,SUB01334,2025-10-09,2025-10-24,79.0,Paid
INV0009684,CUST01334,SUB01334,2025-11-09,2025-11-24,79.0,Paid
INV0009685,CUST01334,SUB01334,2025-12-09,2025-12-24,79.0,Paid
INV0009686,CUST01335,SUB01335,2025-08-10,2025-08-25,79.0,Paid
INV0009687,CUST01335,SUB01335,2025-09-10,2025-09-25,79.0,Paid
INV0009688,CUST01335,SUB01335,2025-10-10,2025-10-25,79.0,Paid
INV0009689,CUST01336,SUB01336,2025-04-26,2025-05-11,805.8,Paid
INV0009690,CUST01337,SUB01337,2025-05-05,2025-05-20,29.0,Paid
INV0009691,CUST01337,SUB01337,2025-06-05,2025-06-20,29.0,Paid
INV0009692,CUST01337,SUB01337,2025-07-05,2025-07-20,29.0,Paid
INV0009693,CUST01337,SUB01337,2025-08-05,2025-08-20,29.0,Paid
INV0009694,CUST01337,SUB01337,2025-09-05,2025-09-20,29.0,Paid
INV0009695,CUST01337,SUB01337,2025-10-05,2025-10-20,29.0,Paid
INV0009696,CUST01337,SUB01337,2025-11-05,2025-11-20,29.0,Paid
INV0009697,CUST01337,SUB01337,2025-12-05,2025-12-20,29.0,Pending
INV0009698,CUST01338,SUB01338,2025-05-22,2025-06-06,29.0,Paid
INV0009699,CUST01338,SUB01338,2025-06-22,2025-07-07,29.0,Paid
INV0009700,CUST01338,SUB01338,2025-07-22,2025-08-06,29.0,Paid
INV0009701,CUST01338,SUB01338,2025-08-22,2025-09-06,29.0,Paid
INV0009702,CUST01338,SUB01338,2025-09-22,2025-10-07,29.0,Paid
INV0009703,CUST01338,SUB01338,2025-10-22,2025-11-06,29.0,Paid
INV0009704,CUST01338,SUB01338,2025-11-22,2025-12-07,29.0,Paid
INV0009705,CUST01338,SUB01338,2025-12-22,2026-01-06,29.0,Paid
INV0009706,CUST01339,SUB01339,2024-08-11,2024-08-26,79.0,Paid
INV0009707,CUST01339,SUB01339,2024-09-11,2024-09-26,79.0,Paid
INV0009708,CUST01339,SUB01339,2024-10-11,2024-10-26,79.0,Paid
INV0009709,CUST01339,SUB01339,2024-11-11,2024-11-26,79.0,Paid
INV0009710,CUST01339,SUB01339,2024-12-11,2024-12-26,79.0,Paid
INV0009711,CUST01339,SUB01339,2025-01-11,2025-01-26,79.0,Paid
INV0009712,CUST01339,SUB01339,2025-02-11,2025-02-26,79.0,Paid
INV0009713,CUST01339,SUB01339,2025-03-11,2025-03-26,79.0,Paid
INV0009714,CUST01339,SUB01339,2025-04-11,2025-04-26,79.0,Paid
INV0009715,CUST01339,SUB01339,2025-05-11,2025-05-26,79.0,Paid
INV0009716,CUST01339,SUB01339,2025-06-11,2025-06-26,79.0,Paid
INV0009717,CUST01339,SUB01339,2025-07-11,2025-07-26,79.0,Paid
INV0009718,CUST01339,SUB01339,2025-08-11,2025-08-26,79.0,Paid
INV0009719,CUST01339,SUB01339,2025-09-11,2025-09-26,79.0,Paid
INV0009720,CUST01339,SUB01339,2025-10-11,2025-10-26,79.0,Overdue
INV0009721,CUST01339,SUB01339,2025-11-11,2025-11-26,79.0,Paid
INV0009722,CUST01339,SUB01339,2025-12-11,2025-12-26,79.0,Pending
INV0009723,CUST01340,SUB01340,2024-01-17,2024-02-01,29.0,Paid
INV0009724,CUST01340,SUB01340,2024-02-17,2024-03-03,29.0,Paid
INV0009725,CUST01340,SUB01340,2024-03-17,2024-04-01,29.0,Overdue
INV0009726,CUST01340,SUB01340,2024-04-17,2024-05-02,29.0,Paid
INV0009727,CUST01340,SUB01340,2024-05-17,2024-06-01,29.0,Paid
INV0009728,CUST01340,SUB01340,2024-06-17,2024-07-02,29.0,Overdue
INV0009729,CUST01340,SUB01340,2024-07-17,2024-08-01,29.0,Paid
INV0009730,CUST01340,SUB01340,2024-08-17,2024-09-01,29.0,Paid
INV0009731,CUST01340,SUB01340,2024-09-17,2024-10-02,29.0,Paid
INV0009732,CUST01340,SUB01340,2024-10-17,2024-11-01,29.0,Paid
INV0009733,CUST01340,SUB01340,2024-11-17,2024-12-02,29.0,Paid
INV0009734,CUST01340,SUB01340,2024-12-17,2025-01-01,29.0,Paid
INV0009735,CUST01340,SUB01340,2025-01-17,2025-02-01,29.0,Paid
INV0009736,CUST01340,SUB01340,2025-02-17,2025-03-04,29.0,Paid
INV0009737,CUST01340,SUB01340,2025-03-17,2025-04-01,29.0,Paid
INV0009738,CUST01340,SUB01340,2025-04-17,2025-05-02,29.0,Paid
INV0009739,CUST01340,SUB01340,2025-05-17,2025-06-01,29.0,Paid
INV0009740,CUST01340,SUB01340,2025-06-17,2025-07-02,29.0,Paid
INV0009741,CUST01341,SUB01341,2025-08-07,2025-08-22,29.0,Paid
INV0009742,CUST01341,SUB01341,2025-09-07,2025-09-22,29.0,Paid
INV0009743,CUST01341,SUB01341,2025-10-07,2025-10-22,29.0,Paid
INV0009744,CUST01341,SUB01341,2025-11-07,2025-11-22,29.0,Paid
INV0009745,CUST01341,SUB01341,2025-12-07,2025-12-22,29.0,Paid
INV0009746,CUST01342,SUB01342,2024-05-21,2024-06-05,79.0,Paid
INV0009747,CUST01342,SUB01342,2024-06-21,2024-07-06,79.0,Paid
INV0009748,CUST01342,SUB01342,2024-07-21,2024-08-05,79.0,Paid
INV0009749,CUST01342,SUB01342,2024-08-21,2024-09-05,79.0,Paid
INV0009750,CUST01342,SUB01342,2024-09-21,2024-10-06,79.0,Paid
INV0009751,CUST01342,SUB01342,2024-10-21,2024-11-05,79.0,Paid
INV0009752,CUST01342,SUB01342,2024-11-21,2024-12-06,79.0,Paid
INV0009753,CUST01342,SUB01342,2024-12-21,2025-01-05,79.0,Pending
INV0009754,CUST01342,SUB01342,2025-01-21,2025-02-05,79.0,Paid
INV0009755,CUST01342,SUB01342,2025-02-21,2025-03-08,79.0,Paid
INV0009756,CUST01342,SUB01342,2025-03-21,2025-04-05,79.0,Paid
INV0009757,CUST01342,SUB01342,2025-04-21,2025-05-06,79.0,Overdue
INV0009758,CUST01343,SUB01343,2025-10-03,2025-10-18,295.8,Paid
INV0009759,CUST01344,SUB01344,2025-01-29,2025-02-13,29.0,Paid
INV0009760,CUST01344,SUB01344,2025-02-28,2025-03-15,29.0,Paid
INV0009761,CUST01344,SUB01344,2025-03-28,2025-04-12,29.0,Paid
INV0009762,CUST01344,SUB01344,2025-04-28,2025-05-13,29.0,Paid
INV0009763,CUST01344,SUB01344,2025-05-28,2025-06-12,29.0,Paid
INV0009764,CUST01344,SUB01344,2025-06-28,2025-07-13,29.0,Paid
INV0009765,CUST01344,SUB01344,2025-07-28,2025-08-12,29.0,Paid
INV0009766,CUST01344,SUB01344,2025-08-28,2025-09-12,29.0,Overdue
INV0009767,CUST01344,SUB01344,2025-09-28,2025-10-13,29.0,Paid
INV0009768,CUST01344,SUB01344,2025-10-28,2025-11-12,29.0,Overdue
INV0009769,CUST01344,SUB01344,2025-11-28,2025-12-13,29.0,Paid
INV0009770,CUST01344,SUB01344,2025-12-28,2026-01-12,29.0,Paid
INV0009771,CUST01345,SUB01345,2025-03-12,2025-03-27,29.0,Paid
INV0009772,CUST01345,SUB01345,2025-04-12,2025-04-27,29.0,Paid
INV0009773,CUST01345,SUB01345,2025-05-12,2025-05-27,29.0,Paid
INV0009774,CUST01345,SUB01345,2025-06-12,2025-06-27,29.0,Paid
INV0009775,CUST01345,SUB01345,2025-07-12,2025-07-27,29.0,Paid
INV0009776,CUST01345,SUB01345,2025-08-12,2025-08-27,29.0,Paid
INV0009777,CUST01345,SUB01345,2025-09-12,2025-09-27,29.0,Paid
INV0009778,CUST01345,SUB01345,2025-10-12,2025-10-27,29.0,Paid
INV0009779,CUST01345,SUB01345,2025-11-12,2025-11-27,29.0,Paid
INV0009780,CUST01345,SUB01345,2025-12-12,2025-12-27,29.0,Paid
INV0009781,CUST01346,SUB01346,2025-12-02,2025-12-17,199.0,Paid
INV0009782,CUST01347,SUB01347,2025-06-11,2025-06-26,79.0,Paid
INV0009783,CUST01347,SUB01347,2025-07-11,2025-07-26,79.0,Paid
INV0009784,CUST01347,SUB01347,2025-08-11,2025-08-26,79.0,Overdue
INV0009785,CUST01347,SUB01347,2025-09-11,2025-09-26,79.0,Paid
INV0009786,CUST01347,SUB01347,2025-10-11,2025-10-26,79.0,Paid
INV0009787,CUST01347,SUB01347,2025-11-11,2025-11-26,79.0,Paid
INV0009788,CUST01347,SUB01347,2025-12-11,2025-12-26,79.0,Paid
INV0009789,CUST01348,SUB01348,2024-04-23,2024-05-08,199.0,Paid
INV0009790,CUST01348,SUB01348,2024-05-23,2024-06-07,199.0,Paid
INV0009791,CUST01348,SUB01348,2024-06-23,2024-07-08,199.0,Paid
INV0009792,CUST01348,SUB01348,2024-07-23,2024-08-07,199.0,Paid
INV0009793,CUST01348,SUB01348,2024-08-23,2024-09-07,199.0,Paid
INV0009794,CUST01348,SUB01348,2024-09-23,2024-10-08,199.0,Paid
INV0009795,CUST01348,SUB01348,2024-10-23,2024-11-07,199.0,Paid
INV0009796,CUST01348,SUB01348,2024-11-23,2024-12-08,199.0,Paid
INV0009797,CUST01348,SUB01348,2024-12-23,2025-01-07,199.0,Paid
INV0009798,CUST01348,SUB01348,2025-01-23,2025-02-07,199.0,Paid
INV0009799,CUST01348,SUB01348,2025-02-23,2025-03-10,199.0,Overdue
INV0009800,CUST01348,SUB01348,2025-03-23,2025-04-07,199.0,Paid
INV0009801,CUST01348,SUB01348,2025-04-23,2025-05-08,199.0,Overdue
INV0009802,CUST01348,SUB01348,2025-05-23,2025-06-07,199.0,Paid
INV0009803,CUST01348,SUB01348,2025-06-23,2025-07-08,199.0,Paid
INV0009804,CUST01348,SUB01348,2025-07-23,2025-08-07,199.0,Paid
INV0009805,CUST01348,SUB01348,2025-08-23,2025-09-07,199.0,Overdue
INV0009806,CUST01348,SUB01348,2025-09-23,2025-10-08,199.0,Paid
INV0009807,CUST01348,SUB01348,2025-10-23,2025-11-07,199.0,Paid
INV0009808,CUST01348,SUB01348,2025-11-23,2025-12-08,199.0,Paid
INV0009809,CUST01348,SUB01348,2025-12-23,2026-01-07,199.0,Paid
INV0009810,CUST01349,SUB01349,2025-01-10,2025-01-25,79.0,Paid
INV0009811,CUST01349,SUB01349,2025-02-10,2025-02-25,79.0,Paid
INV0009812,CUST01349,SUB01349,2025-03-10,2025-03-25,79.0,Paid
INV0009813,CUST01349,SUB01349,2025-04-10,2025-04-25,79.0,Paid
INV0009814,CUST01349,SUB01349,2025-05-10,2025-05-25,79.0,Paid
INV0009815,CUST01349,SUB01349,2025-06-10,2025-06-25,79.0,Paid
INV0009816,CUST01349,SUB01349,2025-07-10,2025-07-25,79.0,Paid
INV0009817,CUST01349,SUB01349,2025-08-10,2025-08-25,79.0,Paid
INV0009818,CUST01349,SUB01349,2025-09-10,2025-09-25,79.0,Paid
INV0009819,CUST01349,SUB01349,2025-10-10,2025-10-25,79.0,Paid
INV0009820,CUST01349,SUB01349,2025-11-10,2025-11-25,79.0,Paid
INV0009821,CUST01349,SUB01349,2025-12-10,2025-12-25,79.0,Paid
INV0009822,CUST01350,SUB01350,2024-05-21,2024-06-05,199.0,Pending
INV0009823,CUST01350,SUB01350,2024-06-21,2024-07-06,199.0,Overdue
INV0009824,CUST01350,SUB01350,2024-07-21,2024-08-05,199.0,Paid
INV0009825,CUST01350,SUB01350,2024-08-21,2024-09-05,199.0,Paid
INV0009826,CUST01350,SUB01350,2024-09-21,2024-10-06,199.0,Paid
INV0009827,CUST01350,SUB01350,2024-10-21,2024-11-05,199.0,Paid
INV0009828,CUST01350,SUB01350,2024-11-21,2024-12-06,199.0,Pending
INV0009829,CUST01350,SUB01350,2024-12-21,2025-01-05,199.0,Paid
INV0009830,CUST01350,SUB01350,2025-01-21,2025-02-05,199.0,Paid
INV0009831,CUST01350,SUB01350,2025-02-21,2025-03-08,199.0,Overdue
INV0009832,CUST01350,SUB01350,2025-03-21,2025-04-05,199.0,Paid
INV0009833,CUST01350,SUB01350,2025-04-21,2025-05-06,199.0,Paid
INV0009834,CUST01351,SUB01351,2025-08-17,2025-09-01,79.0,Paid
INV0009835,CUST01351,SUB01351,2025-09-17,2025-10-02,79.0,Paid
INV0009836,CUST01351,SUB01351,2025-10-17,2025-11-01,79.0,Paid
INV0009837,CUST01351,SUB01351,2025-11-17,2025-12-02,79.0,Paid
INV0009838,CUST01351,SUB01351,2025-12-17,2026-01-01,79.0,Paid
INV0009839,CUST01352,SUB01352,2024-11-24,2024-12-09,79.0,Paid
INV0009840,CUST01352,SUB01352,2024-12-24,2025-01-08,79.0,Paid
INV0009841,CUST01352,SUB01352,2025-01-24,2025-02-08,79.0,Overdue
INV0009842,CUST01352,SUB01352,2025-02-24,2025-03-11,79.0,Paid
INV0009843,CUST01352,SUB01352,2025-03-24,2025-04-08,79.0,Paid
INV0009844,CUST01352,SUB01352,2025-04-24,2025-05-09,79.0,Paid
INV0009845,CUST01352,SUB01352,2025-05-24,2025-06-08,79.0,Pending
INV0009846,CUST01352,SUB01352,2025-06-24,2025-07-09,79.0,Paid
INV0009847,CUST01352,SUB01352,2025-07-24,2025-08-08,79.0,Paid
INV0009848,CUST01352,SUB01352,2025-08-24,2025-09-08,79.0,Paid
INV0009849,CUST01352,SUB01352,2025-09-24,2025-10-09,79.0,Paid
INV0009850,CUST01352,SUB01352,2025-10-24,2025-11-08,79.0,Paid
INV0009851,CUST01352,SUB01352,2025-11-24,2025-12-09,79.0,Overdue
INV0009852,CUST01352,SUB01352,2025-12-24,2026-01-08,79.0,Paid
INV0009853,CUST01353,SUB01353,2024-10-10,2024-10-25,79.0,Paid
INV0009854,CUST01353,SUB01353,2024-11-10,2024-11-25,79.0,Paid
INV0009855,CUST01353,SUB01353,2024-12-10,2024-12-25,79.0,Paid
INV0009856,CUST01353,SUB01353,2025-01-10,2025-01-25,79.0,Paid
INV0009857,CUST01353,SUB01353,2025-02-10,2025-02-25,79.0,Paid
INV0009858,CUST01353,SUB01353,2025-03-10,2025-03-25,79.0,Paid
INV0009859,CUST01353,SUB01353,2025-04-10,2025-04-25,79.0,Overdue
INV0009860,CUST01353,SUB01353,2025-05-10,2025-05-25,79.0,Paid
INV0009861,CUST01353,SUB01353,2025-06-10,2025-06-25,79.0,Paid
INV0009862,CUST01353,SUB01353,2025-07-10,2025-07-25,79.0,Paid
INV0009863,CUST01353,SUB01353,2025-08-10,2025-08-25,79.0,Paid
INV0009864,CUST01353,SUB01353,2025-09-10,2025-09-25,79.0,Paid
INV0009865,CUST01353,SUB01353,2025-10-10,2025-10-25,79.0,Paid
INV0009866,CUST01353,SUB01353,2025-11-10,2025-11-25,79.0,Paid
INV0009867,CUST01353,SUB01353,2025-12-10,2025-12-25,79.0,Paid
INV0009868,CUST01354,SUB01354,2025-05-28,2025-06-12,295.8,Paid
INV0009869,CUST01355,SUB01355,2025-04-07,2025-04-22,29.0,Paid
INV0009870,CUST01355,SUB01355,2025-05-07,2025-05-22,29.0,Paid
INV0009871,CUST01355,SUB01355,2025-06-07,2025-06-22,29.0,Paid
INV0009872,CUST01355,SUB01355,2025-07-07,2025-07-22,29.0,Paid
INV0009873,CUST01355,SUB01355,2025-08-07,2025-08-22,29.0,Paid
INV0009874,CUST01355,SUB01355,2025-09-07,2025-09-22,29.0,Paid
INV0009875,CUST01355,SUB01355,2025-10-07,2025-10-22,29.0,Paid
INV0009876,CUST01355,SUB01355,2025-11-07,2025-11-22,29.0,Paid
INV0009877,CUST01355,SUB01355,2025-12-07,2025-12-22,29.0,Paid
INV0009878,CUST01356,SUB01356,2024-07-11,2024-07-26,79.0,Paid
INV0009879,CUST01356,SUB01356,2024-08-11,2024-08-26,79.0,Paid
INV0009880,CUST01356,SUB01356,2024-09-11,2024-09-26,79.0,Pending
INV0009881,CUST01356,SUB01356,2024-10-11,2024-10-26,79.0,Paid
INV0009882,CUST01356,SUB01356,2024-11-11,2024-11-26,79.0,Paid
INV0009883,CUST01356,SUB01356,2024-12-11,2024-12-26,79.0,Paid
INV0009884,CUST01356,SUB01356,2025-01-11,2025-01-26,79.0,Paid
INV0009885,CUST01356,SUB01356,2025-02-11,2025-02-26,79.0,Paid
INV0009886,CUST01356,SUB01356,2025-03-11,2025-03-26,79.0,Paid
INV0009887,CUST01356,SUB01356,2025-04-11,2025-04-26,79.0,Paid
INV0009888,CUST01356,SUB01356,2025-05-11,2025-05-26,79.0,Paid
INV0009889,CUST01356,SUB01356,2025-06-11,2025-06-26,79.0,Overdue
INV0009890,CUST01356,SUB01356,2025-07-11,2025-07-26,79.0,Paid
INV0009891,CUST01356,SUB01356,2025-08-11,2025-08-26,79.0,Paid
INV0009892,CUST01356,SUB01356,2025-09-11,2025-09-26,79.0,Paid
INV0009893,CUST01356,SUB01356,2025-10-11,2025-10-26,79.0,Paid
INV0009894,CUST01356,SUB01356,2025-11-11,2025-11-26,79.0,Paid
INV0009895,CUST01356,SUB01356,2025-12-11,2025-12-26,79.0,Paid
INV0009896,CUST01357,SUB01357,2024-07-02,2024-07-17,29.0,Paid
INV0009897,CUST01357,SUB01357,2024-08-02,2024-08-17,29.0,Pending
INV0009898,CUST01357,SUB01357,2024-09-02,2024-09-17,29.0,Paid
INV0009899,CUST01357,SUB01357,2024-10-02,2024-10-17,29.0,Paid
INV0009900,CUST01357,SUB01357,2024-11-02,2024-11-17,29.0,Paid
INV0009901,CUST01357,SUB01357,2024-12-02,2024-12-17,29.0,Paid
INV0009902,CUST01357,SUB01357,2025-01-02,2025-01-17,29.0,Paid
INV0009903,CUST01357,SUB01357,2025-02-02,2025-02-17,29.0,Paid
INV0009904,CUST01357,SUB01357,2025-03-02,2025-03-17,29.0,Paid
INV0009905,CUST01357,SUB01357,2025-04-02,2025-04-17,29.0,Paid
INV0009906,CUST01357,SUB01357,2025-05-02,2025-05-17,29.0,Paid
INV0009907,CUST01357,SUB01357,2025-06-02,2025-06-17,29.0,Paid
INV0009908,CUST01357,SUB01357,2025-07-02,2025-07-17,29.0,Paid
INV0009909,CUST01357,SUB01357,2025-08-02,2025-08-17,29.0,Paid
INV0009910,CUST01357,SUB01357,2025-09-02,2025-09-17,29.0,Paid
INV0009911,CUST01357,SUB01357,2025-10-02,2025-10-17,29.0,Paid
INV0009912,CUST01357,SUB01357,2025-11-02,2025-11-17,29.0,Paid
INV0009913,CUST01357,SUB01357,2025-12-02,2025-12-17,29.0,Paid
INV0009914,CUST01358,SUB01358,2024-04-24,2024-05-09,79.0,Paid
INV0009915,CUST01358,SUB01358,2024-05-24,2024-06-08,79.0,Paid
INV0009916,CUST01358,SUB01358,2024-06-24,2024-07-09,79.0,Paid
INV0009917,CUST01358,SUB01358,2024-07-24,2024-08-08,79.0,Paid
INV0009918,CUST01358,SUB01358,2024-08-24,2024-09-08,79.0,Paid
INV0009919,CUST01358,SUB01358,2024-09-24,2024-10-09,79.0,Paid
INV0009920,CUST01358,SUB01358,2024-10-24,2024-11-08,79.0,Paid
INV0009921,CUST01358,SUB01358,2024-11-24,2024-12-09,79.0,Paid
INV0009922,CUST01358,SUB01358,2024-12-24,2025-01-08,79.0,Overdue
INV0009923,CUST01358,SUB01358,2025-01-24,2025-02-08,79.0,Paid
INV0009924,CUST01358,SUB01358,2025-02-24,2025-03-11,79.0,Paid
INV0009925,CUST01358,SUB01358,2025-03-24,2025-04-08,79.0,Paid
INV0009926,CUST01358,SUB01358,2025-04-24,2025-05-09,79.0,Paid
INV0009927,CUST01358,SUB01358,2025-05-24,2025-06-08,79.0,Paid
INV0009928,CUST01358,SUB01358,2025-06-24,2025-07-09,79.0,Overdue
INV0009929,CUST01358,SUB01358,2025-07-24,2025-08-08,79.0,Paid
INV0009930,CUST01358,SUB01358,2025-08-24,2025-09-08,79.0,Paid
INV0009931,CUST01358,SUB01358,2025-09-24,2025-10-09,79.0,Paid
INV0009932,CUST01359,SUB01359,2025-06-17,2025-07-02,79.0,Paid
INV0009933,CUST01359,SUB01359,2025-07-17,2025-08-01,79.0,Paid
INV0009934,CUST01359,SUB01359,2025-08-17,2025-09-01,79.0,Paid
INV0009935,CUST01359,SUB01359,2025-09-17,2025-10-02,79.0,Paid
INV0009936,CUST01359,SUB01359,2025-10-17,2025-11-01,79.0,Paid
INV0009937,CUST01359,SUB01359,2025-11-17,2025-12-02,79.0,Paid
INV0009938,CUST01359,SUB01359,2025-12-17,2026-01-01,79.0,Paid
INV0009939,CUST01360,SUB01360,2025-04-30,2025-05-15,79.0,Paid
INV0009940,CUST01360,SUB01360,2025-05-30,2025-06-14,79.0,Paid
INV0009941,CUST01360,SUB01360,2025-06-30,2025-07-15,79.0,Paid
INV0009942,CUST01360,SUB01360,2025-07-30,2025-08-14,79.0,Paid
INV0009943,CUST01360,SUB01360,2025-08-30,2025-09-14,79.0,Paid
INV0009944,CUST01360,SUB01360,2025-09-30,2025-10-15,79.0,Paid
INV0009945,CUST01360,SUB01360,2025-10-30,2025-11-14,79.0,Overdue
INV0009946,CUST01360,SUB01360,2025-11-30,2025-12-15,79.0,Paid
INV0009947,CUST01360,SUB01360,2025-12-30,2026-01-14,79.0,Paid
INV0009948,CUST01361,SUB01361,2024-10-25,2024-11-09,79.0,Pending
INV0009949,CUST01361,SUB01361,2024-11-25,2024-12-10,79.0,Paid
INV0009950,CUST01361,SUB01361,2024-12-25,2025-01-09,79.0,Paid
INV0009951,CUST01362,SUB01362,2025-06-16,2025-07-01,199.0,Paid
INV0009952,CUST01362,SUB01362,2025-07-16,2025-07-31,199.0,Paid
INV0009953,CUST01362,SUB01362,2025-08-16,2025-08-31,199.0,Paid
INV0009954,CUST01362,SUB01362,2025-09-16,2025-10-01,199.0,Paid
INV0009955,CUST01362,SUB01362,2025-10-16,2025-10-31,199.0,Paid
INV0009956,CUST01362,SUB01362,2025-11-16,2025-12-01,199.0,Paid
INV0009957,CUST01362,SUB01362,2025-12-16,2025-12-31,199.0,Paid
INV0009958,CUST01363,SUB01363,2025-05-12,2025-05-27,805.8,Paid
INV0009959,CUST01364,SUB01364,2025-04-13,2025-04-28,29.0,Paid
INV0009960,CUST01364,SUB01364,2025-05-13,2025-05-28,29.0,Paid
INV0009961,CUST01364,SUB01364,2025-06-13,2025-06-28,29.0,Paid
INV0009962,CUST01364,SUB01364,2025-07-13,2025-07-28,29.0,Paid
INV0009963,CUST01364,SUB01364,2025-08-13,2025-08-28,29.0,Paid
INV0009964,CUST01364,SUB01364,2025-09-13,2025-09-28,29.0,Paid
INV0009965,CUST01364,SUB01364,2025-10-13,2025-10-28,29.0,Overdue
INV0009966,CUST01364,SUB01364,2025-11-13,2025-11-28,29.0,Paid
INV0009967,CUST01364,SUB01364,2025-12-13,2025-12-28,29.0,Overdue
INV0009968,CUST01365,SUB01365,2024-06-24,2024-07-09,295.8,Paid
INV0009969,CUST01366,SUB01366,2024-02-18,2024-03-04,29.0,Paid
INV0009970,CUST01366,SUB01366,2024-03-18,2024-04-02,29.0,Paid
INV0009971,CUST01366,SUB01366,2024-04-18,2024-05-03,29.0,Paid
INV0009972,CUST01366,SUB01366,2024-05-18,2024-06-02,29.0,Paid
INV0009973,CUST01366,SUB01366,2024-06-18,2024-07-03,29.0,Paid
INV0009974,CUST01366,SUB01366,2024-07-18,2024-08-02,29.0,Paid
INV0009975,CUST01367,SUB01367,2025-09-25,2025-10-10,29.0,Paid
INV0009976,CUST01367,SUB01367,2025-10-25,2025-11-09,29.0,Paid
INV0009977,CUST01367,SUB01367,2025-11-25,2025-12-10,29.0,Paid
INV0009978,CUST01367,SUB01367,2025-12-25,2026-01-09,29.0,Paid
INV0009979,CUST01368,SUB01368,2024-06-28,2024-07-13,29.0,Paid
INV0009980,CUST01368,SUB01368,2024-07-28,2024-08-12,29.0,Paid
INV0009981,CUST01368,SUB01368,2024-08-28,2024-09-12,29.0,Overdue
INV0009982,CUST01368,SUB01368,2024-09-28,2024-10-13,29.0,Paid
INV0009983,CUST01368,SUB01368,2024-10-28,2024-11-12,29.0,Paid
INV0009984,CUST01368,SUB01368,2024-11-28,2024-12-13,29.0,Paid
INV0009985,CUST01368,SUB01368,2024-12-28,2025-01-12,29.0,Paid
INV0009986,CUST01368,SUB01368,2025-01-28,2025-02-12,29.0,Paid
INV0009987,CUST01368,SUB01368,2025-02-28,2025-03-15,29.0,Paid
INV0009988,CUST01368,SUB01368,2025-03-28,2025-04-12,29.0,Paid
INV0009989,CUST01368,SUB01368,2025-04-28,2025-05-13,29.0,Paid
INV0009990,CUST01368,SUB01368,2025-05-28,2025-06-12,29.0,Paid
INV0009991,CUST01368,SUB01368,2025-06-28,2025-07-13,29.0,Paid
INV0009992,CUST01368,SUB01368,2025-07-28,2025-08-12,29.0,Pending
INV0009993,CUST01368,SUB01368,2025-08-28,2025-09-12,29.0,Paid
INV0009994,CUST01368,SUB01368,2025-09-28,2025-10-13,29.0,Paid
INV0009995,CUST01368,SUB01368,2025-10-28,2025-11-12,29.0,Paid
INV0009996,CUST01368,SUB01368,2025-11-28,2025-12-13,29.0,Paid
INV0009997,CUST01369,SUB01369,2024-06-14,2024-06-29,79.0,Paid
INV0009998,CUST01369,SUB01369,2024-07-14,2024-07-29,79.0,Paid
INV0009999,CUST01369,SUB01369,2024-08-14,2024-08-29,79.0,Paid
INV0010000,CUST01369,SUB01369,2024-09-14,2024-09-29,79.0,Paid
INV0010001,CUST01369,SUB01369,2024-10-14,2024-10-29,79.0,Paid
INV0010002,CUST01369,SUB01369,2024-11-14,2024-11-29,79.0,Paid
INV0010003,CUST01369,SUB01369,2024-12-14,2024-12-29,79.0,Paid
INV0010004,CUST01369,SUB01369,2025-01-14,2025-01-29,79.0,Paid
INV0010005,CUST01369,SUB01369,2025-02-14,2025-03-01,79.0,Paid
INV0010006,CUST01369,SUB01369,2025-03-14,2025-03-29,79.0,Paid
INV0010007,CUST01369,SUB01369,2025-04-14,2025-04-29,79.0,Paid
INV0010008,CUST01369,SUB01369,2025-05-14,2025-05-29,79.0,Overdue
INV0010009,CUST01370,SUB01370,2025-03-27,2025-04-11,79.0,Paid
INV0010010,CUST01370,SUB01370,2025-04-27,2025-05-12,79.0,Paid
INV0010011,CUST01370,SUB01370,2025-05-27,2025-06-11,79.0,Paid
INV0010012,CUST01371,SUB01371,2025-11-12,2025-11-27,29.0,Paid
INV0010013,CUST01371,SUB01371,2025-12-12,2025-12-27,29.0,Paid
INV0010014,CUST01372,SUB01372,2025-07-06,2025-07-21,79.0,Paid
INV0010015,CUST01372,SUB01372,2025-08-06,2025-08-21,79.0,Paid
INV0010016,CUST01372,SUB01372,2025-09-06,2025-09-21,79.0,Paid
INV0010017,CUST01372,SUB01372,2025-10-06,2025-10-21,79.0,Overdue
INV0010018,CUST01372,SUB01372,2025-11-06,2025-11-21,79.0,Paid
INV0010019,CUST01372,SUB01372,2025-12-06,2025-12-21,79.0,Paid
INV0010020,CUST01373,SUB01373,2025-02-18,2025-03-05,29.0,Paid
INV0010021,CUST01373,SUB01373,2025-03-18,2025-04-02,29.0,Paid
INV0010022,CUST01373,SUB01373,2025-04-18,2025-05-03,29.0,Paid
INV0010023,CUST01373,SUB01373,2025-05-18,2025-06-02,29.0,Paid
INV0010024,CUST01373,SUB01373,2025-06-18,2025-07-03,29.0,Pending
INV0010025,CUST01373,SUB01373,2025-07-18,2025-08-02,29.0,Paid
INV0010026,CUST01374,SUB01374,2024-11-23,2024-12-08,79.0,Paid
INV0010027,CUST01374,SUB01374,2024-12-23,2025-01-07,79.0,Paid
INV0010028,CUST01374,SUB01374,2025-01-23,2025-02-07,79.0,Paid
INV0010029,CUST01375,SUB01375,2025-10-24,2025-11-08,805.8,Paid
INV0010030,CUST01376,SUB01376,2025-08-01,2025-08-16,199.0,Paid
INV0010031,CUST01376,SUB01376,2025-09-01,2025-09-16,199.0,Paid
INV0010032,CUST01376,SUB01376,2025-10-01,2025-10-16,199.0,Paid
INV0010033,CUST01376,SUB01376,2025-11-01,2025-11-16,199.0,Paid
INV0010034,CUST01376,SUB01376,2025-12-01,2025-12-16,199.0,Paid
INV0010035,CUST01377,SUB01377,2025-05-05,2025-05-20,29.0,Pending
INV0010036,CUST01377,SUB01377,2025-06-05,2025-06-20,29.0,Paid
INV0010037,CUST01377,SUB01377,2025-07-05,2025-07-20,29.0,Paid
INV0010038,CUST01378,SUB01378,2024-11-11,2024-11-26,199.0,Paid
INV0010039,CUST01378,SUB01378,2024-12-11,2024-12-26,199.0,Paid
INV0010040,CUST01378,SUB01378,2025-01-11,2025-01-26,199.0,Paid
INV0010041,CUST01378,SUB01378,2025-02-11,2025-02-26,199.0,Paid
INV0010042,CUST01378,SUB01378,2025-03-11,2025-03-26,199.0,Paid
INV0010043,CUST01378,SUB01378,2025-04-11,2025-04-26,199.0,Paid
INV0010044,CUST01378,SUB01378,2025-05-11,2025-05-26,199.0,Paid
INV0010045,CUST01378,SUB01378,2025-06-11,2025-06-26,199.0,Paid
INV0010046,CUST01378,SUB01378,2025-07-11,2025-07-26,199.0,Paid
INV0010047,CUST01378,SUB01378,2025-08-11,2025-08-26,199.0,Paid
INV0010048,CUST01378,SUB01378,2025-09-11,2025-09-26,199.0,Pending
INV0010049,CUST01378,SUB01378,2025-10-11,2025-10-26,199.0,Paid
INV0010050,CUST01378,SUB01378,2025-11-11,2025-11-26,199.0,Paid
INV0010051,CUST01378,SUB01378,2025-12-11,2025-12-26,199.0,Overdue
INV0010052,CUST01379,SUB01379,2024-12-31,2025-01-15,79.0,Paid
INV0010053,CUST01379,SUB01379,2025-01-31,2025-02-15,79.0,Paid
INV0010054,CUST01379,SUB01379,2025-02-28,2025-03-15,79.0,Paid
INV0010055,CUST01379,SUB01379,2025-03-28,2025-04-12,79.0,Paid
INV0010056,CUST01380,SUB01380,2025-08-20,2025-09-04,29.0,Paid
INV0010057,CUST01380,SUB01380,2025-09-20,2025-10-05,29.0,Paid
INV0010058,CUST01380,SUB01380,2025-10-20,2025-11-04,29.0,Paid
INV0010059,CUST01380,SUB01380,2025-11-20,2025-12-05,29.0,Paid
INV0010060,CUST01380,SUB01380,2025-12-20,2026-01-04,29.0,Paid
INV0010061,CUST01381,SUB01381,2024-07-19,2024-08-03,199.0,Paid
INV0010062,CUST01381,SUB01381,2024-08-19,2024-09-03,199.0,Paid
INV0010063,CUST01381,SUB01381,2024-09-19,2024-10-04,199.0,Paid
INV0010064,CUST01382,SUB01382,2025-06-08,2025-06-23,2029.8,Paid
INV0010065,CUST01383,SUB01383,2025-11-13,2025-11-28,29.0,Paid
INV0010066,CUST01383,SUB01383,2025-12-13,2025-12-28,29.0,Paid
INV0010067,CUST01384,SUB01384,2025-01-13,2025-01-28,79.0,Paid
INV0010068,CUST01384,SUB01384,2025-02-13,2025-02-28,79.0,Paid
INV0010069,CUST01384,SUB01384,2025-03-13,2025-03-28,79.0,Paid
INV0010070,CUST01384,SUB01384,2025-04-13,2025-04-28,79.0,Overdue
INV0010071,CUST01384,SUB01384,2025-05-13,2025-05-28,79.0,Paid
INV0010072,CUST01384,SUB01384,2025-06-13,2025-06-28,79.0,Paid
INV0010073,CUST01385,SUB01385,2024-11-11,2024-11-26,29.0,Paid
INV0010074,CUST01385,SUB01385,2024-12-11,2024-12-26,29.0,Paid
INV0010075,CUST01385,SUB01385,2025-01-11,2025-01-26,29.0,Paid
INV0010076,CUST01385,SUB01385,2025-02-11,2025-02-26,29.0,Paid
INV0010077,CUST01385,SUB01385,2025-03-11,2025-03-26,29.0,Paid
INV0010078,CUST01385,SUB01385,2025-04-11,2025-04-26,29.0,Paid
INV0010079,CUST01385,SUB01385,2025-05-11,2025-05-26,29.0,Paid
INV0010080,CUST01385,SUB01385,2025-06-11,2025-06-26,29.0,Paid
INV0010081,CUST01385,SUB01385,2025-07-11,2025-07-26,29.0,Paid
INV0010082,CUST01385,SUB01385,2025-08-11,2025-08-26,29.0,Paid
INV0010083,CUST01385,SUB01385,2025-09-11,2025-09-26,29.0,Paid
INV0010084,CUST01385,SUB01385,2025-10-11,2025-10-26,29.0,Paid
INV0010085,CUST01386,SUB01386,2025-03-30,2025-04-14,79.0,Paid
INV0010086,CUST01386,SUB01386,2025-04-30,2025-05-15,79.0,Paid
INV0010087,CUST01386,SUB01386,2025-05-30,2025-06-14,79.0,Paid
INV0010088,CUST01386,SUB01386,2025-06-30,2025-07-15,79.0,Paid
INV0010089,CUST01386,SUB01386,2025-07-30,2025-08-14,79.0,Paid
INV0010090,CUST01386,SUB01386,2025-08-30,2025-09-14,79.0,Paid
INV0010091,CUST01386,SUB01386,2025-09-30,2025-10-15,79.0,Paid
INV0010092,CUST01386,SUB01386,2025-10-30,2025-11-14,79.0,Paid
INV0010093,CUST01386,SUB01386,2025-11-30,2025-12-15,79.0,Paid
INV0010094,CUST01386,SUB01386,2025-12-30,2026-01-14,79.0,Paid
INV0010095,CUST01387,SUB01387,2024-06-16,2024-07-01,29.0,Paid
INV0010096,CUST01387,SUB01387,2024-07-16,2024-07-31,29.0,Paid
INV0010097,CUST01387,SUB01387,2024-08-16,2024-08-31,29.0,Paid
INV0010098,CUST01387,SUB01387,2024-09-16,2024-10-01,29.0,Overdue
INV0010099,CUST01387,SUB01387,2024-10-16,2024-10-31,29.0,Paid
INV0010100,CUST01387,SUB01387,2024-11-16,2024-12-01,29.0,Paid
INV0010101,CUST01387,SUB01387,2024-12-16,2024-12-31,29.0,Paid
INV0010102,CUST01387,SUB01387,2025-01-16,2025-01-31,29.0,Paid
INV0010103,CUST01387,SUB01387,2025-02-16,2025-03-03,29.0,Paid
INV0010104,CUST01387,SUB01387,2025-03-16,2025-03-31,29.0,Paid
INV0010105,CUST01387,SUB01387,2025-04-16,2025-05-01,29.0,Paid
INV0010106,CUST01387,SUB01387,2025-05-16,2025-05-31,29.0,Paid
INV0010107,CUST01387,SUB01387,2025-06-16,2025-07-01,29.0,Paid
INV0010108,CUST01387,SUB01387,2025-07-16,2025-07-31,29.0,Paid
INV0010109,CUST01387,SUB01387,2025-08-16,2025-08-31,29.0,Paid
INV0010110,CUST01387,SUB01387,2025-09-16,2025-10-01,29.0,Paid
INV0010111,CUST01387,SUB01387,2025-10-16,2025-10-31,29.0,Paid
INV0010112,CUST01387,SUB01387,2025-11-16,2025-12-01,29.0,Paid
INV0010113,CUST01388,SUB01388,2024-05-22,2024-06-06,29.0,Paid
INV0010114,CUST01388,SUB01388,2024-06-22,2024-07-07,29.0,Paid
INV0010115,CUST01388,SUB01388,2024-07-22,2024-08-06,29.0,Paid
INV0010116,CUST01388,SUB01388,2024-08-22,2024-09-06,29.0,Paid
INV0010117,CUST01388,SUB01388,2024-09-22,2024-10-07,29.0,Paid
INV0010118,CUST01388,SUB01388,2024-10-22,2024-11-06,29.0,Paid
INV0010119,CUST01388,SUB01388,2024-11-22,2024-12-07,29.0,Paid
INV0010120,CUST01388,SUB01388,2024-12-22,2025-01-06,29.0,Pending
INV0010121,CUST01388,SUB01388,2025-01-22,2025-02-06,29.0,Paid
INV0010122,CUST01388,SUB01388,2025-02-22,2025-03-09,29.0,Paid
INV0010123,CUST01388,SUB01388,2025-03-22,2025-04-06,29.0,Paid
INV0010124,CUST01388,SUB01388,2025-04-22,2025-05-07,29.0,Paid
INV0010125,CUST01388,SUB01388,2025-05-22,2025-06-06,29.0,Paid
INV0010126,CUST01388,SUB01388,2025-06-22,2025-07-07,29.0,Paid
INV0010127,CUST01388,SUB01388,2025-07-22,2025-08-06,29.0,Overdue
INV0010128,CUST01388,SUB01388,2025-08-22,2025-09-06,29.0,Paid
INV0010129,CUST01388,SUB01388,2025-09-22,2025-10-07,29.0,Paid
INV0010130,CUST01388,SUB01388,2025-10-22,2025-11-06,29.0,Paid
INV0010131,CUST01389,SUB01389,2024-11-06,2024-11-21,29.0,Paid
INV0010132,CUST01389,SUB01389,2024-12-06,2024-12-21,29.0,Paid
INV0010133,CUST01389,SUB01389,2025-01-06,2025-01-21,29.0,Paid
INV0010134,CUST01390,SUB01390,2024-03-08,2024-03-23,295.8,Paid
INV0010135,CUST01390,SUB01390,2025-03-08,2025-03-23,805.8,Paid
INV0010136,CUST01391,SUB01391,2024-01-07,2024-01-22,295.8,Paid
INV0010137,CUST01391,SUB01391,2025-01-07,2025-01-22,295.8,Paid
INV0010138,CUST01392,SUB01392,2025-12-28,2026-01-12,295.8,Paid
INV0010139,CUST01393,SUB01393,2024-10-23,2024-11-07,295.8,Paid
INV0010140,CUST01393,SUB01393,2025-10-23,2025-11-07,295.8,Paid
INV0010141,CUST01394,SUB01394,2025-08-22,2025-09-06,29.0,Paid
INV0010142,CUST01394,SUB01394,2025-09-22,2025-10-07,29.0,Paid
INV0010143,CUST01394,SUB01394,2025-10-22,2025-11-06,29.0,Paid
INV0010144,CUST01394,SUB01394,2025-11-22,2025-12-07,29.0,Paid
INV0010145,CUST01394,SUB01394,2025-12-22,2026-01-06,29.0,Paid
INV0010146,CUST01395,SUB01395,2024-01-28,2024-02-12,199.0,Paid
INV0010147,CUST01395,SUB01395,2024-02-28,2024-03-14,199.0,Paid
INV0010148,CUST01395,SUB01395,2024-03-28,2024-04-12,199.0,Paid
INV0010149,CUST01395,SUB01395,2024-04-28,2024-05-13,199.0,Paid
INV0010150,CUST01395,SUB01395,2024-05-28,2024-06-12,199.0,Paid
INV0010151,CUST01395,SUB01395,2024-06-28,2024-07-13,199.0,Paid
INV0010152,CUST01395,SUB01395,2024-07-28,2024-08-12,199.0,Paid
INV0010153,CUST01395,SUB01395,2024-08-28,2024-09-12,199.0,Paid
INV0010154,CUST01395,SUB01395,2024-09-28,2024-10-13,199.0,Paid
INV0010155,CUST01395,SUB01395,2024-10-28,2024-11-12,199.0,Paid
INV0010156,CUST01395,SUB01395,2024-11-28,2024-12-13,199.0,Paid
INV0010157,CUST01395,SUB01395,2024-12-28,2025-01-12,199.0,Paid
INV0010158,CUST01396,SUB01396,2024-05-07,2024-05-22,29.0,Paid
INV0010159,CUST01396,SUB01396,2024-06-07,2024-06-22,29.0,Paid
INV0010160,CUST01396,SUB01396,2024-07-07,2024-07-22,79.0,Paid
INV0010161,CUST01396,SUB01396,2024-08-07,2024-08-22,79.0,Paid
INV0010162,CUST01396,SUB01396,2024-09-07,2024-09-22,79.0,Paid
INV0010163,CUST01396,SUB01396,2024-10-07,2024-10-22,79.0,Paid
INV0010164,CUST01397,SUB01397,2025-12-05,2025-12-20,79.0,Paid
INV0010165,CUST01398,SUB01398,2025-05-19,2025-06-03,199.0,Paid
INV0010166,CUST01398,SUB01398,2025-06-19,2025-07-04,199.0,Overdue
INV0010167,CUST01398,SUB01398,2025-07-19,2025-08-03,199.0,Paid
INV0010168,CUST01398,SUB01398,2025-08-19,2025-09-03,199.0,Paid
INV0010169,CUST01398,SUB01398,2025-09-19,2025-10-04,199.0,Paid
INV0010170,CUST01398,SUB01398,2025-10-19,2025-11-03,199.0,Paid
INV0010171,CUST01398,SUB01398,2025-11-19,2025-12-04,199.0,Paid
INV0010172,CUST01398,SUB01398,2025-12-19,2026-01-03,199.0,Paid
INV0010173,CUST01399,SUB01399,2025-08-18,2025-09-02,2029.8,Paid
INV0010174,CUST01400,SUB01400,2025-12-11,2025-12-26,199.0,Paid
INV0010175,CUST01401,SUB01401,2024-09-22,2024-10-07,29.0,Paid
INV0010176,CUST01401,SUB01401,2024-10-22,2024-11-06,29.0,Paid
INV0010177,CUST01401,SUB01401,2024-11-22,2024-12-07,29.0,Paid
INV0010178,CUST01401,SUB01401,2024-12-22,2025-01-06,29.0,Paid
INV0010179,CUST01401,SUB01401,2025-01-22,2025-02-06,29.0,Paid
INV0010180,CUST01401,SUB01401,2025-02-22,2025-03-09,29.0,Paid
INV0010181,CUST01401,SUB01401,2025-03-22,2025-04-06,29.0,Paid
INV0010182,CUST01401,SUB01401,2025-04-22,2025-05-07,29.0,Paid
INV0010183,CUST01401,SUB01401,2025-05-22,2025-06-06,29.0,Paid
INV0010184,CUST01401,SUB01401,2025-06-22,2025-07-07,29.0,Paid
INV0010185,CUST01401,SUB01401,2025-07-22,2025-08-06,29.0,Paid
INV0010186,CUST01401,SUB01401,2025-08-22,2025-09-06,29.0,Paid
INV0010187,CUST01401,SUB01401,2025-09-22,2025-10-07,29.0,Paid
INV0010188,CUST01401,SUB01401,2025-10-22,2025-11-06,29.0,Paid
INV0010189,CUST01401,SUB01401,2025-11-22,2025-12-07,29.0,Paid
INV0010190,CUST01401,SUB01401,2025-12-22,2026-01-06,29.0,Paid
INV0010191,CUST01402,SUB01402,2025-12-10,2025-12-25,199.0,Pending
INV0010192,CUST01403,SUB01403,2025-03-05,2025-03-20,79.0,Paid
INV0010193,CUST01403,SUB01403,2025-04-05,2025-04-20,79.0,Paid
INV0010194,CUST01403,SUB01403,2025-05-05,2025-05-20,79.0,Overdue
INV0010195,CUST01403,SUB01403,2025-06-05,2025-06-20,79.0,Paid
INV0010196,CUST01403,SUB01403,2025-07-05,2025-07-20,79.0,Overdue
INV0010197,CUST01403,SUB01403,2025-08-05,2025-08-20,79.0,Paid
INV0010198,CUST01403,SUB01403,2025-09-05,2025-09-20,79.0,Paid
INV0010199,CUST01403,SUB01403,2025-10-05,2025-10-20,79.0,Paid
INV0010200,CUST01403,SUB01403,2025-11-05,2025-11-20,79.0,Paid
INV0010201,CUST01403,SUB01403,2025-12-05,2025-12-20,79.0,Paid
INV0010202,CUST01404,SUB01404,2025-06-26,2025-07-11,29.0,Paid
INV0010203,CUST01404,SUB01404,2025-07-26,2025-08-10,29.0,Overdue
INV0010204,CUST01404,SUB01404,2025-08-26,2025-09-10,29.0,Paid
INV0010205,CUST01404,SUB01404,2025-09-26,2025-10-11,29.0,Paid
INV0010206,CUST01404,SUB01404,2025-10-26,2025-11-10,29.0,Paid
INV0010207,CUST01404,SUB01404,2025-11-26,2025-12-11,29.0,Paid
INV0010208,CUST01405,SUB01405,2024-04-06,2024-04-21,79.0,Pending
INV0010209,CUST01405,SUB01405,2024-05-06,2024-05-21,79.0,Paid
INV0010210,CUST01405,SUB01405,2024-06-06,2024-06-21,79.0,Paid
INV0010211,CUST01405,SUB01405,2024-07-06,2024-07-21,79.0,Paid
INV0010212,CUST01405,SUB01405,2024-08-06,2024-08-21,79.0,Paid
INV0010213,CUST01405,SUB01405,2024-09-06,2024-09-21,79.0,Paid
INV0010214,CUST01405,SUB01405,2024-10-06,2024-10-21,79.0,Paid
INV0010215,CUST01405,SUB01405,2024-11-06,2024-11-21,79.0,Paid
INV0010216,CUST01405,SUB01405,2024-12-06,2024-12-21,79.0,Paid
INV0010217,CUST01405,SUB01405,2025-01-06,2025-01-21,79.0,Paid
INV0010218,CUST01405,SUB01405,2025-02-06,2025-02-21,79.0,Paid
INV0010219,CUST01405,SUB01405,2025-03-06,2025-03-21,79.0,Paid
INV0010220,CUST01405,SUB01405,2025-04-06,2025-04-21,79.0,Paid
INV0010221,CUST01405,SUB01405,2025-05-06,2025-05-21,79.0,Paid
INV0010222,CUST01405,SUB01405,2025-06-06,2025-06-21,79.0,Paid
INV0010223,CUST01405,SUB01405,2025-07-06,2025-07-21,79.0,Paid
INV0010224,CUST01405,SUB01405,2025-08-06,2025-08-21,79.0,Paid
INV0010225,CUST01405,SUB01405,2025-09-06,2025-09-21,79.0,Paid
INV0010226,CUST01406,SUB01406,2025-12-02,2025-12-17,29.0,Paid
INV0010227,CUST01407,SUB01407,2024-04-08,2024-04-23,199.0,Paid
INV0010228,CUST01407,SUB01407,2024-05-08,2024-05-23,199.0,Paid
INV0010229,CUST01407,SUB01407,2024-06-08,2024-06-23,199.0,Paid
INV0010230,CUST01407,SUB01407,2024-07-08,2024-07-23,199.0,Paid
INV0010231,CUST01407,SUB01407,2024-08-08,2024-08-23,199.0,Paid
INV0010232,CUST01407,SUB01407,2024-09-08,2024-09-23,199.0,Paid
INV0010233,CUST01407,SUB01407,2024-10-08,2024-10-23,199.0,Paid
INV0010234,CUST01407,SUB01407,2024-11-08,2024-11-23,199.0,Pending
INV0010235,CUST01407,SUB01407,2024-12-08,2024-12-23,199.0,Paid
INV0010236,CUST01407,SUB01407,2025-01-08,2025-01-23,199.0,Paid
INV0010237,CUST01407,SUB01407,2025-02-08,2025-02-23,199.0,Paid
INV0010238,CUST01407,SUB01407,2025-03-08,2025-03-23,199.0,Paid
INV0010239,CUST01407,SUB01407,2025-04-08,2025-04-23,199.0,Paid
INV0010240,CUST01407,SUB01407,2025-05-08,2025-05-23,199.0,Paid
INV0010241,CUST01407,SUB01407,2025-06-08,2025-06-23,199.0,Paid
INV0010242,CUST01407,SUB01407,2025-07-08,2025-07-23,199.0,Paid
INV0010243,CUST01407,SUB01407,2025-08-08,2025-08-23,199.0,Paid
INV0010244,CUST01407,SUB01407,2025-09-08,2025-09-23,199.0,Overdue
INV0010245,CUST01408,SUB01408,2024-05-20,2024-06-04,295.8,Paid
INV0010246,CUST01408,SUB01408,2025-05-20,2025-06-04,295.8,Paid
INV0010247,CUST01409,SUB01409,2024-12-14,2024-12-29,295.8,Paid
INV0010248,CUST01409,SUB01409,2025-12-14,2025-12-29,295.8,Paid
INV0010249,CUST01410,SUB01410,2025-05-30,2025-06-14,79.0,Paid
INV0010250,CUST01410,SUB01410,2025-06-30,2025-07-15,79.0,Paid
INV0010251,CUST01410,SUB01410,2025-07-30,2025-08-14,79.0,Pending
INV0010252,CUST01410,SUB01410,2025-08-30,2025-09-14,79.0,Paid
INV0010253,CUST01410,SUB01410,2025-09-30,2025-10-15,79.0,Paid
INV0010254,CUST01410,SUB01410,2025-10-30,2025-11-14,79.0,Pending
INV0010255,CUST01410,SUB01410,2025-11-30,2025-12-15,79.0,Paid
INV0010256,CUST01410,SUB01410,2025-12-30,2026-01-14,79.0,Paid
INV0010257,CUST01411,SUB01411,2025-03-03,2025-03-18,29.0,Paid
INV0010258,CUST01411,SUB01411,2025-04-03,2025-04-18,29.0,Paid
INV0010259,CUST01411,SUB01411,2025-05-03,2025-05-18,29.0,Paid
INV0010260,CUST01411,SUB01411,2025-06-03,2025-06-18,29.0,Overdue
INV0010261,CUST01411,SUB01411,2025-07-03,2025-07-18,29.0,Paid
INV0010262,CUST01411,SUB01411,2025-08-03,2025-08-18,29.0,Paid
INV0010263,CUST01411,SUB01411,2025-09-03,2025-09-18,29.0,Paid
INV0010264,CUST01411,SUB01411,2025-10-03,2025-10-18,29.0,Pending
INV0010265,CUST01411,SUB01411,2025-11-03,2025-11-18,29.0,Paid
INV0010266,CUST01411,SUB01411,2025-12-03,2025-12-18,29.0,Paid
INV0010267,CUST01412,SUB01412,2024-01-18,2024-02-02,805.8,Paid
INV0010268,CUST01412,SUB01412,2025-01-18,2025-02-02,805.8,Paid
INV0010269,CUST01413,SUB01413,2025-03-28,2025-04-12,79.0,Paid
INV0010270,CUST01413,SUB01413,2025-04-28,2025-05-13,79.0,Paid
INV0010271,CUST01413,SUB01413,2025-05-28,2025-06-12,79.0,Paid
INV0010272,CUST01413,SUB01413,2025-06-28,2025-07-13,79.0,Paid
INV0010273,CUST01413,SUB01413,2025-07-28,2025-08-12,79.0,Paid
INV0010274,CUST01413,SUB01413,2025-08-28,2025-09-12,79.0,Paid
INV0010275,CUST01413,SUB01413,2025-09-28,2025-10-13,79.0,Paid
INV0010276,CUST01413,SUB01413,2025-10-28,2025-11-12,79.0,Paid
INV0010277,CUST01413,SUB01413,2025-11-28,2025-12-13,79.0,Paid
INV0010278,CUST01413,SUB01413,2025-12-28,2026-01-12,79.0,Paid
INV0010279,CUST01414,SUB01414,2024-06-25,2024-07-10,805.8,Paid
INV0010280,CUST01414,SUB01414,2025-06-25,2025-07-10,805.8,Paid
INV0010281,CUST01415,SUB01415,2024-08-15,2024-08-30,805.8,Paid
INV0010282,CUST01416,SUB01416,2024-11-10,2024-11-25,79.0,Paid
INV0010283,CUST01416,SUB01416,2024-12-10,2024-12-25,79.0,Paid
INV0010284,CUST01416,SUB01416,2025-01-10,2025-01-25,79.0,Paid
INV0010285,CUST01416,SUB01416,2025-02-10,2025-02-25,79.0,Paid
INV0010286,CUST01416,SUB01416,2025-03-10,2025-03-25,79.0,Paid
INV0010287,CUST01416,SUB01416,2025-04-10,2025-04-25,79.0,Paid
INV0010288,CUST01416,SUB01416,2025-05-10,2025-05-25,79.0,Paid
INV0010289,CUST01416,SUB01416,2025-06-10,2025-06-25,29.0,Paid
INV0010290,CUST01416,SUB01416,2025-07-10,2025-07-25,29.0,Paid
INV0010291,CUST01416,SUB01416,2025-08-10,2025-08-25,29.0,Paid
INV0010292,CUST01416,SUB01416,2025-09-10,2025-09-25,29.0,Paid
INV0010293,CUST01416,SUB01416,2025-10-10,2025-10-25,29.0,Paid
INV0010294,CUST01417,SUB01417,2025-12-08,2025-12-23,199.0,Paid
INV0010295,CUST01418,SUB01418,2025-03-17,2025-04-01,29.0,Paid
INV0010296,CUST01418,SUB01418,2025-04-17,2025-05-02,29.0,Paid
INV0010297,CUST01418,SUB01418,2025-05-17,2025-06-01,29.0,Paid
INV0010298,CUST01418,SUB01418,2025-06-17,2025-07-02,29.0,Paid
INV0010299,CUST01418,SUB01418,2025-07-17,2025-08-01,29.0,Paid
INV0010300,CUST01418,SUB01418,2025-08-17,2025-09-01,29.0,Paid
INV0010301,CUST01418,SUB01418,2025-09-17,2025-10-02,29.0,Paid
INV0010302,CUST01418,SUB01418,2025-10-17,2025-11-01,29.0,Paid
INV0010303,CUST01418,SUB01418,2025-11-17,2025-12-02,29.0,Paid
INV0010304,CUST01418,SUB01418,2025-12-17,2026-01-01,29.0,Paid
INV0010305,CUST01419,SUB01419,2025-04-25,2025-05-10,29.0,Paid
INV0010306,CUST01419,SUB01419,2025-05-25,2025-06-09,29.0,Pending
INV0010307,CUST01419,SUB01419,2025-06-25,2025-07-10,29.0,Paid
INV0010308,CUST01419,SUB01419,2025-07-25,2025-08-09,29.0,Paid
INV0010309,CUST01419,SUB01419,2025-08-25,2025-09-09,29.0,Paid
INV0010310,CUST01419,SUB01419,2025-09-25,2025-10-10,29.0,Paid
INV0010311,CUST01419,SUB01419,2025-10-25,2025-11-09,29.0,Paid
INV0010312,CUST01419,SUB01419,2025-11-25,2025-12-10,29.0,Paid
INV0010313,CUST01419,SUB01419,2025-12-25,2026-01-09,29.0,Paid
INV0010314,CUST01420,SUB01420,2025-11-14,2025-11-29,295.8,Overdue
INV0010315,CUST01421,SUB01421,2025-08-24,2025-09-08,29.0,Paid
INV0010316,CUST01421,SUB01421,2025-09-24,2025-10-09,29.0,Paid
INV0010317,CUST01421,SUB01421,2025-10-24,2025-11-08,29.0,Paid
INV0010318,CUST01422,SUB01422,2024-04-02,2024-04-17,29.0,Paid
INV0010319,CUST01422,SUB01422,2024-05-02,2024-05-17,29.0,Paid
INV0010320,CUST01422,SUB01422,2024-06-02,2024-06-17,29.0,Paid
INV0010321,CUST01422,SUB01422,2024-07-02,2024-07-17,29.0,Overdue
INV0010322,CUST01422,SUB01422,2024-08-02,2024-08-17,29.0,Overdue
INV0010323,CUST01422,SUB01422,2024-09-02,2024-09-17,29.0,Paid
INV0010324,CUST01422,SUB01422,2024-10-02,2024-10-17,29.0,Paid
INV0010325,CUST01422,SUB01422,2024-11-02,2024-11-17,29.0,Paid
INV0010326,CUST01422,SUB01422,2024-12-02,2024-12-17,29.0,Paid
INV0010327,CUST01422,SUB01422,2025-01-02,2025-01-17,29.0,Paid
INV0010328,CUST01422,SUB01422,2025-02-02,2025-02-17,29.0,Paid
INV0010329,CUST01422,SUB01422,2025-03-02,2025-03-17,29.0,Paid
INV0010330,CUST01423,SUB01423,2024-12-26,2025-01-10,2029.8,Paid
INV0010331,CUST01424,SUB01424,2025-06-01,2025-06-16,805.8,Paid
INV0010332,CUST01425,SUB01425,2025-06-25,2025-07-10,79.0,Paid
INV0010333,CUST01425,SUB01425,2025-07-25,2025-08-09,79.0,Paid
INV0010334,CUST01425,SUB01425,2025-08-25,2025-09-09,79.0,Paid
INV0010335,CUST01425,SUB01425,2025-09-25,2025-10-10,79.0,Paid
INV0010336,CUST01425,SUB01425,2025-10-25,2025-11-09,79.0,Paid
INV0010337,CUST01425,SUB01425,2025-11-25,2025-12-10,79.0,Paid
INV0010338,CUST01425,SUB01425,2025-12-25,2026-01-09,79.0,Paid
INV0010339,CUST01426,SUB01426,2025-07-04,2025-07-19,199.0,Paid
INV0010340,CUST01426,SUB01426,2025-08-04,2025-08-19,199.0,Paid
INV0010341,CUST01426,SUB01426,2025-09-04,2025-09-19,199.0,Paid
INV0010342,CUST01426,SUB01426,2025-10-04,2025-10-19,199.0,Paid
INV0010343,CUST01426,SUB01426,2025-11-04,2025-11-19,199.0,Paid
INV0010344,CUST01426,SUB01426,2025-12-04,2025-12-19,199.0,Paid
INV0010345,CUST01427,SUB01427,2025-05-31,2025-06-15,29.0,Paid
INV0010346,CUST01427,SUB01427,2025-06-30,2025-07-15,29.0,Paid
INV0010347,CUST01427,SUB01427,2025-07-30,2025-08-14,29.0,Paid
INV0010348,CUST01427,SUB01427,2025-08-30,2025-09-14,29.0,Paid
INV0010349,CUST01427,SUB01427,2025-09-30,2025-10-15,29.0,Paid
INV0010350,CUST01427,SUB01427,2025-10-30,2025-11-14,29.0,Paid
INV0010351,CUST01427,SUB01427,2025-11-30,2025-12-15,29.0,Paid
INV0010352,CUST01427,SUB01427,2025-12-30,2026-01-14,29.0,Overdue
INV0010353,CUST01428,SUB01428,2025-03-26,2025-04-10,29.0,Paid
INV0010354,CUST01428,SUB01428,2025-04-26,2025-05-11,29.0,Paid
INV0010355,CUST01428,SUB01428,2025-05-26,2025-06-10,29.0,Paid
INV0010356,CUST01428,SUB01428,2025-06-26,2025-07-11,29.0,Paid
INV0010357,CUST01428,SUB01428,2025-07-26,2025-08-10,29.0,Paid
INV0010358,CUST01428,SUB01428,2025-08-26,2025-09-10,29.0,Paid
INV0010359,CUST01428,SUB01428,2025-09-26,2025-10-11,29.0,Paid
INV0010360,CUST01428,SUB01428,2025-10-26,2025-11-10,29.0,Overdue
INV0010361,CUST01428,SUB01428,2025-11-26,2025-12-11,29.0,Paid
INV0010362,CUST01428,SUB01428,2025-12-26,2026-01-10,29.0,Paid
INV0010363,CUST01429,SUB01429,2025-01-23,2025-02-07,805.8,Paid
INV0010364,CUST01430,SUB01430,2024-11-17,2024-12-02,295.8,Paid
INV0010365,CUST01431,SUB01431,2025-01-04,2025-01-19,29.0,Paid
INV0010366,CUST01431,SUB01431,2025-02-04,2025-02-19,29.0,Paid
INV0010367,CUST01431,SUB01431,2025-03-04,2025-03-19,29.0,Paid
INV0010368,CUST01431,SUB01431,2025-04-04,2025-04-19,29.0,Paid
INV0010369,CUST01431,SUB01431,2025-05-04,2025-05-19,29.0,Overdue
INV0010370,CUST01431,SUB01431,2025-06-04,2025-06-19,29.0,Paid
INV0010371,CUST01431,SUB01431,2025-07-04,2025-07-19,29.0,Paid
INV0010372,CUST01431,SUB01431,2025-08-04,2025-08-19,29.0,Overdue
INV0010373,CUST01431,SUB01431,2025-09-04,2025-09-19,29.0,Paid
INV0010374,CUST01431,SUB01431,2025-10-04,2025-10-19,29.0,Paid
INV0010375,CUST01431,SUB01431,2025-11-04,2025-11-19,29.0,Paid
INV0010376,CUST01431,SUB01431,2025-12-04,2025-12-19,29.0,Paid
INV0010377,CUST01432,SUB01432,2024-12-01,2024-12-16,79.0,Paid
INV0010378,CUST01432,SUB01432,2025-01-01,2025-01-16,79.0,Paid
INV0010379,CUST01432,SUB01432,2025-02-01,2025-02-16,79.0,Paid
INV0010380,CUST01432,SUB01432,2025-03-01,2025-03-16,79.0,Paid
INV0010381,CUST01432,SUB01432,2025-04-01,2025-04-16,79.0,Paid
INV0010382,CUST01432,SUB01432,2025-05-01,2025-05-16,79.0,Paid
INV0010383,CUST01432,SUB01432,2025-06-01,2025-06-16,79.0,Paid
INV0010384,CUST01432,SUB01432,2025-07-01,2025-07-16,79.0,Paid
INV0010385,CUST01432,SUB01432,2025-08-01,2025-08-16,79.0,Paid
INV0010386,CUST01432,SUB01432,2025-09-01,2025-09-16,79.0,Paid
INV0010387,CUST01432,SUB01432,2025-10-01,2025-10-16,79.0,Overdue
INV0010388,CUST01432,SUB01432,2025-11-01,2025-11-16,79.0,Paid
INV0010389,CUST01432,SUB01432,2025-12-01,2025-12-16,79.0,Paid
INV0010390,CUST01433,SUB01433,2025-12-04,2025-12-19,79.0,Paid
INV0010391,CUST01434,SUB01434,2024-10-24,2024-11-08,295.8,Paid
INV0010392,CUST01435,SUB01435,2025-05-02,2025-05-17,29.0,Paid
INV0010393,CUST01435,SUB01435,2025-06-02,2025-06-17,29.0,Paid
INV0010394,CUST01435,SUB01435,2025-07-02,2025-07-17,29.0,Paid
INV0010395,CUST01435,SUB01435,2025-08-02,2025-08-17,29.0,Paid
INV0010396,CUST01435,SUB01435,2025-09-02,2025-09-17,29.0,Paid
INV0010397,CUST01435,SUB01435,2025-10-02,2025-10-17,29.0,Paid
INV0010398,CUST01435,SUB01435,2025-11-02,2025-11-17,29.0,Overdue
INV0010399,CUST01435,SUB01435,2025-12-02,2025-12-17,29.0,Paid
INV0010400,CUST01436,SUB01436,2025-11-19,2025-12-04,295.8,Paid
INV0010401,CUST01437,SUB01437,2024-05-02,2024-05-17,79.0,Paid
INV0010402,CUST01437,SUB01437,2024-06-02,2024-06-17,79.0,Paid
INV0010403,CUST01437,SUB01437,2024-07-02,2024-07-17,79.0,Paid
INV0010404,CUST01437,SUB01437,2024-08-02,2024-08-17,79.0,Paid
INV0010405,CUST01437,SUB01437,2024-09-02,2024-09-17,79.0,Paid
INV0010406,CUST01437,SUB01437,2024-10-02,2024-10-17,79.0,Paid
INV0010407,CUST01437,SUB01437,2024-11-02,2024-11-17,79.0,Paid
INV0010408,CUST01437,SUB01437,2024-12-02,2024-12-17,79.0,Paid
INV0010409,CUST01437,SUB01437,2025-01-02,2025-01-17,79.0,Paid
INV0010410,CUST01437,SUB01437,2025-02-02,2025-02-17,79.0,Overdue
INV0010411,CUST01437,SUB01437,2025-03-02,2025-03-17,79.0,Paid
INV0010412,CUST01437,SUB01437,2025-04-02,2025-04-17,79.0,Paid
INV0010413,CUST01437,SUB01437,2025-05-02,2025-05-17,79.0,Paid
INV0010414,CUST01437,SUB01437,2025-06-02,2025-06-17,79.0,Paid
INV0010415,CUST01437,SUB01437,2025-07-02,2025-07-17,79.0,Paid
INV0010416,CUST01437,SUB01437,2025-08-02,2025-08-17,79.0,Paid
INV0010417,CUST01437,SUB01437,2025-09-02,2025-09-17,79.0,Paid
INV0010418,CUST01437,SUB01437,2025-10-02,2025-10-17,79.0,Paid
INV0010419,CUST01438,SUB01438,2024-06-21,2024-07-06,79.0,Paid
INV0010420,CUST01438,SUB01438,2024-07-21,2024-08-05,79.0,Paid
INV0010421,CUST01438,SUB01438,2024-08-21,2024-09-05,79.0,Paid
INV0010422,CUST01438,SUB01438,2024-09-21,2024-10-06,79.0,Paid
INV0010423,CUST01438,SUB01438,2024-10-21,2024-11-05,79.0,Paid
INV0010424,CUST01438,SUB01438,2024-11-21,2024-12-06,79.0,Paid
INV0010425,CUST01438,SUB01438,2024-12-21,2025-01-05,79.0,Paid
INV0010426,CUST01438,SUB01438,2025-01-21,2025-02-05,79.0,Paid
INV0010427,CUST01438,SUB01438,2025-02-21,2025-03-08,79.0,Paid
INV0010428,CUST01438,SUB01438,2025-03-21,2025-04-05,79.0,Paid
INV0010429,CUST01438,SUB01438,2025-04-21,2025-05-06,79.0,Paid
INV0010430,CUST01438,SUB01438,2025-05-21,2025-06-05,79.0,Paid
INV0010431,CUST01439,SUB01439,2024-05-05,2024-05-20,29.0,Paid
INV0010432,CUST01439,SUB01439,2024-06-05,2024-06-20,29.0,Paid
INV0010433,CUST01439,SUB01439,2024-07-05,2024-07-20,29.0,Paid
INV0010434,CUST01439,SUB01439,2024-08-05,2024-08-20,29.0,Paid
INV0010435,CUST01439,SUB01439,2024-09-05,2024-09-20,29.0,Paid
INV0010436,CUST01439,SUB01439,2024-10-05,2024-10-20,29.0,Paid
INV0010437,CUST01439,SUB01439,2024-11-05,2024-11-20,29.0,Paid
INV0010438,CUST01439,SUB01439,2024-12-05,2024-12-20,29.0,Paid
INV0010439,CUST01439,SUB01439,2025-01-05,2025-01-20,29.0,Paid
INV0010440,CUST01439,SUB01439,2025-02-05,2025-02-20,29.0,Paid
INV0010441,CUST01439,SUB01439,2025-03-05,2025-03-20,29.0,Paid
INV0010442,CUST01439,SUB01439,2025-04-05,2025-04-20,29.0,Paid
INV0010443,CUST01439,SUB01439,2025-05-05,2025-05-20,29.0,Pending
INV0010444,CUST01439,SUB01439,2025-06-05,2025-06-20,29.0,Paid
INV0010445,CUST01439,SUB01439,2025-07-05,2025-07-20,29.0,Paid
INV0010446,CUST01439,SUB01439,2025-08-05,2025-08-20,29.0,Paid
INV0010447,CUST01439,SUB01439,2025-09-05,2025-09-20,29.0,Paid
INV0010448,CUST01439,SUB01439,2025-10-05,2025-10-20,29.0,Paid
INV0010449,CUST01440,SUB01440,2025-12-31,2026-01-15,79.0,Paid
INV0010450,CUST01441,SUB01441,2024-12-30,2025-01-14,2029.8,Overdue
INV0010451,CUST01441,SUB01441,2025-12-30,2026-01-14,2029.8,Overdue
INV0010452,CUST01442,SUB01442,2025-06-07,2025-06-22,199.0,Overdue
INV0010453,CUST01442,SUB01442,2025-07-07,2025-07-22,199.0,Paid
INV0010454,CUST01442,SUB01442,2025-08-07,2025-08-22,199.0,Paid
INV0010455,CUST01442,SUB01442,2025-09-07,2025-09-22,199.0,Paid
INV0010456,CUST01442,SUB01442,2025-10-07,2025-10-22,199.0,Paid
INV0010457,CUST01442,SUB01442,2025-11-07,2025-11-22,199.0,Paid
INV0010458,CUST01442,SUB01442,2025-12-07,2025-12-22,199.0,Paid
INV0010459,CUST01443,SUB01443,2024-09-13,2024-09-28,29.0,Paid
INV0010460,CUST01443,SUB01443,2024-10-13,2024-10-28,29.0,Paid
INV0010461,CUST01443,SUB01443,2024-11-13,2024-11-28,29.0,Paid
INV0010462,CUST01443,SUB01443,2024-12-13,2024-12-28,29.0,Paid
INV0010463,CUST01443,SUB01443,2025-01-13,2025-01-28,29.0,Paid
INV0010464,CUST01443,SUB01443,2025-02-13,2025-02-28,29.0,Paid
INV0010465,CUST01443,SUB01443,2025-03-13,2025-03-28,29.0,Paid
INV0010466,CUST01443,SUB01443,2025-04-13,2025-04-28,79.0,Paid
INV0010467,CUST01443,SUB01443,2025-05-13,2025-05-28,79.0,Paid
INV0010468,CUST01443,SUB01443,2025-06-13,2025-06-28,79.0,Paid
INV0010469,CUST01443,SUB01443,2025-07-13,2025-07-28,79.0,Paid
INV0010470,CUST01443,SUB01443,2025-08-13,2025-08-28,79.0,Paid
INV0010471,CUST01444,SUB01444,2024-01-31,2024-02-15,805.8,Paid
INV0010472,CUST01445,SUB01445,2025-11-25,2025-12-10,805.8,Paid
INV0010473,CUST01446,SUB01446,2024-06-05,2024-06-20,79.0,Paid
INV0010474,CUST01446,SUB01446,2024-07-05,2024-07-20,79.0,Paid
INV0010475,CUST01446,SUB01446,2024-08-05,2024-08-20,79.0,Overdue
INV0010476,CUST01446,SUB01446,2024-09-05,2024-09-20,79.0,Paid
INV0010477,CUST01446,SUB01446,2024-10-05,2024-10-20,79.0,Paid
INV0010478,CUST01446,SUB01446,2024-11-05,2024-11-20,79.0,Paid
INV0010479,CUST01446,SUB01446,2024-12-05,2024-12-20,79.0,Paid
INV0010480,CUST01446,SUB01446,2025-01-05,2025-01-20,79.0,Overdue
INV0010481,CUST01446,SUB01446,2025-02-05,2025-02-20,79.0,Paid
INV0010482,CUST01446,SUB01446,2025-03-05,2025-03-20,79.0,Paid
INV0010483,CUST01446,SUB01446,2025-04-05,2025-04-20,79.0,Paid
INV0010484,CUST01446,SUB01446,2025-05-05,2025-05-20,79.0,Overdue
INV0010485,CUST01446,SUB01446,2025-06-05,2025-06-20,79.0,Paid
INV0010486,CUST01446,SUB01446,2025-07-05,2025-07-20,79.0,Paid
INV0010487,CUST01446,SUB01446,2025-08-05,2025-08-20,79.0,Paid
INV0010488,CUST01446,SUB01446,2025-09-05,2025-09-20,79.0,Overdue
INV0010489,CUST01446,SUB01446,2025-10-05,2025-10-20,79.0,Paid
INV0010490,CUST01446,SUB01446,2025-11-05,2025-11-20,79.0,Paid
INV0010491,CUST01446,SUB01446,2025-12-05,2025-12-20,79.0,Paid
INV0010492,CUST01447,SUB01447,2025-11-07,2025-11-22,29.0,Paid
INV0010493,CUST01447,SUB01447,2025-12-07,2025-12-22,29.0,Paid
INV0010494,CUST01448,SUB01448,2024-07-25,2024-08-09,295.8,Paid
INV0010495,CUST01449,SUB01449,2025-07-09,2025-07-24,29.0,Paid
INV0010496,CUST01449,SUB01449,2025-08-09,2025-08-24,29.0,Paid
INV0010497,CUST01449,SUB01449,2025-09-09,2025-09-24,29.0,Paid
INV0010498,CUST01449,SUB01449,2025-10-09,2025-10-24,29.0,Paid
INV0010499,CUST01449,SUB01449,2025-11-09,2025-11-24,29.0,Paid
INV0010500,CUST01449,SUB01449,2025-12-09,2025-12-24,29.0,Paid
INV0010501,CUST01450,SUB01450,2024-02-02,2024-02-17,29.0,Paid
INV0010502,CUST01450,SUB01450,2024-03-02,2024-03-17,29.0,Paid
INV0010503,CUST01450,SUB01450,2024-04-02,2024-04-17,29.0,Overdue
INV0010504,CUST01450,SUB01450,2024-05-02,2024-05-17,29.0,Paid
INV0010505,CUST01450,SUB01450,2024-06-02,2024-06-17,29.0,Paid
INV0010506,CUST01450,SUB01450,2024-07-02,2024-07-17,29.0,Paid
INV0010507,CUST01450,SUB01450,2024-08-02,2024-08-17,29.0,Paid
INV0010508,CUST01450,SUB01450,2024-09-02,2024-09-17,29.0,Paid
INV0010509,CUST01450,SUB01450,2024-10-02,2024-10-17,29.0,Paid
INV0010510,CUST01450,SUB01450,2024-11-02,2024-11-17,29.0,Paid
INV0010511,CUST01450,SUB01450,2024-12-02,2024-12-17,29.0,Paid
INV0010512,CUST01450,SUB01450,2025-01-02,2025-01-17,29.0,Paid
INV0010513,CUST01451,SUB01451,2025-01-20,2025-02-04,29.0,Paid
INV0010514,CUST01451,SUB01451,2025-02-20,2025-03-07,29.0,Paid
INV0010515,CUST01451,SUB01451,2025-03-20,2025-04-04,29.0,Paid
INV0010516,CUST01451,SUB01451,2025-04-20,2025-05-05,29.0,Paid
INV0010517,CUST01451,SUB01451,2025-05-20,2025-06-04,29.0,Paid
INV0010518,CUST01451,SUB01451,2025-06-20,2025-07-05,29.0,Paid
INV0010519,CUST01451,SUB01451,2025-07-20,2025-08-04,29.0,Paid
INV0010520,CUST01451,SUB01451,2025-08-20,2025-09-04,29.0,Paid
INV0010521,CUST01451,SUB01451,2025-09-20,2025-10-05,29.0,Pending
INV0010522,CUST01451,SUB01451,2025-10-20,2025-11-04,29.0,Paid
INV0010523,CUST01451,SUB01451,2025-11-20,2025-12-05,29.0,Paid
INV0010524,CUST01451,SUB01451,2025-12-20,2026-01-04,29.0,Paid
INV0010525,CUST01452,SUB01452,2025-12-24,2026-01-08,79.0,Overdue
INV0010526,CUST01453,SUB01453,2025-05-14,2025-05-29,79.0,Paid
INV0010527,CUST01453,SUB01453,2025-06-14,2025-06-29,79.0,Paid
INV0010528,CUST01453,SUB01453,2025-07-14,2025-07-29,79.0,Overdue
INV0010529,CUST01453,SUB01453,2025-08-14,2025-08-29,79.0,Paid
INV0010530,CUST01453,SUB01453,2025-09-14,2025-09-29,79.0,Paid
INV0010531,CUST01453,SUB01453,2025-10-14,2025-10-29,79.0,Paid
INV0010532,CUST01453,SUB01453,2025-11-14,2025-11-29,79.0,Paid
INV0010533,CUST01453,SUB01453,2025-12-14,2025-12-29,79.0,Paid
INV0010534,CUST01454,SUB01454,2025-05-02,2025-05-17,79.0,Paid
INV0010535,CUST01454,SUB01454,2025-06-02,2025-06-17,79.0,Paid
INV0010536,CUST01454,SUB01454,2025-07-02,2025-07-17,79.0,Paid
INV0010537,CUST01454,SUB01454,2025-08-02,2025-08-17,79.0,Paid
INV0010538,CUST01454,SUB01454,2025-09-02,2025-09-17,79.0,Paid
INV0010539,CUST01454,SUB01454,2025-10-02,2025-10-17,79.0,Paid
INV0010540,CUST01454,SUB01454,2025-11-02,2025-11-17,79.0,Paid
INV0010541,CUST01454,SUB01454,2025-12-02,2025-12-17,79.0,Paid
INV0010542,CUST01455,SUB01455,2024-09-26,2024-10-11,295.8,Paid
INV0010543,CUST01456,SUB01456,2024-10-18,2024-11-02,79.0,Paid
INV0010544,CUST01456,SUB01456,2024-11-18,2024-12-03,79.0,Paid
INV0010545,CUST01456,SUB01456,2024-12-18,2025-01-02,79.0,Paid
INV0010546,CUST01456,SUB01456,2025-01-18,2025-02-02,79.0,Paid
INV0010547,CUST01456,SUB01456,2025-02-18,2025-03-05,79.0,Paid
INV0010548,CUST01456,SUB01456,2025-03-18,2025-04-02,79.0,Overdue
INV0010549,CUST01456,SUB01456,2025-04-18,2025-05-03,79.0,Paid
INV0010550,CUST01456,SUB01456,2025-05-18,2025-06-02,79.0,Paid
INV0010551,CUST01456,SUB01456,2025-06-18,2025-07-03,79.0,Paid
INV0010552,CUST01456,SUB01456,2025-07-18,2025-08-02,79.0,Overdue
INV0010553,CUST01456,SUB01456,2025-08-18,2025-09-02,79.0,Paid
INV0010554,CUST01456,SUB01456,2025-09-18,2025-10-03,79.0,Paid
INV0010555,CUST01456,SUB01456,2025-10-18,2025-11-02,79.0,Paid
INV0010556,CUST01456,SUB01456,2025-11-18,2025-12-03,79.0,Paid
INV0010557,CUST01456,SUB01456,2025-12-18,2026-01-02,79.0,Paid
INV0010558,CUST01457,SUB01457,2025-01-10,2025-01-25,805.8,Paid
INV0010559,CUST01458,SUB01458,2025-01-24,2025-02-08,79.0,Overdue
INV0010560,CUST01458,SUB01458,2025-02-24,2025-03-11,79.0,Paid
INV0010561,CUST01458,SUB01458,2025-03-24,2025-04-08,79.0,Paid
INV0010562,CUST01458,SUB01458,2025-04-24,2025-05-09,79.0,Paid
INV0010563,CUST01458,SUB01458,2025-05-24,2025-06-08,79.0,Paid
INV0010564,CUST01458,SUB01458,2025-06-24,2025-07-09,79.0,Paid
INV0010565,CUST01458,SUB01458,2025-07-24,2025-08-08,79.0,Paid
INV0010566,CUST01458,SUB01458,2025-08-24,2025-09-08,79.0,Paid
INV0010567,CUST01458,SUB01458,2025-09-24,2025-10-09,79.0,Paid
INV0010568,CUST01458,SUB01458,2025-10-24,2025-11-08,79.0,Paid
INV0010569,CUST01458,SUB01458,2025-11-24,2025-12-09,79.0,Paid
INV0010570,CUST01458,SUB01458,2025-12-24,2026-01-08,79.0,Paid
INV0010571,CUST01459,SUB01459,2024-12-25,2025-01-09,29.0,Paid
INV0010572,CUST01459,SUB01459,2025-01-25,2025-02-09,29.0,Overdue
INV0010573,CUST01459,SUB01459,2025-02-25,2025-03-12,29.0,Paid
INV0010574,CUST01459,SUB01459,2025-03-25,2025-04-09,29.0,Paid
INV0010575,CUST01459,SUB01459,2025-04-25,2025-05-10,29.0,Paid
INV0010576,CUST01459,SUB01459,2025-05-25,2025-06-09,29.0,Paid
INV0010577,CUST01459,SUB01459,2025-06-25,2025-07-10,29.0,Paid
INV0010578,CUST01459,SUB01459,2025-07-25,2025-08-09,29.0,Paid
INV0010579,CUST01459,SUB01459,2025-08-25,2025-09-09,29.0,Paid
INV0010580,CUST01459,SUB01459,2025-09-25,2025-10-10,29.0,Paid
INV0010581,CUST01459,SUB01459,2025-10-25,2025-11-09,29.0,Paid
INV0010582,CUST01459,SUB01459,2025-11-25,2025-12-10,29.0,Paid
INV0010583,CUST01459,SUB01459,2025-12-25,2026-01-09,29.0,Paid
INV0010584,CUST01460,SUB01460,2025-08-29,2025-09-13,79.0,Paid
INV0010585,CUST01460,SUB01460,2025-09-29,2025-10-14,79.0,Paid
INV0010586,CUST01460,SUB01460,2025-10-29,2025-11-13,79.0,Paid
INV0010587,CUST01460,SUB01460,2025-11-29,2025-12-14,79.0,Paid
INV0010588,CUST01460,SUB01460,2025-12-29,2026-01-13,79.0,Paid
INV0010589,CUST01461,SUB01461,2024-04-27,2024-05-12,29.0,Paid
INV0010590,CUST01461,SUB01461,2024-05-27,2024-06-11,29.0,Paid
INV0010591,CUST01461,SUB01461,2024-06-27,2024-07-12,29.0,Paid
INV0010592,CUST01461,SUB01461,2024-07-27,2024-08-11,29.0,Paid
INV0010593,CUST01461,SUB01461,2024-08-27,2024-09-11,29.0,Paid
INV0010594,CUST01461,SUB01461,2024-09-27,2024-10-12,29.0,Paid
INV0010595,CUST01461,SUB01461,2024-10-27,2024-11-11,29.0,Paid
INV0010596,CUST01461,SUB01461,2024-11-27,2024-12-12,79.0,Paid
INV0010597,CUST01461,SUB01461,2024-12-27,2025-01-11,79.0,Paid
INV0010598,CUST01461,SUB01461,2025-01-27,2025-02-11,79.0,Paid
INV0010599,CUST01461,SUB01461,2025-02-27,2025-03-14,79.0,Paid
INV0010600,CUST01461,SUB01461,2025-03-27,2025-04-11,79.0,Paid
INV0010601,CUST01461,SUB01461,2025-04-27,2025-05-12,79.0,Paid
INV0010602,CUST01461,SUB01461,2025-05-27,2025-06-11,79.0,Paid
INV0010603,CUST01461,SUB01461,2025-06-27,2025-07-12,79.0,Paid
INV0010604,CUST01461,SUB01461,2025-07-27,2025-08-11,79.0,Paid
INV0010605,CUST01461,SUB01461,2025-08-27,2025-09-11,79.0,Paid
INV0010606,CUST01461,SUB01461,2025-09-27,2025-10-12,79.0,Paid
INV0010607,CUST01462,SUB01462,2025-04-16,2025-05-01,29.0,Paid
INV0010608,CUST01462,SUB01462,2025-05-16,2025-05-31,29.0,Paid
INV0010609,CUST01462,SUB01462,2025-06-16,2025-07-01,29.0,Paid
INV0010610,CUST01462,SUB01462,2025-07-16,2025-07-31,29.0,Paid
INV0010611,CUST01462,SUB01462,2025-08-16,2025-08-31,29.0,Paid
INV0010612,CUST01462,SUB01462,2025-09-16,2025-10-01,29.0,Paid
INV0010613,CUST01462,SUB01462,2025-10-16,2025-10-31,29.0,Paid
INV0010614,CUST01462,SUB01462,2025-11-16,2025-12-01,29.0,Paid
INV0010615,CUST01462,SUB01462,2025-12-16,2025-12-31,29.0,Pending
INV0010616,CUST01463,SUB01463,2024-09-30,2024-10-15,79.0,Paid
INV0010617,CUST01463,SUB01463,2024-10-30,2024-11-14,79.0,Paid
INV0010618,CUST01463,SUB01463,2024-11-30,2024-12-15,79.0,Paid
INV0010619,CUST01463,SUB01463,2024-12-30,2025-01-14,79.0,Paid
INV0010620,CUST01463,SUB01463,2025-01-30,2025-02-14,79.0,Paid
INV0010621,CUST01463,SUB01463,2025-02-28,2025-03-15,79.0,Paid
INV0010622,CUST01463,SUB01463,2025-03-28,2025-04-12,79.0,Paid
INV0010623,CUST01463,SUB01463,2025-04-28,2025-05-13,79.0,Paid
INV0010624,CUST01463,SUB01463,2025-05-28,2025-06-12,79.0,Paid
INV0010625,CUST01463,SUB01463,2025-06-28,2025-07-13,79.0,Paid
INV0010626,CUST01463,SUB01463,2025-07-28,2025-08-12,79.0,Paid
INV0010627,CUST01463,SUB01463,2025-08-28,2025-09-12,79.0,Paid
INV0010628,CUST01464,SUB01464,2025-01-21,2025-02-05,79.0,Paid
INV0010629,CUST01464,SUB01464,2025-02-21,2025-03-08,79.0,Paid
INV0010630,CUST01464,SUB01464,2025-03-21,2025-04-05,79.0,Paid
INV0010631,CUST01464,SUB01464,2025-04-21,2025-05-06,79.0,Overdue
INV0010632,CUST01464,SUB01464,2025-05-21,2025-06-05,79.0,Overdue
INV0010633,CUST01464,SUB01464,2025-06-21,2025-07-06,79.0,Paid
INV0010634,CUST01464,SUB01464,2025-07-21,2025-08-05,79.0,Paid
INV0010635,CUST01464,SUB01464,2025-08-21,2025-09-05,79.0,Paid
INV0010636,CUST01464,SUB01464,2025-09-21,2025-10-06,79.0,Paid
INV0010637,CUST01464,SUB01464,2025-10-21,2025-11-05,79.0,Paid
INV0010638,CUST01464,SUB01464,2025-11-21,2025-12-06,79.0,Paid
INV0010639,CUST01464,SUB01464,2025-12-21,2026-01-05,79.0,Paid
INV0010640,CUST01465,SUB01465,2024-04-12,2024-04-27,79.0,Paid
INV0010641,CUST01465,SUB01465,2024-05-12,2024-05-27,79.0,Paid
INV0010642,CUST01465,SUB01465,2024-06-12,2024-06-27,79.0,Paid
INV0010643,CUST01465,SUB01465,2024-07-12,2024-07-27,79.0,Paid
INV0010644,CUST01465,SUB01465,2024-08-12,2024-08-27,79.0,Paid
INV0010645,CUST01465,SUB01465,2024-09-12,2024-09-27,79.0,Paid
INV0010646,CUST01465,SUB01465,2024-10-12,2024-10-27,79.0,Paid
INV0010647,CUST01465,SUB01465,2024-11-12,2024-11-27,79.0,Paid
INV0010648,CUST01465,SUB01465,2024-12-12,2024-12-27,79.0,Paid
INV0010649,CUST01465,SUB01465,2025-01-12,2025-01-27,79.0,Paid
INV0010650,CUST01465,SUB01465,2025-02-12,2025-02-27,79.0,Paid
INV0010651,CUST01465,SUB01465,2025-03-12,2025-03-27,79.0,Paid
INV0010652,CUST01466,SUB01466,2024-06-19,2024-07-04,29.0,Paid
INV0010653,CUST01466,SUB01466,2024-07-19,2024-08-03,29.0,Paid
INV0010654,CUST01466,SUB01466,2024-08-19,2024-09-03,29.0,Paid
INV0010655,CUST01466,SUB01466,2024-09-19,2024-10-04,29.0,Paid
INV0010656,CUST01466,SUB01466,2024-10-19,2024-11-03,29.0,Paid
INV0010657,CUST01466,SUB01466,2024-11-19,2024-12-04,29.0,Paid
INV0010658,CUST01466,SUB01466,2024-12-19,2025-01-03,29.0,Paid
INV0010659,CUST01466,SUB01466,2025-01-19,2025-02-03,29.0,Paid
INV0010660,CUST01466,SUB01466,2025-02-19,2025-03-06,29.0,Paid
INV0010661,CUST01466,SUB01466,2025-03-19,2025-04-03,29.0,Paid
INV0010662,CUST01466,SUB01466,2025-04-19,2025-05-04,29.0,Paid
INV0010663,CUST01466,SUB01466,2025-05-19,2025-06-03,29.0,Paid
INV0010664,CUST01466,SUB01466,2025-06-19,2025-07-04,29.0,Paid
INV0010665,CUST01466,SUB01466,2025-07-19,2025-08-03,29.0,Paid
INV0010666,CUST01466,SUB01466,2025-08-19,2025-09-03,29.0,Paid
INV0010667,CUST01466,SUB01466,2025-09-19,2025-10-04,29.0,Paid
INV0010668,CUST01466,SUB01466,2025-10-19,2025-11-03,29.0,Paid
INV0010669,CUST01466,SUB01466,2025-11-19,2025-12-04,29.0,Paid
INV0010670,CUST01467,SUB01467,2025-05-23,2025-06-07,199.0,Paid
INV0010671,CUST01467,SUB01467,2025-06-23,2025-07-08,199.0,Paid
INV0010672,CUST01467,SUB01467,2025-07-23,2025-08-07,199.0,Paid
INV0010673,CUST01467,SUB01467,2025-08-23,2025-09-07,199.0,Paid
INV0010674,CUST01467,SUB01467,2025-09-23,2025-10-08,199.0,Paid
INV0010675,CUST01467,SUB01467,2025-10-23,2025-11-07,199.0,Pending
INV0010676,CUST01467,SUB01467,2025-11-23,2025-12-08,199.0,Paid
INV0010677,CUST01467,SUB01467,2025-12-23,2026-01-07,199.0,Paid
INV0010678,CUST01468,SUB01468,2024-10-21,2024-11-05,805.8,Paid
INV0010679,CUST01469,SUB01469,2024-08-19,2024-09-03,79.0,Paid
INV0010680,CUST01469,SUB01469,2024-09-19,2024-10-04,79.0,Paid
INV0010681,CUST01469,SUB01469,2024-10-19,2024-11-03,79.0,Paid
INV0010682,CUST01469,SUB01469,2024-11-19,2024-12-04,79.0,Paid
INV0010683,CUST01469,SUB01469,2024-12-19,2025-01-03,79.0,Paid
INV0010684,CUST01469,SUB01469,2025-01-19,2025-02-03,79.0,Paid
INV0010685,CUST01469,SUB01469,2025-02-19,2025-03-06,79.0,Paid
INV0010686,CUST01469,SUB01469,2025-03-19,2025-04-03,79.0,Paid
INV0010687,CUST01469,SUB01469,2025-04-19,2025-05-04,79.0,Paid
INV0010688,CUST01469,SUB01469,2025-05-19,2025-06-03,79.0,Paid
INV0010689,CUST01469,SUB01469,2025-06-19,2025-07-04,79.0,Paid
INV0010690,CUST01469,SUB01469,2025-07-19,2025-08-03,79.0,Paid
INV0010691,CUST01469,SUB01469,2025-08-19,2025-09-03,79.0,Paid
INV0010692,CUST01469,SUB01469,2025-09-19,2025-10-04,79.0,Paid
INV0010693,CUST01469,SUB01469,2025-10-19,2025-11-03,79.0,Overdue
INV0010694,CUST01469,SUB01469,2025-11-19,2025-12-04,79.0,Paid
INV0010695,CUST01469,SUB01469,2025-12-19,2026-01-03,79.0,Paid
INV0010696,CUST01470,SUB01470,2025-08-29,2025-09-13,29.0,Paid
INV0010697,CUST01470,SUB01470,2025-09-29,2025-10-14,29.0,Pending
INV0010698,CUST01470,SUB01470,2025-10-29,2025-11-13,29.0,Paid
INV0010699,CUST01470,SUB01470,2025-11-29,2025-12-14,29.0,Pending
INV0010700,CUST01470,SUB01470,2025-12-29,2026-01-13,29.0,Paid
INV0010701,CUST01471,SUB01471,2025-03-13,2025-03-28,79.0,Paid
INV0010702,CUST01471,SUB01471,2025-04-13,2025-04-28,79.0,Pending
INV0010703,CUST01471,SUB01471,2025-05-13,2025-05-28,79.0,Paid
INV0010704,CUST01471,SUB01471,2025-06-13,2025-06-28,79.0,Paid
INV0010705,CUST01471,SUB01471,2025-07-13,2025-07-28,79.0,Paid
INV0010706,CUST01471,SUB01471,2025-08-13,2025-08-28,79.0,Paid
INV0010707,CUST01471,SUB01471,2025-09-13,2025-09-28,79.0,Paid
INV0010708,CUST01471,SUB01471,2025-10-13,2025-10-28,79.0,Paid
INV0010709,CUST01471,SUB01471,2025-11-13,2025-11-28,79.0,Paid
INV0010710,CUST01471,SUB01471,2025-12-13,2025-12-28,79.0,Paid
INV0010711,CUST01472,SUB01472,2025-05-31,2025-06-15,29.0,Paid
INV0010712,CUST01472,SUB01472,2025-06-30,2025-07-15,29.0,Paid
INV0010713,CUST01472,SUB01472,2025-07-30,2025-08-14,29.0,Paid
INV0010714,CUST01472,SUB01472,2025-08-30,2025-09-14,29.0,Paid
INV0010715,CUST01472,SUB01472,2025-09-30,2025-10-15,29.0,Paid
INV0010716,CUST01472,SUB01472,2025-10-30,2025-11-14,29.0,Paid
INV0010717,CUST01472,SUB01472,2025-11-30,2025-12-15,29.0,Paid
INV0010718,CUST01472,SUB01472,2025-12-30,2026-01-14,29.0,Paid
INV0010719,CUST01473,SUB01473,2024-07-23,2024-08-07,199.0,Paid
INV0010720,CUST01473,SUB01473,2024-08-23,2024-09-07,199.0,Paid
INV0010721,CUST01473,SUB01473,2024-09-23,2024-10-08,199.0,Paid
INV0010722,CUST01474,SUB01474,2025-11-18,2025-12-03,295.8,Paid
INV0010723,CUST01475,SUB01475,2025-08-13,2025-08-28,199.0,Paid
INV0010724,CUST01475,SUB01475,2025-09-13,2025-09-28,199.0,Paid
INV0010725,CUST01475,SUB01475,2025-10-13,2025-10-28,199.0,Paid
INV0010726,CUST01475,SUB01475,2025-11-13,2025-11-28,199.0,Paid
INV0010727,CUST01475,SUB01475,2025-12-13,2025-12-28,199.0,Paid
INV0010728,CUST01476,SUB01476,2024-10-01,2024-10-16,199.0,Paid
INV0010729,CUST01476,SUB01476,2024-11-01,2024-11-16,199.0,Paid
INV0010730,CUST01476,SUB01476,2024-12-01,2024-12-16,199.0,Paid
INV0010731,CUST01477,SUB01477,2025-08-02,2025-08-17,805.8,Paid
INV0010732,CUST01478,SUB01478,2025-04-18,2025-05-03,29.0,Paid
INV0010733,CUST01478,SUB01478,2025-05-18,2025-06-02,29.0,Paid
INV0010734,CUST01478,SUB01478,2025-06-18,2025-07-03,29.0,Paid
INV0010735,CUST01479,SUB01479,2025-03-21,2025-04-05,79.0,Paid
INV0010736,CUST01479,SUB01479,2025-04-21,2025-05-06,79.0,Paid
INV0010737,CUST01479,SUB01479,2025-05-21,2025-06-05,79.0,Paid
INV0010738,CUST01479,SUB01479,2025-06-21,2025-07-06,79.0,Paid
INV0010739,CUST01479,SUB01479,2025-07-21,2025-08-05,79.0,Paid
INV0010740,CUST01479,SUB01479,2025-08-21,2025-09-05,79.0,Paid
INV0010741,CUST01479,SUB01479,2025-09-21,2025-10-06,79.0,Paid
INV0010742,CUST01479,SUB01479,2025-10-21,2025-11-05,79.0,Paid
INV0010743,CUST01479,SUB01479,2025-11-21,2025-12-06,79.0,Paid
INV0010744,CUST01479,SUB01479,2025-12-21,2026-01-05,79.0,Paid
INV0010745,CUST01480,SUB01480,2025-10-11,2025-10-26,29.0,Paid
INV0010746,CUST01480,SUB01480,2025-11-11,2025-11-26,29.0,Paid
INV0010747,CUST01480,SUB01480,2025-12-11,2025-12-26,29.0,Paid
INV0010748,CUST01481,SUB01481,2025-10-23,2025-11-07,29.0,Paid
INV0010749,CUST01481,SUB01481,2025-11-23,2025-12-08,29.0,Pending
INV0010750,CUST01481,SUB01481,2025-12-23,2026-01-07,29.0,Paid
INV0010751,CUST01482,SUB01482,2024-09-01,2024-09-16,79.0,Paid
INV0010752,CUST01482,SUB01482,2024-10-01,2024-10-16,79.0,Paid
INV0010753,CUST01482,SUB01482,2024-11-01,2024-11-16,79.0,Paid
INV0010754,CUST01482,SUB01482,2024-12-01,2024-12-16,79.0,Paid
INV0010755,CUST01482,SUB01482,2025-01-01,2025-01-16,79.0,Paid
INV0010756,CUST01482,SUB01482,2025-02-01,2025-02-16,79.0,Paid
INV0010757,CUST01482,SUB01482,2025-03-01,2025-03-16,79.0,Paid
INV0010758,CUST01482,SUB01482,2025-04-01,2025-04-16,79.0,Paid
INV0010759,CUST01482,SUB01482,2025-05-01,2025-05-16,79.0,Paid
INV0010760,CUST01482,SUB01482,2025-06-01,2025-06-16,79.0,Paid
INV0010761,CUST01482,SUB01482,2025-07-01,2025-07-16,79.0,Paid
INV0010762,CUST01482,SUB01482,2025-08-01,2025-08-16,79.0,Paid
INV0010763,CUST01483,SUB01483,2025-04-20,2025-05-05,79.0,Paid
INV0010764,CUST01483,SUB01483,2025-05-20,2025-06-04,79.0,Paid
INV0010765,CUST01483,SUB01483,2025-06-20,2025-07-05,79.0,Paid
INV0010766,CUST01483,SUB01483,2025-07-20,2025-08-04,79.0,Paid
INV0010767,CUST01483,SUB01483,2025-08-20,2025-09-04,79.0,Paid
INV0010768,CUST01483,SUB01483,2025-09-20,2025-10-05,79.0,Paid
INV0010769,CUST01483,SUB01483,2025-10-20,2025-11-04,79.0,Paid
INV0010770,CUST01483,SUB01483,2025-11-20,2025-12-05,79.0,Paid
INV0010771,CUST01483,SUB01483,2025-12-20,2026-01-04,79.0,Paid
INV0010772,CUST01484,SUB01484,2024-07-25,2024-08-09,79.0,Paid
INV0010773,CUST01484,SUB01484,2024-08-25,2024-09-09,79.0,Paid
INV0010774,CUST01484,SUB01484,2024-09-25,2024-10-10,79.0,Paid
INV0010775,CUST01484,SUB01484,2024-10-25,2024-11-09,79.0,Paid
INV0010776,CUST01484,SUB01484,2024-11-25,2024-12-10,79.0,Paid
INV0010777,CUST01484,SUB01484,2024-12-25,2025-01-09,79.0,Paid
INV0010778,CUST01484,SUB01484,2025-01-25,2025-02-09,79.0,Paid
INV0010779,CUST01484,SUB01484,2025-02-25,2025-03-12,79.0,Paid
INV0010780,CUST01484,SUB01484,2025-03-25,2025-04-09,79.0,Paid
INV0010781,CUST01484,SUB01484,2025-04-25,2025-05-10,79.0,Paid
INV0010782,CUST01484,SUB01484,2025-05-25,2025-06-09,79.0,Paid
INV0010783,CUST01484,SUB01484,2025-06-25,2025-07-10,79.0,Paid
INV0010784,CUST01484,SUB01484,2025-07-25,2025-08-09,79.0,Paid
INV0010785,CUST01484,SUB01484,2025-08-25,2025-09-09,79.0,Paid
INV0010786,CUST01484,SUB01484,2025-09-25,2025-10-10,79.0,Paid
INV0010787,CUST01484,SUB01484,2025-10-25,2025-11-09,79.0,Paid
INV0010788,CUST01484,SUB01484,2025-11-25,2025-12-10,79.0,Paid
INV0010789,CUST01484,SUB01484,2025-12-25,2026-01-09,79.0,Paid
INV0010790,CUST01485,SUB01485,2025-11-05,2025-11-20,79.0,Paid
INV0010791,CUST01485,SUB01485,2025-12-05,2025-12-20,79.0,Paid
INV0010792,CUST01486,SUB01486,2024-01-21,2024-02-05,79.0,Overdue
INV0010793,CUST01486,SUB01486,2024-02-21,2024-03-07,79.0,Paid
INV0010794,CUST01486,SUB01486,2024-03-21,2024-04-05,79.0,Paid
INV0010795,CUST01486,SUB01486,2024-04-21,2024-05-06,79.0,Paid
INV0010796,CUST01486,SUB01486,2024-05-21,2024-06-05,79.0,Overdue
INV0010797,CUST01486,SUB01486,2024-06-21,2024-07-06,79.0,Paid
INV0010798,CUST01487,SUB01487,2024-03-06,2024-03-21,805.8,Paid
INV0010799,CUST01488,SUB01488,2025-02-10,2025-02-25,79.0,Paid
INV0010800,CUST01488,SUB01488,2025-03-10,2025-03-25,79.0,Paid
INV0010801,CUST01488,SUB01488,2025-04-10,2025-04-25,79.0,Paid
INV0010802,CUST01488,SUB01488,2025-05-10,2025-05-25,79.0,Paid
INV0010803,CUST01488,SUB01488,2025-06-10,2025-06-25,79.0,Paid
INV0010804,CUST01488,SUB01488,2025-07-10,2025-07-25,79.0,Pending
INV0010805,CUST01488,SUB01488,2025-08-10,2025-08-25,79.0,Paid
INV0010806,CUST01488,SUB01488,2025-09-10,2025-09-25,79.0,Paid
INV0010807,CUST01488,SUB01488,2025-10-10,2025-10-25,79.0,Paid
INV0010808,CUST01488,SUB01488,2025-11-10,2025-11-25,79.0,Paid
INV0010809,CUST01488,SUB01488,2025-12-10,2025-12-25,79.0,Paid
INV0010810,CUST01489,SUB01489,2024-04-24,2024-05-09,805.8,Paid
INV0010811,CUST01489,SUB01489,2025-04-24,2025-05-09,805.8,Paid
INV0010812,CUST01490,SUB01490,2025-05-23,2025-06-07,2029.8,Paid
INV0010813,CUST01491,SUB01491,2024-12-03,2024-12-18,79.0,Paid
INV0010814,CUST01491,SUB01491,2025-01-03,2025-01-18,79.0,Paid
INV0010815,CUST01491,SUB01491,2025-02-03,2025-02-18,79.0,Paid
INV0010816,CUST01492,SUB01492,2025-03-09,2025-03-24,29.0,Paid
INV0010817,CUST01492,SUB01492,2025-04-09,2025-04-24,29.0,Overdue
INV0010818,CUST01492,SUB01492,2025-05-09,2025-05-24,29.0,Paid
INV0010819,CUST01492,SUB01492,2025-06-09,2025-06-24,29.0,Paid
INV0010820,CUST01492,SUB01492,2025-07-09,2025-07-24,29.0,Paid
INV0010821,CUST01492,SUB01492,2025-08-09,2025-08-24,29.0,Paid
INV0010822,CUST01492,SUB01492,2025-09-09,2025-09-24,29.0,Pending
INV0010823,CUST01492,SUB01492,2025-10-09,2025-10-24,29.0,Overdue
INV0010824,CUST01492,SUB01492,2025-11-09,2025-11-24,29.0,Paid
INV0010825,CUST01492,SUB01492,2025-12-09,2025-12-24,29.0,Paid
INV0010826,CUST01493,SUB01493,2025-03-26,2025-04-10,79.0,Pending
INV0010827,CUST01493,SUB01493,2025-04-26,2025-05-11,79.0,Paid
INV0010828,CUST01493,SUB01493,2025-05-26,2025-06-10,79.0,Pending
INV0010829,CUST01493,SUB01493,2025-06-26,2025-07-11,79.0,Paid
INV0010830,CUST01493,SUB01493,2025-07-26,2025-08-10,79.0,Paid
INV0010831,CUST01493,SUB01493,2025-08-26,2025-09-10,79.0,Paid
INV0010832,CUST01493,SUB01493,2025-09-26,2025-10-11,79.0,Overdue
INV0010833,CUST01493,SUB01493,2025-10-26,2025-11-10,79.0,Paid
INV0010834,CUST01493,SUB01493,2025-11-26,2025-12-11,79.0,Paid
INV0010835,CUST01493,SUB01493,2025-12-26,2026-01-10,79.0,Paid
INV0010836,CUST01494,SUB01494,2025-06-30,2025-07-15,805.8,Paid
INV0010837,CUST01495,SUB01495,2025-05-01,2025-05-16,79.0,Paid
INV0010838,CUST01495,SUB01495,2025-06-01,2025-06-16,79.0,Paid
INV0010839,CUST01495,SUB01495,2025-07-01,2025-07-16,79.0,Paid
INV0010840,CUST01496,SUB01496,2025-01-06,2025-01-21,79.0,Paid
INV0010841,CUST01496,SUB01496,2025-02-06,2025-02-21,79.0,Overdue
INV0010842,CUST01496,SUB01496,2025-03-06,2025-03-21,79.0,Paid
INV0010843,CUST01496,SUB01496,2025-04-06,2025-04-21,79.0,Paid
INV0010844,CUST01496,SUB01496,2025-05-06,2025-05-21,79.0,Paid
INV0010845,CUST01496,SUB01496,2025-06-06,2025-06-21,79.0,Paid
INV0010846,CUST01496,SUB01496,2025-07-06,2025-07-21,79.0,Paid
INV0010847,CUST01496,SUB01496,2025-08-06,2025-08-21,79.0,Paid
INV0010848,CUST01496,SUB01496,2025-09-06,2025-09-21,79.0,Paid
INV0010849,CUST01496,SUB01496,2025-10-06,2025-10-21,79.0,Paid
INV0010850,CUST01496,SUB01496,2025-11-06,2025-11-21,79.0,Paid
INV0010851,CUST01496,SUB01496,2025-12-06,2025-12-21,79.0,Paid
INV0010852,CUST01497,SUB01497,2025-10-22,2025-11-06,79.0,Paid
INV0010853,CUST01497,SUB01497,2025-11-22,2025-12-07,79.0,Paid
INV0010854,CUST01497,SUB01497,2025-12-22,2026-01-06,79.0,Paid
INV0010855,CUST01498,SUB01498,2025-12-08,2025-12-23,295.8,Paid
INV0010856,CUST01499,SUB01499,2024-11-12,2024-11-27,79.0,Paid
INV0010857,CUST01499,SUB01499,2024-12-12,2024-12-27,79.0,Paid
INV0010858,CUST01499,SUB01499,2025-01-12,2025-01-27,79.0,Paid
INV0010859,CUST01499,SUB01499,2025-02-12,2025-02-27,79.0,Paid
INV0010860,CUST01499,SUB01499,2025-03-12,2025-03-27,79.0,Paid
INV0010861,CUST01499,SUB01499,2025-04-12,2025-04-27,79.0,Paid
INV0010862,CUST01500,SUB01500,2025-07-01,2025-07-16,29.0,Paid
INV0010863,CUST01500,SUB01500,2025-08-01,2025-08-16,29.0,Paid
INV0010864,CUST01500,SUB01500,2025-09-01,2025-09-16,29.0,Paid
INV0010865,CUST01500,SUB01500,2025-10-01,2025-10-16,29.0,Paid
INV0010866,CUST01500,SUB01500,2025-11-01,2025-11-16,29.0,Pending
INV0010867,CUST01500,SUB01500,2025-12-01,2025-12-16,29.0,Paid
INV0010868,CUST01501,SUB01501,2025-02-06,2025-02-21,295.8,Overdue
INV0010869,CUST01502,SUB01502,2024-10-31,2024-11-15,29.0,Paid
INV0010870,CUST01502,SUB01502,2024-11-30,2024-12-15,29.0,Paid
INV0010871,CUST01502,SUB01502,2024-12-30,2025-01-14,29.0,Paid
INV0010872,CUST01502,SUB01502,2025-01-30,2025-02-14,29.0,Paid
INV0010873,CUST01502,SUB01502,2025-02-28,2025-03-15,29.0,Paid
INV0010874,CUST01502,SUB01502,2025-03-28,2025-04-12,29.0,Paid
INV0010875,CUST01502,SUB01502,2025-04-28,2025-05-13,29.0,Paid
INV0010876,CUST01502,SUB01502,2025-05-28,2025-06-12,29.0,Paid
INV0010877,CUST01502,SUB01502,2025-06-28,2025-07-13,29.0,Paid
INV0010878,CUST01502,SUB01502,2025-07-28,2025-08-12,29.0,Paid
INV0010879,CUST01502,SUB01502,2025-08-28,2025-09-12,29.0,Paid
INV0010880,CUST01502,SUB01502,2025-09-28,2025-10-13,29.0,Paid
INV0010881,CUST01503,SUB01503,2025-10-21,2025-11-05,199.0,Paid
INV0010882,CUST01503,SUB01503,2025-11-21,2025-12-06,199.0,Overdue
INV0010883,CUST01503,SUB01503,2025-12-21,2026-01-05,199.0,Paid
INV0010884,CUST01504,SUB01504,2025-05-18,2025-06-02,29.0,Paid
INV0010885,CUST01504,SUB01504,2025-06-18,2025-07-03,29.0,Paid
INV0010886,CUST01504,SUB01504,2025-07-18,2025-08-02,29.0,Paid
INV0010887,CUST01504,SUB01504,2025-08-18,2025-09-02,29.0,Pending
INV0010888,CUST01504,SUB01504,2025-09-18,2025-10-03,29.0,Paid
INV0010889,CUST01504,SUB01504,2025-10-18,2025-11-02,29.0,Paid
INV0010890,CUST01504,SUB01504,2025-11-18,2025-12-03,29.0,Paid
INV0010891,CUST01504,SUB01504,2025-12-18,2026-01-02,29.0,Paid
INV0010892,CUST01505,SUB01505,2025-03-08,2025-03-23,79.0,Paid
INV0010893,CUST01505,SUB01505,2025-04-08,2025-04-23,79.0,Paid
INV0010894,CUST01505,SUB01505,2025-05-08,2025-05-23,79.0,Paid
INV0010895,CUST01505,SUB01505,2025-06-08,2025-06-23,79.0,Paid
INV0010896,CUST01505,SUB01505,2025-07-08,2025-07-23,79.0,Paid
INV0010897,CUST01505,SUB01505,2025-08-08,2025-08-23,79.0,Paid
INV0010898,CUST01505,SUB01505,2025-09-08,2025-09-23,79.0,Paid
INV0010899,CUST01505,SUB01505,2025-10-08,2025-10-23,79.0,Paid
INV0010900,CUST01505,SUB01505,2025-11-08,2025-11-23,79.0,Paid
INV0010901,CUST01505,SUB01505,2025-12-08,2025-12-23,79.0,Paid
INV0010902,CUST01506,SUB01506,2025-12-16,2025-12-31,29.0,Paid
INV0010903,CUST01507,SUB01507,2025-04-09,2025-04-24,29.0,Paid
INV0010904,CUST01507,SUB01507,2025-05-09,2025-05-24,29.0,Paid
INV0010905,CUST01507,SUB01507,2025-06-09,2025-06-24,29.0,Paid
INV0010906,CUST01508,SUB01508,2025-10-07,2025-10-22,29.0,Paid
INV0010907,CUST01508,SUB01508,2025-11-07,2025-11-22,29.0,Paid
INV0010908,CUST01508,SUB01508,2025-12-07,2025-12-22,29.0,Paid
INV0010909,CUST01509,SUB01509,2024-07-23,2024-08-07,79.0,Paid
INV0010910,CUST01509,SUB01509,2024-08-23,2024-09-07,79.0,Paid
INV0010911,CUST01509,SUB01509,2024-09-23,2024-10-08,79.0,Paid
INV0010912,CUST01509,SUB01509,2024-10-23,2024-11-07,79.0,Paid
INV0010913,CUST01509,SUB01509,2024-11-23,2024-12-08,79.0,Overdue
INV0010914,CUST01509,SUB01509,2024-12-23,2025-01-07,79.0,Paid
INV0010915,CUST01509,SUB01509,2025-01-23,2025-02-07,79.0,Paid
INV0010916,CUST01509,SUB01509,2025-02-23,2025-03-10,79.0,Paid
INV0010917,CUST01509,SUB01509,2025-03-23,2025-04-07,79.0,Paid
INV0010918,CUST01509,SUB01509,2025-04-23,2025-05-08,79.0,Paid
INV0010919,CUST01509,SUB01509,2025-05-23,2025-06-07,79.0,Paid
INV0010920,CUST01509,SUB01509,2025-06-23,2025-07-08,79.0,Paid
INV0010921,CUST01509,SUB01509,2025-07-23,2025-08-07,79.0,Paid
INV0010922,CUST01509,SUB01509,2025-08-23,2025-09-07,79.0,Paid
INV0010923,CUST01509,SUB01509,2025-09-23,2025-10-08,79.0,Paid
INV0010924,CUST01509,SUB01509,2025-10-23,2025-11-07,79.0,Paid
INV0010925,CUST01509,SUB01509,2025-11-23,2025-12-08,79.0,Paid
INV0010926,CUST01509,SUB01509,2025-12-23,2026-01-07,79.0,Overdue
INV0010927,CUST01510,SUB01510,2024-06-10,2024-06-25,79.0,Overdue
INV0010928,CUST01510,SUB01510,2024-07-10,2024-07-25,79.0,Paid
INV0010929,CUST01510,SUB01510,2024-08-10,2024-08-25,79.0,Paid
INV0010930,CUST01511,SUB01511,2025-08-31,2025-09-15,199.0,Paid
INV0010931,CUST01511,SUB01511,2025-09-30,2025-10-15,199.0,Paid
INV0010932,CUST01511,SUB01511,2025-10-30,2025-11-14,199.0,Paid
INV0010933,CUST01511,SUB01511,2025-11-30,2025-12-15,199.0,Paid
INV0010934,CUST01511,SUB01511,2025-12-30,2026-01-14,199.0,Paid
INV0010935,CUST01512,SUB01512,2025-05-04,2025-05-19,199.0,Paid
INV0010936,CUST01512,SUB01512,2025-06-04,2025-06-19,199.0,Overdue
INV0010937,CUST01512,SUB01512,2025-07-04,2025-07-19,199.0,Paid
INV0010938,CUST01512,SUB01512,2025-08-04,2025-08-19,199.0,Paid
INV0010939,CUST01512,SUB01512,2025-09-04,2025-09-19,199.0,Overdue
INV0010940,CUST01512,SUB01512,2025-10-04,2025-10-19,199.0,Paid
INV0010941,CUST01513,SUB01513,2024-10-15,2024-10-30,29.0,Paid
INV0010942,CUST01513,SUB01513,2024-11-15,2024-11-30,29.0,Paid
INV0010943,CUST01513,SUB01513,2024-12-15,2024-12-30,29.0,Paid
INV0010944,CUST01513,SUB01513,2025-01-15,2025-01-30,29.0,Paid
INV0010945,CUST01513,SUB01513,2025-02-15,2025-03-02,29.0,Paid
INV0010946,CUST01513,SUB01513,2025-03-15,2025-03-30,29.0,Pending
INV0010947,CUST01513,SUB01513,2025-04-15,2025-04-30,29.0,Paid
INV0010948,CUST01513,SUB01513,2025-05-15,2025-05-30,29.0,Paid
INV0010949,CUST01513,SUB01513,2025-06-15,2025-06-30,29.0,Overdue
INV0010950,CUST01513,SUB01513,2025-07-15,2025-07-30,29.0,Paid
INV0010951,CUST01513,SUB01513,2025-08-15,2025-08-30,29.0,Paid
INV0010952,CUST01513,SUB01513,2025-09-15,2025-09-30,29.0,Paid
INV0010953,CUST01513,SUB01513,2025-10-15,2025-10-30,29.0,Paid
INV0010954,CUST01513,SUB01513,2025-11-15,2025-11-30,29.0,Pending
INV0010955,CUST01513,SUB01513,2025-12-15,2025-12-30,29.0,Paid
INV0010956,CUST01514,SUB01514,2025-01-21,2025-02-05,295.8,Paid
INV0010957,CUST01515,SUB01515,2025-07-25,2025-08-09,29.0,Paid
INV0010958,CUST01515,SUB01515,2025-08-25,2025-09-09,29.0,Paid
INV0010959,CUST01515,SUB01515,2025-09-25,2025-10-10,29.0,Paid
INV0010960,CUST01515,SUB01515,2025-10-25,2025-11-09,29.0,Paid
INV0010961,CUST01515,SUB01515,2025-11-25,2025-12-10,29.0,Paid
INV0010962,CUST01515,SUB01515,2025-12-25,2026-01-09,29.0,Paid
INV0010963,CUST01516,SUB01516,2025-04-18,2025-05-03,29.0,Paid
INV0010964,CUST01516,SUB01516,2025-05-18,2025-06-02,29.0,Paid
INV0010965,CUST01516,SUB01516,2025-06-18,2025-07-03,29.0,Paid
INV0010966,CUST01516,SUB01516,2025-07-18,2025-08-02,29.0,Paid
INV0010967,CUST01516,SUB01516,2025-08-18,2025-09-02,29.0,Paid
INV0010968,CUST01516,SUB01516,2025-09-18,2025-10-03,29.0,Paid
INV0010969,CUST01516,SUB01516,2025-10-18,2025-11-02,29.0,Paid
INV0010970,CUST01516,SUB01516,2025-11-18,2025-12-03,29.0,Overdue
INV0010971,CUST01516,SUB01516,2025-12-18,2026-01-02,29.0,Paid
INV0010972,CUST01517,SUB01517,2025-02-14,2025-03-01,2029.8,Paid
INV0010973,CUST01518,SUB01518,2025-01-11,2025-01-26,295.8,Paid
INV0010974,CUST01519,SUB01519,2025-04-09,2025-04-24,79.0,Paid
INV0010975,CUST01519,SUB01519,2025-05-09,2025-05-24,79.0,Paid
INV0010976,CUST01519,SUB01519,2025-06-09,2025-06-24,79.0,Paid
INV0010977,CUST01519,SUB01519,2025-07-09,2025-07-24,79.0,Paid
INV0010978,CUST01519,SUB01519,2025-08-09,2025-08-24,79.0,Paid
INV0010979,CUST01519,SUB01519,2025-09-09,2025-09-24,79.0,Paid
INV0010980,CUST01519,SUB01519,2025-10-09,2025-10-24,79.0,Overdue
INV0010981,CUST01519,SUB01519,2025-11-09,2025-11-24,79.0,Paid
INV0010982,CUST01519,SUB01519,2025-12-09,2025-12-24,79.0,Paid
INV0010983,CUST01520,SUB01520,2024-07-14,2024-07-29,79.0,Paid
INV0010984,CUST01520,SUB01520,2024-08-14,2024-08-29,79.0,Paid
INV0010985,CUST01520,SUB01520,2024-09-14,2024-09-29,79.0,Paid
INV0010986,CUST01520,SUB01520,2024-10-14,2024-10-29,79.0,Paid
INV0010987,CUST01520,SUB01520,2024-11-14,2024-11-29,79.0,Paid
INV0010988,CUST01520,SUB01520,2024-12-14,2024-12-29,79.0,Overdue
INV0010989,CUST01520,SUB01520,2025-01-14,2025-01-29,79.0,Overdue
INV0010990,CUST01520,SUB01520,2025-02-14,2025-03-01,79.0,Paid
INV0010991,CUST01520,SUB01520,2025-03-14,2025-03-29,79.0,Paid
INV0010992,CUST01520,SUB01520,2025-04-14,2025-04-29,199.0,Paid
INV0010993,CUST01520,SUB01520,2025-05-14,2025-05-29,199.0,Paid
INV0010994,CUST01520,SUB01520,2025-06-14,2025-06-29,199.0,Paid
INV0010995,CUST01521,SUB01521,2025-05-21,2025-06-05,199.0,Paid
INV0010996,CUST01521,SUB01521,2025-06-21,2025-07-06,199.0,Paid
INV0010997,CUST01521,SUB01521,2025-07-21,2025-08-05,199.0,Paid
INV0010998,CUST01521,SUB01521,2025-08-21,2025-09-05,199.0,Paid
INV0010999,CUST01521,SUB01521,2025-09-21,2025-10-06,199.0,Paid
INV0011000,CUST01521,SUB01521,2025-10-21,2025-11-05,199.0,Paid
INV0011001,CUST01521,SUB01521,2025-11-21,2025-12-06,199.0,Paid
INV0011002,CUST01521,SUB01521,2025-12-21,2026-01-05,199.0,Paid
INV0011003,CUST01522,SUB01522,2024-10-16,2024-10-31,199.0,Paid
INV0011004,CUST01522,SUB01522,2024-11-16,2024-12-01,199.0,Paid
INV0011005,CUST01522,SUB01522,2024-12-16,2024-12-31,199.0,Paid
INV0011006,CUST01522,SUB01522,2025-01-16,2025-01-31,199.0,Paid
INV0011007,CUST01522,SUB01522,2025-02-16,2025-03-03,199.0,Paid
INV0011008,CUST01522,SUB01522,2025-03-16,2025-03-31,199.0,Paid
INV0011009,CUST01522,SUB01522,2025-04-16,2025-05-01,199.0,Paid
INV0011010,CUST01522,SUB01522,2025-05-16,2025-05-31,199.0,Paid
INV0011011,CUST01522,SUB01522,2025-06-16,2025-07-01,199.0,Paid
INV0011012,CUST01522,SUB01522,2025-07-16,2025-07-31,199.0,Paid
INV0011013,CUST01522,SUB01522,2025-08-16,2025-08-31,199.0,Paid
INV0011014,CUST01522,SUB01522,2025-09-16,2025-10-01,199.0,Paid
INV0011015,CUST01522,SUB01522,2025-10-16,2025-10-31,199.0,Paid
INV0011016,CUST01522,SUB01522,2025-11-16,2025-12-01,199.0,Paid
INV0011017,CUST01522,SUB01522,2025-12-16,2025-12-31,199.0,Paid
INV0011018,CUST01523,SUB01523,2024-05-29,2024-06-13,805.8,Paid
INV0011019,CUST01524,SUB01524,2024-09-11,2024-09-26,29.0,Paid
INV0011020,CUST01524,SUB01524,2024-10-11,2024-10-26,29.0,Paid
INV0011021,CUST01524,SUB01524,2024-11-11,2024-11-26,29.0,Paid
INV0011022,CUST01524,SUB01524,2024-12-11,2024-12-26,29.0,Paid
INV0011023,CUST01524,SUB01524,2025-01-11,2025-01-26,29.0,Paid
INV0011024,CUST01524,SUB01524,2025-02-11,2025-02-26,29.0,Paid
INV0011025,CUST01524,SUB01524,2025-03-11,2025-03-26,29.0,Paid
INV0011026,CUST01524,SUB01524,2025-04-11,2025-04-26,29.0,Paid
INV0011027,CUST01524,SUB01524,2025-05-11,2025-05-26,29.0,Paid
INV0011028,CUST01524,SUB01524,2025-06-11,2025-06-26,29.0,Paid
INV0011029,CUST01524,SUB01524,2025-07-11,2025-07-26,29.0,Paid
INV0011030,CUST01524,SUB01524,2025-08-11,2025-08-26,29.0,Paid
INV0011031,CUST01525,SUB01525,2024-01-11,2024-01-26,79.0,Paid
INV0011032,CUST01525,SUB01525,2024-02-11,2024-02-26,79.0,Paid
INV0011033,CUST01525,SUB01525,2024-03-11,2024-03-26,79.0,Paid
INV0011034,CUST01525,SUB01525,2024-04-11,2024-04-26,79.0,Paid
INV0011035,CUST01525,SUB01525,2024-05-11,2024-05-26,79.0,Paid
INV0011036,CUST01525,SUB01525,2024-06-11,2024-06-26,79.0,Paid
INV0011037,CUST01526,SUB01526,2025-12-04,2025-12-19,295.8,Paid
INV0011038,CUST01527,SUB01527,2024-03-15,2024-03-30,805.8,Paid
INV0011039,CUST01527,SUB01527,2025-03-15,2025-03-30,805.8,Paid
INV0011040,CUST01528,SUB01528,2025-04-27,2025-05-12,29.0,Paid
INV0011041,CUST01528,SUB01528,2025-05-27,2025-06-11,29.0,Paid
INV0011042,CUST01528,SUB01528,2025-06-27,2025-07-12,29.0,Paid
INV0011043,CUST01528,SUB01528,2025-07-27,2025-08-11,29.0,Paid
INV0011044,CUST01528,SUB01528,2025-08-27,2025-09-11,29.0,Paid
INV0011045,CUST01528,SUB01528,2025-09-27,2025-10-12,29.0,Paid
INV0011046,CUST01528,SUB01528,2025-10-27,2025-11-11,29.0,Paid
INV0011047,CUST01528,SUB01528,2025-11-27,2025-12-12,29.0,Paid
INV0011048,CUST01528,SUB01528,2025-12-27,2026-01-11,29.0,Paid
INV0011049,CUST01529,SUB01529,2024-01-06,2024-01-21,199.0,Paid
INV0011050,CUST01529,SUB01529,2024-02-06,2024-02-21,199.0,Paid
INV0011051,CUST01529,SUB01529,2024-03-06,2024-03-21,199.0,Paid
INV0011052,CUST01529,SUB01529,2024-04-06,2024-04-21,199.0,Paid
INV0011053,CUST01529,SUB01529,2024-05-06,2024-05-21,199.0,Paid
INV0011054,CUST01529,SUB01529,2024-06-06,2024-06-21,199.0,Paid
INV0011055,CUST01529,SUB01529,2024-07-06,2024-07-21,199.0,Paid
INV0011056,CUST01529,SUB01529,2024-08-06,2024-08-21,199.0,Paid
INV0011057,CUST01529,SUB01529,2024-09-06,2024-09-21,79.0,Paid
INV0011058,CUST01529,SUB01529,2024-10-06,2024-10-21,79.0,Overdue
INV0011059,CUST01529,SUB01529,2024-11-06,2024-11-21,79.0,Paid
INV0011060,CUST01529,SUB01529,2024-12-06,2024-12-21,79.0,Paid
INV0011061,CUST01530,SUB01530,2025-11-18,2025-12-03,295.8,Paid
INV0011062,CUST01531,SUB01531,2024-09-23,2024-10-08,79.0,Paid
INV0011063,CUST01531,SUB01531,2024-10-23,2024-11-07,79.0,Overdue
INV0011064,CUST01531,SUB01531,2024-11-23,2024-12-08,79.0,Paid
INV0011065,CUST01531,SUB01531,2024-12-23,2025-01-07,79.0,Paid
INV0011066,CUST01531,SUB01531,2025-01-23,2025-02-07,79.0,Paid
INV0011067,CUST01531,SUB01531,2025-02-23,2025-03-10,79.0,Paid
INV0011068,CUST01531,SUB01531,2025-03-23,2025-04-07,79.0,Paid
INV0011069,CUST01531,SUB01531,2025-04-23,2025-05-08,79.0,Paid
INV0011070,CUST01531,SUB01531,2025-05-23,2025-06-07,79.0,Paid
INV0011071,CUST01531,SUB01531,2025-06-23,2025-07-08,79.0,Paid
INV0011072,CUST01531,SUB01531,2025-07-23,2025-08-07,79.0,Paid
INV0011073,CUST01531,SUB01531,2025-08-23,2025-09-07,79.0,Paid
INV0011074,CUST01532,SUB01532,2024-05-15,2024-05-30,805.8,Paid
INV0011075,CUST01532,SUB01532,2025-05-15,2025-05-30,2029.8,Paid
INV0011076,CUST01533,SUB01533,2024-09-23,2024-10-08,29.0,Paid
INV0011077,CUST01533,SUB01533,2024-10-23,2024-11-07,29.0,Paid
INV0011078,CUST01533,SUB01533,2024-11-23,2024-12-08,29.0,Paid
INV0011079,CUST01533,SUB01533,2024-12-23,2025-01-07,29.0,Paid
INV0011080,CUST01533,SUB01533,2025-01-23,2025-02-07,29.0,Paid
INV0011081,CUST01533,SUB01533,2025-02-23,2025-03-10,29.0,Paid
INV0011082,CUST01533,SUB01533,2025-03-23,2025-04-07,29.0,Paid
INV0011083,CUST01533,SUB01533,2025-04-23,2025-05-08,29.0,Paid
INV0011084,CUST01533,SUB01533,2025-05-23,2025-06-07,29.0,Paid
INV0011085,CUST01533,SUB01533,2025-06-23,2025-07-08,29.0,Paid
INV0011086,CUST01533,SUB01533,2025-07-23,2025-08-07,29.0,Overdue
INV0011087,CUST01533,SUB01533,2025-08-23,2025-09-07,29.0,Paid
INV0011088,CUST01533,SUB01533,2025-09-23,2025-10-08,29.0,Pending
INV0011089,CUST01533,SUB01533,2025-10-23,2025-11-07,29.0,Paid
INV0011090,CUST01533,SUB01533,2025-11-23,2025-12-08,29.0,Paid
INV0011091,CUST01533,SUB01533,2025-12-23,2026-01-07,29.0,Paid
INV0011092,CUST01534,SUB01534,2024-10-14,2024-10-29,199.0,Paid
INV0011093,CUST01534,SUB01534,2024-11-14,2024-11-29,199.0,Paid
INV0011094,CUST01534,SUB01534,2024-12-14,2024-12-29,199.0,Paid
INV0011095,CUST01534,SUB01534,2025-01-14,2025-01-29,199.0,Paid
INV0011096,CUST01534,SUB01534,2025-02-14,2025-03-01,199.0,Paid
INV0011097,CUST01534,SUB01534,2025-03-14,2025-03-29,199.0,Paid
INV0011098,CUST01534,SUB01534,2025-04-14,2025-04-29,199.0,Paid
INV0011099,CUST01534,SUB01534,2025-05-14,2025-05-29,199.0,Paid
INV0011100,CUST01534,SUB01534,2025-06-14,2025-06-29,199.0,Paid
INV0011101,CUST01534,SUB01534,2025-07-14,2025-07-29,199.0,Paid
INV0011102,CUST01534,SUB01534,2025-08-14,2025-08-29,199.0,Paid
INV0011103,CUST01534,SUB01534,2025-09-14,2025-09-29,199.0,Paid
INV0011104,CUST01534,SUB01534,2025-10-14,2025-10-29,199.0,Paid
INV0011105,CUST01534,SUB01534,2025-11-14,2025-11-29,199.0,Paid
INV0011106,CUST01534,SUB01534,2025-12-14,2025-12-29,199.0,Paid
INV0011107,CUST01535,SUB01535,2025-09-19,2025-10-04,29.0,Paid
INV0011108,CUST01535,SUB01535,2025-10-19,2025-11-03,29.0,Paid
INV0011109,CUST01535,SUB01535,2025-11-19,2025-12-04,29.0,Overdue
INV0011110,CUST01535,SUB01535,2025-12-19,2026-01-03,29.0,Paid
INV0011111,CUST01536,SUB01536,2024-06-17,2024-07-02,79.0,Paid
INV0011112,CUST01536,SUB01536,2024-07-17,2024-08-01,79.0,Paid
INV0011113,CUST01536,SUB01536,2024-08-17,2024-09-01,79.0,Paid
INV0011114,CUST01536,SUB01536,2024-09-17,2024-10-02,79.0,Paid
INV0011115,CUST01536,SUB01536,2024-10-17,2024-11-01,79.0,Paid
INV0011116,CUST01536,SUB01536,2024-11-17,2024-12-02,79.0,Pending
INV0011117,CUST01536,SUB01536,2024-12-17,2025-01-01,79.0,Paid
INV0011118,CUST01536,SUB01536,2025-01-17,2025-02-01,79.0,Paid
INV0011119,CUST01536,SUB01536,2025-02-17,2025-03-04,79.0,Paid
INV0011120,CUST01536,SUB01536,2025-03-17,2025-04-01,79.0,Paid
INV0011121,CUST01536,SUB01536,2025-04-17,2025-05-02,79.0,Paid
INV0011122,CUST01536,SUB01536,2025-05-17,2025-06-01,79.0,Paid
INV0011123,CUST01537,SUB01537,2025-07-23,2025-08-07,295.8,Paid
INV0011124,CUST01538,SUB01538,2024-02-24,2024-03-10,199.0,Paid
INV0011125,CUST01538,SUB01538,2024-03-24,2024-04-08,199.0,Overdue
INV0011126,CUST01538,SUB01538,2024-04-24,2024-05-09,199.0,Paid
INV0011127,CUST01539,SUB01539,2025-04-26,2025-05-11,79.0,Paid
INV0011128,CUST01539,SUB01539,2025-05-26,2025-06-10,79.0,Paid
INV0011129,CUST01539,SUB01539,2025-06-26,2025-07-11,79.0,Paid
INV0011130,CUST01539,SUB01539,2025-07-26,2025-08-10,79.0,Overdue
INV0011131,CUST01539,SUB01539,2025-08-26,2025-09-10,79.0,Paid
INV0011132,CUST01539,SUB01539,2025-09-26,2025-10-11,79.0,Paid
INV0011133,CUST01539,SUB01539,2025-10-26,2025-11-10,79.0,Paid
INV0011134,CUST01539,SUB01539,2025-11-26,2025-12-11,79.0,Paid
INV0011135,CUST01539,SUB01539,2025-12-26,2026-01-10,79.0,Paid
INV0011136,CUST01540,SUB01540,2025-05-21,2025-06-05,79.0,Paid
INV0011137,CUST01540,SUB01540,2025-06-21,2025-07-06,79.0,Pending
INV0011138,CUST01540,SUB01540,2025-07-21,2025-08-05,79.0,Paid
INV0011139,CUST01540,SUB01540,2025-08-21,2025-09-05,79.0,Paid
INV0011140,CUST01540,SUB01540,2025-09-21,2025-10-06,79.0,Paid
INV0011141,CUST01540,SUB01540,2025-10-21,2025-11-05,79.0,Paid
INV0011142,CUST01540,SUB01540,2025-11-21,2025-12-06,79.0,Overdue
INV0011143,CUST01540,SUB01540,2025-12-21,2026-01-05,79.0,Paid
INV0011144,CUST01541,SUB01541,2025-04-13,2025-04-28,79.0,Paid
INV0011145,CUST01541,SUB01541,2025-05-13,2025-05-28,79.0,Overdue
INV0011146,CUST01541,SUB01541,2025-06-13,2025-06-28,79.0,Paid
INV0011147,CUST01541,SUB01541,2025-07-13,2025-07-28,79.0,Paid
INV0011148,CUST01541,SUB01541,2025-08-13,2025-08-28,79.0,Paid
INV0011149,CUST01541,SUB01541,2025-09-13,2025-09-28,79.0,Paid
INV0011150,CUST01541,SUB01541,2025-10-13,2025-10-28,79.0,Paid
INV0011151,CUST01541,SUB01541,2025-11-13,2025-11-28,79.0,Paid
INV0011152,CUST01541,SUB01541,2025-12-13,2025-12-28,79.0,Paid
INV0011153,CUST01542,SUB01542,2024-05-06,2024-05-21,805.8,Pending
INV0011154,CUST01543,SUB01543,2024-06-21,2024-07-06,79.0,Paid
INV0011155,CUST01543,SUB01543,2024-07-21,2024-08-05,79.0,Paid
INV0011156,CUST01543,SUB01543,2024-08-21,2024-09-05,79.0,Paid
INV0011157,CUST01544,SUB01544,2025-08-20,2025-09-04,29.0,Paid
INV0011158,CUST01544,SUB01544,2025-09-20,2025-10-05,29.0,Paid
INV0011159,CUST01544,SUB01544,2025-10-20,2025-11-04,29.0,Paid
INV0011160,CUST01544,SUB01544,2025-11-20,2025-12-05,29.0,Overdue
INV0011161,CUST01544,SUB01544,2025-12-20,2026-01-04,29.0,Paid
INV0011162,CUST01545,SUB01545,2025-03-02,2025-03-17,29.0,Paid
INV0011163,CUST01545,SUB01545,2025-04-02,2025-04-17,29.0,Paid
INV0011164,CUST01545,SUB01545,2025-05-02,2025-05-17,29.0,Paid
INV0011165,CUST01546,SUB01546,2024-12-02,2024-12-17,79.0,Paid
INV0011166,CUST01546,SUB01546,2025-01-02,2025-01-17,79.0,Overdue
INV0011167,CUST01546,SUB01546,2025-02-02,2025-02-17,79.0,Paid
INV0011168,CUST01546,SUB01546,2025-03-02,2025-03-17,79.0,Paid
INV0011169,CUST01546,SUB01546,2025-04-02,2025-04-17,79.0,Paid
INV0011170,CUST01546,SUB01546,2025-05-02,2025-05-17,79.0,Paid
INV0011171,CUST01546,SUB01546,2025-06-02,2025-06-17,79.0,Paid
INV0011172,CUST01546,SUB01546,2025-07-02,2025-07-17,79.0,Overdue
INV0011173,CUST01546,SUB01546,2025-08-02,2025-08-17,79.0,Paid
INV0011174,CUST01546,SUB01546,2025-09-02,2025-09-17,79.0,Paid
INV0011175,CUST01546,SUB01546,2025-10-02,2025-10-17,79.0,Paid
INV0011176,CUST01546,SUB01546,2025-11-02,2025-11-17,79.0,Paid
INV0011177,CUST01546,SUB01546,2025-12-02,2025-12-17,79.0,Paid
INV0011178,CUST01547,SUB01547,2025-02-07,2025-02-22,199.0,Overdue
INV0011179,CUST01547,SUB01547,2025-03-07,2025-03-22,199.0,Overdue
INV0011180,CUST01547,SUB01547,2025-04-07,2025-04-22,199.0,Paid
INV0011181,CUST01547,SUB01547,2025-05-07,2025-05-22,199.0,Paid
INV0011182,CUST01547,SUB01547,2025-06-07,2025-06-22,199.0,Paid
INV0011183,CUST01547,SUB01547,2025-07-07,2025-07-22,199.0,Paid
INV0011184,CUST01547,SUB01547,2025-08-07,2025-08-22,199.0,Paid
INV0011185,CUST01547,SUB01547,2025-09-07,2025-09-22,199.0,Paid
INV0011186,CUST01547,SUB01547,2025-10-07,2025-10-22,199.0,Paid
INV0011187,CUST01547,SUB01547,2025-11-07,2025-11-22,199.0,Paid
INV0011188,CUST01547,SUB01547,2025-12-07,2025-12-22,199.0,Paid
INV0011189,CUST01548,SUB01548,2024-01-30,2024-02-14,79.0,Paid
INV0011190,CUST01548,SUB01548,2024-02-29,2024-03-15,79.0,Paid
INV0011191,CUST01548,SUB01548,2024-03-29,2024-04-13,79.0,Paid
INV0011192,CUST01548,SUB01548,2024-04-29,2024-05-14,79.0,Paid
INV0011193,CUST01548,SUB01548,2024-05-29,2024-06-13,79.0,Paid
INV0011194,CUST01548,SUB01548,2024-06-29,2024-07-14,79.0,Paid
INV0011195,CUST01548,SUB01548,2024-07-29,2024-08-13,79.0,Paid
INV0011196,CUST01548,SUB01548,2024-08-29,2024-09-13,79.0,Paid
INV0011197,CUST01548,SUB01548,2024-09-29,2024-10-14,79.0,Paid
INV0011198,CUST01548,SUB01548,2024-10-29,2024-11-13,79.0,Paid
INV0011199,CUST01548,SUB01548,2024-11-29,2024-12-14,79.0,Paid
INV0011200,CUST01548,SUB01548,2024-12-29,2025-01-13,79.0,Paid
INV0011201,CUST01549,SUB01549,2025-04-09,2025-04-24,199.0,Paid
INV0011202,CUST01549,SUB01549,2025-05-09,2025-05-24,199.0,Paid
INV0011203,CUST01549,SUB01549,2025-06-09,2025-06-24,199.0,Paid
INV0011204,CUST01549,SUB01549,2025-07-09,2025-07-24,199.0,Paid
INV0011205,CUST01549,SUB01549,2025-08-09,2025-08-24,199.0,Paid
INV0011206,CUST01549,SUB01549,2025-09-09,2025-09-24,199.0,Paid
INV0011207,CUST01549,SUB01549,2025-10-09,2025-10-24,199.0,Paid
INV0011208,CUST01549,SUB01549,2025-11-09,2025-11-24,199.0,Paid
INV0011209,CUST01549,SUB01549,2025-12-09,2025-12-24,199.0,Paid
INV0011210,CUST01550,SUB01550,2024-12-03,2024-12-18,29.0,Paid
INV0011211,CUST01550,SUB01550,2025-01-03,2025-01-18,29.0,Overdue
INV0011212,CUST01550,SUB01550,2025-02-03,2025-02-18,29.0,Paid
INV0011213,CUST01550,SUB01550,2025-03-03,2025-03-18,29.0,Paid
INV0011214,CUST01550,SUB01550,2025-04-03,2025-04-18,29.0,Paid
INV0011215,CUST01550,SUB01550,2025-05-03,2025-05-18,29.0,Paid
INV0011216,CUST01550,SUB01550,2025-06-03,2025-06-18,29.0,Paid
INV0011217,CUST01550,SUB01550,2025-07-03,2025-07-18,29.0,Paid
INV0011218,CUST01550,SUB01550,2025-08-03,2025-08-18,29.0,Paid
INV0011219,CUST01550,SUB01550,2025-09-03,2025-09-18,29.0,Paid
INV0011220,CUST01550,SUB01550,2025-10-03,2025-10-18,29.0,Paid
INV0011221,CUST01550,SUB01550,2025-11-03,2025-11-18,29.0,Paid
INV0011222,CUST01550,SUB01550,2025-12-03,2025-12-18,29.0,Paid
INV0011223,CUST01551,SUB01551,2024-11-28,2024-12-13,79.0,Paid
INV0011224,CUST01551,SUB01551,2024-12-28,2025-01-12,79.0,Paid
INV0011225,CUST01551,SUB01551,2025-01-28,2025-02-12,79.0,Paid
INV0011226,CUST01551,SUB01551,2025-02-28,2025-03-15,79.0,Paid
INV0011227,CUST01551,SUB01551,2025-03-28,2025-04-12,79.0,Paid
INV0011228,CUST01551,SUB01551,2025-04-28,2025-05-13,79.0,Paid
INV0011229,CUST01551,SUB01551,2025-05-28,2025-06-12,79.0,Paid
INV0011230,CUST01551,SUB01551,2025-06-28,2025-07-13,79.0,Paid
INV0011231,CUST01551,SUB01551,2025-07-28,2025-08-12,79.0,Paid
INV0011232,CUST01551,SUB01551,2025-08-28,2025-09-12,79.0,Paid
INV0011233,CUST01551,SUB01551,2025-09-28,2025-10-13,79.0,Paid
INV0011234,CUST01551,SUB01551,2025-10-28,2025-11-12,79.0,Paid
INV0011235,CUST01551,SUB01551,2025-11-28,2025-12-13,79.0,Paid
INV0011236,CUST01551,SUB01551,2025-12-28,2026-01-12,79.0,Paid
INV0011237,CUST01552,SUB01552,2024-08-04,2024-08-19,199.0,Paid
INV0011238,CUST01552,SUB01552,2024-09-04,2024-09-19,199.0,Overdue
INV0011239,CUST01552,SUB01552,2024-10-04,2024-10-19,199.0,Paid
INV0011240,CUST01553,SUB01553,2024-02-26,2024-03-12,79.0,Paid
INV0011241,CUST01553,SUB01553,2024-03-26,2024-04-10,79.0,Paid
INV0011242,CUST01553,SUB01553,2024-04-26,2024-05-11,79.0,Paid
INV0011243,CUST01553,SUB01553,2024-05-26,2024-06-10,79.0,Paid
INV0011244,CUST01553,SUB01553,2024-06-26,2024-07-11,79.0,Paid
INV0011245,CUST01553,SUB01553,2024-07-26,2024-08-10,79.0,Paid
INV0011246,CUST01553,SUB01553,2024-08-26,2024-09-10,79.0,Overdue
INV0011247,CUST01553,SUB01553,2024-09-26,2024-10-11,79.0,Paid
INV0011248,CUST01553,SUB01553,2024-10-26,2024-11-10,79.0,Paid
INV0011249,CUST01553,SUB01553,2024-11-26,2024-12-11,79.0,Paid
INV0011250,CUST01553,SUB01553,2024-12-26,2025-01-10,79.0,Paid
INV0011251,CUST01553,SUB01553,2025-01-26,2025-02-10,79.0,Pending
INV0011252,CUST01554,SUB01554,2024-04-04,2024-04-19,79.0,Paid
INV0011253,CUST01554,SUB01554,2024-05-04,2024-05-19,79.0,Paid
INV0011254,CUST01554,SUB01554,2024-06-04,2024-06-19,79.0,Overdue
INV0011255,CUST01554,SUB01554,2024-07-04,2024-07-19,79.0,Paid
INV0011256,CUST01554,SUB01554,2024-08-04,2024-08-19,79.0,Paid
INV0011257,CUST01554,SUB01554,2024-09-04,2024-09-19,79.0,Paid
INV0011258,CUST01554,SUB01554,2024-10-04,2024-10-19,79.0,Paid
INV0011259,CUST01554,SUB01554,2024-11-04,2024-11-19,79.0,Paid
INV0011260,CUST01554,SUB01554,2024-12-04,2024-12-19,79.0,Paid
INV0011261,CUST01554,SUB01554,2025-01-04,2025-01-19,79.0,Paid
INV0011262,CUST01554,SUB01554,2025-02-04,2025-02-19,79.0,Paid
INV0011263,CUST01554,SUB01554,2025-03-04,2025-03-19,79.0,Paid
INV0011264,CUST01555,SUB01555,2024-04-01,2024-04-16,79.0,Paid
INV0011265,CUST01555,SUB01555,2024-05-01,2024-05-16,79.0,Paid
INV0011266,CUST01555,SUB01555,2024-06-01,2024-06-16,79.0,Overdue
INV0011267,CUST01555,SUB01555,2024-07-01,2024-07-16,79.0,Paid
INV0011268,CUST01555,SUB01555,2024-08-01,2024-08-16,79.0,Paid
INV0011269,CUST01555,SUB01555,2024-09-01,2024-09-16,79.0,Paid
INV0011270,CUST01555,SUB01555,2024-10-01,2024-10-16,79.0,Paid
INV0011271,CUST01555,SUB01555,2024-11-01,2024-11-16,79.0,Paid
INV0011272,CUST01555,SUB01555,2024-12-01,2024-12-16,79.0,Paid
INV0011273,CUST01555,SUB01555,2025-01-01,2025-01-16,199.0,Paid
INV0011274,CUST01555,SUB01555,2025-02-01,2025-02-16,199.0,Paid
INV0011275,CUST01555,SUB01555,2025-03-01,2025-03-16,199.0,Paid
INV0011276,CUST01556,SUB01556,2024-10-18,2024-11-02,29.0,Paid
INV0011277,CUST01556,SUB01556,2024-11-18,2024-12-03,29.0,Paid
INV0011278,CUST01556,SUB01556,2024-12-18,2025-01-02,79.0,Overdue
INV0011279,CUST01556,SUB01556,2025-01-18,2025-02-02,79.0,Paid
INV0011280,CUST01556,SUB01556,2025-02-18,2025-03-05,79.0,Paid
INV0011281,CUST01556,SUB01556,2025-03-18,2025-04-02,79.0,Paid
INV0011282,CUST01556,SUB01556,2025-04-18,2025-05-03,79.0,Paid
INV0011283,CUST01556,SUB01556,2025-05-18,2025-06-02,79.0,Paid
INV0011284,CUST01556,SUB01556,2025-06-18,2025-07-03,79.0,Paid
INV0011285,CUST01556,SUB01556,2025-07-18,2025-08-02,79.0,Paid
INV0011286,CUST01556,SUB01556,2025-08-18,2025-09-02,79.0,Paid
INV0011287,CUST01556,SUB01556,2025-09-18,2025-10-03,79.0,Paid
INV0011288,CUST01557,SUB01557,2025-05-17,2025-06-01,29.0,Paid
INV0011289,CUST01557,SUB01557,2025-06-17,2025-07-02,29.0,Paid
INV0011290,CUST01557,SUB01557,2025-07-17,2025-08-01,29.0,Paid
INV0011291,CUST01557,SUB01557,2025-08-17,2025-09-01,29.0,Paid
INV0011292,CUST01557,SUB01557,2025-09-17,2025-10-02,29.0,Paid
INV0011293,CUST01557,SUB01557,2025-10-17,2025-11-01,29.0,Paid
INV0011294,CUST01557,SUB01557,2025-11-17,2025-12-02,29.0,Paid
INV0011295,CUST01557,SUB01557,2025-12-17,2026-01-01,29.0,Paid
INV0011296,CUST01558,SUB01558,2025-12-02,2025-12-17,29.0,Paid
INV0011297,CUST01559,SUB01559,2025-06-08,2025-06-23,79.0,Paid
INV0011298,CUST01559,SUB01559,2025-07-08,2025-07-23,79.0,Paid
INV0011299,CUST01559,SUB01559,2025-08-08,2025-08-23,79.0,Paid
INV0011300,CUST01559,SUB01559,2025-09-08,2025-09-23,79.0,Paid
INV0011301,CUST01559,SUB01559,2025-10-08,2025-10-23,79.0,Paid
INV0011302,CUST01559,SUB01559,2025-11-08,2025-11-23,79.0,Paid
INV0011303,CUST01559,SUB01559,2025-12-08,2025-12-23,79.0,Overdue
INV0011304,CUST01560,SUB01560,2024-10-01,2024-10-16,199.0,Paid
INV0011305,CUST01560,SUB01560,2024-11-01,2024-11-16,199.0,Paid
INV0011306,CUST01560,SUB01560,2024-12-01,2024-12-16,199.0,Paid
INV0011307,CUST01560,SUB01560,2025-01-01,2025-01-16,199.0,Paid
INV0011308,CUST01560,SUB01560,2025-02-01,2025-02-16,199.0,Paid
INV0011309,CUST01560,SUB01560,2025-03-01,2025-03-16,199.0,Paid
INV0011310,CUST01560,SUB01560,2025-04-01,2025-04-16,199.0,Paid
INV0011311,CUST01560,SUB01560,2025-05-01,2025-05-16,199.0,Paid
INV0011312,CUST01560,SUB01560,2025-06-01,2025-06-16,199.0,Paid
INV0011313,CUST01560,SUB01560,2025-07-01,2025-07-16,199.0,Paid
INV0011314,CUST01560,SUB01560,2025-08-01,2025-08-16,199.0,Paid
INV0011315,CUST01560,SUB01560,2025-09-01,2025-09-16,199.0,Paid
INV0011316,CUST01560,SUB01560,2025-10-01,2025-10-16,199.0,Paid
INV0011317,CUST01560,SUB01560,2025-11-01,2025-11-16,199.0,Paid
INV0011318,CUST01560,SUB01560,2025-12-01,2025-12-16,199.0,Paid
INV0011319,CUST01561,SUB01561,2025-01-12,2025-01-27,29.0,Overdue
INV0011320,CUST01561,SUB01561,2025-02-12,2025-02-27,29.0,Paid
INV0011321,CUST01561,SUB01561,2025-03-12,2025-03-27,29.0,Paid
INV0011322,CUST01561,SUB01561,2025-04-12,2025-04-27,29.0,Paid
INV0011323,CUST01561,SUB01561,2025-05-12,2025-05-27,29.0,Paid
INV0011324,CUST01561,SUB01561,2025-06-12,2025-06-27,29.0,Paid
INV0011325,CUST01561,SUB01561,2025-07-12,2025-07-27,29.0,Paid
INV0011326,CUST01561,SUB01561,2025-08-12,2025-08-27,29.0,Paid
INV0011327,CUST01561,SUB01561,2025-09-12,2025-09-27,29.0,Paid
INV0011328,CUST01561,SUB01561,2025-10-12,2025-10-27,29.0,Paid
INV0011329,CUST01561,SUB01561,2025-11-12,2025-11-27,29.0,Overdue
INV0011330,CUST01561,SUB01561,2025-12-12,2025-12-27,29.0,Paid
INV0011331,CUST01562,SUB01562,2024-02-11,2024-02-26,29.0,Paid
INV0011332,CUST01562,SUB01562,2024-03-11,2024-03-26,29.0,Paid
INV0011333,CUST01562,SUB01562,2024-04-11,2024-04-26,29.0,Paid
INV0011334,CUST01562,SUB01562,2024-05-11,2024-05-26,29.0,Paid
INV0011335,CUST01562,SUB01562,2024-06-11,2024-06-26,29.0,Paid
INV0011336,CUST01562,SUB01562,2024-07-11,2024-07-26,29.0,Paid
INV0011337,CUST01562,SUB01562,2024-08-11,2024-08-26,29.0,Paid
INV0011338,CUST01562,SUB01562,2024-09-11,2024-09-26,29.0,Overdue
INV0011339,CUST01562,SUB01562,2024-10-11,2024-10-26,29.0,Paid
INV0011340,CUST01562,SUB01562,2024-11-11,2024-11-26,29.0,Paid
INV0011341,CUST01562,SUB01562,2024-12-11,2024-12-26,29.0,Paid
INV0011342,CUST01562,SUB01562,2025-01-11,2025-01-26,29.0,Paid
INV0011343,CUST01562,SUB01562,2025-02-11,2025-02-26,29.0,Paid
INV0011344,CUST01562,SUB01562,2025-03-11,2025-03-26,29.0,Paid
INV0011345,CUST01562,SUB01562,2025-04-11,2025-04-26,29.0,Paid
INV0011346,CUST01562,SUB01562,2025-05-11,2025-05-26,29.0,Paid
INV0011347,CUST01562,SUB01562,2025-06-11,2025-06-26,29.0,Paid
INV0011348,CUST01562,SUB01562,2025-07-11,2025-07-26,29.0,Paid
INV0011349,CUST01562,SUB01562,2025-08-11,2025-08-26,29.0,Paid
INV0011350,CUST01562,SUB01562,2025-09-11,2025-09-26,29.0,Paid
INV0011351,CUST01562,SUB01562,2025-10-11,2025-10-26,29.0,Overdue
INV0011352,CUST01562,SUB01562,2025-11-11,2025-11-26,29.0,Paid
INV0011353,CUST01562,SUB01562,2025-12-11,2025-12-26,29.0,Paid
INV0011354,CUST01563,SUB01563,2025-05-22,2025-06-06,805.8,Paid
INV0011355,CUST01564,SUB01564,2025-04-24,2025-05-09,295.8,Paid
INV0011356,CUST01565,SUB01565,2024-05-10,2024-05-25,805.8,Paid
INV0011357,CUST01566,SUB01566,2024-10-29,2024-11-13,79.0,Paid
INV0011358,CUST01566,SUB01566,2024-11-29,2024-12-14,79.0,Paid
INV0011359,CUST01566,SUB01566,2024-12-29,2025-01-13,79.0,Paid
INV0011360,CUST01567,SUB01567,2025-06-09,2025-06-24,79.0,Pending
INV0011361,CUST01567,SUB01567,2025-07-09,2025-07-24,79.0,Paid
INV0011362,CUST01567,SUB01567,2025-08-09,2025-08-24,79.0,Paid
INV0011363,CUST01567,SUB01567,2025-09-09,2025-09-24,79.0,Paid
INV0011364,CUST01567,SUB01567,2025-10-09,2025-10-24,79.0,Paid
INV0011365,CUST01567,SUB01567,2025-11-09,2025-11-24,79.0,Paid
INV0011366,CUST01567,SUB01567,2025-12-09,2025-12-24,79.0,Paid
INV0011367,CUST01568,SUB01568,2025-11-07,2025-11-22,29.0,Paid
INV0011368,CUST01568,SUB01568,2025-12-07,2025-12-22,29.0,Paid
INV0011369,CUST01569,SUB01569,2025-08-22,2025-09-06,2029.8,Paid
INV0011370,CUST01570,SUB01570,2024-07-02,2024-07-17,295.8,Paid
INV0011371,CUST01570,SUB01570,2025-07-02,2025-07-17,295.8,Paid
INV0011372,CUST01571,SUB01571,2025-03-02,2025-03-17,29.0,Paid
INV0011373,CUST01571,SUB01571,2025-04-02,2025-04-17,29.0,Overdue
INV0011374,CUST01571,SUB01571,2025-05-02,2025-05-17,29.0,Paid
INV0011375,CUST01571,SUB01571,2025-06-02,2025-06-17,29.0,Overdue
INV0011376,CUST01571,SUB01571,2025-07-02,2025-07-17,29.0,Paid
INV0011377,CUST01571,SUB01571,2025-08-02,2025-08-17,29.0,Paid
INV0011378,CUST01571,SUB01571,2025-09-02,2025-09-17,29.0,Paid
INV0011379,CUST01571,SUB01571,2025-10-02,2025-10-17,29.0,Paid
INV0011380,CUST01571,SUB01571,2025-11-02,2025-11-17,29.0,Paid
INV0011381,CUST01571,SUB01571,2025-12-02,2025-12-17,29.0,Paid
INV0011382,CUST01572,SUB01572,2025-11-17,2025-12-02,29.0,Overdue
INV0011383,CUST01572,SUB01572,2025-12-17,2026-01-01,29.0,Paid
INV0011384,CUST01573,SUB01573,2024-08-04,2024-08-19,79.0,Paid
INV0011385,CUST01573,SUB01573,2024-09-04,2024-09-19,79.0,Paid
INV0011386,CUST01573,SUB01573,2024-10-04,2024-10-19,79.0,Paid
INV0011387,CUST01573,SUB01573,2024-11-04,2024-11-19,79.0,Paid
INV0011388,CUST01573,SUB01573,2024-12-04,2024-12-19,79.0,Paid
INV0011389,CUST01573,SUB01573,2025-01-04,2025-01-19,79.0,Paid
INV0011390,CUST01573,SUB01573,2025-02-04,2025-02-19,79.0,Paid
INV0011391,CUST01573,SUB01573,2025-03-04,2025-03-19,79.0,Paid
INV0011392,CUST01573,SUB01573,2025-04-04,2025-04-19,79.0,Paid
INV0011393,CUST01573,SUB01573,2025-05-04,2025-05-19,79.0,Paid
INV0011394,CUST01573,SUB01573,2025-06-04,2025-06-19,79.0,Paid
INV0011395,CUST01573,SUB01573,2025-07-04,2025-07-19,79.0,Paid
INV0011396,CUST01574,SUB01574,2025-11-20,2025-12-05,2029.8,Paid
INV0011397,CUST01575,SUB01575,2024-04-29,2024-05-14,29.0,Paid
INV0011398,CUST01575,SUB01575,2024-05-29,2024-06-13,29.0,Paid
INV0011399,CUST01575,SUB01575,2024-06-29,2024-07-14,29.0,Paid
INV0011400,CUST01575,SUB01575,2024-07-29,2024-08-13,29.0,Paid
INV0011401,CUST01575,SUB01575,2024-08-29,2024-09-13,29.0,Paid
INV0011402,CUST01575,SUB01575,2024-09-29,2024-10-14,29.0,Paid
INV0011403,CUST01575,SUB01575,2024-10-29,2024-11-13,29.0,Paid
INV0011404,CUST01575,SUB01575,2024-11-29,2024-12-14,29.0,Paid
INV0011405,CUST01575,SUB01575,2024-12-29,2025-01-13,29.0,Paid
INV0011406,CUST01575,SUB01575,2025-01-29,2025-02-13,29.0,Paid
INV0011407,CUST01575,SUB01575,2025-02-28,2025-03-15,29.0,Overdue
INV0011408,CUST01575,SUB01575,2025-03-28,2025-04-12,29.0,Paid
INV0011409,CUST01575,SUB01575,2025-04-28,2025-05-13,29.0,Paid
INV0011410,CUST01575,SUB01575,2025-05-28,2025-06-12,29.0,Paid
INV0011411,CUST01575,SUB01575,2025-06-28,2025-07-13,29.0,Paid
INV0011412,CUST01575,SUB01575,2025-07-28,2025-08-12,29.0,Paid
INV0011413,CUST01575,SUB01575,2025-08-28,2025-09-12,29.0,Paid
INV0011414,CUST01575,SUB01575,2025-09-28,2025-10-13,29.0,Paid
INV0011415,CUST01575,SUB01575,2025-10-28,2025-11-12,29.0,Pending
INV0011416,CUST01575,SUB01575,2025-11-28,2025-12-13,29.0,Paid
INV0011417,CUST01575,SUB01575,2025-12-28,2026-01-12,29.0,Overdue
INV0011418,CUST01576,SUB01576,2025-11-04,2025-11-19,29.0,Paid
INV0011419,CUST01576,SUB01576,2025-12-04,2025-12-19,29.0,Paid
INV0011420,CUST01577,SUB01577,2025-09-25,2025-10-10,79.0,Paid
INV0011421,CUST01577,SUB01577,2025-10-25,2025-11-09,79.0,Paid
INV0011422,CUST01577,SUB01577,2025-11-25,2025-12-10,79.0,Overdue
INV0011423,CUST01577,SUB01577,2025-12-25,2026-01-09,79.0,Paid
INV0011424,CUST01578,SUB01578,2024-11-05,2024-11-20,79.0,Paid
INV0011425,CUST01578,SUB01578,2024-12-05,2024-12-20,79.0,Paid
INV0011426,CUST01578,SUB01578,2025-01-05,2025-01-20,79.0,Paid
INV0011427,CUST01578,SUB01578,2025-02-05,2025-02-20,79.0,Paid
INV0011428,CUST01578,SUB01578,2025-03-05,2025-03-20,79.0,Paid
INV0011429,CUST01578,SUB01578,2025-04-05,2025-04-20,79.0,Paid
INV0011430,CUST01578,SUB01578,2025-05-05,2025-05-20,79.0,Paid
INV0011431,CUST01578,SUB01578,2025-06-05,2025-06-20,79.0,Paid
INV0011432,CUST01578,SUB01578,2025-07-05,2025-07-20,79.0,Paid
INV0011433,CUST01578,SUB01578,2025-08-05,2025-08-20,79.0,Overdue
INV0011434,CUST01578,SUB01578,2025-09-05,2025-09-20,79.0,Pending
INV0011435,CUST01578,SUB01578,2025-10-05,2025-10-20,79.0,Paid
INV0011436,CUST01578,SUB01578,2025-11-05,2025-11-20,79.0,Paid
INV0011437,CUST01578,SUB01578,2025-12-05,2025-12-20,79.0,Paid
INV0011438,CUST01579,SUB01579,2024-01-17,2024-02-01,295.8,Overdue
INV0011439,CUST01579,SUB01579,2025-01-17,2025-02-01,295.8,Paid
INV0011440,CUST01580,SUB01580,2025-05-07,2025-05-22,79.0,Paid
INV0011441,CUST01580,SUB01580,2025-06-07,2025-06-22,79.0,Paid
INV0011442,CUST01580,SUB01580,2025-07-07,2025-07-22,79.0,Paid
INV0011443,CUST01580,SUB01580,2025-08-07,2025-08-22,79.0,Paid
INV0011444,CUST01580,SUB01580,2025-09-07,2025-09-22,79.0,Paid
INV0011445,CUST01580,SUB01580,2025-10-07,2025-10-22,79.0,Paid
INV0011446,CUST01581,SUB01581,2024-03-29,2024-04-13,29.0,Paid
INV0011447,CUST01581,SUB01581,2024-04-29,2024-05-14,29.0,Paid
INV0011448,CUST01581,SUB01581,2024-05-29,2024-06-13,29.0,Paid
INV0011449,CUST01581,SUB01581,2024-06-29,2024-07-14,29.0,Overdue
INV0011450,CUST01581,SUB01581,2024-07-29,2024-08-13,29.0,Paid
INV0011451,CUST01581,SUB01581,2024-08-29,2024-09-13,29.0,Paid
INV0011452,CUST01581,SUB01581,2024-09-29,2024-10-14,29.0,Paid
INV0011453,CUST01581,SUB01581,2024-10-29,2024-11-13,29.0,Paid
INV0011454,CUST01581,SUB01581,2024-11-29,2024-12-14,29.0,Paid
INV0011455,CUST01581,SUB01581,2024-12-29,2025-01-13,29.0,Paid
INV0011456,CUST01581,SUB01581,2025-01-29,2025-02-13,29.0,Paid
INV0011457,CUST01581,SUB01581,2025-02-28,2025-03-15,29.0,Paid
INV0011458,CUST01581,SUB01581,2025-03-28,2025-04-12,29.0,Paid
INV0011459,CUST01581,SUB01581,2025-04-28,2025-05-13,29.0,Paid
INV0011460,CUST01581,SUB01581,2025-05-28,2025-06-12,29.0,Paid
INV0011461,CUST01581,SUB01581,2025-06-28,2025-07-13,29.0,Paid
INV0011462,CUST01581,SUB01581,2025-07-28,2025-08-12,29.0,Paid
INV0011463,CUST01581,SUB01581,2025-08-28,2025-09-12,29.0,Paid
INV0011464,CUST01581,SUB01581,2025-09-28,2025-10-13,29.0,Paid
INV0011465,CUST01581,SUB01581,2025-10-28,2025-11-12,29.0,Paid
INV0011466,CUST01581,SUB01581,2025-11-28,2025-12-13,29.0,Paid
INV0011467,CUST01581,SUB01581,2025-12-28,2026-01-12,29.0,Paid
INV0011468,CUST01582,SUB01582,2024-01-23,2024-02-07,79.0,Paid
INV0011469,CUST01582,SUB01582,2024-02-23,2024-03-09,79.0,Paid
INV0011470,CUST01582,SUB01582,2024-03-23,2024-04-07,79.0,Paid
INV0011471,CUST01582,SUB01582,2024-04-23,2024-05-08,79.0,Paid
INV0011472,CUST01582,SUB01582,2024-05-23,2024-06-07,79.0,Paid
INV0011473,CUST01582,SUB01582,2024-06-23,2024-07-08,79.0,Overdue
INV0011474,CUST01582,SUB01582,2024-07-23,2024-08-07,79.0,Paid
INV0011475,CUST01582,SUB01582,2024-08-23,2024-09-07,79.0,Paid
INV0011476,CUST01582,SUB01582,2024-09-23,2024-10-08,79.0,Paid
INV0011477,CUST01582,SUB01582,2024-10-23,2024-11-07,79.0,Paid
INV0011478,CUST01582,SUB01582,2024-11-23,2024-12-08,79.0,Paid
INV0011479,CUST01582,SUB01582,2024-12-23,2025-01-07,79.0,Paid
INV0011480,CUST01583,SUB01583,2025-05-11,2025-05-26,29.0,Overdue
INV0011481,CUST01583,SUB01583,2025-06-11,2025-06-26,29.0,Paid
INV0011482,CUST01583,SUB01583,2025-07-11,2025-07-26,29.0,Paid
INV0011483,CUST01583,SUB01583,2025-08-11,2025-08-26,29.0,Paid
INV0011484,CUST01583,SUB01583,2025-09-11,2025-09-26,29.0,Paid
INV0011485,CUST01583,SUB01583,2025-10-11,2025-10-26,29.0,Paid
INV0011486,CUST01583,SUB01583,2025-11-11,2025-11-26,29.0,Paid
INV0011487,CUST01583,SUB01583,2025-12-11,2025-12-26,29.0,Paid
INV0011488,CUST01584,SUB01584,2024-07-25,2024-08-09,295.8,Paid
INV0011489,CUST01585,SUB01585,2024-12-07,2024-12-22,79.0,Paid
INV0011490,CUST01585,SUB01585,2025-01-07,2025-01-22,79.0,Paid
INV0011491,CUST01585,SUB01585,2025-02-07,2025-02-22,79.0,Paid
INV0011492,CUST01585,SUB01585,2025-03-07,2025-03-22,79.0,Paid
INV0011493,CUST01585,SUB01585,2025-04-07,2025-04-22,79.0,Paid
INV0011494,CUST01585,SUB01585,2025-05-07,2025-05-22,79.0,Overdue
INV0011495,CUST01585,SUB01585,2025-06-07,2025-06-22,79.0,Paid
INV0011496,CUST01585,SUB01585,2025-07-07,2025-07-22,79.0,Paid
INV0011497,CUST01585,SUB01585,2025-08-07,2025-08-22,79.0,Paid
INV0011498,CUST01585,SUB01585,2025-09-07,2025-09-22,79.0,Paid
INV0011499,CUST01585,SUB01585,2025-10-07,2025-10-22,79.0,Paid
INV0011500,CUST01585,SUB01585,2025-11-07,2025-11-22,79.0,Paid
INV0011501,CUST01585,SUB01585,2025-12-07,2025-12-22,79.0,Paid
INV0011502,CUST01586,SUB01586,2025-03-01,2025-03-16,79.0,Paid
INV0011503,CUST01586,SUB01586,2025-04-01,2025-04-16,79.0,Paid
INV0011504,CUST01586,SUB01586,2025-05-01,2025-05-16,79.0,Overdue
INV0011505,CUST01586,SUB01586,2025-06-01,2025-06-16,79.0,Paid
INV0011506,CUST01586,SUB01586,2025-07-01,2025-07-16,79.0,Paid
INV0011507,CUST01586,SUB01586,2025-08-01,2025-08-16,79.0,Paid
INV0011508,CUST01586,SUB01586,2025-09-01,2025-09-16,79.0,Paid
INV0011509,CUST01586,SUB01586,2025-10-01,2025-10-16,79.0,Paid
INV0011510,CUST01586,SUB01586,2025-11-01,2025-11-16,79.0,Overdue
INV0011511,CUST01586,SUB01586,2025-12-01,2025-12-16,79.0,Paid
INV0011512,CUST01587,SUB01587,2024-02-07,2024-02-22,79.0,Paid
INV0011513,CUST01587,SUB01587,2024-03-07,2024-03-22,79.0,Paid
INV0011514,CUST01587,SUB01587,2024-04-07,2024-04-22,79.0,Paid
INV0011515,CUST01587,SUB01587,2024-05-07,2024-05-22,79.0,Paid
INV0011516,CUST01587,SUB01587,2024-06-07,2024-06-22,79.0,Paid
INV0011517,CUST01587,SUB01587,2024-07-07,2024-07-22,79.0,Paid
INV0011518,CUST01588,SUB01588,2024-08-25,2024-09-09,295.8,Paid
INV0011519,CUST01589,SUB01589,2025-07-20,2025-08-04,79.0,Paid
INV0011520,CUST01589,SUB01589,2025-08-20,2025-09-04,79.0,Paid
INV0011521,CUST01589,SUB01589,2025-09-20,2025-10-05,79.0,Paid
INV0011522,CUST01590,SUB01590,2024-04-29,2024-05-14,295.8,Paid
INV0011523,CUST01591,SUB01591,2024-01-22,2024-02-06,79.0,Paid
INV0011524,CUST01591,SUB01591,2024-02-22,2024-03-08,79.0,Paid
INV0011525,CUST01591,SUB01591,2024-03-22,2024-04-06,79.0,Paid
INV0011526,CUST01591,SUB01591,2024-04-22,2024-05-07,79.0,Paid
INV0011527,CUST01591,SUB01591,2024-05-22,2024-06-06,79.0,Paid
INV0011528,CUST01591,SUB01591,2024-06-22,2024-07-07,79.0,Paid
INV0011529,CUST01591,SUB01591,2024-07-22,2024-08-06,79.0,Paid
INV0011530,CUST01591,SUB01591,2024-08-22,2024-09-06,79.0,Paid
INV0011531,CUST01591,SUB01591,2024-09-22,2024-10-07,79.0,Paid
INV0011532,CUST01591,SUB01591,2024-10-22,2024-11-06,199.0,Paid
INV0011533,CUST01591,SUB01591,2024-11-22,2024-12-07,199.0,Paid
INV0011534,CUST01591,SUB01591,2024-12-22,2025-01-06,199.0,Paid
INV0011535,CUST01592,SUB01592,2025-03-24,2025-04-08,79.0,Paid
INV0011536,CUST01592,SUB01592,2025-04-24,2025-05-09,79.0,Paid
INV0011537,CUST01592,SUB01592,2025-05-24,2025-06-08,79.0,Paid
INV0011538,CUST01592,SUB01592,2025-06-24,2025-07-09,79.0,Pending
INV0011539,CUST01592,SUB01592,2025-07-24,2025-08-08,79.0,Paid
INV0011540,CUST01592,SUB01592,2025-08-24,2025-09-08,79.0,Paid
INV0011541,CUST01592,SUB01592,2025-09-24,2025-10-09,79.0,Paid
INV0011542,CUST01592,SUB01592,2025-10-24,2025-11-08,79.0,Paid
INV0011543,CUST01592,SUB01592,2025-11-24,2025-12-09,79.0,Overdue
INV0011544,CUST01592,SUB01592,2025-12-24,2026-01-08,79.0,Paid
INV0011545,CUST01593,SUB01593,2025-09-08,2025-09-23,29.0,Paid
INV0011546,CUST01593,SUB01593,2025-10-08,2025-10-23,29.0,Paid
INV0011547,CUST01593,SUB01593,2025-11-08,2025-11-23,29.0,Paid
INV0011548,CUST01593,SUB01593,2025-12-08,2025-12-23,29.0,Paid
INV0011549,CUST01594,SUB01594,2024-10-27,2024-11-11,79.0,Paid
INV0011550,CUST01594,SUB01594,2024-11-27,2024-12-12,79.0,Overdue
INV0011551,CUST01594,SUB01594,2024-12-27,2025-01-11,79.0,Paid
INV0011552,CUST01594,SUB01594,2025-01-27,2025-02-11,79.0,Paid
INV0011553,CUST01594,SUB01594,2025-02-27,2025-03-14,79.0,Paid
INV0011554,CUST01594,SUB01594,2025-03-27,2025-04-11,79.0,Paid
INV0011555,CUST01594,SUB01594,2025-04-27,2025-05-12,79.0,Paid
INV0011556,CUST01594,SUB01594,2025-05-27,2025-06-11,79.0,Paid
INV0011557,CUST01594,SUB01594,2025-06-27,2025-07-12,79.0,Paid
INV0011558,CUST01594,SUB01594,2025-07-27,2025-08-11,79.0,Paid
INV0011559,CUST01594,SUB01594,2025-08-27,2025-09-11,79.0,Overdue
INV0011560,CUST01594,SUB01594,2025-09-27,2025-10-12,79.0,Paid
INV0011561,CUST01594,SUB01594,2025-10-27,2025-11-11,79.0,Paid
INV0011562,CUST01594,SUB01594,2025-11-27,2025-12-12,79.0,Paid
INV0011563,CUST01594,SUB01594,2025-12-27,2026-01-11,79.0,Paid
INV0011564,CUST01595,SUB01595,2025-04-28,2025-05-13,79.0,Paid
INV0011565,CUST01595,SUB01595,2025-05-28,2025-06-12,79.0,Paid
INV0011566,CUST01595,SUB01595,2025-06-28,2025-07-13,79.0,Paid
INV0011567,CUST01595,SUB01595,2025-07-28,2025-08-12,79.0,Pending
INV0011568,CUST01595,SUB01595,2025-08-28,2025-09-12,79.0,Paid
INV0011569,CUST01595,SUB01595,2025-09-28,2025-10-13,79.0,Paid
INV0011570,CUST01595,SUB01595,2025-10-28,2025-11-12,79.0,Overdue
INV0011571,CUST01595,SUB01595,2025-11-28,2025-12-13,79.0,Paid
INV0011572,CUST01595,SUB01595,2025-12-28,2026-01-12,79.0,Paid
INV0011573,CUST01596,SUB01596,2024-10-16,2024-10-31,79.0,Paid
INV0011574,CUST01596,SUB01596,2024-11-16,2024-12-01,79.0,Overdue
INV0011575,CUST01596,SUB01596,2024-12-16,2024-12-31,79.0,Paid
INV0011576,CUST01596,SUB01596,2025-01-16,2025-01-31,79.0,Paid
INV0011577,CUST01596,SUB01596,2025-02-16,2025-03-03,79.0,Paid
INV0011578,CUST01596,SUB01596,2025-03-16,2025-03-31,79.0,Paid
INV0011579,CUST01597,SUB01597,2024-06-26,2024-07-11,79.0,Paid
INV0011580,CUST01597,SUB01597,2024-07-26,2024-08-10,79.0,Paid
INV0011581,CUST01597,SUB01597,2024-08-26,2024-09-10,79.0,Paid
INV0011582,CUST01597,SUB01597,2024-09-26,2024-10-11,79.0,Paid
INV0011583,CUST01597,SUB01597,2024-10-26,2024-11-10,79.0,Paid
INV0011584,CUST01597,SUB01597,2024-11-26,2024-12-11,79.0,Paid
INV0011585,CUST01597,SUB01597,2024-12-26,2025-01-10,79.0,Paid
INV0011586,CUST01597,SUB01597,2025-01-26,2025-02-10,79.0,Paid
INV0011587,CUST01597,SUB01597,2025-02-26,2025-03-13,79.0,Paid
INV0011588,CUST01597,SUB01597,2025-03-26,2025-04-10,79.0,Paid
INV0011589,CUST01597,SUB01597,2025-04-26,2025-05-11,79.0,Paid
INV0011590,CUST01597,SUB01597,2025-05-26,2025-06-10,79.0,Overdue
INV0011591,CUST01598,SUB01598,2025-05-20,2025-06-04,29.0,Paid
INV0011592,CUST01598,SUB01598,2025-06-20,2025-07-05,29.0,Paid
INV0011593,CUST01598,SUB01598,2025-07-20,2025-08-04,29.0,Paid
INV0011594,CUST01598,SUB01598,2025-08-20,2025-09-04,29.0,Paid
INV0011595,CUST01598,SUB01598,2025-09-20,2025-10-05,29.0,Paid
INV0011596,CUST01598,SUB01598,2025-10-20,2025-11-04,29.0,Paid
INV0011597,CUST01598,SUB01598,2025-11-20,2025-12-05,29.0,Paid
INV0011598,CUST01598,SUB01598,2025-12-20,2026-01-04,29.0,Paid
INV0011599,CUST01599,SUB01599,2025-01-02,2025-01-17,805.8,Paid
INV0011600,CUST01600,SUB01600,2025-05-30,2025-06-14,79.0,Paid
INV0011601,CUST01600,SUB01600,2025-06-30,2025-07-15,79.0,Paid
INV0011602,CUST01600,SUB01600,2025-07-30,2025-08-14,79.0,Paid
INV0011603,CUST01600,SUB01600,2025-08-30,2025-09-14,79.0,Paid
INV0011604,CUST01600,SUB01600,2025-09-30,2025-10-15,79.0,Paid
INV0011605,CUST01600,SUB01600,2025-10-30,2025-11-14,79.0,Paid
INV0011606,CUST01601,SUB01601,2025-09-24,2025-10-09,29.0,Paid
INV0011607,CUST01601,SUB01601,2025-10-24,2025-11-08,29.0,Paid
INV0011608,CUST01601,SUB01601,2025-11-24,2025-12-09,29.0,Paid
INV0011609,CUST01601,SUB01601,2025-12-24,2026-01-08,29.0,Paid
INV0011610,CUST01602,SUB01602,2024-12-14,2024-12-29,295.8,Paid
INV0011611,CUST01602,SUB01602,2025-12-14,2025-12-29,295.8,Paid
INV0011612,CUST01603,SUB01603,2024-06-03,2024-06-18,79.0,Paid
INV0011613,CUST01603,SUB01603,2024-07-03,2024-07-18,79.0,Paid
INV0011614,CUST01603,SUB01603,2024-08-03,2024-08-18,29.0,Overdue
INV0011615,CUST01603,SUB01603,2024-09-03,2024-09-18,29.0,Paid
INV0011616,CUST01603,SUB01603,2024-10-03,2024-10-18,29.0,Paid
INV0011617,CUST01603,SUB01603,2024-11-03,2024-11-18,29.0,Paid
INV0011618,CUST01603,SUB01603,2024-12-03,2024-12-18,29.0,Paid
INV0011619,CUST01603,SUB01603,2025-01-03,2025-01-18,29.0,Paid
INV0011620,CUST01603,SUB01603,2025-02-03,2025-02-18,29.0,Paid
INV0011621,CUST01603,SUB01603,2025-03-03,2025-03-18,29.0,Paid
INV0011622,CUST01603,SUB01603,2025-04-03,2025-04-18,29.0,Paid
INV0011623,CUST01603,SUB01603,2025-05-03,2025-05-18,29.0,Paid
INV0011624,CUST01604,SUB01604,2025-12-24,2026-01-08,805.8,Paid
INV0011625,CUST01605,SUB01605,2024-04-18,2024-05-03,805.8,Paid
INV0011626,CUST01605,SUB01605,2025-04-18,2025-05-03,805.8,Paid
INV0011627,CUST01606,SUB01606,2025-07-29,2025-08-13,29.0,Paid
INV0011628,CUST01606,SUB01606,2025-08-29,2025-09-13,29.0,Paid
INV0011629,CUST01606,SUB01606,2025-09-29,2025-10-14,29.0,Paid
INV0011630,CUST01606,SUB01606,2025-10-29,2025-11-13,29.0,Paid
INV0011631,CUST01606,SUB01606,2025-11-29,2025-12-14,29.0,Paid
INV0011632,CUST01606,SUB01606,2025-12-29,2026-01-13,29.0,Paid
INV0011633,CUST01607,SUB01607,2024-07-29,2024-08-13,29.0,Paid
INV0011634,CUST01607,SUB01607,2024-08-29,2024-09-13,29.0,Paid
INV0011635,CUST01607,SUB01607,2024-09-29,2024-10-14,29.0,Paid
INV0011636,CUST01608,SUB01608,2025-06-02,2025-06-17,79.0,Paid
INV0011637,CUST01608,SUB01608,2025-07-02,2025-07-17,79.0,Paid
INV0011638,CUST01608,SUB01608,2025-08-02,2025-08-17,79.0,Paid
INV0011639,CUST01608,SUB01608,2025-09-02,2025-09-17,79.0,Paid
INV0011640,CUST01608,SUB01608,2025-10-02,2025-10-17,79.0,Paid
INV0011641,CUST01608,SUB01608,2025-11-02,2025-11-17,79.0,Overdue
INV0011642,CUST01608,SUB01608,2025-12-02,2025-12-17,79.0,Paid
INV0011643,CUST01609,SUB01609,2024-12-08,2024-12-23,79.0,Paid
INV0011644,CUST01609,SUB01609,2025-01-08,2025-01-23,79.0,Paid
INV0011645,CUST01609,SUB01609,2025-02-08,2025-02-23,79.0,Paid
INV0011646,CUST01609,SUB01609,2025-03-08,2025-03-23,79.0,Paid
INV0011647,CUST01609,SUB01609,2025-04-08,2025-04-23,79.0,Paid
INV0011648,CUST01609,SUB01609,2025-05-08,2025-05-23,79.0,Paid
INV0011649,CUST01610,SUB01610,2025-03-01,2025-03-16,295.8,Paid
INV0011650,CUST01611,SUB01611,2024-12-15,2024-12-30,79.0,Paid
INV0011651,CUST01611,SUB01611,2025-01-15,2025-01-30,79.0,Paid
INV0011652,CUST01611,SUB01611,2025-02-15,2025-03-02,79.0,Paid
INV0011653,CUST01611,SUB01611,2025-03-15,2025-03-30,79.0,Paid
INV0011654,CUST01611,SUB01611,2025-04-15,2025-04-30,79.0,Paid
INV0011655,CUST01611,SUB01611,2025-05-15,2025-05-30,79.0,Paid
INV0011656,CUST01612,SUB01612,2025-02-28,2025-03-15,29.0,Paid
INV0011657,CUST01612,SUB01612,2025-03-28,2025-04-12,29.0,Paid
INV0011658,CUST01612,SUB01612,2025-04-28,2025-05-13,29.0,Overdue
INV0011659,CUST01612,SUB01612,2025-05-28,2025-06-12,29.0,Paid
INV0011660,CUST01612,SUB01612,2025-06-28,2025-07-13,29.0,Paid
INV0011661,CUST01612,SUB01612,2025-07-28,2025-08-12,29.0,Paid
INV0011662,CUST01612,SUB01612,2025-08-28,2025-09-12,29.0,Paid
INV0011663,CUST01612,SUB01612,2025-09-28,2025-10-13,29.0,Paid
INV0011664,CUST01612,SUB01612,2025-10-28,2025-11-12,29.0,Paid
INV0011665,CUST01612,SUB01612,2025-11-28,2025-12-13,29.0,Paid
INV0011666,CUST01612,SUB01612,2025-12-28,2026-01-12,29.0,Paid
INV0011667,CUST01613,SUB01613,2024-08-21,2024-09-05,199.0,Paid
INV0011668,CUST01613,SUB01613,2024-09-21,2024-10-06,199.0,Paid
INV0011669,CUST01613,SUB01613,2024-10-21,2024-11-05,199.0,Paid
INV0011670,CUST01613,SUB01613,2024-11-21,2024-12-06,199.0,Paid
INV0011671,CUST01613,SUB01613,2024-12-21,2025-01-05,199.0,Paid
INV0011672,CUST01613,SUB01613,2025-01-21,2025-02-05,199.0,Paid
INV0011673,CUST01613,SUB01613,2025-02-21,2025-03-08,199.0,Paid
INV0011674,CUST01613,SUB01613,2025-03-21,2025-04-05,199.0,Paid
INV0011675,CUST01613,SUB01613,2025-04-21,2025-05-06,199.0,Paid
INV0011676,CUST01613,SUB01613,2025-05-21,2025-06-05,199.0,Pending
INV0011677,CUST01613,SUB01613,2025-06-21,2025-07-06,199.0,Overdue
INV0011678,CUST01613,SUB01613,2025-07-21,2025-08-05,199.0,Paid
INV0011679,CUST01613,SUB01613,2025-08-21,2025-09-05,199.0,Paid
INV0011680,CUST01613,SUB01613,2025-09-21,2025-10-06,199.0,Paid
INV0011681,CUST01613,SUB01613,2025-10-21,2025-11-05,199.0,Paid
INV0011682,CUST01613,SUB01613,2025-11-21,2025-12-06,199.0,Paid
INV0011683,CUST01613,SUB01613,2025-12-21,2026-01-05,199.0,Paid
INV0011684,CUST01614,SUB01614,2025-04-14,2025-04-29,199.0,Paid
INV0011685,CUST01614,SUB01614,2025-05-14,2025-05-29,199.0,Paid
INV0011686,CUST01614,SUB01614,2025-06-14,2025-06-29,199.0,Paid
INV0011687,CUST01614,SUB01614,2025-07-14,2025-07-29,199.0,Paid
INV0011688,CUST01614,SUB01614,2025-08-14,2025-08-29,199.0,Pending
INV0011689,CUST01614,SUB01614,2025-09-14,2025-09-29,199.0,Paid
INV0011690,CUST01614,SUB01614,2025-10-14,2025-10-29,199.0,Paid
INV0011691,CUST01614,SUB01614,2025-11-14,2025-11-29,199.0,Paid
INV0011692,CUST01614,SUB01614,2025-12-14,2025-12-29,199.0,Paid
INV0011693,CUST01615,SUB01615,2024-01-31,2024-02-15,805.8,Paid
INV0011694,CUST01615,SUB01615,2025-01-31,2025-02-15,805.8,Paid
INV0011695,CUST01616,SUB01616,2024-03-27,2024-04-11,79.0,Paid
INV0011696,CUST01616,SUB01616,2024-04-27,2024-05-12,79.0,Paid
INV0011697,CUST01616,SUB01616,2024-05-27,2024-06-11,79.0,Paid
INV0011698,CUST01616,SUB01616,2024-06-27,2024-07-12,79.0,Paid
INV0011699,CUST01616,SUB01616,2024-07-27,2024-08-11,79.0,Paid
INV0011700,CUST01616,SUB01616,2024-08-27,2024-09-11,79.0,Overdue
INV0011701,CUST01616,SUB01616,2024-09-27,2024-10-12,79.0,Paid
INV0011702,CUST01616,SUB01616,2024-10-27,2024-11-11,79.0,Paid
INV0011703,CUST01616,SUB01616,2024-11-27,2024-12-12,79.0,Paid
INV0011704,CUST01616,SUB01616,2024-12-27,2025-01-11,79.0,Paid
INV0011705,CUST01616,SUB01616,2025-01-27,2025-02-11,199.0,Paid
INV0011706,CUST01616,SUB01616,2025-02-27,2025-03-14,199.0,Paid
INV0011707,CUST01617,SUB01617,2025-03-20,2025-04-04,2029.8,Paid
INV0011708,CUST01618,SUB01618,2025-08-11,2025-08-26,295.8,Paid
INV0011709,CUST01619,SUB01619,2025-03-05,2025-03-20,199.0,Overdue
INV0011710,CUST01619,SUB01619,2025-04-05,2025-04-20,199.0,Paid
INV0011711,CUST01619,SUB01619,2025-05-05,2025-05-20,199.0,Paid
INV0011712,CUST01619,SUB01619,2025-06-05,2025-06-20,199.0,Pending
INV0011713,CUST01619,SUB01619,2025-07-05,2025-07-20,199.0,Paid
INV0011714,CUST01619,SUB01619,2025-08-05,2025-08-20,199.0,Paid
INV0011715,CUST01619,SUB01619,2025-09-05,2025-09-20,199.0,Paid
INV0011716,CUST01619,SUB01619,2025-10-05,2025-10-20,199.0,Paid
INV0011717,CUST01619,SUB01619,2025-11-05,2025-11-20,199.0,Paid
INV0011718,CUST01619,SUB01619,2025-12-05,2025-12-20,199.0,Overdue
INV0011719,CUST01620,SUB01620,2024-11-17,2024-12-02,79.0,Paid
INV0011720,CUST01620,SUB01620,2024-12-17,2025-01-01,79.0,Paid
INV0011721,CUST01620,SUB01620,2025-01-17,2025-02-01,79.0,Paid
INV0011722,CUST01620,SUB01620,2025-02-17,2025-03-04,79.0,Paid
INV0011723,CUST01620,SUB01620,2025-03-17,2025-04-01,79.0,Paid
INV0011724,CUST01620,SUB01620,2025-04-17,2025-05-02,79.0,Paid
INV0011725,CUST01620,SUB01620,2025-05-17,2025-06-01,79.0,Paid
INV0011726,CUST01620,SUB01620,2025-06-17,2025-07-02,79.0,Paid
INV0011727,CUST01620,SUB01620,2025-07-17,2025-08-01,79.0,Overdue
INV0011728,CUST01620,SUB01620,2025-08-17,2025-09-01,79.0,Paid
INV0011729,CUST01620,SUB01620,2025-09-17,2025-10-02,79.0,Paid
INV0011730,CUST01620,SUB01620,2025-10-17,2025-11-01,79.0,Paid
INV0011731,CUST01621,SUB01621,2025-12-18,2026-01-02,199.0,Paid
INV0011732,CUST01622,SUB01622,2025-12-15,2025-12-30,199.0,Overdue
INV0011733,CUST01623,SUB01623,2024-07-21,2024-08-05,79.0,Paid
INV0011734,CUST01623,SUB01623,2024-08-21,2024-09-05,79.0,Paid
INV0011735,CUST01623,SUB01623,2024-09-21,2024-10-06,79.0,Paid
INV0011736,CUST01623,SUB01623,2024-10-21,2024-11-05,79.0,Paid
INV0011737,CUST01623,SUB01623,2024-11-21,2024-12-06,79.0,Paid
INV0011738,CUST01623,SUB01623,2024-12-21,2025-01-05,79.0,Paid
INV0011739,CUST01624,SUB01624,2025-02-03,2025-02-18,29.0,Paid
INV0011740,CUST01624,SUB01624,2025-03-03,2025-03-18,29.0,Paid
INV0011741,CUST01624,SUB01624,2025-04-03,2025-04-18,29.0,Paid
INV0011742,CUST01624,SUB01624,2025-05-03,2025-05-18,29.0,Paid
INV0011743,CUST01624,SUB01624,2025-06-03,2025-06-18,29.0,Overdue
INV0011744,CUST01624,SUB01624,2025-07-03,2025-07-18,29.0,Paid
INV0011745,CUST01624,SUB01624,2025-08-03,2025-08-18,29.0,Paid
INV0011746,CUST01624,SUB01624,2025-09-03,2025-09-18,29.0,Paid
INV0011747,CUST01624,SUB01624,2025-10-03,2025-10-18,29.0,Paid
INV0011748,CUST01624,SUB01624,2025-11-03,2025-11-18,29.0,Paid
INV0011749,CUST01624,SUB01624,2025-12-03,2025-12-18,29.0,Paid
INV0011750,CUST01625,SUB01625,2024-08-06,2024-08-21,199.0,Pending
INV0011751,CUST01625,SUB01625,2024-09-06,2024-09-21,199.0,Paid
INV0011752,CUST01625,SUB01625,2024-10-06,2024-10-21,199.0,Paid
INV0011753,CUST01625,SUB01625,2024-11-06,2024-11-21,199.0,Paid
INV0011754,CUST01625,SUB01625,2024-12-06,2024-12-21,199.0,Paid
INV0011755,CUST01625,SUB01625,2025-01-06,2025-01-21,199.0,Paid
INV0011756,CUST01625,SUB01625,2025-02-06,2025-02-21,199.0,Paid
INV0011757,CUST01625,SUB01625,2025-03-06,2025-03-21,199.0,Paid
INV0011758,CUST01625,SUB01625,2025-04-06,2025-04-21,199.0,Paid
INV0011759,CUST01625,SUB01625,2025-05-06,2025-05-21,199.0,Paid
INV0011760,CUST01625,SUB01625,2025-06-06,2025-06-21,199.0,Paid
INV0011761,CUST01625,SUB01625,2025-07-06,2025-07-21,199.0,Paid
INV0011762,CUST01626,SUB01626,2025-10-12,2025-10-27,29.0,Paid
INV0011763,CUST01626,SUB01626,2025-11-12,2025-11-27,29.0,Paid
INV0011764,CUST01626,SUB01626,2025-12-12,2025-12-27,29.0,Paid
INV0011765,CUST01627,SUB01627,2024-09-04,2024-09-19,79.0,Paid
INV0011766,CUST01627,SUB01627,2024-10-04,2024-10-19,79.0,Paid
INV0011767,CUST01627,SUB01627,2024-11-04,2024-11-19,79.0,Paid
INV0011768,CUST01627,SUB01627,2024-12-04,2024-12-19,79.0,Paid
INV0011769,CUST01627,SUB01627,2025-01-04,2025-01-19,79.0,Paid
INV0011770,CUST01627,SUB01627,2025-02-04,2025-02-19,79.0,Paid
INV0011771,CUST01627,SUB01627,2025-03-04,2025-03-19,79.0,Paid
INV0011772,CUST01627,SUB01627,2025-04-04,2025-04-19,79.0,Overdue
INV0011773,CUST01627,SUB01627,2025-05-04,2025-05-19,79.0,Paid
INV0011774,CUST01627,SUB01627,2025-06-04,2025-06-19,79.0,Paid
INV0011775,CUST01627,SUB01627,2025-07-04,2025-07-19,79.0,Overdue
INV0011776,CUST01627,SUB01627,2025-08-04,2025-08-19,79.0,Paid
INV0011777,CUST01627,SUB01627,2025-09-04,2025-09-19,79.0,Paid
INV0011778,CUST01627,SUB01627,2025-10-04,2025-10-19,79.0,Paid
INV0011779,CUST01627,SUB01627,2025-11-04,2025-11-19,79.0,Paid
INV0011780,CUST01627,SUB01627,2025-12-04,2025-12-19,79.0,Paid
INV0011781,CUST01628,SUB01628,2024-03-02,2024-03-17,79.0,Overdue
INV0011782,CUST01628,SUB01628,2024-04-02,2024-04-17,79.0,Paid
INV0011783,CUST01628,SUB01628,2024-05-02,2024-05-17,79.0,Paid
INV0011784,CUST01628,SUB01628,2024-06-02,2024-06-17,79.0,Paid
INV0011785,CUST01628,SUB01628,2024-07-02,2024-07-17,79.0,Pending
INV0011786,CUST01628,SUB01628,2024-08-02,2024-08-17,199.0,Paid
INV0011787,CUST01628,SUB01628,2024-09-02,2024-09-17,199.0,Paid
INV0011788,CUST01628,SUB01628,2024-10-02,2024-10-17,199.0,Paid
INV0011789,CUST01628,SUB01628,2024-11-02,2024-11-17,199.0,Paid
INV0011790,CUST01628,SUB01628,2024-12-02,2024-12-17,199.0,Paid
INV0011791,CUST01628,SUB01628,2025-01-02,2025-01-17,199.0,Paid
INV0011792,CUST01628,SUB01628,2025-02-02,2025-02-17,199.0,Paid
INV0011793,CUST01628,SUB01628,2025-03-02,2025-03-17,199.0,Paid
INV0011794,CUST01628,SUB01628,2025-04-02,2025-04-17,199.0,Paid
INV0011795,CUST01628,SUB01628,2025-05-02,2025-05-17,199.0,Paid
INV0011796,CUST01628,SUB01628,2025-06-02,2025-06-17,199.0,Paid
INV0011797,CUST01628,SUB01628,2025-07-02,2025-07-17,199.0,Paid
INV0011798,CUST01628,SUB01628,2025-08-02,2025-08-17,199.0,Paid
INV0011799,CUST01629,SUB01629,2024-05-06,2024-05-21,805.8,Paid
INV0011800,CUST01630,SUB01630,2024-11-01,2024-11-16,29.0,Paid
INV0011801,CUST01630,SUB01630,2024-12-01,2024-12-16,29.0,Paid
INV0011802,CUST01630,SUB01630,2025-01-01,2025-01-16,29.0,Paid
INV0011803,CUST01630,SUB01630,2025-02-01,2025-02-16,29.0,Paid
INV0011804,CUST01630,SUB01630,2025-03-01,2025-03-16,29.0,Paid
INV0011805,CUST01630,SUB01630,2025-04-01,2025-04-16,29.0,Paid
INV0011806,CUST01630,SUB01630,2025-05-01,2025-05-16,29.0,Paid
INV0011807,CUST01630,SUB01630,2025-06-01,2025-06-16,29.0,Paid
INV0011808,CUST01630,SUB01630,2025-07-01,2025-07-16,29.0,Paid
INV0011809,CUST01630,SUB01630,2025-08-01,2025-08-16,29.0,Paid
INV0011810,CUST01630,SUB01630,2025-09-01,2025-09-16,29.0,Paid
INV0011811,CUST01630,SUB01630,2025-10-01,2025-10-16,29.0,Overdue
INV0011812,CUST01630,SUB01630,2025-11-01,2025-11-16,29.0,Paid
INV0011813,CUST01630,SUB01630,2025-12-01,2025-12-16,29.0,Paid
INV0011814,CUST01631,SUB01631,2025-08-18,2025-09-02,29.0,Paid
INV0011815,CUST01631,SUB01631,2025-09-18,2025-10-03,29.0,Paid
INV0011816,CUST01631,SUB01631,2025-10-18,2025-11-02,29.0,Paid
INV0011817,CUST01631,SUB01631,2025-11-18,2025-12-03,29.0,Paid
INV0011818,CUST01631,SUB01631,2025-12-18,2026-01-02,29.0,Paid
INV0011819,CUST01632,SUB01632,2024-12-24,2025-01-08,79.0,Paid
INV0011820,CUST01632,SUB01632,2025-01-24,2025-02-08,79.0,Paid
INV0011821,CUST01632,SUB01632,2025-02-24,2025-03-11,79.0,Paid
INV0011822,CUST01632,SUB01632,2025-03-24,2025-04-08,79.0,Paid
INV0011823,CUST01632,SUB01632,2025-04-24,2025-05-09,79.0,Paid
INV0011824,CUST01632,SUB01632,2025-05-24,2025-06-08,79.0,Paid
INV0011825,CUST01632,SUB01632,2025-06-24,2025-07-09,79.0,Paid
INV0011826,CUST01632,SUB01632,2025-07-24,2025-08-08,79.0,Paid
INV0011827,CUST01632,SUB01632,2025-08-24,2025-09-08,79.0,Paid
INV0011828,CUST01632,SUB01632,2025-09-24,2025-10-09,79.0,Paid
INV0011829,CUST01632,SUB01632,2025-10-24,2025-11-08,79.0,Paid
INV0011830,CUST01632,SUB01632,2025-11-24,2025-12-09,79.0,Paid
INV0011831,CUST01632,SUB01632,2025-12-24,2026-01-08,79.0,Paid
INV0011832,CUST01633,SUB01633,2025-01-21,2025-02-05,199.0,Overdue
INV0011833,CUST01633,SUB01633,2025-02-21,2025-03-08,199.0,Paid
INV0011834,CUST01633,SUB01633,2025-03-21,2025-04-05,199.0,Paid
INV0011835,CUST01633,SUB01633,2025-04-21,2025-05-06,199.0,Paid
INV0011836,CUST01633,SUB01633,2025-05-21,2025-06-05,199.0,Pending
INV0011837,CUST01633,SUB01633,2025-06-21,2025-07-06,199.0,Paid
INV0011838,CUST01633,SUB01633,2025-07-21,2025-08-05,199.0,Paid
INV0011839,CUST01633,SUB01633,2025-08-21,2025-09-05,199.0,Paid
INV0011840,CUST01633,SUB01633,2025-09-21,2025-10-06,199.0,Paid
INV0011841,CUST01633,SUB01633,2025-10-21,2025-11-05,199.0,Paid
INV0011842,CUST01633,SUB01633,2025-11-21,2025-12-06,199.0,Paid
INV0011843,CUST01633,SUB01633,2025-12-21,2026-01-05,199.0,Paid
INV0011844,CUST01634,SUB01634,2025-01-04,2025-01-19,79.0,Paid
INV0011845,CUST01634,SUB01634,2025-02-04,2025-02-19,79.0,Paid
INV0011846,CUST01634,SUB01634,2025-03-04,2025-03-19,79.0,Overdue
INV0011847,CUST01634,SUB01634,2025-04-04,2025-04-19,79.0,Paid
INV0011848,CUST01634,SUB01634,2025-05-04,2025-05-19,79.0,Paid
INV0011849,CUST01634,SUB01634,2025-06-04,2025-06-19,79.0,Overdue
INV0011850,CUST01635,SUB01635,2024-03-24,2024-04-08,805.8,Paid
INV0011851,CUST01636,SUB01636,2024-08-07,2024-08-22,79.0,Paid
INV0011852,CUST01636,SUB01636,2024-09-07,2024-09-22,79.0,Pending
INV0011853,CUST01636,SUB01636,2024-10-07,2024-10-22,79.0,Paid
INV0011854,CUST01637,SUB01637,2025-08-25,2025-09-09,79.0,Paid
INV0011855,CUST01637,SUB01637,2025-09-25,2025-10-10,79.0,Paid
INV0011856,CUST01637,SUB01637,2025-10-25,2025-11-09,79.0,Paid
INV0011857,CUST01637,SUB01637,2025-11-25,2025-12-10,79.0,Paid
INV0011858,CUST01637,SUB01637,2025-12-25,2026-01-09,79.0,Paid
INV0011859,CUST01638,SUB01638,2025-08-21,2025-09-05,295.8,Paid
INV0011860,CUST01639,SUB01639,2025-03-02,2025-03-17,2029.8,Paid
INV0011861,CUST01640,SUB01640,2025-12-29,2026-01-13,805.8,Paid
INV0011862,CUST01641,SUB01641,2025-12-12,2025-12-27,29.0,Paid
INV0011863,CUST01642,SUB01642,2025-07-26,2025-08-10,29.0,Paid
INV0011864,CUST01642,SUB01642,2025-08-26,2025-09-10,29.0,Paid
INV0011865,CUST01642,SUB01642,2025-09-26,2025-10-11,29.0,Paid
INV0011866,CUST01642,SUB01642,2025-10-26,2025-11-10,29.0,Paid
INV0011867,CUST01642,SUB01642,2025-11-26,2025-12-11,29.0,Paid
INV0011868,CUST01642,SUB01642,2025-12-26,2026-01-10,29.0,Paid
INV0011869,CUST01643,SUB01643,2024-04-22,2024-05-07,805.8,Paid
INV0011870,CUST01643,SUB01643,2025-04-22,2025-05-07,805.8,Paid
INV0011871,CUST01644,SUB01644,2024-04-30,2024-05-15,29.0,Paid
INV0011872,CUST01644,SUB01644,2024-05-30,2024-06-14,29.0,Paid
INV0011873,CUST01644,SUB01644,2024-06-30,2024-07-15,29.0,Paid
INV0011874,CUST01644,SUB01644,2024-07-30,2024-08-14,29.0,Paid
INV0011875,CUST01644,SUB01644,2024-08-30,2024-09-14,29.0,Overdue
INV0011876,CUST01644,SUB01644,2024-09-30,2024-10-15,29.0,Paid
INV0011877,CUST01644,SUB01644,2024-10-30,2024-11-14,29.0,Overdue
INV0011878,CUST01644,SUB01644,2024-11-30,2024-12-15,29.0,Paid
INV0011879,CUST01644,SUB01644,2024-12-30,2025-01-14,29.0,Paid
INV0011880,CUST01644,SUB01644,2025-01-30,2025-02-14,29.0,Paid
INV0011881,CUST01644,SUB01644,2025-02-28,2025-03-15,29.0,Paid
INV0011882,CUST01644,SUB01644,2025-03-28,2025-04-12,29.0,Paid
INV0011883,CUST01645,SUB01645,2024-01-29,2024-02-13,29.0,Overdue
INV0011884,CUST01645,SUB01645,2024-02-29,2024-03-15,29.0,Paid
INV0011885,CUST01645,SUB01645,2024-03-29,2024-04-13,29.0,Paid
INV0011886,CUST01645,SUB01645,2024-04-29,2024-05-14,29.0,Paid
INV0011887,CUST01645,SUB01645,2024-05-29,2024-06-13,29.0,Paid
INV0011888,CUST01645,SUB01645,2024-06-29,2024-07-14,29.0,Paid
INV0011889,CUST01645,SUB01645,2024-07-29,2024-08-13,29.0,Paid
INV0011890,CUST01645,SUB01645,2024-08-29,2024-09-13,29.0,Paid
INV0011891,CUST01645,SUB01645,2024-09-29,2024-10-14,29.0,Paid
INV0011892,CUST01645,SUB01645,2024-10-29,2024-11-13,29.0,Paid
INV0011893,CUST01645,SUB01645,2024-11-29,2024-12-14,29.0,Paid
INV0011894,CUST01645,SUB01645,2024-12-29,2025-01-13,29.0,Paid
INV0011895,CUST01645,SUB01645,2025-01-29,2025-02-13,29.0,Paid
INV0011896,CUST01645,SUB01645,2025-02-28,2025-03-15,29.0,Paid
INV0011897,CUST01645,SUB01645,2025-03-28,2025-04-12,29.0,Paid
INV0011898,CUST01645,SUB01645,2025-04-28,2025-05-13,29.0,Pending
INV0011899,CUST01645,SUB01645,2025-05-28,2025-06-12,29.0,Paid
INV0011900,CUST01645,SUB01645,2025-06-28,2025-07-13,29.0,Paid
INV0011901,CUST01645,SUB01645,2025-07-28,2025-08-12,29.0,Paid
INV0011902,CUST01645,SUB01645,2025-08-28,2025-09-12,29.0,Paid
INV0011903,CUST01645,SUB01645,2025-09-28,2025-10-13,29.0,Overdue
INV0011904,CUST01645,SUB01645,2025-10-28,2025-11-12,29.0,Paid
INV0011905,CUST01645,SUB01645,2025-11-28,2025-12-13,29.0,Paid
INV0011906,CUST01645,SUB01645,2025-12-28,2026-01-12,29.0,Paid
INV0011907,CUST01646,SUB01646,2024-02-19,2024-03-05,29.0,Paid
INV0011908,CUST01646,SUB01646,2024-03-19,2024-04-03,29.0,Paid
INV0011909,CUST01646,SUB01646,2024-04-19,2024-05-04,29.0,Paid
INV0011910,CUST01646,SUB01646,2024-05-19,2024-06-03,29.0,Paid
INV0011911,CUST01646,SUB01646,2024-06-19,2024-07-04,29.0,Paid
INV0011912,CUST01646,SUB01646,2024-07-19,2024-08-03,29.0,Overdue
INV0011913,CUST01646,SUB01646,2024-08-19,2024-09-03,29.0,Paid
INV0011914,CUST01646,SUB01646,2024-09-19,2024-10-04,29.0,Paid
INV0011915,CUST01646,SUB01646,2024-10-19,2024-11-03,29.0,Paid
INV0011916,CUST01646,SUB01646,2024-11-19,2024-12-04,29.0,Paid
INV0011917,CUST01646,SUB01646,2024-12-19,2025-01-03,29.0,Paid
INV0011918,CUST01646,SUB01646,2025-01-19,2025-02-03,29.0,Paid
INV0011919,CUST01646,SUB01646,2025-02-19,2025-03-06,29.0,Paid
INV0011920,CUST01646,SUB01646,2025-03-19,2025-04-03,29.0,Paid
INV0011921,CUST01646,SUB01646,2025-04-19,2025-05-04,29.0,Paid
INV0011922,CUST01646,SUB01646,2025-05-19,2025-06-03,29.0,Paid
INV0011923,CUST01646,SUB01646,2025-06-19,2025-07-04,29.0,Paid
INV0011924,CUST01646,SUB01646,2025-07-19,2025-08-03,29.0,Paid
INV0011925,CUST01646,SUB01646,2025-08-19,2025-09-03,29.0,Paid
INV0011926,CUST01646,SUB01646,2025-09-19,2025-10-04,29.0,Paid
INV0011927,CUST01646,SUB01646,2025-10-19,2025-11-03,29.0,Paid
INV0011928,CUST01646,SUB01646,2025-11-19,2025-12-04,29.0,Paid
INV0011929,CUST01646,SUB01646,2025-12-19,2026-01-03,29.0,Paid
INV0011930,CUST01647,SUB01647,2024-07-06,2024-07-21,2029.8,Paid
INV0011931,CUST01648,SUB01648,2024-03-10,2024-03-25,29.0,Paid
INV0011932,CUST01648,SUB01648,2024-04-10,2024-04-25,29.0,Paid
INV0011933,CUST01648,SUB01648,2024-05-10,2024-05-25,29.0,Paid
INV0011934,CUST01648,SUB01648,2024-06-10,2024-06-25,79.0,Paid
INV0011935,CUST01648,SUB01648,2024-07-10,2024-07-25,79.0,Paid
INV0011936,CUST01648,SUB01648,2024-08-10,2024-08-25,79.0,Paid
INV0011937,CUST01649,SUB01649,2025-08-02,2025-08-17,79.0,Paid
INV0011938,CUST01649,SUB01649,2025-09-02,2025-09-17,79.0,Paid
INV0011939,CUST01649,SUB01649,2025-10-02,2025-10-17,79.0,Paid
INV0011940,CUST01649,SUB01649,2025-11-02,2025-11-17,79.0,Paid
INV0011941,CUST01649,SUB01649,2025-12-02,2025-12-17,79.0,Paid
INV0011942,CUST01650,SUB01650,2025-09-12,2025-09-27,29.0,Paid
INV0011943,CUST01650,SUB01650,2025-10-12,2025-10-27,29.0,Paid
INV0011944,CUST01650,SUB01650,2025-11-12,2025-11-27,29.0,Overdue
INV0011945,CUST01650,SUB01650,2025-12-12,2025-12-27,29.0,Paid
INV0011946,CUST01651,SUB01651,2025-04-05,2025-04-20,79.0,Paid
INV0011947,CUST01651,SUB01651,2025-05-05,2025-05-20,79.0,Paid
INV0011948,CUST01651,SUB01651,2025-06-05,2025-06-20,79.0,Paid
INV0011949,CUST01651,SUB01651,2025-07-05,2025-07-20,79.0,Paid
INV0011950,CUST01651,SUB01651,2025-08-05,2025-08-20,79.0,Paid
INV0011951,CUST01651,SUB01651,2025-09-05,2025-09-20,79.0,Paid
INV0011952,CUST01651,SUB01651,2025-10-05,2025-10-20,79.0,Paid
INV0011953,CUST01651,SUB01651,2025-11-05,2025-11-20,79.0,Paid
INV0011954,CUST01651,SUB01651,2025-12-05,2025-12-20,79.0,Paid
INV0011955,CUST01652,SUB01652,2024-04-01,2024-04-16,199.0,Paid
INV0011956,CUST01652,SUB01652,2024-05-01,2024-05-16,199.0,Paid
INV0011957,CUST01652,SUB01652,2024-06-01,2024-06-16,199.0,Paid
INV0011958,CUST01653,SUB01653,2024-08-26,2024-09-10,805.8,Paid
INV0011959,CUST01653,SUB01653,2025-08-26,2025-09-10,805.8,Paid
INV0011960,CUST01654,SUB01654,2024-10-11,2024-10-26,79.0,Paid
INV0011961,CUST01654,SUB01654,2024-11-11,2024-11-26,79.0,Paid
INV0011962,CUST01654,SUB01654,2024-12-11,2024-12-26,79.0,Paid
INV0011963,CUST01655,SUB01655,2025-08-08,2025-08-23,29.0,Paid
INV0011964,CUST01655,SUB01655,2025-09-08,2025-09-23,29.0,Paid
INV0011965,CUST01655,SUB01655,2025-10-08,2025-10-23,29.0,Overdue
INV0011966,CUST01655,SUB01655,2025-11-08,2025-11-23,29.0,Paid
INV0011967,CUST01655,SUB01655,2025-12-08,2025-12-23,29.0,Paid
INV0011968,CUST01656,SUB01656,2025-10-21,2025-11-05,805.8,Paid
INV0011969,CUST01657,SUB01657,2025-08-06,2025-08-21,805.8,Paid
INV0011970,CUST01658,SUB01658,2024-05-03,2024-05-18,29.0,Paid
INV0011971,CUST01658,SUB01658,2024-06-03,2024-06-18,29.0,Paid
INV0011972,CUST01658,SUB01658,2024-07-03,2024-07-18,29.0,Paid
INV0011973,CUST01658,SUB01658,2024-08-03,2024-08-18,29.0,Paid
INV0011974,CUST01658,SUB01658,2024-09-03,2024-09-18,29.0,Paid
INV0011975,CUST01658,SUB01658,2024-10-03,2024-10-18,29.0,Paid
INV0011976,CUST01658,SUB01658,2024-11-03,2024-11-18,29.0,Paid
INV0011977,CUST01658,SUB01658,2024-12-03,2024-12-18,29.0,Paid
INV0011978,CUST01658,SUB01658,2025-01-03,2025-01-18,29.0,Paid
INV0011979,CUST01658,SUB01658,2025-02-03,2025-02-18,29.0,Paid
INV0011980,CUST01658,SUB01658,2025-03-03,2025-03-18,29.0,Paid
INV0011981,CUST01658,SUB01658,2025-04-03,2025-04-18,29.0,Paid
INV0011982,CUST01658,SUB01658,2025-05-03,2025-05-18,29.0,Paid
INV0011983,CUST01658,SUB01658,2025-06-03,2025-06-18,29.0,Paid
INV0011984,CUST01658,SUB01658,2025-07-03,2025-07-18,29.0,Paid
INV0011985,CUST01658,SUB01658,2025-08-03,2025-08-18,29.0,Paid
INV0011986,CUST01658,SUB01658,2025-09-03,2025-09-18,29.0,Paid
INV0011987,CUST01658,SUB01658,2025-10-03,2025-10-18,29.0,Paid
INV0011988,CUST01659,SUB01659,2024-10-08,2024-10-23,79.0,Paid
INV0011989,CUST01659,SUB01659,2024-11-08,2024-11-23,79.0,Paid
INV0011990,CUST01659,SUB01659,2024-12-08,2024-12-23,79.0,Paid
INV0011991,CUST01659,SUB01659,2025-01-08,2025-01-23,79.0,Paid
INV0011992,CUST01659,SUB01659,2025-02-08,2025-02-23,79.0,Paid
INV0011993,CUST01659,SUB01659,2025-03-08,2025-03-23,79.0,Paid
INV0011994,CUST01660,SUB01660,2024-03-27,2024-04-11,29.0,Paid
INV0011995,CUST01660,SUB01660,2024-04-27,2024-05-12,29.0,Paid
INV0011996,CUST01660,SUB01660,2024-05-27,2024-06-11,79.0,Paid
INV0011997,CUST01660,SUB01660,2024-06-27,2024-07-12,79.0,Paid
INV0011998,CUST01660,SUB01660,2024-07-27,2024-08-11,79.0,Paid
INV0011999,CUST01660,SUB01660,2024-08-27,2024-09-11,79.0,Paid
INV0012000,CUST01660,SUB01660,2024-09-27,2024-10-12,79.0,Paid
INV0012001,CUST01660,SUB01660,2024-10-27,2024-11-11,79.0,Paid
INV0012002,CUST01660,SUB01660,2024-11-27,2024-12-12,79.0,Paid
INV0012003,CUST01660,SUB01660,2024-12-27,2025-01-11,79.0,Paid
INV0012004,CUST01660,SUB01660,2025-01-27,2025-02-11,79.0,Paid
INV0012005,CUST01660,SUB01660,2025-02-27,2025-03-14,79.0,Paid
INV0012006,CUST01661,SUB01661,2025-05-18,2025-06-02,295.8,Overdue
INV0012007,CUST01662,SUB01662,2025-02-28,2025-03-15,29.0,Paid
INV0012008,CUST01662,SUB01662,2025-03-28,2025-04-12,29.0,Paid
INV0012009,CUST01662,SUB01662,2025-04-28,2025-05-13,29.0,Paid
INV0012010,CUST01662,SUB01662,2025-05-28,2025-06-12,29.0,Paid
INV0012011,CUST01662,SUB01662,2025-06-28,2025-07-13,29.0,Paid
INV0012012,CUST01662,SUB01662,2025-07-28,2025-08-12,29.0,Paid
INV0012013,CUST01662,SUB01662,2025-08-28,2025-09-12,29.0,Paid
INV0012014,CUST01662,SUB01662,2025-09-28,2025-10-13,29.0,Paid
INV0012015,CUST01662,SUB01662,2025-10-28,2025-11-12,29.0,Paid
INV0012016,CUST01662,SUB01662,2025-11-28,2025-12-13,29.0,Paid
INV0012017,CUST01662,SUB01662,2025-12-28,2026-01-12,29.0,Paid
INV0012018,CUST01663,SUB01663,2024-04-03,2024-04-18,295.8,Paid
INV0012019,CUST01664,SUB01664,2024-05-27,2024-06-11,79.0,Paid
INV0012020,CUST01664,SUB01664,2024-06-27,2024-07-12,79.0,Paid
INV0012021,CUST01664,SUB01664,2024-07-27,2024-08-11,79.0,Paid
INV0012022,CUST01664,SUB01664,2024-08-27,2024-09-11,79.0,Paid
INV0012023,CUST01664,SUB01664,2024-09-27,2024-10-12,79.0,Paid
INV0012024,CUST01664,SUB01664,2024-10-27,2024-11-11,79.0,Paid
INV0012025,CUST01664,SUB01664,2024-11-27,2024-12-12,79.0,Paid
INV0012026,CUST01664,SUB01664,2024-12-27,2025-01-11,79.0,Paid
INV0012027,CUST01664,SUB01664,2025-01-27,2025-02-11,79.0,Paid
INV0012028,CUST01664,SUB01664,2025-02-27,2025-03-14,79.0,Paid
INV0012029,CUST01664,SUB01664,2025-03-27,2025-04-11,79.0,Paid
INV0012030,CUST01664,SUB01664,2025-04-27,2025-05-12,79.0,Overdue
INV0012031,CUST01664,SUB01664,2025-05-27,2025-06-11,79.0,Paid
INV0012032,CUST01664,SUB01664,2025-06-27,2025-07-12,79.0,Paid
INV0012033,CUST01664,SUB01664,2025-07-27,2025-08-11,79.0,Paid
INV0012034,CUST01664,SUB01664,2025-08-27,2025-09-11,79.0,Paid
INV0012035,CUST01664,SUB01664,2025-09-27,2025-10-12,79.0,Paid
INV0012036,CUST01664,SUB01664,2025-10-27,2025-11-11,79.0,Paid
INV0012037,CUST01665,SUB01665,2025-02-21,2025-03-08,29.0,Paid
INV0012038,CUST01665,SUB01665,2025-03-21,2025-04-05,29.0,Paid
INV0012039,CUST01665,SUB01665,2025-04-21,2025-05-06,29.0,Paid
INV0012040,CUST01665,SUB01665,2025-05-21,2025-06-05,29.0,Paid
INV0012041,CUST01665,SUB01665,2025-06-21,2025-07-06,29.0,Paid
INV0012042,CUST01665,SUB01665,2025-07-21,2025-08-05,29.0,Paid
INV0012043,CUST01665,SUB01665,2025-08-21,2025-09-05,29.0,Paid
INV0012044,CUST01665,SUB01665,2025-09-21,2025-10-06,29.0,Paid
INV0012045,CUST01665,SUB01665,2025-10-21,2025-11-05,29.0,Paid
INV0012046,CUST01665,SUB01665,2025-11-21,2025-12-06,29.0,Paid
INV0012047,CUST01665,SUB01665,2025-12-21,2026-01-05,29.0,Paid
INV0012048,CUST01666,SUB01666,2024-07-04,2024-07-19,79.0,Overdue
INV0012049,CUST01666,SUB01666,2024-08-04,2024-08-19,79.0,Paid
INV0012050,CUST01666,SUB01666,2024-09-04,2024-09-19,79.0,Paid
INV0012051,CUST01666,SUB01666,2024-10-04,2024-10-19,199.0,Paid
INV0012052,CUST01666,SUB01666,2024-11-04,2024-11-19,199.0,Paid
INV0012053,CUST01666,SUB01666,2024-12-04,2024-12-19,199.0,Paid
INV0012054,CUST01667,SUB01667,2024-11-23,2024-12-08,79.0,Paid
INV0012055,CUST01667,SUB01667,2024-12-23,2025-01-07,79.0,Paid
INV0012056,CUST01667,SUB01667,2025-01-23,2025-02-07,79.0,Paid
INV0012057,CUST01667,SUB01667,2025-02-23,2025-03-10,79.0,Paid
INV0012058,CUST01667,SUB01667,2025-03-23,2025-04-07,199.0,Paid
INV0012059,CUST01667,SUB01667,2025-04-23,2025-05-08,199.0,Overdue
INV0012060,CUST01668,SUB01668,2024-02-23,2024-03-09,295.8,Paid
INV0012061,CUST01669,SUB01669,2025-05-19,2025-06-03,79.0,Paid
INV0012062,CUST01669,SUB01669,2025-06-19,2025-07-04,79.0,Paid
INV0012063,CUST01669,SUB01669,2025-07-19,2025-08-03,79.0,Paid
INV0012064,CUST01669,SUB01669,2025-08-19,2025-09-03,79.0,Paid
INV0012065,CUST01669,SUB01669,2025-09-19,2025-10-04,79.0,Paid
INV0012066,CUST01669,SUB01669,2025-10-19,2025-11-03,199.0,Paid
INV0012067,CUST01670,SUB01670,2024-10-02,2024-10-17,295.8,Paid
INV0012068,CUST01671,SUB01671,2025-05-10,2025-05-25,79.0,Paid
INV0012069,CUST01671,SUB01671,2025-06-10,2025-06-25,79.0,Paid
INV0012070,CUST01671,SUB01671,2025-07-10,2025-07-25,79.0,Paid
INV0012071,CUST01671,SUB01671,2025-08-10,2025-08-25,79.0,Paid
INV0012072,CUST01671,SUB01671,2025-09-10,2025-09-25,79.0,Paid
INV0012073,CUST01671,SUB01671,2025-10-10,2025-10-25,79.0,Paid
INV0012074,CUST01672,SUB01672,2024-10-02,2024-10-17,29.0,Paid
INV0012075,CUST01672,SUB01672,2024-11-02,2024-11-17,29.0,Paid
INV0012076,CUST01672,SUB01672,2024-12-02,2024-12-17,29.0,Paid
INV0012077,CUST01672,SUB01672,2025-01-02,2025-01-17,29.0,Paid
INV0012078,CUST01672,SUB01672,2025-02-02,2025-02-17,29.0,Paid
INV0012079,CUST01672,SUB01672,2025-03-02,2025-03-17,29.0,Paid
INV0012080,CUST01672,SUB01672,2025-04-02,2025-04-17,29.0,Paid
INV0012081,CUST01672,SUB01672,2025-05-02,2025-05-17,29.0,Paid
INV0012082,CUST01672,SUB01672,2025-06-02,2025-06-17,29.0,Paid
INV0012083,CUST01672,SUB01672,2025-07-02,2025-07-17,29.0,Paid
INV0012084,CUST01672,SUB01672,2025-08-02,2025-08-17,29.0,Paid
INV0012085,CUST01672,SUB01672,2025-09-02,2025-09-17,29.0,Paid
INV0012086,CUST01673,SUB01673,2025-07-22,2025-08-06,295.8,Paid
INV0012087,CUST01674,SUB01674,2025-04-01,2025-04-16,29.0,Paid
INV0012088,CUST01674,SUB01674,2025-05-01,2025-05-16,29.0,Paid
INV0012089,CUST01674,SUB01674,2025-06-01,2025-06-16,29.0,Paid
INV0012090,CUST01674,SUB01674,2025-07-01,2025-07-16,29.0,Paid
INV0012091,CUST01674,SUB01674,2025-08-01,2025-08-16,29.0,Paid
INV0012092,CUST01674,SUB01674,2025-09-01,2025-09-16,29.0,Paid
INV0012093,CUST01674,SUB01674,2025-10-01,2025-10-16,29.0,Paid
INV0012094,CUST01674,SUB01674,2025-11-01,2025-11-16,29.0,Paid
INV0012095,CUST01674,SUB01674,2025-12-01,2025-12-16,29.0,Paid
INV0012096,CUST01675,SUB01675,2025-01-17,2025-02-01,79.0,Paid
INV0012097,CUST01675,SUB01675,2025-02-17,2025-03-04,79.0,Paid
INV0012098,CUST01675,SUB01675,2025-03-17,2025-04-01,79.0,Paid
INV0012099,CUST01675,SUB01675,2025-04-17,2025-05-02,79.0,Paid
INV0012100,CUST01675,SUB01675,2025-05-17,2025-06-01,79.0,Paid
INV0012101,CUST01675,SUB01675,2025-06-17,2025-07-02,79.0,Paid
INV0012102,CUST01675,SUB01675,2025-07-17,2025-08-01,79.0,Paid
INV0012103,CUST01675,SUB01675,2025-08-17,2025-09-01,79.0,Paid
INV0012104,CUST01675,SUB01675,2025-09-17,2025-10-02,79.0,Paid
INV0012105,CUST01675,SUB01675,2025-10-17,2025-11-01,79.0,Paid
INV0012106,CUST01675,SUB01675,2025-11-17,2025-12-02,79.0,Pending
INV0012107,CUST01675,SUB01675,2025-12-17,2026-01-01,79.0,Paid
INV0012108,CUST01676,SUB01676,2025-07-22,2025-08-06,2029.8,Paid
INV0012109,CUST01677,SUB01677,2025-10-30,2025-11-14,79.0,Paid
INV0012110,CUST01677,SUB01677,2025-11-30,2025-12-15,79.0,Paid
INV0012111,CUST01677,SUB01677,2025-12-30,2026-01-14,79.0,Paid
INV0012112,CUST01678,SUB01678,2024-10-06,2024-10-21,79.0,Paid
INV0012113,CUST01678,SUB01678,2024-11-06,2024-11-21,79.0,Paid
INV0012114,CUST01678,SUB01678,2024-12-06,2024-12-21,79.0,Paid
INV0012115,CUST01678,SUB01678,2025-01-06,2025-01-21,79.0,Paid
INV0012116,CUST01678,SUB01678,2025-02-06,2025-02-21,79.0,Paid
INV0012117,CUST01678,SUB01678,2025-03-06,2025-03-21,79.0,Paid
INV0012118,CUST01678,SUB01678,2025-04-06,2025-04-21,79.0,Paid
INV0012119,CUST01678,SUB01678,2025-05-06,2025-05-21,79.0,Paid
INV0012120,CUST01678,SUB01678,2025-06-06,2025-06-21,79.0,Paid
INV0012121,CUST01678,SUB01678,2025-07-06,2025-07-21,79.0,Paid
INV0012122,CUST01678,SUB01678,2025-08-06,2025-08-21,79.0,Paid
INV0012123,CUST01678,SUB01678,2025-09-06,2025-09-21,79.0,Paid
INV0012124,CUST01679,SUB01679,2025-10-09,2025-10-24,199.0,Pending
INV0012125,CUST01679,SUB01679,2025-11-09,2025-11-24,199.0,Paid
INV0012126,CUST01679,SUB01679,2025-12-09,2025-12-24,199.0,Paid
INV0012127,CUST01680,SUB01680,2024-06-14,2024-06-29,29.0,Paid
INV0012128,CUST01680,SUB01680,2024-07-14,2024-07-29,29.0,Paid
INV0012129,CUST01680,SUB01680,2024-08-14,2024-08-29,29.0,Paid
INV0012130,CUST01680,SUB01680,2024-09-14,2024-09-29,29.0,Paid
INV0012131,CUST01680,SUB01680,2024-10-14,2024-10-29,29.0,Paid
INV0012132,CUST01680,SUB01680,2024-11-14,2024-11-29,29.0,Paid
INV0012133,CUST01680,SUB01680,2024-12-14,2024-12-29,29.0,Paid
INV0012134,CUST01680,SUB01680,2025-01-14,2025-01-29,29.0,Paid
INV0012135,CUST01680,SUB01680,2025-02-14,2025-03-01,29.0,Paid
INV0012136,CUST01680,SUB01680,2025-03-14,2025-03-29,29.0,Paid
INV0012137,CUST01680,SUB01680,2025-04-14,2025-04-29,29.0,Paid
INV0012138,CUST01680,SUB01680,2025-05-14,2025-05-29,29.0,Paid
INV0012139,CUST01680,SUB01680,2025-06-14,2025-06-29,29.0,Paid
INV0012140,CUST01680,SUB01680,2025-07-14,2025-07-29,29.0,Pending
INV0012141,CUST01680,SUB01680,2025-08-14,2025-08-29,29.0,Paid
INV0012142,CUST01680,SUB01680,2025-09-14,2025-09-29,29.0,Paid
INV0012143,CUST01680,SUB01680,2025-10-14,2025-10-29,29.0,Paid
INV0012144,CUST01680,SUB01680,2025-11-14,2025-11-29,29.0,Paid
INV0012145,CUST01680,SUB01680,2025-12-14,2025-12-29,29.0,Paid
INV0012146,CUST01681,SUB01681,2025-02-08,2025-02-23,29.0,Paid
INV0012147,CUST01681,SUB01681,2025-03-08,2025-03-23,29.0,Paid
INV0012148,CUST01681,SUB01681,2025-04-08,2025-04-23,29.0,Paid
INV0012149,CUST01681,SUB01681,2025-05-08,2025-05-23,29.0,Paid
INV0012150,CUST01681,SUB01681,2025-06-08,2025-06-23,29.0,Paid
INV0012151,CUST01681,SUB01681,2025-07-08,2025-07-23,29.0,Overdue
INV0012152,CUST01681,SUB01681,2025-08-08,2025-08-23,29.0,Paid
INV0012153,CUST01681,SUB01681,2025-09-08,2025-09-23,29.0,Paid
INV0012154,CUST01681,SUB01681,2025-10-08,2025-10-23,29.0,Paid
INV0012155,CUST01681,SUB01681,2025-11-08,2025-11-23,29.0,Paid
INV0012156,CUST01681,SUB01681,2025-12-08,2025-12-23,29.0,Paid
INV0012157,CUST01682,SUB01682,2025-03-18,2025-04-02,29.0,Paid
INV0012158,CUST01682,SUB01682,2025-04-18,2025-05-03,29.0,Overdue
INV0012159,CUST01682,SUB01682,2025-05-18,2025-06-02,29.0,Paid
INV0012160,CUST01682,SUB01682,2025-06-18,2025-07-03,29.0,Paid
INV0012161,CUST01682,SUB01682,2025-07-18,2025-08-02,29.0,Paid
INV0012162,CUST01682,SUB01682,2025-08-18,2025-09-02,29.0,Paid
INV0012163,CUST01682,SUB01682,2025-09-18,2025-10-03,29.0,Paid
INV0012164,CUST01682,SUB01682,2025-10-18,2025-11-02,29.0,Paid
INV0012165,CUST01682,SUB01682,2025-11-18,2025-12-03,29.0,Paid
INV0012166,CUST01682,SUB01682,2025-12-18,2026-01-02,29.0,Paid
INV0012167,CUST01683,SUB01683,2025-11-29,2025-12-14,805.8,Overdue
INV0012168,CUST01684,SUB01684,2024-10-06,2024-10-21,29.0,Paid
INV0012169,CUST01684,SUB01684,2024-11-06,2024-11-21,29.0,Pending
INV0012170,CUST01684,SUB01684,2024-12-06,2024-12-21,29.0,Paid
INV0012171,CUST01685,SUB01685,2025-09-05,2025-09-20,79.0,Paid
INV0012172,CUST01685,SUB01685,2025-10-05,2025-10-20,79.0,Overdue
INV0012173,CUST01685,SUB01685,2025-11-05,2025-11-20,79.0,Overdue
INV0012174,CUST01685,SUB01685,2025-12-05,2025-12-20,79.0,Pending
INV0012175,CUST01686,SUB01686,2025-09-15,2025-09-30,29.0,Paid
INV0012176,CUST01686,SUB01686,2025-10-15,2025-10-30,29.0,Paid
INV0012177,CUST01686,SUB01686,2025-11-15,2025-11-30,29.0,Paid
INV0012178,CUST01686,SUB01686,2025-12-15,2025-12-30,29.0,Paid
INV0012179,CUST01687,SUB01687,2025-07-23,2025-08-07,79.0,Paid
INV0012180,CUST01687,SUB01687,2025-08-23,2025-09-07,79.0,Paid
INV0012181,CUST01687,SUB01687,2025-09-23,2025-10-08,79.0,Paid
INV0012182,CUST01687,SUB01687,2025-10-23,2025-11-07,79.0,Paid
INV0012183,CUST01687,SUB01687,2025-11-23,2025-12-08,79.0,Paid
INV0012184,CUST01687,SUB01687,2025-12-23,2026-01-07,79.0,Paid
INV0012185,CUST01688,SUB01688,2025-07-05,2025-07-20,29.0,Paid
INV0012186,CUST01688,SUB01688,2025-08-05,2025-08-20,29.0,Paid
INV0012187,CUST01688,SUB01688,2025-09-05,2025-09-20,29.0,Paid
INV0012188,CUST01688,SUB01688,2025-10-05,2025-10-20,29.0,Paid
INV0012189,CUST01688,SUB01688,2025-11-05,2025-11-20,29.0,Paid
INV0012190,CUST01688,SUB01688,2025-12-05,2025-12-20,29.0,Paid
INV0012191,CUST01689,SUB01689,2025-11-18,2025-12-03,805.8,Paid
INV0012192,CUST01690,SUB01690,2025-09-07,2025-09-22,79.0,Paid
INV0012193,CUST01690,SUB01690,2025-10-07,2025-10-22,79.0,Overdue
INV0012194,CUST01690,SUB01690,2025-11-07,2025-11-22,79.0,Paid
INV0012195,CUST01690,SUB01690,2025-12-07,2025-12-22,79.0,Paid
INV0012196,CUST01691,SUB01691,2024-05-07,2024-05-22,805.8,Paid
INV0012197,CUST01692,SUB01692,2024-01-21,2024-02-05,29.0,Paid
INV0012198,CUST01692,SUB01692,2024-02-21,2024-03-07,29.0,Paid
INV0012199,CUST01692,SUB01692,2024-03-21,2024-04-05,29.0,Paid
INV0012200,CUST01692,SUB01692,2024-04-21,2024-05-06,29.0,Paid
INV0012201,CUST01692,SUB01692,2024-05-21,2024-06-05,29.0,Paid
INV0012202,CUST01692,SUB01692,2024-06-21,2024-07-06,29.0,Paid
INV0012203,CUST01692,SUB01692,2024-07-21,2024-08-05,29.0,Paid
INV0012204,CUST01692,SUB01692,2024-08-21,2024-09-05,29.0,Paid
INV0012205,CUST01692,SUB01692,2024-09-21,2024-10-06,29.0,Paid
INV0012206,CUST01692,SUB01692,2024-10-21,2024-11-05,29.0,Paid
INV0012207,CUST01692,SUB01692,2024-11-21,2024-12-06,29.0,Paid
INV0012208,CUST01692,SUB01692,2024-12-21,2025-01-05,29.0,Paid
INV0012209,CUST01693,SUB01693,2024-07-15,2024-07-30,199.0,Paid
INV0012210,CUST01693,SUB01693,2024-08-15,2024-08-30,199.0,Paid
INV0012211,CUST01693,SUB01693,2024-09-15,2024-09-30,199.0,Paid
INV0012212,CUST01693,SUB01693,2024-10-15,2024-10-30,199.0,Paid
INV0012213,CUST01693,SUB01693,2024-11-15,2024-11-30,199.0,Paid
INV0012214,CUST01693,SUB01693,2024-12-15,2024-12-30,199.0,Paid
INV0012215,CUST01693,SUB01693,2025-01-15,2025-01-30,199.0,Paid
INV0012216,CUST01693,SUB01693,2025-02-15,2025-03-02,199.0,Paid
INV0012217,CUST01693,SUB01693,2025-03-15,2025-03-30,199.0,Pending
INV0012218,CUST01693,SUB01693,2025-04-15,2025-04-30,199.0,Paid
INV0012219,CUST01693,SUB01693,2025-05-15,2025-05-30,199.0,Paid
INV0012220,CUST01693,SUB01693,2025-06-15,2025-06-30,199.0,Paid
INV0012221,CUST01693,SUB01693,2025-07-15,2025-07-30,199.0,Paid
INV0012222,CUST01693,SUB01693,2025-08-15,2025-08-30,199.0,Paid
INV0012223,CUST01693,SUB01693,2025-09-15,2025-09-30,199.0,Paid
INV0012224,CUST01693,SUB01693,2025-10-15,2025-10-30,199.0,Paid
INV0012225,CUST01693,SUB01693,2025-11-15,2025-11-30,199.0,Paid
INV0012226,CUST01693,SUB01693,2025-12-15,2025-12-30,199.0,Paid
INV0012227,CUST01694,SUB01694,2024-08-27,2024-09-11,199.0,Paid
INV0012228,CUST01694,SUB01694,2024-09-27,2024-10-12,199.0,Paid
INV0012229,CUST01694,SUB01694,2024-10-27,2024-11-11,199.0,Paid
INV0012230,CUST01694,SUB01694,2024-11-27,2024-12-12,199.0,Paid
INV0012231,CUST01694,SUB01694,2024-12-27,2025-01-11,199.0,Paid
INV0012232,CUST01694,SUB01694,2025-01-27,2025-02-11,199.0,Overdue
INV0012233,CUST01694,SUB01694,2025-02-27,2025-03-14,199.0,Overdue
INV0012234,CUST01694,SUB01694,2025-03-27,2025-04-11,199.0,Paid
INV0012235,CUST01694,SUB01694,2025-04-27,2025-05-12,199.0,Paid
INV0012236,CUST01694,SUB01694,2025-05-27,2025-06-11,199.0,Paid
INV0012237,CUST01694,SUB01694,2025-06-27,2025-07-12,199.0,Overdue
INV0012238,CUST01694,SUB01694,2025-07-27,2025-08-11,199.0,Paid
INV0012239,CUST01694,SUB01694,2025-08-27,2025-09-11,199.0,Paid
INV0012240,CUST01694,SUB01694,2025-09-27,2025-10-12,199.0,Paid
INV0012241,CUST01694,SUB01694,2025-10-27,2025-11-11,199.0,Paid
INV0012242,CUST01694,SUB01694,2025-11-27,2025-12-12,199.0,Paid
INV0012243,CUST01694,SUB01694,2025-12-27,2026-01-11,199.0,Paid
INV0012244,CUST01695,SUB01695,2025-12-21,2026-01-05,79.0,Paid
INV0012245,CUST01696,SUB01696,2024-04-23,2024-05-08,805.8,Paid
INV0012246,CUST01697,SUB01697,2025-07-19,2025-08-03,29.0,Paid
INV0012247,CUST01697,SUB01697,2025-08-19,2025-09-03,29.0,Paid
INV0012248,CUST01697,SUB01697,2025-09-19,2025-10-04,29.0,Paid
INV0012249,CUST01697,SUB01697,2025-10-19,2025-11-03,29.0,Paid
INV0012250,CUST01697,SUB01697,2025-11-19,2025-12-04,29.0,Overdue
INV0012251,CUST01697,SUB01697,2025-12-19,2026-01-03,29.0,Pending
INV0012252,CUST01698,SUB01698,2024-03-07,2024-03-22,79.0,Paid
INV0012253,CUST01698,SUB01698,2024-04-07,2024-04-22,79.0,Paid
INV0012254,CUST01698,SUB01698,2024-05-07,2024-05-22,79.0,Paid
INV0012255,CUST01698,SUB01698,2024-06-07,2024-06-22,79.0,Paid
INV0012256,CUST01698,SUB01698,2024-07-07,2024-07-22,79.0,Paid
INV0012257,CUST01698,SUB01698,2024-08-07,2024-08-22,79.0,Paid
INV0012258,CUST01698,SUB01698,2024-09-07,2024-09-22,79.0,Paid
INV0012259,CUST01698,SUB01698,2024-10-07,2024-10-22,79.0,Paid
INV0012260,CUST01698,SUB01698,2024-11-07,2024-11-22,79.0,Paid
INV0012261,CUST01698,SUB01698,2024-12-07,2024-12-22,79.0,Pending
INV0012262,CUST01698,SUB01698,2025-01-07,2025-01-22,79.0,Paid
INV0012263,CUST01698,SUB01698,2025-02-07,2025-02-22,79.0,Paid
INV0012264,CUST01698,SUB01698,2025-03-07,2025-03-22,79.0,Paid
INV0012265,CUST01698,SUB01698,2025-04-07,2025-04-22,79.0,Paid
INV0012266,CUST01698,SUB01698,2025-05-07,2025-05-22,79.0,Paid
INV0012267,CUST01698,SUB01698,2025-06-07,2025-06-22,79.0,Paid
INV0012268,CUST01698,SUB01698,2025-07-07,2025-07-22,79.0,Paid
INV0012269,CUST01698,SUB01698,2025-08-07,2025-08-22,79.0,Paid
INV0012270,CUST01699,SUB01699,2025-08-06,2025-08-21,199.0,Paid
INV0012271,CUST01699,SUB01699,2025-09-06,2025-09-21,199.0,Paid
INV0012272,CUST01699,SUB01699,2025-10-06,2025-10-21,199.0,Paid
INV0012273,CUST01699,SUB01699,2025-11-06,2025-11-21,199.0,Paid
INV0012274,CUST01699,SUB01699,2025-12-06,2025-12-21,199.0,Paid
INV0012275,CUST01700,SUB01700,2024-07-15,2024-07-30,805.8,Paid
INV0012276,CUST01700,SUB01700,2025-07-15,2025-07-30,805.8,Paid
INV0012277,CUST01701,SUB01701,2025-11-28,2025-12-13,199.0,Paid
INV0012278,CUST01701,SUB01701,2025-12-28,2026-01-12,199.0,Paid
INV0012279,CUST01702,SUB01702,2025-10-18,2025-11-02,79.0,Paid
INV0012280,CUST01702,SUB01702,2025-11-18,2025-12-03,79.0,Overdue
INV0012281,CUST01702,SUB01702,2025-12-18,2026-01-02,79.0,Overdue
INV0012282,CUST01703,SUB01703,2025-03-18,2025-04-02,79.0,Paid
INV0012283,CUST01703,SUB01703,2025-04-18,2025-05-03,79.0,Paid
INV0012284,CUST01703,SUB01703,2025-05-18,2025-06-02,79.0,Paid
INV0012285,CUST01704,SUB01704,2025-05-22,2025-06-06,29.0,Paid
INV0012286,CUST01704,SUB01704,2025-06-22,2025-07-07,29.0,Paid
INV0012287,CUST01704,SUB01704,2025-07-22,2025-08-06,29.0,Overdue
INV0012288,CUST01704,SUB01704,2025-08-22,2025-09-06,29.0,Paid
INV0012289,CUST01704,SUB01704,2025-09-22,2025-10-07,29.0,Paid
INV0012290,CUST01704,SUB01704,2025-10-22,2025-11-06,29.0,Paid
INV0012291,CUST01705,SUB01705,2024-02-18,2024-03-04,79.0,Paid
INV0012292,CUST01705,SUB01705,2024-03-18,2024-04-02,79.0,Paid
INV0012293,CUST01705,SUB01705,2024-04-18,2024-05-03,79.0,Paid
INV0012294,CUST01705,SUB01705,2024-05-18,2024-06-02,79.0,Paid
INV0012295,CUST01705,SUB01705,2024-06-18,2024-07-03,79.0,Pending
INV0012296,CUST01705,SUB01705,2024-07-18,2024-08-02,79.0,Paid
INV0012297,CUST01705,SUB01705,2024-08-18,2024-09-02,79.0,Paid
INV0012298,CUST01705,SUB01705,2024-09-18,2024-10-03,79.0,Paid
INV0012299,CUST01705,SUB01705,2024-10-18,2024-11-02,79.0,Overdue
INV0012300,CUST01705,SUB01705,2024-11-18,2024-12-03,79.0,Paid
INV0012301,CUST01705,SUB01705,2024-12-18,2025-01-02,79.0,Paid
INV0012302,CUST01705,SUB01705,2025-01-18,2025-02-02,79.0,Paid
INV0012303,CUST01706,SUB01706,2024-01-06,2024-01-21,805.8,Paid
INV0012304,CUST01706,SUB01706,2025-01-06,2025-01-21,805.8,Paid
INV0012305,CUST01707,SUB01707,2024-08-19,2024-09-03,295.8,Paid
INV0012306,CUST01708,SUB01708,2024-07-20,2024-08-04,79.0,Paid
INV0012307,CUST01708,SUB01708,2024-08-20,2024-09-04,79.0,Paid
INV0012308,CUST01708,SUB01708,2024-09-20,2024-10-05,79.0,Paid
INV0012309,CUST01708,SUB01708,2024-10-20,2024-11-04,79.0,Paid
INV0012310,CUST01708,SUB01708,2024-11-20,2024-12-05,79.0,Paid
INV0012311,CUST01708,SUB01708,2024-12-20,2025-01-04,79.0,Paid
INV0012312,CUST01708,SUB01708,2025-01-20,2025-02-04,79.0,Pending
INV0012313,CUST01708,SUB01708,2025-02-20,2025-03-07,79.0,Paid
INV0012314,CUST01708,SUB01708,2025-03-20,2025-04-04,79.0,Paid
INV0012315,CUST01708,SUB01708,2025-04-20,2025-05-05,79.0,Paid
INV0012316,CUST01708,SUB01708,2025-05-20,2025-06-04,79.0,Paid
INV0012317,CUST01708,SUB01708,2025-06-20,2025-07-05,79.0,Paid
INV0012318,CUST01708,SUB01708,2025-07-20,2025-08-04,79.0,Paid
INV0012319,CUST01708,SUB01708,2025-08-20,2025-09-04,79.0,Paid
INV0012320,CUST01708,SUB01708,2025-09-20,2025-10-05,79.0,Paid
INV0012321,CUST01708,SUB01708,2025-10-20,2025-11-04,79.0,Paid
INV0012322,CUST01708,SUB01708,2025-11-20,2025-12-05,79.0,Paid
INV0012323,CUST01708,SUB01708,2025-12-20,2026-01-04,79.0,Paid
INV0012324,CUST01709,SUB01709,2024-01-29,2024-02-13,29.0,Paid
INV0012325,CUST01709,SUB01709,2024-02-29,2024-03-15,29.0,Paid
INV0012326,CUST01709,SUB01709,2024-03-29,2024-04-13,29.0,Paid
INV0012327,CUST01709,SUB01709,2024-04-29,2024-05-14,29.0,Paid
INV0012328,CUST01709,SUB01709,2024-05-29,2024-06-13,29.0,Overdue
INV0012329,CUST01709,SUB01709,2024-06-29,2024-07-14,29.0,Overdue
INV0012330,CUST01709,SUB01709,2024-07-29,2024-08-13,29.0,Paid
INV0012331,CUST01709,SUB01709,2024-08-29,2024-09-13,29.0,Paid
INV0012332,CUST01709,SUB01709,2024-09-29,2024-10-14,29.0,Paid
INV0012333,CUST01709,SUB01709,2024-10-29,2024-11-13,29.0,Paid
INV0012334,CUST01709,SUB01709,2024-11-29,2024-12-14,29.0,Paid
INV0012335,CUST01709,SUB01709,2024-12-29,2025-01-13,29.0,Paid
INV0012336,CUST01709,SUB01709,2025-01-29,2025-02-13,29.0,Paid
INV0012337,CUST01709,SUB01709,2025-02-28,2025-03-15,29.0,Paid
INV0012338,CUST01709,SUB01709,2025-03-28,2025-04-12,29.0,Paid
INV0012339,CUST01709,SUB01709,2025-04-28,2025-05-13,29.0,Paid
INV0012340,CUST01709,SUB01709,2025-05-28,2025-06-12,29.0,Paid
INV0012341,CUST01709,SUB01709,2025-06-28,2025-07-13,29.0,Overdue
INV0012342,CUST01710,SUB01710,2024-09-13,2024-09-28,79.0,Paid
INV0012343,CUST01710,SUB01710,2024-10-13,2024-10-28,79.0,Paid
INV0012344,CUST01710,SUB01710,2024-11-13,2024-11-28,79.0,Paid
INV0012345,CUST01710,SUB01710,2024-12-13,2024-12-28,79.0,Paid
INV0012346,CUST01710,SUB01710,2025-01-13,2025-01-28,79.0,Paid
INV0012347,CUST01710,SUB01710,2025-02-13,2025-02-28,79.0,Paid
INV0012348,CUST01710,SUB01710,2025-03-13,2025-03-28,79.0,Paid
INV0012349,CUST01710,SUB01710,2025-04-13,2025-04-28,79.0,Paid
INV0012350,CUST01710,SUB01710,2025-05-13,2025-05-28,79.0,Paid
INV0012351,CUST01710,SUB01710,2025-06-13,2025-06-28,79.0,Paid
INV0012352,CUST01710,SUB01710,2025-07-13,2025-07-28,79.0,Paid
INV0012353,CUST01710,SUB01710,2025-08-13,2025-08-28,79.0,Paid
INV0012354,CUST01710,SUB01710,2025-09-13,2025-09-28,79.0,Pending
INV0012355,CUST01710,SUB01710,2025-10-13,2025-10-28,79.0,Paid
INV0012356,CUST01710,SUB01710,2025-11-13,2025-11-28,79.0,Paid
INV0012357,CUST01710,SUB01710,2025-12-13,2025-12-28,79.0,Overdue
INV0012358,CUST01711,SUB01711,2024-02-25,2024-03-11,295.8,Overdue
INV0012359,CUST01711,SUB01711,2025-02-25,2025-03-12,295.8,Paid
INV0012360,CUST01712,SUB01712,2025-09-06,2025-09-21,199.0,Paid
INV0012361,CUST01712,SUB01712,2025-10-06,2025-10-21,199.0,Paid
INV0012362,CUST01712,SUB01712,2025-11-06,2025-11-21,199.0,Paid
INV0012363,CUST01712,SUB01712,2025-12-06,2025-12-21,199.0,Paid
INV0012364,CUST01713,SUB01713,2025-08-15,2025-08-30,29.0,Paid
INV0012365,CUST01713,SUB01713,2025-09-15,2025-09-30,29.0,Paid
INV0012366,CUST01713,SUB01713,2025-10-15,2025-10-30,29.0,Paid
INV0012367,CUST01713,SUB01713,2025-11-15,2025-11-30,29.0,Paid
INV0012368,CUST01713,SUB01713,2025-12-15,2025-12-30,29.0,Paid
INV0012369,CUST01714,SUB01714,2024-11-16,2024-12-01,295.8,Paid
INV0012370,CUST01714,SUB01714,2025-11-16,2025-12-01,295.8,Overdue
INV0012371,CUST01715,SUB01715,2024-03-04,2024-03-19,29.0,Paid
INV0012372,CUST01715,SUB01715,2024-04-04,2024-04-19,29.0,Paid
INV0012373,CUST01715,SUB01715,2024-05-04,2024-05-19,29.0,Paid
INV0012374,CUST01715,SUB01715,2024-06-04,2024-06-19,29.0,Paid
INV0012375,CUST01715,SUB01715,2024-07-04,2024-07-19,29.0,Paid
INV0012376,CUST01715,SUB01715,2024-08-04,2024-08-19,29.0,Paid
INV0012377,CUST01715,SUB01715,2024-09-04,2024-09-19,29.0,Paid
INV0012378,CUST01715,SUB01715,2024-10-04,2024-10-19,29.0,Paid
INV0012379,CUST01715,SUB01715,2024-11-04,2024-11-19,29.0,Paid
INV0012380,CUST01715,SUB01715,2024-12-04,2024-12-19,29.0,Overdue
INV0012381,CUST01715,SUB01715,2025-01-04,2025-01-19,29.0,Overdue
INV0012382,CUST01715,SUB01715,2025-02-04,2025-02-19,29.0,Paid
INV0012383,CUST01715,SUB01715,2025-03-04,2025-03-19,29.0,Paid
INV0012384,CUST01715,SUB01715,2025-04-04,2025-04-19,29.0,Paid
INV0012385,CUST01715,SUB01715,2025-05-04,2025-05-19,29.0,Paid
INV0012386,CUST01715,SUB01715,2025-06-04,2025-06-19,29.0,Paid
INV0012387,CUST01715,SUB01715,2025-07-04,2025-07-19,29.0,Paid
INV0012388,CUST01715,SUB01715,2025-08-04,2025-08-19,29.0,Paid
INV0012389,CUST01716,SUB01716,2024-03-08,2024-03-23,29.0,Paid
INV0012390,CUST01716,SUB01716,2024-04-08,2024-04-23,29.0,Paid
INV0012391,CUST01716,SUB01716,2024-05-08,2024-05-23,29.0,Paid
INV0012392,CUST01716,SUB01716,2024-06-08,2024-06-23,29.0,Overdue
INV0012393,CUST01716,SUB01716,2024-07-08,2024-07-23,29.0,Paid
INV0012394,CUST01716,SUB01716,2024-08-08,2024-08-23,29.0,Paid
INV0012395,CUST01716,SUB01716,2024-09-08,2024-09-23,29.0,Paid
INV0012396,CUST01716,SUB01716,2024-10-08,2024-10-23,29.0,Overdue
INV0012397,CUST01716,SUB01716,2024-11-08,2024-11-23,29.0,Overdue
INV0012398,CUST01716,SUB01716,2024-12-08,2024-12-23,29.0,Paid
INV0012399,CUST01716,SUB01716,2025-01-08,2025-01-23,29.0,Paid
INV0012400,CUST01716,SUB01716,2025-02-08,2025-02-23,29.0,Paid
INV0012401,CUST01716,SUB01716,2025-03-08,2025-03-23,29.0,Paid
INV0012402,CUST01716,SUB01716,2025-04-08,2025-04-23,29.0,Paid
INV0012403,CUST01716,SUB01716,2025-05-08,2025-05-23,29.0,Paid
INV0012404,CUST01716,SUB01716,2025-06-08,2025-06-23,29.0,Paid
INV0012405,CUST01716,SUB01716,2025-07-08,2025-07-23,29.0,Paid
INV0012406,CUST01716,SUB01716,2025-08-08,2025-08-23,29.0,Paid
INV0012407,CUST01716,SUB01716,2025-09-08,2025-09-23,29.0,Paid
INV0012408,CUST01716,SUB01716,2025-10-08,2025-10-23,29.0,Paid
INV0012409,CUST01716,SUB01716,2025-11-08,2025-11-23,29.0,Paid
INV0012410,CUST01716,SUB01716,2025-12-08,2025-12-23,29.0,Paid
INV0012411,CUST01717,SUB01717,2025-01-25,2025-02-09,79.0,Paid
INV0012412,CUST01717,SUB01717,2025-02-25,2025-03-12,79.0,Paid
INV0012413,CUST01717,SUB01717,2025-03-25,2025-04-09,79.0,Paid
INV0012414,CUST01717,SUB01717,2025-04-25,2025-05-10,79.0,Paid
INV0012415,CUST01717,SUB01717,2025-05-25,2025-06-09,79.0,Paid
INV0012416,CUST01717,SUB01717,2025-06-25,2025-07-10,79.0,Paid
INV0012417,CUST01718,SUB01718,2025-09-05,2025-09-20,79.0,Pending
INV0012418,CUST01718,SUB01718,2025-10-05,2025-10-20,79.0,Paid
INV0012419,CUST01718,SUB01718,2025-11-05,2025-11-20,79.0,Paid
INV0012420,CUST01718,SUB01718,2025-12-05,2025-12-20,79.0,Pending
INV0012421,CUST01719,SUB01719,2025-04-20,2025-05-05,2029.8,Paid
INV0012422,CUST01720,SUB01720,2025-10-28,2025-11-12,79.0,Paid
INV0012423,CUST01720,SUB01720,2025-11-28,2025-12-13,79.0,Paid
INV0012424,CUST01720,SUB01720,2025-12-28,2026-01-12,79.0,Paid
INV0012425,CUST01721,SUB01721,2025-08-24,2025-09-08,79.0,Paid
INV0012426,CUST01721,SUB01721,2025-09-24,2025-10-09,79.0,Paid
INV0012427,CUST01721,SUB01721,2025-10-24,2025-11-08,79.0,Paid
INV0012428,CUST01721,SUB01721,2025-11-24,2025-12-09,79.0,Paid
INV0012429,CUST01721,SUB01721,2025-12-24,2026-01-08,79.0,Paid
INV0012430,CUST01722,SUB01722,2025-08-30,2025-09-14,79.0,Paid
INV0012431,CUST01722,SUB01722,2025-09-30,2025-10-15,79.0,Paid
INV0012432,CUST01722,SUB01722,2025-10-30,2025-11-14,79.0,Paid
INV0012433,CUST01722,SUB01722,2025-11-30,2025-12-15,79.0,Paid
INV0012434,CUST01722,SUB01722,2025-12-30,2026-01-14,79.0,Paid
INV0012435,CUST01723,SUB01723,2025-10-14,2025-10-29,79.0,Paid
INV0012436,CUST01723,SUB01723,2025-11-14,2025-11-29,79.0,Paid
INV0012437,CUST01723,SUB01723,2025-12-14,2025-12-29,79.0,Paid
INV0012438,CUST01724,SUB01724,2024-07-09,2024-07-24,29.0,Paid
INV0012439,CUST01724,SUB01724,2024-08-09,2024-08-24,29.0,Paid
INV0012440,CUST01724,SUB01724,2024-09-09,2024-09-24,29.0,Paid
INV0012441,CUST01724,SUB01724,2024-10-09,2024-10-24,29.0,Paid
INV0012442,CUST01724,SUB01724,2024-11-09,2024-11-24,29.0,Paid
INV0012443,CUST01724,SUB01724,2024-12-09,2024-12-24,29.0,Paid
INV0012444,CUST01724,SUB01724,2025-01-09,2025-01-24,29.0,Paid
INV0012445,CUST01724,SUB01724,2025-02-09,2025-02-24,29.0,Paid
INV0012446,CUST01724,SUB01724,2025-03-09,2025-03-24,29.0,Paid
INV0012447,CUST01724,SUB01724,2025-04-09,2025-04-24,29.0,Paid
INV0012448,CUST01724,SUB01724,2025-05-09,2025-05-24,29.0,Paid
INV0012449,CUST01724,SUB01724,2025-06-09,2025-06-24,29.0,Paid
INV0012450,CUST01725,SUB01725,2024-11-15,2024-11-30,29.0,Overdue
INV0012451,CUST01725,SUB01725,2024-12-15,2024-12-30,29.0,Paid
INV0012452,CUST01725,SUB01725,2025-01-15,2025-01-30,29.0,Paid
INV0012453,CUST01725,SUB01725,2025-02-15,2025-03-02,29.0,Overdue
INV0012454,CUST01725,SUB01725,2025-03-15,2025-03-30,29.0,Overdue
INV0012455,CUST01725,SUB01725,2025-04-15,2025-04-30,29.0,Paid
INV0012456,CUST01725,SUB01725,2025-05-15,2025-05-30,29.0,Paid
INV0012457,CUST01725,SUB01725,2025-06-15,2025-06-30,29.0,Paid
INV0012458,CUST01725,SUB01725,2025-07-15,2025-07-30,29.0,Paid
INV0012459,CUST01725,SUB01725,2025-08-15,2025-08-30,29.0,Paid
INV0012460,CUST01725,SUB01725,2025-09-15,2025-09-30,29.0,Paid
INV0012461,CUST01725,SUB01725,2025-10-15,2025-10-30,29.0,Paid
INV0012462,CUST01726,SUB01726,2024-11-14,2024-11-29,199.0,Paid
INV0012463,CUST01726,SUB01726,2024-12-14,2024-12-29,199.0,Paid
INV0012464,CUST01726,SUB01726,2025-01-14,2025-01-29,199.0,Paid
INV0012465,CUST01726,SUB01726,2025-02-14,2025-03-01,199.0,Paid
INV0012466,CUST01726,SUB01726,2025-03-14,2025-03-29,199.0,Paid
INV0012467,CUST01726,SUB01726,2025-04-14,2025-04-29,199.0,Paid
INV0012468,CUST01727,SUB01727,2025-04-25,2025-05-10,199.0,Paid
INV0012469,CUST01727,SUB01727,2025-05-25,2025-06-09,199.0,Overdue
INV0012470,CUST01727,SUB01727,2025-06-25,2025-07-10,199.0,Paid
INV0012471,CUST01727,SUB01727,2025-07-25,2025-08-09,199.0,Paid
INV0012472,CUST01727,SUB01727,2025-08-25,2025-09-09,199.0,Paid
INV0012473,CUST01727,SUB01727,2025-09-25,2025-10-10,199.0,Paid
INV0012474,CUST01727,SUB01727,2025-10-25,2025-11-09,199.0,Paid
INV0012475,CUST01727,SUB01727,2025-11-25,2025-12-10,199.0,Paid
INV0012476,CUST01727,SUB01727,2025-12-25,2026-01-09,199.0,Paid
INV0012477,CUST01728,SUB01728,2025-06-14,2025-06-29,29.0,Paid
INV0012478,CUST01728,SUB01728,2025-07-14,2025-07-29,29.0,Paid
INV0012479,CUST01728,SUB01728,2025-08-14,2025-08-29,29.0,Paid
INV0012480,CUST01728,SUB01728,2025-09-14,2025-09-29,29.0,Pending
INV0012481,CUST01728,SUB01728,2025-10-14,2025-10-29,29.0,Overdue
INV0012482,CUST01728,SUB01728,2025-11-14,2025-11-29,29.0,Paid
INV0012483,CUST01728,SUB01728,2025-12-14,2025-12-29,29.0,Paid
INV0012484,CUST01729,SUB01729,2025-06-03,2025-06-18,29.0,Paid
INV0012485,CUST01729,SUB01729,2025-07-03,2025-07-18,29.0,Paid
INV0012486,CUST01729,SUB01729,2025-08-03,2025-08-18,29.0,Paid
INV0012487,CUST01729,SUB01729,2025-09-03,2025-09-18,29.0,Paid
INV0012488,CUST01729,SUB01729,2025-10-03,2025-10-18,29.0,Paid
INV0012489,CUST01729,SUB01729,2025-11-03,2025-11-18,29.0,Paid
INV0012490,CUST01729,SUB01729,2025-12-03,2025-12-18,29.0,Paid
INV0012491,CUST01730,SUB01730,2024-12-18,2025-01-02,79.0,Paid
INV0012492,CUST01730,SUB01730,2025-01-18,2025-02-02,79.0,Paid
INV0012493,CUST01730,SUB01730,2025-02-18,2025-03-05,79.0,Paid
INV0012494,CUST01730,SUB01730,2025-03-18,2025-04-02,79.0,Paid
INV0012495,CUST01730,SUB01730,2025-04-18,2025-05-03,79.0,Paid
INV0012496,CUST01730,SUB01730,2025-05-18,2025-06-02,79.0,Paid
INV0012497,CUST01730,SUB01730,2025-06-18,2025-07-03,79.0,Paid
INV0012498,CUST01730,SUB01730,2025-07-18,2025-08-02,79.0,Paid
INV0012499,CUST01730,SUB01730,2025-08-18,2025-09-02,79.0,Paid
INV0012500,CUST01730,SUB01730,2025-09-18,2025-10-03,79.0,Paid
INV0012501,CUST01730,SUB01730,2025-10-18,2025-11-02,79.0,Overdue
INV0012502,CUST01730,SUB01730,2025-11-18,2025-12-03,79.0,Paid
INV0012503,CUST01731,SUB01731,2024-03-11,2024-03-26,2029.8,Paid
INV0012504,CUST01731,SUB01731,2025-03-11,2025-03-26,2029.8,Paid
INV0012505,CUST01732,SUB01732,2025-09-06,2025-09-21,295.8,Paid
INV0012506,CUST01733,SUB01733,2025-09-22,2025-10-07,29.0,Paid
INV0012507,CUST01733,SUB01733,2025-10-22,2025-11-06,29.0,Paid
INV0012508,CUST01733,SUB01733,2025-11-22,2025-12-07,29.0,Paid
INV0012509,CUST01733,SUB01733,2025-12-22,2026-01-06,29.0,Paid
INV0012510,CUST01734,SUB01734,2024-02-13,2024-02-28,29.0,Paid
INV0012511,CUST01734,SUB01734,2024-03-13,2024-03-28,29.0,Paid
INV0012512,CUST01734,SUB01734,2024-04-13,2024-04-28,29.0,Paid
INV0012513,CUST01734,SUB01734,2024-05-13,2024-05-28,29.0,Paid
INV0012514,CUST01734,SUB01734,2024-06-13,2024-06-28,29.0,Paid
INV0012515,CUST01734,SUB01734,2024-07-13,2024-07-28,29.0,Overdue
INV0012516,CUST01734,SUB01734,2024-08-13,2024-08-28,29.0,Paid
INV0012517,CUST01734,SUB01734,2024-09-13,2024-09-28,29.0,Paid
INV0012518,CUST01734,SUB01734,2024-10-13,2024-10-28,29.0,Paid
INV0012519,CUST01734,SUB01734,2024-11-13,2024-11-28,29.0,Paid
INV0012520,CUST01734,SUB01734,2024-12-13,2024-12-28,29.0,Paid
INV0012521,CUST01734,SUB01734,2025-01-13,2025-01-28,29.0,Overdue
INV0012522,CUST01735,SUB01735,2025-04-22,2025-05-07,79.0,Paid
INV0012523,CUST01735,SUB01735,2025-05-22,2025-06-06,79.0,Paid
INV0012524,CUST01735,SUB01735,2025-06-22,2025-07-07,79.0,Paid
INV0012525,CUST01735,SUB01735,2025-07-22,2025-08-06,79.0,Paid
INV0012526,CUST01735,SUB01735,2025-08-22,2025-09-06,79.0,Overdue
INV0012527,CUST01735,SUB01735,2025-09-22,2025-10-07,79.0,Paid
INV0012528,CUST01736,SUB01736,2025-01-19,2025-02-03,29.0,Paid
INV0012529,CUST01736,SUB01736,2025-02-19,2025-03-06,29.0,Paid
INV0012530,CUST01736,SUB01736,2025-03-19,2025-04-03,29.0,Paid
INV0012531,CUST01736,SUB01736,2025-04-19,2025-05-04,29.0,Overdue
INV0012532,CUST01736,SUB01736,2025-05-19,2025-06-03,29.0,Paid
INV0012533,CUST01736,SUB01736,2025-06-19,2025-07-04,79.0,Paid
INV0012534,CUST01737,SUB01737,2025-01-06,2025-01-21,79.0,Paid
INV0012535,CUST01737,SUB01737,2025-02-06,2025-02-21,79.0,Paid
INV0012536,CUST01737,SUB01737,2025-03-06,2025-03-21,79.0,Paid
INV0012537,CUST01737,SUB01737,2025-04-06,2025-04-21,79.0,Paid
INV0012538,CUST01737,SUB01737,2025-05-06,2025-05-21,79.0,Paid
INV0012539,CUST01737,SUB01737,2025-06-06,2025-06-21,79.0,Paid
INV0012540,CUST01737,SUB01737,2025-07-06,2025-07-21,79.0,Paid
INV0012541,CUST01737,SUB01737,2025-08-06,2025-08-21,79.0,Paid
INV0012542,CUST01737,SUB01737,2025-09-06,2025-09-21,79.0,Paid
INV0012543,CUST01737,SUB01737,2025-10-06,2025-10-21,79.0,Paid
INV0012544,CUST01737,SUB01737,2025-11-06,2025-11-21,79.0,Paid
INV0012545,CUST01737,SUB01737,2025-12-06,2025-12-21,79.0,Paid
INV0012546,CUST01738,SUB01738,2024-05-25,2024-06-09,29.0,Overdue
INV0012547,CUST01738,SUB01738,2024-06-25,2024-07-10,29.0,Overdue
INV0012548,CUST01738,SUB01738,2024-07-25,2024-08-09,29.0,Overdue
INV0012549,CUST01738,SUB01738,2024-08-25,2024-09-09,29.0,Paid
INV0012550,CUST01738,SUB01738,2024-09-25,2024-10-10,29.0,Paid
INV0012551,CUST01738,SUB01738,2024-10-25,2024-11-09,29.0,Paid
INV0012552,CUST01739,SUB01739,2024-02-14,2024-02-29,29.0,Paid
INV0012553,CUST01739,SUB01739,2024-03-14,2024-03-29,29.0,Paid
INV0012554,CUST01739,SUB01739,2024-04-14,2024-04-29,29.0,Paid
INV0012555,CUST01739,SUB01739,2024-05-14,2024-05-29,29.0,Paid
INV0012556,CUST01739,SUB01739,2024-06-14,2024-06-29,29.0,Paid
INV0012557,CUST01739,SUB01739,2024-07-14,2024-07-29,29.0,Paid
INV0012558,CUST01739,SUB01739,2024-08-14,2024-08-29,29.0,Paid
INV0012559,CUST01739,SUB01739,2024-09-14,2024-09-29,29.0,Paid
INV0012560,CUST01739,SUB01739,2024-10-14,2024-10-29,29.0,Paid
INV0012561,CUST01739,SUB01739,2024-11-14,2024-11-29,29.0,Paid
INV0012562,CUST01739,SUB01739,2024-12-14,2024-12-29,29.0,Paid
INV0012563,CUST01739,SUB01739,2025-01-14,2025-01-29,29.0,Paid
INV0012564,CUST01739,SUB01739,2025-02-14,2025-03-01,29.0,Paid
INV0012565,CUST01739,SUB01739,2025-03-14,2025-03-29,29.0,Overdue
INV0012566,CUST01739,SUB01739,2025-04-14,2025-04-29,29.0,Paid
INV0012567,CUST01739,SUB01739,2025-05-14,2025-05-29,29.0,Paid
INV0012568,CUST01739,SUB01739,2025-06-14,2025-06-29,29.0,Paid
INV0012569,CUST01739,SUB01739,2025-07-14,2025-07-29,29.0,Paid
INV0012570,CUST01740,SUB01740,2024-08-12,2024-08-27,79.0,Paid
INV0012571,CUST01740,SUB01740,2024-09-12,2024-09-27,79.0,Paid
INV0012572,CUST01740,SUB01740,2024-10-12,2024-10-27,199.0,Paid
INV0012573,CUST01740,SUB01740,2024-11-12,2024-11-27,199.0,Paid
INV0012574,CUST01740,SUB01740,2024-12-12,2024-12-27,199.0,Paid
INV0012575,CUST01740,SUB01740,2025-01-12,2025-01-27,199.0,Overdue
INV0012576,CUST01741,SUB01741,2024-07-01,2024-07-16,29.0,Paid
INV0012577,CUST01741,SUB01741,2024-08-01,2024-08-16,29.0,Pending
INV0012578,CUST01741,SUB01741,2024-09-01,2024-09-16,29.0,Paid
INV0012579,CUST01741,SUB01741,2024-10-01,2024-10-16,29.0,Overdue
INV0012580,CUST01741,SUB01741,2024-11-01,2024-11-16,29.0,Paid
INV0012581,CUST01741,SUB01741,2024-12-01,2024-12-16,29.0,Paid
INV0012582,CUST01741,SUB01741,2025-01-01,2025-01-16,29.0,Paid
INV0012583,CUST01741,SUB01741,2025-02-01,2025-02-16,29.0,Pending
INV0012584,CUST01741,SUB01741,2025-03-01,2025-03-16,29.0,Paid
INV0012585,CUST01741,SUB01741,2025-04-01,2025-04-16,29.0,Paid
INV0012586,CUST01741,SUB01741,2025-05-01,2025-05-16,29.0,Paid
INV0012587,CUST01741,SUB01741,2025-06-01,2025-06-16,29.0,Paid
INV0012588,CUST01742,SUB01742,2024-01-22,2024-02-06,2029.8,Pending
INV0012589,CUST01743,SUB01743,2024-12-12,2024-12-27,295.8,Paid
INV0012590,CUST01743,SUB01743,2025-12-12,2025-12-27,295.8,Paid
INV0012591,CUST01744,SUB01744,2025-01-16,2025-01-31,805.8,Paid
INV0012592,CUST01745,SUB01745,2025-12-29,2026-01-13,2029.8,Paid
INV0012593,CUST01746,SUB01746,2024-07-13,2024-07-28,199.0,Paid
INV0012594,CUST01746,SUB01746,2024-08-13,2024-08-28,199.0,Paid
INV0012595,CUST01746,SUB01746,2024-09-13,2024-09-28,199.0,Paid
INV0012596,CUST01746,SUB01746,2024-10-13,2024-10-28,199.0,Paid
INV0012597,CUST01746,SUB01746,2024-11-13,2024-11-28,199.0,Paid
INV0012598,CUST01746,SUB01746,2024-12-13,2024-12-28,199.0,Paid
INV0012599,CUST01747,SUB01747,2025-09-05,2025-09-20,2029.8,Paid
INV0012600,CUST01748,SUB01748,2025-09-22,2025-10-07,79.0,Overdue
INV0012601,CUST01748,SUB01748,2025-10-22,2025-11-06,79.0,Paid
INV0012602,CUST01748,SUB01748,2025-11-22,2025-12-07,79.0,Paid
INV0012603,CUST01748,SUB01748,2025-12-22,2026-01-06,79.0,Paid
INV0012604,CUST01749,SUB01749,2024-12-01,2024-12-16,79.0,Paid
INV0012605,CUST01749,SUB01749,2025-01-01,2025-01-16,79.0,Paid
INV0012606,CUST01749,SUB01749,2025-02-01,2025-02-16,79.0,Paid
INV0012607,CUST01749,SUB01749,2025-03-01,2025-03-16,79.0,Paid
INV0012608,CUST01749,SUB01749,2025-04-01,2025-04-16,79.0,Overdue
INV0012609,CUST01749,SUB01749,2025-05-01,2025-05-16,79.0,Paid
INV0012610,CUST01749,SUB01749,2025-06-01,2025-06-16,79.0,Paid
INV0012611,CUST01749,SUB01749,2025-07-01,2025-07-16,79.0,Overdue
INV0012612,CUST01749,SUB01749,2025-08-01,2025-08-16,79.0,Paid
INV0012613,CUST01749,SUB01749,2025-09-01,2025-09-16,79.0,Paid
INV0012614,CUST01749,SUB01749,2025-10-01,2025-10-16,79.0,Paid
INV0012615,CUST01749,SUB01749,2025-11-01,2025-11-16,79.0,Paid
INV0012616,CUST01749,SUB01749,2025-12-01,2025-12-16,79.0,Paid
INV0012617,CUST01750,SUB01750,2025-06-04,2025-06-19,805.8,Overdue
INV0012618,CUST01751,SUB01751,2025-04-26,2025-05-11,29.0,Paid
INV0012619,CUST01751,SUB01751,2025-05-26,2025-06-10,29.0,Paid
INV0012620,CUST01751,SUB01751,2025-06-26,2025-07-11,29.0,Paid
INV0012621,CUST01752,SUB01752,2025-10-22,2025-11-06,199.0,Paid
INV0012622,CUST01752,SUB01752,2025-11-22,2025-12-07,199.0,Paid
INV0012623,CUST01752,SUB01752,2025-12-22,2026-01-06,199.0,Paid
INV0012624,CUST01753,SUB01753,2024-07-02,2024-07-17,29.0,Paid
INV0012625,CUST01753,SUB01753,2024-08-02,2024-08-17,29.0,Paid
INV0012626,CUST01753,SUB01753,2024-09-02,2024-09-17,29.0,Paid
INV0012627,CUST01754,SUB01754,2025-05-21,2025-06-05,2029.8,Paid
INV0012628,CUST01755,SUB01755,2024-07-31,2024-08-15,805.8,Paid
INV0012629,CUST01756,SUB01756,2025-02-09,2025-02-24,79.0,Paid
INV0012630,CUST01756,SUB01756,2025-03-09,2025-03-24,79.0,Paid
INV0012631,CUST01756,SUB01756,2025-04-09,2025-04-24,79.0,Paid
INV0012632,CUST01756,SUB01756,2025-05-09,2025-05-24,79.0,Paid
INV0012633,CUST01756,SUB01756,2025-06-09,2025-06-24,79.0,Paid
INV0012634,CUST01756,SUB01756,2025-07-09,2025-07-24,79.0,Paid
INV0012635,CUST01757,SUB01757,2025-01-18,2025-02-02,199.0,Paid
INV0012636,CUST01757,SUB01757,2025-02-18,2025-03-05,199.0,Paid
INV0012637,CUST01757,SUB01757,2025-03-18,2025-04-02,199.0,Paid
INV0012638,CUST01757,SUB01757,2025-04-18,2025-05-03,199.0,Paid
INV0012639,CUST01757,SUB01757,2025-05-18,2025-06-02,199.0,Paid
INV0012640,CUST01757,SUB01757,2025-06-18,2025-07-03,199.0,Paid
INV0012641,CUST01757,SUB01757,2025-07-18,2025-08-02,199.0,Pending
INV0012642,CUST01757,SUB01757,2025-08-18,2025-09-02,199.0,Paid
INV0012643,CUST01757,SUB01757,2025-09-18,2025-10-03,199.0,Paid
INV0012644,CUST01757,SUB01757,2025-10-18,2025-11-02,199.0,Overdue
INV0012645,CUST01757,SUB01757,2025-11-18,2025-12-03,199.0,Paid
INV0012646,CUST01757,SUB01757,2025-12-18,2026-01-02,199.0,Paid
INV0012647,CUST01758,SUB01758,2024-10-29,2024-11-13,79.0,Paid
INV0012648,CUST01758,SUB01758,2024-11-29,2024-12-14,79.0,Paid
INV0012649,CUST01758,SUB01758,2024-12-29,2025-01-13,79.0,Paid
INV0012650,CUST01758,SUB01758,2025-01-29,2025-02-13,79.0,Paid
INV0012651,CUST01758,SUB01758,2025-02-28,2025-03-15,79.0,Paid
INV0012652,CUST01758,SUB01758,2025-03-28,2025-04-12,79.0,Paid
INV0012653,CUST01758,SUB01758,2025-04-28,2025-05-13,79.0,Paid
INV0012654,CUST01758,SUB01758,2025-05-28,2025-06-12,79.0,Paid
INV0012655,CUST01758,SUB01758,2025-06-28,2025-07-13,79.0,Paid
INV0012656,CUST01758,SUB01758,2025-07-28,2025-08-12,79.0,Pending
INV0012657,CUST01758,SUB01758,2025-08-28,2025-09-12,79.0,Paid
INV0012658,CUST01758,SUB01758,2025-09-28,2025-10-13,79.0,Pending
INV0012659,CUST01758,SUB01758,2025-10-28,2025-11-12,79.0,Paid
INV0012660,CUST01758,SUB01758,2025-11-28,2025-12-13,79.0,Pending
INV0012661,CUST01758,SUB01758,2025-12-28,2026-01-12,79.0,Paid
INV0012662,CUST01759,SUB01759,2025-04-21,2025-05-06,29.0,Overdue
INV0012663,CUST01759,SUB01759,2025-05-21,2025-06-05,29.0,Paid
INV0012664,CUST01759,SUB01759,2025-06-21,2025-07-06,29.0,Paid
INV0012665,CUST01759,SUB01759,2025-07-21,2025-08-05,29.0,Paid
INV0012666,CUST01759,SUB01759,2025-08-21,2025-09-05,29.0,Paid
INV0012667,CUST01759,SUB01759,2025-09-21,2025-10-06,29.0,Paid
INV0012668,CUST01759,SUB01759,2025-10-21,2025-11-05,29.0,Paid
INV0012669,CUST01759,SUB01759,2025-11-21,2025-12-06,29.0,Paid
INV0012670,CUST01759,SUB01759,2025-12-21,2026-01-05,29.0,Paid
INV0012671,CUST01760,SUB01760,2025-03-18,2025-04-02,79.0,Paid
INV0012672,CUST01760,SUB01760,2025-04-18,2025-05-03,79.0,Paid
INV0012673,CUST01760,SUB01760,2025-05-18,2025-06-02,79.0,Paid
INV0012674,CUST01760,SUB01760,2025-06-18,2025-07-03,79.0,Paid
INV0012675,CUST01760,SUB01760,2025-07-18,2025-08-02,79.0,Paid
INV0012676,CUST01760,SUB01760,2025-08-18,2025-09-02,79.0,Paid
INV0012677,CUST01760,SUB01760,2025-09-18,2025-10-03,79.0,Paid
INV0012678,CUST01760,SUB01760,2025-10-18,2025-11-02,79.0,Paid
INV0012679,CUST01760,SUB01760,2025-11-18,2025-12-03,79.0,Paid
INV0012680,CUST01760,SUB01760,2025-12-18,2026-01-02,79.0,Paid
INV0012681,CUST01761,SUB01761,2025-01-26,2025-02-10,79.0,Paid
INV0012682,CUST01761,SUB01761,2025-02-26,2025-03-13,79.0,Overdue
INV0012683,CUST01761,SUB01761,2025-03-26,2025-04-10,79.0,Paid
INV0012684,CUST01762,SUB01762,2025-01-02,2025-01-17,79.0,Paid
INV0012685,CUST01762,SUB01762,2025-02-02,2025-02-17,79.0,Overdue
INV0012686,CUST01762,SUB01762,2025-03-02,2025-03-17,79.0,Paid
INV0012687,CUST01762,SUB01762,2025-04-02,2025-04-17,79.0,Paid
INV0012688,CUST01762,SUB01762,2025-05-02,2025-05-17,29.0,Paid
INV0012689,CUST01762,SUB01762,2025-06-02,2025-06-17,29.0,Paid
INV0012690,CUST01763,SUB01763,2024-10-10,2024-10-25,805.8,Paid
INV0012691,CUST01764,SUB01764,2024-02-09,2024-02-24,295.8,Paid
INV0012692,CUST01765,SUB01765,2024-09-13,2024-09-28,29.0,Paid
INV0012693,CUST01765,SUB01765,2024-10-13,2024-10-28,29.0,Paid
INV0012694,CUST01765,SUB01765,2024-11-13,2024-11-28,29.0,Paid
INV0012695,CUST01765,SUB01765,2024-12-13,2024-12-28,29.0,Paid
INV0012696,CUST01765,SUB01765,2025-01-13,2025-01-28,29.0,Paid
INV0012697,CUST01765,SUB01765,2025-02-13,2025-02-28,29.0,Paid
INV0012698,CUST01765,SUB01765,2025-03-13,2025-03-28,29.0,Paid
INV0012699,CUST01765,SUB01765,2025-04-13,2025-04-28,29.0,Paid
INV0012700,CUST01765,SUB01765,2025-05-13,2025-05-28,29.0,Paid
INV0012701,CUST01765,SUB01765,2025-06-13,2025-06-28,29.0,Overdue
INV0012702,CUST01765,SUB01765,2025-07-13,2025-07-28,29.0,Paid
INV0012703,CUST01765,SUB01765,2025-08-13,2025-08-28,29.0,Paid
INV0012704,CUST01765,SUB01765,2025-09-13,2025-09-28,29.0,Paid
INV0012705,CUST01765,SUB01765,2025-10-13,2025-10-28,29.0,Paid
INV0012706,CUST01765,SUB01765,2025-11-13,2025-11-28,29.0,Paid
INV0012707,CUST01765,SUB01765,2025-12-13,2025-12-28,29.0,Paid
INV0012708,CUST01766,SUB01766,2024-07-14,2024-07-29,805.8,Pending
INV0012709,CUST01766,SUB01766,2025-07-14,2025-07-29,805.8,Paid
INV0012710,CUST01767,SUB01767,2024-01-09,2024-01-24,199.0,Paid
INV0012711,CUST01767,SUB01767,2024-02-09,2024-02-24,199.0,Overdue
INV0012712,CUST01767,SUB01767,2024-03-09,2024-03-24,199.0,Paid
INV0012713,CUST01767,SUB01767,2024-04-09,2024-04-24,199.0,Paid
INV0012714,CUST01767,SUB01767,2024-05-09,2024-05-24,199.0,Paid
INV0012715,CUST01767,SUB01767,2024-06-09,2024-06-24,199.0,Paid
INV0012716,CUST01767,SUB01767,2024-07-09,2024-07-24,199.0,Paid
INV0012717,CUST01767,SUB01767,2024-08-09,2024-08-24,199.0,Overdue
INV0012718,CUST01767,SUB01767,2024-09-09,2024-09-24,199.0,Paid
INV0012719,CUST01767,SUB01767,2024-10-09,2024-10-24,199.0,Overdue
INV0012720,CUST01767,SUB01767,2024-11-09,2024-11-24,199.0,Paid
INV0012721,CUST01767,SUB01767,2024-12-09,2024-12-24,199.0,Paid
INV0012722,CUST01767,SUB01767,2025-01-09,2025-01-24,199.0,Paid
INV0012723,CUST01767,SUB01767,2025-02-09,2025-02-24,199.0,Paid
INV0012724,CUST01767,SUB01767,2025-03-09,2025-03-24,199.0,Paid
INV0012725,CUST01767,SUB01767,2025-04-09,2025-04-24,199.0,Paid
INV0012726,CUST01767,SUB01767,2025-05-09,2025-05-24,199.0,Paid
INV0012727,CUST01767,SUB01767,2025-06-09,2025-06-24,199.0,Paid
INV0012728,CUST01768,SUB01768,2025-02-19,2025-03-06,29.0,Paid
INV0012729,CUST01768,SUB01768,2025-03-19,2025-04-03,29.0,Paid
INV0012730,CUST01768,SUB01768,2025-04-19,2025-05-04,29.0,Paid
INV0012731,CUST01768,SUB01768,2025-05-19,2025-06-03,29.0,Paid
INV0012732,CUST01768,SUB01768,2025-06-19,2025-07-04,29.0,Paid
INV0012733,CUST01768,SUB01768,2025-07-19,2025-08-03,29.0,Paid
INV0012734,CUST01768,SUB01768,2025-08-19,2025-09-03,29.0,Paid
INV0012735,CUST01768,SUB01768,2025-09-19,2025-10-04,29.0,Paid
INV0012736,CUST01768,SUB01768,2025-10-19,2025-11-03,29.0,Paid
INV0012737,CUST01768,SUB01768,2025-11-19,2025-12-04,29.0,Paid
INV0012738,CUST01768,SUB01768,2025-12-19,2026-01-03,29.0,Paid
INV0012739,CUST01769,SUB01769,2025-10-31,2025-11-15,29.0,Paid
INV0012740,CUST01769,SUB01769,2025-11-30,2025-12-15,29.0,Paid
INV0012741,CUST01769,SUB01769,2025-12-30,2026-01-14,29.0,Paid
INV0012742,CUST01770,SUB01770,2024-08-21,2024-09-05,199.0,Paid
INV0012743,CUST01770,SUB01770,2024-09-21,2024-10-06,199.0,Paid
INV0012744,CUST01770,SUB01770,2024-10-21,2024-11-05,199.0,Paid
INV0012745,CUST01770,SUB01770,2024-11-21,2024-12-06,199.0,Paid
INV0012746,CUST01770,SUB01770,2024-12-21,2025-01-05,199.0,Paid
INV0012747,CUST01770,SUB01770,2025-01-21,2025-02-05,199.0,Paid
INV0012748,CUST01770,SUB01770,2025-02-21,2025-03-08,199.0,Overdue
INV0012749,CUST01770,SUB01770,2025-03-21,2025-04-05,199.0,Paid
INV0012750,CUST01770,SUB01770,2025-04-21,2025-05-06,199.0,Paid
INV0012751,CUST01770,SUB01770,2025-05-21,2025-06-05,199.0,Paid
INV0012752,CUST01770,SUB01770,2025-06-21,2025-07-06,199.0,Paid
INV0012753,CUST01770,SUB01770,2025-07-21,2025-08-05,199.0,Paid
INV0012754,CUST01770,SUB01770,2025-08-21,2025-09-05,199.0,Paid
INV0012755,CUST01770,SUB01770,2025-09-21,2025-10-06,199.0,Paid
INV0012756,CUST01770,SUB01770,2025-10-21,2025-11-05,199.0,Paid
INV0012757,CUST01770,SUB01770,2025-11-21,2025-12-06,199.0,Paid
INV0012758,CUST01770,SUB01770,2025-12-21,2026-01-05,199.0,Paid
INV0012759,CUST01771,SUB01771,2025-06-12,2025-06-27,29.0,Paid
INV0012760,CUST01771,SUB01771,2025-07-12,2025-07-27,29.0,Paid
INV0012761,CUST01771,SUB01771,2025-08-12,2025-08-27,29.0,Paid
INV0012762,CUST01771,SUB01771,2025-09-12,2025-09-27,79.0,Paid
INV0012763,CUST01771,SUB01771,2025-10-12,2025-10-27,79.0,Paid
INV0012764,CUST01771,SUB01771,2025-11-12,2025-11-27,79.0,Paid
INV0012765,CUST01772,SUB01772,2024-12-14,2024-12-29,199.0,Paid
INV0012766,CUST01772,SUB01772,2025-01-14,2025-01-29,199.0,Paid
INV0012767,CUST01772,SUB01772,2025-02-14,2025-03-01,199.0,Paid
INV0012768,CUST01772,SUB01772,2025-03-14,2025-03-29,199.0,Paid
INV0012769,CUST01772,SUB01772,2025-04-14,2025-04-29,199.0,Paid
INV0012770,CUST01772,SUB01772,2025-05-14,2025-05-29,199.0,Paid
INV0012771,CUST01772,SUB01772,2025-06-14,2025-06-29,199.0,Paid
INV0012772,CUST01772,SUB01772,2025-07-14,2025-07-29,199.0,Paid
INV0012773,CUST01772,SUB01772,2025-08-14,2025-08-29,199.0,Paid
INV0012774,CUST01772,SUB01772,2025-09-14,2025-09-29,199.0,Paid
INV0012775,CUST01772,SUB01772,2025-10-14,2025-10-29,199.0,Paid
INV0012776,CUST01772,SUB01772,2025-11-14,2025-11-29,199.0,Paid
INV0012777,CUST01772,SUB01772,2025-12-14,2025-12-29,199.0,Paid
INV0012778,CUST01773,SUB01773,2025-12-15,2025-12-30,199.0,Paid
INV0012779,CUST01774,SUB01774,2025-01-18,2025-02-02,29.0,Paid
INV0012780,CUST01774,SUB01774,2025-02-18,2025-03-05,29.0,Paid
INV0012781,CUST01774,SUB01774,2025-03-18,2025-04-02,29.0,Paid
INV0012782,CUST01774,SUB01774,2025-04-18,2025-05-03,29.0,Paid
INV0012783,CUST01774,SUB01774,2025-05-18,2025-06-02,29.0,Paid
INV0012784,CUST01774,SUB01774,2025-06-18,2025-07-03,29.0,Paid
INV0012785,CUST01774,SUB01774,2025-07-18,2025-08-02,29.0,Overdue
INV0012786,CUST01774,SUB01774,2025-08-18,2025-09-02,29.0,Paid
INV0012787,CUST01774,SUB01774,2025-09-18,2025-10-03,29.0,Paid
INV0012788,CUST01774,SUB01774,2025-10-18,2025-11-02,29.0,Paid
INV0012789,CUST01774,SUB01774,2025-11-18,2025-12-03,29.0,Paid
INV0012790,CUST01774,SUB01774,2025-12-18,2026-01-02,29.0,Paid
INV0012791,CUST01775,SUB01775,2025-05-26,2025-06-10,295.8,Paid
INV0012792,CUST01776,SUB01776,2025-03-05,2025-03-20,29.0,Paid
INV0012793,CUST01776,SUB01776,2025-04-05,2025-04-20,29.0,Paid
INV0012794,CUST01776,SUB01776,2025-05-05,2025-05-20,29.0,Paid
INV0012795,CUST01776,SUB01776,2025-06-05,2025-06-20,29.0,Paid
INV0012796,CUST01776,SUB01776,2025-07-05,2025-07-20,29.0,Paid
INV0012797,CUST01776,SUB01776,2025-08-05,2025-08-20,29.0,Paid
INV0012798,CUST01776,SUB01776,2025-09-05,2025-09-20,29.0,Paid
INV0012799,CUST01776,SUB01776,2025-10-05,2025-10-20,29.0,Overdue
INV0012800,CUST01776,SUB01776,2025-11-05,2025-11-20,29.0,Paid
INV0012801,CUST01776,SUB01776,2025-12-05,2025-12-20,29.0,Paid
INV0012802,CUST01777,SUB01777,2024-11-29,2024-12-14,805.8,Paid
INV0012803,CUST01777,SUB01777,2025-11-29,2025-12-14,805.8,Paid
INV0012804,CUST01778,SUB01778,2024-06-06,2024-06-21,79.0,Paid
INV0012805,CUST01778,SUB01778,2024-07-06,2024-07-21,79.0,Paid
INV0012806,CUST01778,SUB01778,2024-08-06,2024-08-21,79.0,Paid
INV0012807,CUST01778,SUB01778,2024-09-06,2024-09-21,79.0,Paid
INV0012808,CUST01778,SUB01778,2024-10-06,2024-10-21,79.0,Paid
INV0012809,CUST01778,SUB01778,2024-11-06,2024-11-21,79.0,Paid
INV0012810,CUST01778,SUB01778,2024-12-06,2024-12-21,79.0,Paid
INV0012811,CUST01778,SUB01778,2025-01-06,2025-01-21,79.0,Paid
INV0012812,CUST01778,SUB01778,2025-02-06,2025-02-21,79.0,Paid
INV0012813,CUST01778,SUB01778,2025-03-06,2025-03-21,79.0,Paid
INV0012814,CUST01778,SUB01778,2025-04-06,2025-04-21,79.0,Paid
INV0012815,CUST01778,SUB01778,2025-05-06,2025-05-21,79.0,Paid
INV0012816,CUST01778,SUB01778,2025-06-06,2025-06-21,79.0,Paid
INV0012817,CUST01778,SUB01778,2025-07-06,2025-07-21,79.0,Paid
INV0012818,CUST01778,SUB01778,2025-08-06,2025-08-21,79.0,Paid
INV0012819,CUST01778,SUB01778,2025-09-06,2025-09-21,199.0,Paid
INV0012820,CUST01778,SUB01778,2025-10-06,2025-10-21,199.0,Paid
INV0012821,CUST01778,SUB01778,2025-11-06,2025-11-21,199.0,Paid
INV0012822,CUST01779,SUB01779,2025-01-25,2025-02-09,79.0,Paid
INV0012823,CUST01779,SUB01779,2025-02-25,2025-03-12,79.0,Paid
INV0012824,CUST01779,SUB01779,2025-03-25,2025-04-09,79.0,Paid
INV0012825,CUST01779,SUB01779,2025-04-25,2025-05-10,79.0,Paid
INV0012826,CUST01779,SUB01779,2025-05-25,2025-06-09,79.0,Paid
INV0012827,CUST01779,SUB01779,2025-06-25,2025-07-10,79.0,Paid
INV0012828,CUST01779,SUB01779,2025-07-25,2025-08-09,79.0,Paid
INV0012829,CUST01779,SUB01779,2025-08-25,2025-09-09,79.0,Paid
INV0012830,CUST01779,SUB01779,2025-09-25,2025-10-10,79.0,Paid
INV0012831,CUST01779,SUB01779,2025-10-25,2025-11-09,79.0,Paid
INV0012832,CUST01779,SUB01779,2025-11-25,2025-12-10,79.0,Paid
INV0012833,CUST01779,SUB01779,2025-12-25,2026-01-09,79.0,Paid
INV0012834,CUST01780,SUB01780,2024-07-11,2024-07-26,29.0,Paid
INV0012835,CUST01780,SUB01780,2024-08-11,2024-08-26,29.0,Paid
INV0012836,CUST01780,SUB01780,2024-09-11,2024-09-26,29.0,Paid
INV0012837,CUST01780,SUB01780,2024-10-11,2024-10-26,29.0,Paid
INV0012838,CUST01780,SUB01780,2024-11-11,2024-11-26,29.0,Paid
INV0012839,CUST01780,SUB01780,2024-12-11,2024-12-26,29.0,Paid
INV0012840,CUST01781,SUB01781,2025-10-16,2025-10-31,29.0,Paid
INV0012841,CUST01781,SUB01781,2025-11-16,2025-12-01,29.0,Overdue
INV0012842,CUST01781,SUB01781,2025-12-16,2025-12-31,29.0,Paid
INV0012843,CUST01782,SUB01782,2024-02-02,2024-02-17,295.8,Paid
INV0012844,CUST01782,SUB01782,2025-02-02,2025-02-17,295.8,Paid
INV0012845,CUST01783,SUB01783,2024-07-22,2024-08-06,295.8,Paid
INV0012846,CUST01784,SUB01784,2024-10-25,2024-11-09,29.0,Paid
INV0012847,CUST01784,SUB01784,2024-11-25,2024-12-10,29.0,Paid
INV0012848,CUST01784,SUB01784,2024-12-25,2025-01-09,29.0,Pending
INV0012849,CUST01785,SUB01785,2025-06-14,2025-06-29,295.8,Paid
INV0012850,CUST01786,SUB01786,2025-02-04,2025-02-19,805.8,Paid
INV0012851,CUST01787,SUB01787,2025-05-04,2025-05-19,295.8,Paid
INV0012852,CUST01788,SUB01788,2024-05-13,2024-05-28,199.0,Paid
INV0012853,CUST01788,SUB01788,2024-06-13,2024-06-28,199.0,Paid
INV0012854,CUST01788,SUB01788,2024-07-13,2024-07-28,199.0,Paid
INV0012855,CUST01788,SUB01788,2024-08-13,2024-08-28,199.0,Paid
INV0012856,CUST01788,SUB01788,2024-09-13,2024-09-28,199.0,Paid
INV0012857,CUST01788,SUB01788,2024-10-13,2024-10-28,199.0,Pending
INV0012858,CUST01789,SUB01789,2024-06-11,2024-06-26,79.0,Paid
INV0012859,CUST01789,SUB01789,2024-07-11,2024-07-26,79.0,Paid
INV0012860,CUST01789,SUB01789,2024-08-11,2024-08-26,79.0,Paid
INV0012861,CUST01789,SUB01789,2024-09-11,2024-09-26,79.0,Paid
INV0012862,CUST01789,SUB01789,2024-10-11,2024-10-26,79.0,Paid
INV0012863,CUST01789,SUB01789,2024-11-11,2024-11-26,79.0,Paid
INV0012864,CUST01789,SUB01789,2024-12-11,2024-12-26,79.0,Paid
INV0012865,CUST01789,SUB01789,2025-01-11,2025-01-26,79.0,Paid
INV0012866,CUST01789,SUB01789,2025-02-11,2025-02-26,79.0,Paid
INV0012867,CUST01789,SUB01789,2025-03-11,2025-03-26,79.0,Paid
INV0012868,CUST01789,SUB01789,2025-04-11,2025-04-26,79.0,Paid
INV0012869,CUST01789,SUB01789,2025-05-11,2025-05-26,79.0,Paid
INV0012870,CUST01789,SUB01789,2025-06-11,2025-06-26,79.0,Paid
INV0012871,CUST01789,SUB01789,2025-07-11,2025-07-26,79.0,Paid
INV0012872,CUST01789,SUB01789,2025-08-11,2025-08-26,79.0,Paid
INV0012873,CUST01789,SUB01789,2025-09-11,2025-09-26,79.0,Paid
INV0012874,CUST01789,SUB01789,2025-10-11,2025-10-26,79.0,Paid
INV0012875,CUST01789,SUB01789,2025-11-11,2025-11-26,79.0,Paid
INV0012876,CUST01790,SUB01790,2024-10-09,2024-10-24,79.0,Paid
INV0012877,CUST01790,SUB01790,2024-11-09,2024-11-24,79.0,Paid
INV0012878,CUST01790,SUB01790,2024-12-09,2024-12-24,79.0,Paid
INV0012879,CUST01790,SUB01790,2025-01-09,2025-01-24,79.0,Paid
INV0012880,CUST01790,SUB01790,2025-02-09,2025-02-24,199.0,Paid
INV0012881,CUST01790,SUB01790,2025-03-09,2025-03-24,199.0,Paid
INV0012882,CUST01791,SUB01791,2025-09-11,2025-09-26,295.8,Paid
INV0012883,CUST01792,SUB01792,2025-04-16,2025-05-01,199.0,Paid
INV0012884,CUST01792,SUB01792,2025-05-16,2025-05-31,199.0,Paid
INV0012885,CUST01792,SUB01792,2025-06-16,2025-07-01,199.0,Paid
INV0012886,CUST01792,SUB01792,2025-07-16,2025-07-31,199.0,Pending
INV0012887,CUST01792,SUB01792,2025-08-16,2025-08-31,199.0,Paid
INV0012888,CUST01792,SUB01792,2025-09-16,2025-10-01,199.0,Paid
INV0012889,CUST01793,SUB01793,2025-10-23,2025-11-07,79.0,Paid
INV0012890,CUST01793,SUB01793,2025-11-23,2025-12-08,79.0,Paid
INV0012891,CUST01793,SUB01793,2025-12-23,2026-01-07,79.0,Paid
INV0012892,CUST01794,SUB01794,2025-02-04,2025-02-19,295.8,Paid
INV0012893,CUST01795,SUB01795,2024-09-12,2024-09-27,79.0,Paid
INV0012894,CUST01795,SUB01795,2024-10-12,2024-10-27,79.0,Paid
INV0012895,CUST01795,SUB01795,2024-11-12,2024-11-27,79.0,Paid
INV0012896,CUST01795,SUB01795,2024-12-12,2024-12-27,79.0,Paid
INV0012897,CUST01795,SUB01795,2025-01-12,2025-01-27,79.0,Paid
INV0012898,CUST01795,SUB01795,2025-02-12,2025-02-27,79.0,Paid
INV0012899,CUST01796,SUB01796,2025-01-28,2025-02-12,199.0,Overdue
INV0012900,CUST01796,SUB01796,2025-02-28,2025-03-15,199.0,Paid
INV0012901,CUST01796,SUB01796,2025-03-28,2025-04-12,199.0,Paid
INV0012902,CUST01796,SUB01796,2025-04-28,2025-05-13,199.0,Paid
INV0012903,CUST01796,SUB01796,2025-05-28,2025-06-12,199.0,Paid
INV0012904,CUST01796,SUB01796,2025-06-28,2025-07-13,199.0,Paid
INV0012905,CUST01797,SUB01797,2025-02-06,2025-02-21,79.0,Paid
INV0012906,CUST01797,SUB01797,2025-03-06,2025-03-21,79.0,Overdue
INV0012907,CUST01797,SUB01797,2025-04-06,2025-04-21,79.0,Paid
INV0012908,CUST01797,SUB01797,2025-05-06,2025-05-21,79.0,Paid
INV0012909,CUST01797,SUB01797,2025-06-06,2025-06-21,79.0,Paid
INV0012910,CUST01797,SUB01797,2025-07-06,2025-07-21,79.0,Paid
INV0012911,CUST01797,SUB01797,2025-08-06,2025-08-21,79.0,Paid
INV0012912,CUST01797,SUB01797,2025-09-06,2025-09-21,79.0,Paid
INV0012913,CUST01797,SUB01797,2025-10-06,2025-10-21,79.0,Overdue
INV0012914,CUST01797,SUB01797,2025-11-06,2025-11-21,79.0,Paid
INV0012915,CUST01797,SUB01797,2025-12-06,2025-12-21,79.0,Paid
INV0012916,CUST01798,SUB01798,2024-10-07,2024-10-22,29.0,Paid
INV0012917,CUST01798,SUB01798,2024-11-07,2024-11-22,29.0,Paid
INV0012918,CUST01798,SUB01798,2024-12-07,2024-12-22,29.0,Paid
INV0012919,CUST01798,SUB01798,2025-01-07,2025-01-22,29.0,Paid
INV0012920,CUST01798,SUB01798,2025-02-07,2025-02-22,29.0,Pending
INV0012921,CUST01798,SUB01798,2025-03-07,2025-03-22,29.0,Paid
INV0012922,CUST01799,SUB01799,2025-12-15,2025-12-30,29.0,Paid
INV0012923,CUST01800,SUB01800,2025-07-20,2025-08-04,199.0,Overdue
INV0012924,CUST01800,SUB01800,2025-08-20,2025-09-04,199.0,Paid
INV0012925,CUST01800,SUB01800,2025-09-20,2025-10-05,199.0,Paid
INV0012926,CUST01800,SUB01800,2025-10-20,2025-11-04,199.0,Paid
INV0012927,CUST01800,SUB01800,2025-11-20,2025-12-05,199.0,Paid
INV0012928,CUST01800,SUB01800,2025-12-20,2026-01-04,199.0,Paid
INV0012929,CUST01801,SUB01801,2025-05-31,2025-06-15,79.0,Paid
INV0012930,CUST01801,SUB01801,2025-06-30,2025-07-15,79.0,Paid
INV0012931,CUST01801,SUB01801,2025-07-30,2025-08-14,79.0,Paid
INV0012932,CUST01802,SUB01802,2024-09-15,2024-09-30,29.0,Paid
INV0012933,CUST01802,SUB01802,2024-10-15,2024-10-30,29.0,Pending
INV0012934,CUST01802,SUB01802,2024-11-15,2024-11-30,29.0,Paid
INV0012935,CUST01802,SUB01802,2024-12-15,2024-12-30,29.0,Overdue
INV0012936,CUST01802,SUB01802,2025-01-15,2025-01-30,29.0,Paid
INV0012937,CUST01802,SUB01802,2025-02-15,2025-03-02,29.0,Paid
INV0012938,CUST01803,SUB01803,2025-10-16,2025-10-31,29.0,Paid
INV0012939,CUST01803,SUB01803,2025-11-16,2025-12-01,29.0,Paid
INV0012940,CUST01803,SUB01803,2025-12-16,2025-12-31,29.0,Paid
INV0012941,CUST01804,SUB01804,2025-02-12,2025-02-27,79.0,Paid
INV0012942,CUST01804,SUB01804,2025-03-12,2025-03-27,79.0,Paid
INV0012943,CUST01804,SUB01804,2025-04-12,2025-04-27,79.0,Paid
INV0012944,CUST01804,SUB01804,2025-05-12,2025-05-27,79.0,Overdue
INV0012945,CUST01804,SUB01804,2025-06-12,2025-06-27,79.0,Paid
INV0012946,CUST01804,SUB01804,2025-07-12,2025-07-27,79.0,Paid
INV0012947,CUST01805,SUB01805,2024-04-27,2024-05-12,29.0,Paid
INV0012948,CUST01805,SUB01805,2024-05-27,2024-06-11,29.0,Paid
INV0012949,CUST01805,SUB01805,2024-06-27,2024-07-12,29.0,Paid
INV0012950,CUST01805,SUB01805,2024-07-27,2024-08-11,29.0,Overdue
INV0012951,CUST01805,SUB01805,2024-08-27,2024-09-11,29.0,Paid
INV0012952,CUST01805,SUB01805,2024-09-27,2024-10-12,29.0,Paid
INV0012953,CUST01805,SUB01805,2024-10-27,2024-11-11,29.0,Paid
INV0012954,CUST01805,SUB01805,2024-11-27,2024-12-12,29.0,Paid
INV0012955,CUST01805,SUB01805,2024-12-27,2025-01-11,29.0,Paid
INV0012956,CUST01805,SUB01805,2025-01-27,2025-02-11,29.0,Paid
INV0012957,CUST01805,SUB01805,2025-02-27,2025-03-14,29.0,Paid
INV0012958,CUST01805,SUB01805,2025-03-27,2025-04-11,29.0,Paid
INV0012959,CUST01805,SUB01805,2025-04-27,2025-05-12,29.0,Paid
INV0012960,CUST01805,SUB01805,2025-05-27,2025-06-11,29.0,Paid
INV0012961,CUST01805,SUB01805,2025-06-27,2025-07-12,29.0,Paid
INV0012962,CUST01805,SUB01805,2025-07-27,2025-08-11,29.0,Paid
INV0012963,CUST01805,SUB01805,2025-08-27,2025-09-11,29.0,Paid
INV0012964,CUST01805,SUB01805,2025-09-27,2025-10-12,29.0,Paid
INV0012965,CUST01805,SUB01805,2025-10-27,2025-11-11,29.0,Paid
INV0012966,CUST01805,SUB01805,2025-11-27,2025-12-12,29.0,Paid
INV0012967,CUST01805,SUB01805,2025-12-27,2026-01-11,29.0,Paid
INV0012968,CUST01806,SUB01806,2025-05-11,2025-05-26,199.0,Paid
INV0012969,CUST01806,SUB01806,2025-06-11,2025-06-26,199.0,Paid
INV0012970,CUST01806,SUB01806,2025-07-11,2025-07-26,199.0,Paid
INV0012971,CUST01806,SUB01806,2025-08-11,2025-08-26,199.0,Paid
INV0012972,CUST01806,SUB01806,2025-09-11,2025-09-26,199.0,Paid
INV0012973,CUST01806,SUB01806,2025-10-11,2025-10-26,199.0,Paid
INV0012974,CUST01806,SUB01806,2025-11-11,2025-11-26,199.0,Paid
INV0012975,CUST01806,SUB01806,2025-12-11,2025-12-26,199.0,Paid
INV0012976,CUST01807,SUB01807,2025-12-31,2026-01-15,29.0,Paid
INV0012977,CUST01808,SUB01808,2024-06-14,2024-06-29,295.8,Paid
INV0012978,CUST01808,SUB01808,2025-06-14,2025-06-29,295.8,Overdue
INV0012979,CUST01809,SUB01809,2024-10-28,2024-11-12,79.0,Paid
INV0012980,CUST01809,SUB01809,2024-11-28,2024-12-13,79.0,Paid
INV0012981,CUST01809,SUB01809,2024-12-28,2025-01-12,79.0,Paid
INV0012982,CUST01809,SUB01809,2025-01-28,2025-02-12,79.0,Paid
INV0012983,CUST01809,SUB01809,2025-02-28,2025-03-15,79.0,Pending
INV0012984,CUST01809,SUB01809,2025-03-28,2025-04-12,79.0,Paid
INV0012985,CUST01809,SUB01809,2025-04-28,2025-05-13,79.0,Paid
INV0012986,CUST01809,SUB01809,2025-05-28,2025-06-12,79.0,Paid
INV0012987,CUST01809,SUB01809,2025-06-28,2025-07-13,79.0,Paid
INV0012988,CUST01809,SUB01809,2025-07-28,2025-08-12,79.0,Paid
INV0012989,CUST01809,SUB01809,2025-08-28,2025-09-12,79.0,Paid
INV0012990,CUST01809,SUB01809,2025-09-28,2025-10-13,79.0,Paid
INV0012991,CUST01810,SUB01810,2025-11-18,2025-12-03,29.0,Paid
INV0012992,CUST01810,SUB01810,2025-12-18,2026-01-02,29.0,Paid
INV0012993,CUST01811,SUB01811,2025-01-01,2025-01-16,29.0,Pending
INV0012994,CUST01811,SUB01811,2025-02-01,2025-02-16,29.0,Paid
INV0012995,CUST01811,SUB01811,2025-03-01,2025-03-16,29.0,Paid
INV0012996,CUST01811,SUB01811,2025-04-01,2025-04-16,29.0,Paid
INV0012997,CUST01811,SUB01811,2025-05-01,2025-05-16,29.0,Paid
INV0012998,CUST01811,SUB01811,2025-06-01,2025-06-16,29.0,Paid
INV0012999,CUST01811,SUB01811,2025-07-01,2025-07-16,29.0,Paid
INV0013000,CUST01811,SUB01811,2025-08-01,2025-08-16,29.0,Paid
INV0013001,CUST01811,SUB01811,2025-09-01,2025-09-16,29.0,Paid
INV0013002,CUST01811,SUB01811,2025-10-01,2025-10-16,29.0,Paid
INV0013003,CUST01811,SUB01811,2025-11-01,2025-11-16,29.0,Paid
INV0013004,CUST01811,SUB01811,2025-12-01,2025-12-16,29.0,Paid
INV0013005,CUST01812,SUB01812,2025-03-28,2025-04-12,79.0,Paid
INV0013006,CUST01812,SUB01812,2025-04-28,2025-05-13,79.0,Paid
INV0013007,CUST01812,SUB01812,2025-05-28,2025-06-12,79.0,Paid
INV0013008,CUST01812,SUB01812,2025-06-28,2025-07-13,79.0,Paid
INV0013009,CUST01812,SUB01812,2025-07-28,2025-08-12,79.0,Paid
INV0013010,CUST01812,SUB01812,2025-08-28,2025-09-12,79.0,Paid
INV0013011,CUST01812,SUB01812,2025-09-28,2025-10-13,79.0,Paid
INV0013012,CUST01812,SUB01812,2025-10-28,2025-11-12,79.0,Paid
INV0013013,CUST01812,SUB01812,2025-11-28,2025-12-13,79.0,Paid
INV0013014,CUST01812,SUB01812,2025-12-28,2026-01-12,79.0,Paid
INV0013015,CUST01813,SUB01813,2025-02-03,2025-02-18,79.0,Paid
INV0013016,CUST01813,SUB01813,2025-03-03,2025-03-18,79.0,Paid
INV0013017,CUST01813,SUB01813,2025-04-03,2025-04-18,79.0,Paid
INV0013018,CUST01813,SUB01813,2025-05-03,2025-05-18,79.0,Paid
INV0013019,CUST01813,SUB01813,2025-06-03,2025-06-18,79.0,Paid
INV0013020,CUST01813,SUB01813,2025-07-03,2025-07-18,79.0,Paid
INV0013021,CUST01814,SUB01814,2024-02-19,2024-03-05,29.0,Paid
INV0013022,CUST01814,SUB01814,2024-03-19,2024-04-03,29.0,Paid
INV0013023,CUST01814,SUB01814,2024-04-19,2024-05-04,29.0,Paid
INV0013024,CUST01814,SUB01814,2024-05-19,2024-06-03,29.0,Paid
INV0013025,CUST01814,SUB01814,2024-06-19,2024-07-04,29.0,Pending
INV0013026,CUST01814,SUB01814,2024-07-19,2024-08-03,29.0,Paid
INV0013027,CUST01814,SUB01814,2024-08-19,2024-09-03,29.0,Overdue
INV0013028,CUST01814,SUB01814,2024-09-19,2024-10-04,29.0,Paid
INV0013029,CUST01814,SUB01814,2024-10-19,2024-11-03,29.0,Pending
INV0013030,CUST01814,SUB01814,2024-11-19,2024-12-04,29.0,Paid
INV0013031,CUST01814,SUB01814,2024-12-19,2025-01-03,29.0,Paid
INV0013032,CUST01814,SUB01814,2025-01-19,2025-02-03,29.0,Paid
INV0013033,CUST01814,SUB01814,2025-02-19,2025-03-06,29.0,Overdue
INV0013034,CUST01814,SUB01814,2025-03-19,2025-04-03,29.0,Overdue
INV0013035,CUST01814,SUB01814,2025-04-19,2025-05-04,29.0,Paid
INV0013036,CUST01814,SUB01814,2025-05-19,2025-06-03,29.0,Paid
INV0013037,CUST01814,SUB01814,2025-06-19,2025-07-04,29.0,Paid
INV0013038,CUST01814,SUB01814,2025-07-19,2025-08-03,29.0,Paid
INV0013039,CUST01815,SUB01815,2025-01-18,2025-02-02,29.0,Paid
INV0013040,CUST01815,SUB01815,2025-02-18,2025-03-05,29.0,Paid
INV0013041,CUST01815,SUB01815,2025-03-18,2025-04-02,29.0,Paid
INV0013042,CUST01815,SUB01815,2025-04-18,2025-05-03,29.0,Paid
INV0013043,CUST01815,SUB01815,2025-05-18,2025-06-02,29.0,Paid
INV0013044,CUST01815,SUB01815,2025-06-18,2025-07-03,29.0,Paid
INV0013045,CUST01816,SUB01816,2024-01-29,2024-02-13,29.0,Paid
INV0013046,CUST01816,SUB01816,2024-02-29,2024-03-15,29.0,Paid
INV0013047,CUST01816,SUB01816,2024-03-29,2024-04-13,29.0,Paid
INV0013048,CUST01816,SUB01816,2024-04-29,2024-05-14,29.0,Paid
INV0013049,CUST01816,SUB01816,2024-05-29,2024-06-13,29.0,Paid
INV0013050,CUST01816,SUB01816,2024-06-29,2024-07-14,29.0,Paid
INV0013051,CUST01816,SUB01816,2024-07-29,2024-08-13,29.0,Paid
INV0013052,CUST01816,SUB01816,2024-08-29,2024-09-13,29.0,Paid
INV0013053,CUST01816,SUB01816,2024-09-29,2024-10-14,29.0,Paid
INV0013054,CUST01816,SUB01816,2024-10-29,2024-11-13,29.0,Paid
INV0013055,CUST01816,SUB01816,2024-11-29,2024-12-14,29.0,Paid
INV0013056,CUST01816,SUB01816,2024-12-29,2025-01-13,29.0,Paid
INV0013057,CUST01816,SUB01816,2025-01-29,2025-02-13,29.0,Paid
INV0013058,CUST01816,SUB01816,2025-02-28,2025-03-15,29.0,Paid
INV0013059,CUST01816,SUB01816,2025-03-28,2025-04-12,29.0,Overdue
INV0013060,CUST01816,SUB01816,2025-04-28,2025-05-13,29.0,Paid
INV0013061,CUST01816,SUB01816,2025-05-28,2025-06-12,29.0,Paid
INV0013062,CUST01816,SUB01816,2025-06-28,2025-07-13,29.0,Paid
INV0013063,CUST01817,SUB01817,2024-08-13,2024-08-28,199.0,Paid
INV0013064,CUST01817,SUB01817,2024-09-13,2024-09-28,199.0,Paid
INV0013065,CUST01817,SUB01817,2024-10-13,2024-10-28,199.0,Paid
INV0013066,CUST01817,SUB01817,2024-11-13,2024-11-28,199.0,Pending
INV0013067,CUST01817,SUB01817,2024-12-13,2024-12-28,199.0,Paid
INV0013068,CUST01817,SUB01817,2025-01-13,2025-01-28,199.0,Paid
INV0013069,CUST01817,SUB01817,2025-02-13,2025-02-28,199.0,Paid
INV0013070,CUST01817,SUB01817,2025-03-13,2025-03-28,199.0,Paid
INV0013071,CUST01817,SUB01817,2025-04-13,2025-04-28,199.0,Paid
INV0013072,CUST01817,SUB01817,2025-05-13,2025-05-28,199.0,Paid
INV0013073,CUST01817,SUB01817,2025-06-13,2025-06-28,199.0,Paid
INV0013074,CUST01817,SUB01817,2025-07-13,2025-07-28,199.0,Paid
INV0013075,CUST01817,SUB01817,2025-08-13,2025-08-28,199.0,Paid
INV0013076,CUST01817,SUB01817,2025-09-13,2025-09-28,199.0,Paid
INV0013077,CUST01817,SUB01817,2025-10-13,2025-10-28,199.0,Paid
INV0013078,CUST01817,SUB01817,2025-11-13,2025-11-28,199.0,Paid
INV0013079,CUST01817,SUB01817,2025-12-13,2025-12-28,199.0,Paid
INV0013080,CUST01818,SUB01818,2024-06-20,2024-07-05,79.0,Paid
INV0013081,CUST01818,SUB01818,2024-07-20,2024-08-04,79.0,Paid
INV0013082,CUST01818,SUB01818,2024-08-20,2024-09-04,79.0,Paid
INV0013083,CUST01818,SUB01818,2024-09-20,2024-10-05,79.0,Paid
INV0013084,CUST01818,SUB01818,2024-10-20,2024-11-04,79.0,Paid
INV0013085,CUST01818,SUB01818,2024-11-20,2024-12-05,79.0,Paid
INV0013086,CUST01818,SUB01818,2024-12-20,2025-01-04,79.0,Paid
INV0013087,CUST01818,SUB01818,2025-01-20,2025-02-04,79.0,Overdue
INV0013088,CUST01818,SUB01818,2025-02-20,2025-03-07,79.0,Paid
INV0013089,CUST01818,SUB01818,2025-03-20,2025-04-04,79.0,Paid
INV0013090,CUST01818,SUB01818,2025-04-20,2025-05-05,79.0,Paid
INV0013091,CUST01818,SUB01818,2025-05-20,2025-06-04,79.0,Paid
INV0013092,CUST01819,SUB01819,2024-11-26,2024-12-11,295.8,Paid
INV0013093,CUST01820,SUB01820,2025-03-14,2025-03-29,199.0,Paid
INV0013094,CUST01820,SUB01820,2025-04-14,2025-04-29,199.0,Paid
INV0013095,CUST01820,SUB01820,2025-05-14,2025-05-29,199.0,Paid
INV0013096,CUST01820,SUB01820,2025-06-14,2025-06-29,199.0,Paid
INV0013097,CUST01820,SUB01820,2025-07-14,2025-07-29,199.0,Paid
INV0013098,CUST01820,SUB01820,2025-08-14,2025-08-29,199.0,Overdue
INV0013099,CUST01820,SUB01820,2025-09-14,2025-09-29,199.0,Pending
INV0013100,CUST01820,SUB01820,2025-10-14,2025-10-29,199.0,Paid
INV0013101,CUST01820,SUB01820,2025-11-14,2025-11-29,199.0,Paid
INV0013102,CUST01820,SUB01820,2025-12-14,2025-12-29,199.0,Paid
INV0013103,CUST01821,SUB01821,2024-06-26,2024-07-11,29.0,Paid
INV0013104,CUST01821,SUB01821,2024-07-26,2024-08-10,29.0,Paid
INV0013105,CUST01821,SUB01821,2024-08-26,2024-09-10,29.0,Overdue
INV0013106,CUST01822,SUB01822,2024-08-05,2024-08-20,79.0,Paid
INV0013107,CUST01822,SUB01822,2024-09-05,2024-09-20,79.0,Paid
INV0013108,CUST01822,SUB01822,2024-10-05,2024-10-20,79.0,Overdue
INV0013109,CUST01822,SUB01822,2024-11-05,2024-11-20,79.0,Paid
INV0013110,CUST01822,SUB01822,2024-12-05,2024-12-20,79.0,Paid
INV0013111,CUST01822,SUB01822,2025-01-05,2025-01-20,79.0,Paid
INV0013112,CUST01822,SUB01822,2025-02-05,2025-02-20,79.0,Paid
INV0013113,CUST01822,SUB01822,2025-03-05,2025-03-20,79.0,Pending
INV0013114,CUST01822,SUB01822,2025-04-05,2025-04-20,79.0,Paid
INV0013115,CUST01822,SUB01822,2025-05-05,2025-05-20,79.0,Overdue
INV0013116,CUST01822,SUB01822,2025-06-05,2025-06-20,79.0,Paid
INV0013117,CUST01822,SUB01822,2025-07-05,2025-07-20,79.0,Paid
INV0013118,CUST01822,SUB01822,2025-08-05,2025-08-20,79.0,Paid
INV0013119,CUST01822,SUB01822,2025-09-05,2025-09-20,79.0,Paid
INV0013120,CUST01822,SUB01822,2025-10-05,2025-10-20,79.0,Paid
INV0013121,CUST01822,SUB01822,2025-11-05,2025-11-20,79.0,Paid
INV0013122,CUST01822,SUB01822,2025-12-05,2025-12-20,79.0,Paid
INV0013123,CUST01823,SUB01823,2025-10-27,2025-11-11,79.0,Paid
INV0013124,CUST01823,SUB01823,2025-11-27,2025-12-12,79.0,Paid
INV0013125,CUST01823,SUB01823,2025-12-27,2026-01-11,79.0,Paid
INV0013126,CUST01824,SUB01824,2025-02-24,2025-03-11,29.0,Paid
INV0013127,CUST01824,SUB01824,2025-03-24,2025-04-08,29.0,Paid
INV0013128,CUST01824,SUB01824,2025-04-24,2025-05-09,29.0,Paid
INV0013129,CUST01824,SUB01824,2025-05-24,2025-06-08,29.0,Paid
INV0013130,CUST01824,SUB01824,2025-06-24,2025-07-09,29.0,Paid
INV0013131,CUST01824,SUB01824,2025-07-24,2025-08-08,29.0,Paid
INV0013132,CUST01824,SUB01824,2025-08-24,2025-09-08,29.0,Paid
INV0013133,CUST01824,SUB01824,2025-09-24,2025-10-09,29.0,Paid
INV0013134,CUST01824,SUB01824,2025-10-24,2025-11-08,29.0,Paid
INV0013135,CUST01824,SUB01824,2025-11-24,2025-12-09,29.0,Paid
INV0013136,CUST01824,SUB01824,2025-12-24,2026-01-08,29.0,Paid
INV0013137,CUST01825,SUB01825,2025-12-30,2026-01-14,79.0,Paid
INV0013138,CUST01826,SUB01826,2024-04-07,2024-04-22,805.8,Paid
INV0013139,CUST01827,SUB01827,2024-12-06,2024-12-21,805.8,Paid
INV0013140,CUST01827,SUB01827,2025-12-06,2025-12-21,805.8,Paid
INV0013141,CUST01828,SUB01828,2025-11-13,2025-11-28,2029.8,Paid
INV0013142,CUST01829,SUB01829,2025-01-26,2025-02-10,79.0,Paid
INV0013143,CUST01829,SUB01829,2025-02-26,2025-03-13,79.0,Paid
INV0013144,CUST01829,SUB01829,2025-03-26,2025-04-10,79.0,Pending
INV0013145,CUST01829,SUB01829,2025-04-26,2025-05-11,79.0,Paid
INV0013146,CUST01829,SUB01829,2025-05-26,2025-06-10,79.0,Paid
INV0013147,CUST01829,SUB01829,2025-06-26,2025-07-11,79.0,Paid
INV0013148,CUST01829,SUB01829,2025-07-26,2025-08-10,79.0,Paid
INV0013149,CUST01829,SUB01829,2025-08-26,2025-09-10,79.0,Paid
INV0013150,CUST01829,SUB01829,2025-09-26,2025-10-11,79.0,Paid
INV0013151,CUST01829,SUB01829,2025-10-26,2025-11-10,79.0,Paid
INV0013152,CUST01829,SUB01829,2025-11-26,2025-12-11,79.0,Paid
INV0013153,CUST01829,SUB01829,2025-12-26,2026-01-10,79.0,Paid
INV0013154,CUST01830,SUB01830,2024-08-26,2024-09-10,29.0,Paid
INV0013155,CUST01830,SUB01830,2024-09-26,2024-10-11,29.0,Overdue
INV0013156,CUST01830,SUB01830,2024-10-26,2024-11-10,29.0,Paid
INV0013157,CUST01831,SUB01831,2024-08-30,2024-09-14,79.0,Paid
INV0013158,CUST01831,SUB01831,2024-09-30,2024-10-15,79.0,Paid
INV0013159,CUST01831,SUB01831,2024-10-30,2024-11-14,79.0,Paid
INV0013160,CUST01831,SUB01831,2024-11-30,2024-12-15,199.0,Paid
INV0013161,CUST01831,SUB01831,2024-12-30,2025-01-14,199.0,Paid
INV0013162,CUST01831,SUB01831,2025-01-30,2025-02-14,199.0,Paid
INV0013163,CUST01831,SUB01831,2025-02-28,2025-03-15,199.0,Paid
INV0013164,CUST01831,SUB01831,2025-03-28,2025-04-12,199.0,Paid
INV0013165,CUST01831,SUB01831,2025-04-28,2025-05-13,199.0,Paid
INV0013166,CUST01831,SUB01831,2025-05-28,2025-06-12,199.0,Pending
INV0013167,CUST01831,SUB01831,2025-06-28,2025-07-13,199.0,Paid
INV0013168,CUST01831,SUB01831,2025-07-28,2025-08-12,199.0,Paid
INV0013169,CUST01832,SUB01832,2024-03-02,2024-03-17,29.0,Paid
INV0013170,CUST01832,SUB01832,2024-04-02,2024-04-17,29.0,Paid
INV0013171,CUST01832,SUB01832,2024-05-02,2024-05-17,29.0,Paid
INV0013172,CUST01832,SUB01832,2024-06-02,2024-06-17,29.0,Paid
INV0013173,CUST01832,SUB01832,2024-07-02,2024-07-17,29.0,Paid
INV0013174,CUST01832,SUB01832,2024-08-02,2024-08-17,29.0,Paid
INV0013175,CUST01832,SUB01832,2024-09-02,2024-09-17,29.0,Paid
INV0013176,CUST01832,SUB01832,2024-10-02,2024-10-17,29.0,Paid
INV0013177,CUST01832,SUB01832,2024-11-02,2024-11-17,29.0,Overdue
INV0013178,CUST01832,SUB01832,2024-12-02,2024-12-17,29.0,Paid
INV0013179,CUST01832,SUB01832,2025-01-02,2025-01-17,29.0,Paid
INV0013180,CUST01832,SUB01832,2025-02-02,2025-02-17,29.0,Paid
INV0013181,CUST01833,SUB01833,2025-01-19,2025-02-03,295.8,Paid
INV0013182,CUST01834,SUB01834,2024-12-02,2024-12-17,29.0,Paid
INV0013183,CUST01834,SUB01834,2025-01-02,2025-01-17,29.0,Paid
INV0013184,CUST01834,SUB01834,2025-02-02,2025-02-17,29.0,Paid
INV0013185,CUST01834,SUB01834,2025-03-02,2025-03-17,29.0,Paid
INV0013186,CUST01834,SUB01834,2025-04-02,2025-04-17,29.0,Paid
INV0013187,CUST01834,SUB01834,2025-05-02,2025-05-17,29.0,Paid
INV0013188,CUST01834,SUB01834,2025-06-02,2025-06-17,29.0,Paid
INV0013189,CUST01834,SUB01834,2025-07-02,2025-07-17,29.0,Paid
INV0013190,CUST01834,SUB01834,2025-08-02,2025-08-17,29.0,Paid
INV0013191,CUST01834,SUB01834,2025-09-02,2025-09-17,79.0,Paid
INV0013192,CUST01834,SUB01834,2025-10-02,2025-10-17,79.0,Paid
INV0013193,CUST01834,SUB01834,2025-11-02,2025-11-17,79.0,Paid
INV0013194,CUST01835,SUB01835,2025-06-17,2025-07-02,199.0,Paid
INV0013195,CUST01835,SUB01835,2025-07-17,2025-08-01,199.0,Overdue
INV0013196,CUST01835,SUB01835,2025-08-17,2025-09-01,199.0,Paid
INV0013197,CUST01835,SUB01835,2025-09-17,2025-10-02,199.0,Paid
INV0013198,CUST01835,SUB01835,2025-10-17,2025-11-01,199.0,Paid
INV0013199,CUST01835,SUB01835,2025-11-17,2025-12-02,199.0,Paid
INV0013200,CUST01835,SUB01835,2025-12-17,2026-01-01,199.0,Paid
INV0013201,CUST01836,SUB01836,2024-01-25,2024-02-09,79.0,Paid
INV0013202,CUST01836,SUB01836,2024-02-25,2024-03-11,79.0,Paid
INV0013203,CUST01836,SUB01836,2024-03-25,2024-04-09,79.0,Paid
INV0013204,CUST01836,SUB01836,2024-04-25,2024-05-10,79.0,Paid
INV0013205,CUST01836,SUB01836,2024-05-25,2024-06-09,79.0,Paid
INV0013206,CUST01836,SUB01836,2024-06-25,2024-07-10,79.0,Paid
INV0013207,CUST01836,SUB01836,2024-07-25,2024-08-09,79.0,Paid
INV0013208,CUST01836,SUB01836,2024-08-25,2024-09-09,79.0,Paid
INV0013209,CUST01836,SUB01836,2024-09-25,2024-10-10,79.0,Paid
INV0013210,CUST01836,SUB01836,2024-10-25,2024-11-09,79.0,Paid
INV0013211,CUST01836,SUB01836,2024-11-25,2024-12-10,79.0,Paid
INV0013212,CUST01836,SUB01836,2024-12-25,2025-01-09,79.0,Paid
INV0013213,CUST01836,SUB01836,2025-01-25,2025-02-09,79.0,Paid
INV0013214,CUST01836,SUB01836,2025-02-25,2025-03-12,79.0,Paid
INV0013215,CUST01836,SUB01836,2025-03-25,2025-04-09,79.0,Paid
INV0013216,CUST01836,SUB01836,2025-04-25,2025-05-10,79.0,Paid
INV0013217,CUST01836,SUB01836,2025-05-25,2025-06-09,79.0,Paid
INV0013218,CUST01836,SUB01836,2025-06-25,2025-07-10,79.0,Paid
INV0013219,CUST01837,SUB01837,2024-07-29,2024-08-13,79.0,Paid
INV0013220,CUST01837,SUB01837,2024-08-29,2024-09-13,79.0,Paid
INV0013221,CUST01837,SUB01837,2024-09-29,2024-10-14,79.0,Paid
INV0013222,CUST01837,SUB01837,2024-10-29,2024-11-13,79.0,Paid
INV0013223,CUST01837,SUB01837,2024-11-29,2024-12-14,79.0,Paid
INV0013224,CUST01837,SUB01837,2024-12-29,2025-01-13,79.0,Paid
INV0013225,CUST01837,SUB01837,2025-01-29,2025-02-13,79.0,Paid
INV0013226,CUST01837,SUB01837,2025-02-28,2025-03-15,79.0,Paid
INV0013227,CUST01837,SUB01837,2025-03-28,2025-04-12,79.0,Paid
INV0013228,CUST01837,SUB01837,2025-04-28,2025-05-13,79.0,Paid
INV0013229,CUST01837,SUB01837,2025-05-28,2025-06-12,79.0,Paid
INV0013230,CUST01837,SUB01837,2025-06-28,2025-07-13,79.0,Paid
INV0013231,CUST01837,SUB01837,2025-07-28,2025-08-12,79.0,Paid
INV0013232,CUST01837,SUB01837,2025-08-28,2025-09-12,79.0,Paid
INV0013233,CUST01837,SUB01837,2025-09-28,2025-10-13,79.0,Paid
INV0013234,CUST01837,SUB01837,2025-10-28,2025-11-12,79.0,Paid
INV0013235,CUST01837,SUB01837,2025-11-28,2025-12-13,79.0,Paid
INV0013236,CUST01837,SUB01837,2025-12-28,2026-01-12,79.0,Paid
INV0013237,CUST01838,SUB01838,2025-09-14,2025-09-29,199.0,Overdue
INV0013238,CUST01838,SUB01838,2025-10-14,2025-10-29,199.0,Paid
INV0013239,CUST01838,SUB01838,2025-11-14,2025-11-29,199.0,Paid
INV0013240,CUST01838,SUB01838,2025-12-14,2025-12-29,199.0,Paid
INV0013241,CUST01839,SUB01839,2025-10-06,2025-10-21,29.0,Paid
INV0013242,CUST01839,SUB01839,2025-11-06,2025-11-21,29.0,Paid
INV0013243,CUST01839,SUB01839,2025-12-06,2025-12-21,29.0,Paid
INV0013244,CUST01840,SUB01840,2024-02-23,2024-03-09,29.0,Paid
INV0013245,CUST01840,SUB01840,2024-03-23,2024-04-07,29.0,Paid
INV0013246,CUST01840,SUB01840,2024-04-23,2024-05-08,29.0,Paid
INV0013247,CUST01840,SUB01840,2024-05-23,2024-06-07,79.0,Paid
INV0013248,CUST01840,SUB01840,2024-06-23,2024-07-08,79.0,Paid
INV0013249,CUST01840,SUB01840,2024-07-23,2024-08-07,79.0,Overdue
INV0013250,CUST01840,SUB01840,2024-08-23,2024-09-07,79.0,Paid
INV0013251,CUST01840,SUB01840,2024-09-23,2024-10-08,79.0,Paid
INV0013252,CUST01840,SUB01840,2024-10-23,2024-11-07,79.0,Paid
INV0013253,CUST01840,SUB01840,2024-11-23,2024-12-08,79.0,Paid
INV0013254,CUST01840,SUB01840,2024-12-23,2025-01-07,79.0,Paid
INV0013255,CUST01840,SUB01840,2025-01-23,2025-02-07,79.0,Paid
INV0013256,CUST01841,SUB01841,2024-04-03,2024-04-18,2029.8,Paid
INV0013257,CUST01841,SUB01841,2025-04-03,2025-04-18,2029.8,Paid
INV0013258,CUST01842,SUB01842,2024-08-29,2024-09-13,79.0,Paid
INV0013259,CUST01842,SUB01842,2024-09-29,2024-10-14,79.0,Paid
INV0013260,CUST01842,SUB01842,2024-10-29,2024-11-13,79.0,Paid
INV0013261,CUST01843,SUB01843,2024-06-17,2024-07-02,79.0,Paid
INV0013262,CUST01843,SUB01843,2024-07-17,2024-08-01,79.0,Paid
INV0013263,CUST01843,SUB01843,2024-08-17,2024-09-01,79.0,Paid
INV0013264,CUST01843,SUB01843,2024-09-17,2024-10-02,79.0,Paid
INV0013265,CUST01843,SUB01843,2024-10-17,2024-11-01,79.0,Paid
INV0013266,CUST01843,SUB01843,2024-11-17,2024-12-02,79.0,Paid
INV0013267,CUST01843,SUB01843,2024-12-17,2025-01-01,79.0,Paid
INV0013268,CUST01843,SUB01843,2025-01-17,2025-02-01,79.0,Paid
INV0013269,CUST01843,SUB01843,2025-02-17,2025-03-04,79.0,Paid
INV0013270,CUST01843,SUB01843,2025-03-17,2025-04-01,79.0,Paid
INV0013271,CUST01843,SUB01843,2025-04-17,2025-05-02,79.0,Paid
INV0013272,CUST01843,SUB01843,2025-05-17,2025-06-01,79.0,Paid
INV0013273,CUST01843,SUB01843,2025-06-17,2025-07-02,79.0,Paid
INV0013274,CUST01843,SUB01843,2025-07-17,2025-08-01,79.0,Paid
INV0013275,CUST01843,SUB01843,2025-08-17,2025-09-01,79.0,Paid
INV0013276,CUST01843,SUB01843,2025-09-17,2025-10-02,79.0,Paid
INV0013277,CUST01843,SUB01843,2025-10-17,2025-11-01,79.0,Paid
INV0013278,CUST01843,SUB01843,2025-11-17,2025-12-02,29.0,Paid
INV0013279,CUST01844,SUB01844,2024-11-06,2024-11-21,79.0,Overdue
INV0013280,CUST01844,SUB01844,2024-12-06,2024-12-21,79.0,Paid
INV0013281,CUST01844,SUB01844,2025-01-06,2025-01-21,79.0,Paid
INV0013282,CUST01844,SUB01844,2025-02-06,2025-02-21,79.0,Paid
INV0013283,CUST01844,SUB01844,2025-03-06,2025-03-21,79.0,Paid
INV0013284,CUST01844,SUB01844,2025-04-06,2025-04-21,79.0,Paid
INV0013285,CUST01844,SUB01844,2025-05-06,2025-05-21,79.0,Paid
INV0013286,CUST01844,SUB01844,2025-06-06,2025-06-21,79.0,Paid
INV0013287,CUST01844,SUB01844,2025-07-06,2025-07-21,79.0,Paid
INV0013288,CUST01844,SUB01844,2025-08-06,2025-08-21,79.0,Paid
INV0013289,CUST01844,SUB01844,2025-09-06,2025-09-21,79.0,Paid
INV0013290,CUST01844,SUB01844,2025-10-06,2025-10-21,79.0,Paid
INV0013291,CUST01845,SUB01845,2024-10-05,2024-10-20,199.0,Paid
INV0013292,CUST01845,SUB01845,2024-11-05,2024-11-20,199.0,Paid
INV0013293,CUST01845,SUB01845,2024-12-05,2024-12-20,199.0,Paid
INV0013294,CUST01845,SUB01845,2025-01-05,2025-01-20,199.0,Paid
INV0013295,CUST01845,SUB01845,2025-02-05,2025-02-20,199.0,Paid
INV0013296,CUST01845,SUB01845,2025-03-05,2025-03-20,199.0,Paid
INV0013297,CUST01846,SUB01846,2025-02-11,2025-02-26,199.0,Paid
INV0013298,CUST01846,SUB01846,2025-03-11,2025-03-26,199.0,Paid
INV0013299,CUST01846,SUB01846,2025-04-11,2025-04-26,199.0,Paid
INV0013300,CUST01846,SUB01846,2025-05-11,2025-05-26,199.0,Paid
INV0013301,CUST01846,SUB01846,2025-06-11,2025-06-26,199.0,Paid
INV0013302,CUST01846,SUB01846,2025-07-11,2025-07-26,199.0,Paid
INV0013303,CUST01846,SUB01846,2025-08-11,2025-08-26,199.0,Paid
INV0013304,CUST01846,SUB01846,2025-09-11,2025-09-26,199.0,Paid
INV0013305,CUST01846,SUB01846,2025-10-11,2025-10-26,199.0,Paid
INV0013306,CUST01846,SUB01846,2025-11-11,2025-11-26,199.0,Paid
INV0013307,CUST01846,SUB01846,2025-12-11,2025-12-26,199.0,Paid
INV0013308,CUST01847,SUB01847,2024-06-08,2024-06-23,29.0,Paid
INV0013309,CUST01847,SUB01847,2024-07-08,2024-07-23,29.0,Paid
INV0013310,CUST01847,SUB01847,2024-08-08,2024-08-23,29.0,Paid
INV0013311,CUST01847,SUB01847,2024-09-08,2024-09-23,29.0,Paid
INV0013312,CUST01847,SUB01847,2024-10-08,2024-10-23,29.0,Paid
INV0013313,CUST01847,SUB01847,2024-11-08,2024-11-23,29.0,Paid
INV0013314,CUST01848,SUB01848,2025-03-13,2025-03-28,79.0,Paid
INV0013315,CUST01848,SUB01848,2025-04-13,2025-04-28,79.0,Overdue
INV0013316,CUST01848,SUB01848,2025-05-13,2025-05-28,79.0,Paid
INV0013317,CUST01848,SUB01848,2025-06-13,2025-06-28,79.0,Paid
INV0013318,CUST01848,SUB01848,2025-07-13,2025-07-28,79.0,Paid
INV0013319,CUST01848,SUB01848,2025-08-13,2025-08-28,79.0,Paid
INV0013320,CUST01848,SUB01848,2025-09-13,2025-09-28,79.0,Paid
INV0013321,CUST01848,SUB01848,2025-10-13,2025-10-28,79.0,Paid
INV0013322,CUST01848,SUB01848,2025-11-13,2025-11-28,79.0,Paid
INV0013323,CUST01848,SUB01848,2025-12-13,2025-12-28,79.0,Paid
INV0013324,CUST01849,SUB01849,2025-09-01,2025-09-16,199.0,Paid
INV0013325,CUST01849,SUB01849,2025-10-01,2025-10-16,199.0,Paid
INV0013326,CUST01849,SUB01849,2025-11-01,2025-11-16,199.0,Overdue
INV0013327,CUST01849,SUB01849,2025-12-01,2025-12-16,199.0,Paid
INV0013328,CUST01850,SUB01850,2025-01-24,2025-02-08,199.0,Paid
INV0013329,CUST01850,SUB01850,2025-02-24,2025-03-11,199.0,Paid
INV0013330,CUST01850,SUB01850,2025-03-24,2025-04-08,199.0,Paid
INV0013331,CUST01850,SUB01850,2025-04-24,2025-05-09,199.0,Paid
INV0013332,CUST01850,SUB01850,2025-05-24,2025-06-08,199.0,Paid
INV0013333,CUST01850,SUB01850,2025-06-24,2025-07-09,199.0,Paid
INV0013334,CUST01851,SUB01851,2024-03-14,2024-03-29,199.0,Paid
INV0013335,CUST01851,SUB01851,2024-04-14,2024-04-29,199.0,Paid
INV0013336,CUST01851,SUB01851,2024-05-14,2024-05-29,199.0,Paid
INV0013337,CUST01851,SUB01851,2024-06-14,2024-06-29,199.0,Paid
INV0013338,CUST01851,SUB01851,2024-07-14,2024-07-29,199.0,Paid
INV0013339,CUST01851,SUB01851,2024-08-14,2024-08-29,199.0,Paid
INV0013340,CUST01851,SUB01851,2024-09-14,2024-09-29,199.0,Paid
INV0013341,CUST01851,SUB01851,2024-10-14,2024-10-29,199.0,Paid
INV0013342,CUST01851,SUB01851,2024-11-14,2024-11-29,199.0,Paid
INV0013343,CUST01851,SUB01851,2024-12-14,2024-12-29,199.0,Paid
INV0013344,CUST01851,SUB01851,2025-01-14,2025-01-29,199.0,Paid
INV0013345,CUST01851,SUB01851,2025-02-14,2025-03-01,199.0,Paid
INV0013346,CUST01851,SUB01851,2025-03-14,2025-03-29,199.0,Paid
INV0013347,CUST01851,SUB01851,2025-04-14,2025-04-29,199.0,Paid
INV0013348,CUST01851,SUB01851,2025-05-14,2025-05-29,199.0,Paid
INV0013349,CUST01851,SUB01851,2025-06-14,2025-06-29,199.0,Paid
INV0013350,CUST01851,SUB01851,2025-07-14,2025-07-29,199.0,Paid
INV0013351,CUST01851,SUB01851,2025-08-14,2025-08-29,199.0,Paid
INV0013352,CUST01851,SUB01851,2025-09-14,2025-09-29,199.0,Paid
INV0013353,CUST01851,SUB01851,2025-10-14,2025-10-29,199.0,Paid
INV0013354,CUST01851,SUB01851,2025-11-14,2025-11-29,199.0,Paid
INV0013355,CUST01851,SUB01851,2025-12-14,2025-12-29,199.0,Paid
INV0013356,CUST01852,SUB01852,2024-07-13,2024-07-28,79.0,Paid
INV0013357,CUST01852,SUB01852,2024-08-13,2024-08-28,79.0,Paid
INV0013358,CUST01852,SUB01852,2024-09-13,2024-09-28,79.0,Paid
INV0013359,CUST01852,SUB01852,2024-10-13,2024-10-28,79.0,Paid
INV0013360,CUST01852,SUB01852,2024-11-13,2024-11-28,79.0,Paid
INV0013361,CUST01852,SUB01852,2024-12-13,2024-12-28,79.0,Paid
INV0013362,CUST01852,SUB01852,2025-01-13,2025-01-28,79.0,Paid
INV0013363,CUST01852,SUB01852,2025-02-13,2025-02-28,79.0,Overdue
INV0013364,CUST01852,SUB01852,2025-03-13,2025-03-28,79.0,Paid
INV0013365,CUST01852,SUB01852,2025-04-13,2025-04-28,79.0,Paid
INV0013366,CUST01852,SUB01852,2025-05-13,2025-05-28,79.0,Paid
INV0013367,CUST01852,SUB01852,2025-06-13,2025-06-28,79.0,Paid
INV0013368,CUST01852,SUB01852,2025-07-13,2025-07-28,79.0,Overdue
INV0013369,CUST01852,SUB01852,2025-08-13,2025-08-28,79.0,Paid
INV0013370,CUST01852,SUB01852,2025-09-13,2025-09-28,79.0,Paid
INV0013371,CUST01852,SUB01852,2025-10-13,2025-10-28,79.0,Paid
INV0013372,CUST01852,SUB01852,2025-11-13,2025-11-28,79.0,Paid
INV0013373,CUST01852,SUB01852,2025-12-13,2025-12-28,79.0,Paid
INV0013374,CUST01853,SUB01853,2025-05-18,2025-06-02,29.0,Paid
INV0013375,CUST01853,SUB01853,2025-06-18,2025-07-03,29.0,Overdue
INV0013376,CUST01853,SUB01853,2025-07-18,2025-08-02,29.0,Paid
INV0013377,CUST01853,SUB01853,2025-08-18,2025-09-02,29.0,Paid
INV0013378,CUST01853,SUB01853,2025-09-18,2025-10-03,29.0,Overdue
INV0013379,CUST01853,SUB01853,2025-10-18,2025-11-02,29.0,Overdue
INV0013380,CUST01853,SUB01853,2025-11-18,2025-12-03,29.0,Paid
INV0013381,CUST01853,SUB01853,2025-12-18,2026-01-02,29.0,Paid
INV0013382,CUST01854,SUB01854,2025-01-28,2025-02-12,199.0,Paid
INV0013383,CUST01854,SUB01854,2025-02-28,2025-03-15,199.0,Paid
INV0013384,CUST01854,SUB01854,2025-03-28,2025-04-12,199.0,Paid
INV0013385,CUST01854,SUB01854,2025-04-28,2025-05-13,199.0,Paid
INV0013386,CUST01854,SUB01854,2025-05-28,2025-06-12,199.0,Overdue
INV0013387,CUST01854,SUB01854,2025-06-28,2025-07-13,199.0,Paid
INV0013388,CUST01855,SUB01855,2025-02-22,2025-03-09,79.0,Paid
INV0013389,CUST01855,SUB01855,2025-03-22,2025-04-06,79.0,Paid
INV0013390,CUST01855,SUB01855,2025-04-22,2025-05-07,79.0,Paid
INV0013391,CUST01855,SUB01855,2025-05-22,2025-06-06,79.0,Paid
INV0013392,CUST01855,SUB01855,2025-06-22,2025-07-07,79.0,Paid
INV0013393,CUST01855,SUB01855,2025-07-22,2025-08-06,79.0,Paid
INV0013394,CUST01855,SUB01855,2025-08-22,2025-09-06,79.0,Paid
INV0013395,CUST01855,SUB01855,2025-09-22,2025-10-07,79.0,Paid
INV0013396,CUST01855,SUB01855,2025-10-22,2025-11-06,79.0,Paid
INV0013397,CUST01855,SUB01855,2025-11-22,2025-12-07,79.0,Paid
INV0013398,CUST01855,SUB01855,2025-12-22,2026-01-06,79.0,Paid
INV0013399,CUST01856,SUB01856,2024-07-17,2024-08-01,295.8,Paid
INV0013400,CUST01857,SUB01857,2025-06-05,2025-06-20,805.8,Paid
INV0013401,CUST01858,SUB01858,2025-10-28,2025-11-12,199.0,Pending
INV0013402,CUST01858,SUB01858,2025-11-28,2025-12-13,199.0,Paid
INV0013403,CUST01858,SUB01858,2025-12-28,2026-01-12,199.0,Paid
INV0013404,CUST01859,SUB01859,2025-05-04,2025-05-19,29.0,Paid
INV0013405,CUST01859,SUB01859,2025-06-04,2025-06-19,29.0,Paid
INV0013406,CUST01859,SUB01859,2025-07-04,2025-07-19,29.0,Paid
INV0013407,CUST01859,SUB01859,2025-08-04,2025-08-19,29.0,Paid
INV0013408,CUST01859,SUB01859,2025-09-04,2025-09-19,29.0,Paid
INV0013409,CUST01859,SUB01859,2025-10-04,2025-10-19,29.0,Paid
INV0013410,CUST01859,SUB01859,2025-11-04,2025-11-19,29.0,Paid
INV0013411,CUST01859,SUB01859,2025-12-04,2025-12-19,29.0,Paid
INV0013412,CUST01860,SUB01860,2025-12-15,2025-12-30,199.0,Paid
INV0013413,CUST01861,SUB01861,2025-11-28,2025-12-13,29.0,Overdue
INV0013414,CUST01861,SUB01861,2025-12-28,2026-01-12,29.0,Paid
INV0013415,CUST01862,SUB01862,2024-01-13,2024-01-28,29.0,Overdue
INV0013416,CUST01862,SUB01862,2024-02-13,2024-02-28,29.0,Paid
INV0013417,CUST01862,SUB01862,2024-03-13,2024-03-28,29.0,Paid
INV0013418,CUST01862,SUB01862,2024-04-13,2024-04-28,29.0,Paid
INV0013419,CUST01862,SUB01862,2024-05-13,2024-05-28,29.0,Paid
INV0013420,CUST01862,SUB01862,2024-06-13,2024-06-28,29.0,Paid
INV0013421,CUST01862,SUB01862,2024-07-13,2024-07-28,29.0,Paid
INV0013422,CUST01862,SUB01862,2024-08-13,2024-08-28,29.0,Paid
INV0013423,CUST01862,SUB01862,2024-09-13,2024-09-28,29.0,Paid
INV0013424,CUST01862,SUB01862,2024-10-13,2024-10-28,29.0,Paid
INV0013425,CUST01862,SUB01862,2024-11-13,2024-11-28,29.0,Paid
INV0013426,CUST01862,SUB01862,2024-12-13,2024-12-28,29.0,Paid
INV0013427,CUST01863,SUB01863,2025-02-11,2025-02-26,79.0,Paid
INV0013428,CUST01863,SUB01863,2025-03-11,2025-03-26,79.0,Paid
INV0013429,CUST01863,SUB01863,2025-04-11,2025-04-26,79.0,Paid
INV0013430,CUST01863,SUB01863,2025-05-11,2025-05-26,79.0,Paid
INV0013431,CUST01863,SUB01863,2025-06-11,2025-06-26,79.0,Paid
INV0013432,CUST01863,SUB01863,2025-07-11,2025-07-26,79.0,Paid
INV0013433,CUST01863,SUB01863,2025-08-11,2025-08-26,79.0,Paid
INV0013434,CUST01863,SUB01863,2025-09-11,2025-09-26,79.0,Paid
INV0013435,CUST01863,SUB01863,2025-10-11,2025-10-26,79.0,Paid
INV0013436,CUST01863,SUB01863,2025-11-11,2025-11-26,79.0,Pending
INV0013437,CUST01863,SUB01863,2025-12-11,2025-12-26,79.0,Paid
INV0013438,CUST01864,SUB01864,2025-03-09,2025-03-24,79.0,Paid
INV0013439,CUST01864,SUB01864,2025-04-09,2025-04-24,79.0,Paid
INV0013440,CUST01864,SUB01864,2025-05-09,2025-05-24,79.0,Paid
INV0013441,CUST01865,SUB01865,2025-05-27,2025-06-11,29.0,Paid
INV0013442,CUST01865,SUB01865,2025-06-27,2025-07-12,29.0,Paid
INV0013443,CUST01865,SUB01865,2025-07-27,2025-08-11,29.0,Paid
INV0013444,CUST01865,SUB01865,2025-08-27,2025-09-11,29.0,Paid
INV0013445,CUST01865,SUB01865,2025-09-27,2025-10-12,29.0,Paid
INV0013446,CUST01865,SUB01865,2025-10-27,2025-11-11,29.0,Paid
INV0013447,CUST01865,SUB01865,2025-11-27,2025-12-12,29.0,Paid
INV0013448,CUST01865,SUB01865,2025-12-27,2026-01-11,29.0,Paid
INV0013449,CUST01866,SUB01866,2025-02-25,2025-03-12,199.0,Paid
INV0013450,CUST01866,SUB01866,2025-03-25,2025-04-09,199.0,Paid
INV0013451,CUST01866,SUB01866,2025-04-25,2025-05-10,199.0,Paid
INV0013452,CUST01866,SUB01866,2025-05-25,2025-06-09,199.0,Paid
INV0013453,CUST01866,SUB01866,2025-06-25,2025-07-10,199.0,Paid
INV0013454,CUST01866,SUB01866,2025-07-25,2025-08-09,199.0,Paid
INV0013455,CUST01866,SUB01866,2025-08-25,2025-09-09,199.0,Paid
INV0013456,CUST01866,SUB01866,2025-09-25,2025-10-10,199.0,Paid
INV0013457,CUST01866,SUB01866,2025-10-25,2025-11-09,199.0,Paid
INV0013458,CUST01866,SUB01866,2025-11-25,2025-12-10,199.0,Paid
INV0013459,CUST01866,SUB01866,2025-12-25,2026-01-09,199.0,Paid
INV0013460,CUST01867,SUB01867,2025-10-13,2025-10-28,199.0,Paid
INV0013461,CUST01867,SUB01867,2025-11-13,2025-11-28,199.0,Paid
INV0013462,CUST01867,SUB01867,2025-12-13,2025-12-28,199.0,Paid
INV0013463,CUST01868,SUB01868,2024-10-02,2024-10-17,79.0,Paid
INV0013464,CUST01868,SUB01868,2024-11-02,2024-11-17,79.0,Paid
INV0013465,CUST01868,SUB01868,2024-12-02,2024-12-17,79.0,Paid
INV0013466,CUST01868,SUB01868,2025-01-02,2025-01-17,79.0,Paid
INV0013467,CUST01868,SUB01868,2025-02-02,2025-02-17,79.0,Paid
INV0013468,CUST01868,SUB01868,2025-03-02,2025-03-17,79.0,Paid
INV0013469,CUST01869,SUB01869,2024-01-07,2024-01-22,79.0,Paid
INV0013470,CUST01869,SUB01869,2024-02-07,2024-02-22,79.0,Overdue
INV0013471,CUST01869,SUB01869,2024-03-07,2024-03-22,79.0,Paid
INV0013472,CUST01869,SUB01869,2024-04-07,2024-04-22,79.0,Paid
INV0013473,CUST01869,SUB01869,2024-05-07,2024-05-22,79.0,Paid
INV0013474,CUST01869,SUB01869,2024-06-07,2024-06-22,79.0,Paid
INV0013475,CUST01869,SUB01869,2024-07-07,2024-07-22,79.0,Paid
INV0013476,CUST01869,SUB01869,2024-08-07,2024-08-22,79.0,Paid
INV0013477,CUST01869,SUB01869,2024-09-07,2024-09-22,79.0,Paid
INV0013478,CUST01869,SUB01869,2024-10-07,2024-10-22,79.0,Paid
INV0013479,CUST01869,SUB01869,2024-11-07,2024-11-22,79.0,Paid
INV0013480,CUST01869,SUB01869,2024-12-07,2024-12-22,79.0,Paid
INV0013481,CUST01869,SUB01869,2025-01-07,2025-01-22,79.0,Paid
INV0013482,CUST01869,SUB01869,2025-02-07,2025-02-22,79.0,Paid
INV0013483,CUST01869,SUB01869,2025-03-07,2025-03-22,79.0,Paid
INV0013484,CUST01869,SUB01869,2025-04-07,2025-04-22,79.0,Paid
INV0013485,CUST01869,SUB01869,2025-05-07,2025-05-22,79.0,Paid
INV0013486,CUST01869,SUB01869,2025-06-07,2025-06-22,79.0,Paid
INV0013487,CUST01869,SUB01869,2025-07-07,2025-07-22,79.0,Paid
INV0013488,CUST01869,SUB01869,2025-08-07,2025-08-22,79.0,Paid
INV0013489,CUST01869,SUB01869,2025-09-07,2025-09-22,79.0,Paid
INV0013490,CUST01869,SUB01869,2025-10-07,2025-10-22,79.0,Paid
INV0013491,CUST01869,SUB01869,2025-11-07,2025-11-22,29.0,Paid
INV0013492,CUST01869,SUB01869,2025-12-07,2025-12-22,29.0,Paid
INV0013493,CUST01870,SUB01870,2024-03-12,2024-03-27,29.0,Paid
INV0013494,CUST01870,SUB01870,2024-04-12,2024-04-27,29.0,Overdue
INV0013495,CUST01870,SUB01870,2024-05-12,2024-05-27,29.0,Paid
INV0013496,CUST01870,SUB01870,2024-06-12,2024-06-27,29.0,Paid
INV0013497,CUST01870,SUB01870,2024-07-12,2024-07-27,29.0,Paid
INV0013498,CUST01870,SUB01870,2024-08-12,2024-08-27,29.0,Paid
INV0013499,CUST01870,SUB01870,2024-09-12,2024-09-27,29.0,Paid
INV0013500,CUST01870,SUB01870,2024-10-12,2024-10-27,29.0,Paid
INV0013501,CUST01870,SUB01870,2024-11-12,2024-11-27,29.0,Paid
INV0013502,CUST01870,SUB01870,2024-12-12,2024-12-27,29.0,Paid
INV0013503,CUST01870,SUB01870,2025-01-12,2025-01-27,29.0,Paid
INV0013504,CUST01870,SUB01870,2025-02-12,2025-02-27,29.0,Overdue
INV0013505,CUST01870,SUB01870,2025-03-12,2025-03-27,29.0,Paid
INV0013506,CUST01870,SUB01870,2025-04-12,2025-04-27,29.0,Paid
INV0013507,CUST01870,SUB01870,2025-05-12,2025-05-27,29.0,Paid
INV0013508,CUST01870,SUB01870,2025-06-12,2025-06-27,29.0,Overdue
INV0013509,CUST01870,SUB01870,2025-07-12,2025-07-27,29.0,Overdue
INV0013510,CUST01870,SUB01870,2025-08-12,2025-08-27,29.0,Paid
INV0013511,CUST01870,SUB01870,2025-09-12,2025-09-27,29.0,Paid
INV0013512,CUST01870,SUB01870,2025-10-12,2025-10-27,29.0,Paid
INV0013513,CUST01870,SUB01870,2025-11-12,2025-11-27,29.0,Paid
INV0013514,CUST01870,SUB01870,2025-12-12,2025-12-27,29.0,Overdue
INV0013515,CUST01871,SUB01871,2025-03-17,2025-04-01,29.0,Paid
INV0013516,CUST01871,SUB01871,2025-04-17,2025-05-02,29.0,Paid
INV0013517,CUST01871,SUB01871,2025-05-17,2025-06-01,29.0,Overdue
INV0013518,CUST01871,SUB01871,2025-06-17,2025-07-02,29.0,Paid
INV0013519,CUST01871,SUB01871,2025-07-17,2025-08-01,29.0,Paid
INV0013520,CUST01871,SUB01871,2025-08-17,2025-09-01,29.0,Paid
INV0013521,CUST01871,SUB01871,2025-09-17,2025-10-02,29.0,Paid
INV0013522,CUST01871,SUB01871,2025-10-17,2025-11-01,29.0,Paid
INV0013523,CUST01871,SUB01871,2025-11-17,2025-12-02,29.0,Paid
INV0013524,CUST01871,SUB01871,2025-12-17,2026-01-01,29.0,Paid
INV0013525,CUST01872,SUB01872,2024-07-21,2024-08-05,29.0,Paid
INV0013526,CUST01872,SUB01872,2024-08-21,2024-09-05,29.0,Paid
INV0013527,CUST01872,SUB01872,2024-09-21,2024-10-06,29.0,Paid
INV0013528,CUST01872,SUB01872,2024-10-21,2024-11-05,29.0,Paid
INV0013529,CUST01872,SUB01872,2024-11-21,2024-12-06,29.0,Paid
INV0013530,CUST01872,SUB01872,2024-12-21,2025-01-05,29.0,Paid
INV0013531,CUST01872,SUB01872,2025-01-21,2025-02-05,29.0,Paid
INV0013532,CUST01872,SUB01872,2025-02-21,2025-03-08,29.0,Paid
INV0013533,CUST01872,SUB01872,2025-03-21,2025-04-05,29.0,Paid
INV0013534,CUST01872,SUB01872,2025-04-21,2025-05-06,29.0,Paid
INV0013535,CUST01872,SUB01872,2025-05-21,2025-06-05,29.0,Paid
INV0013536,CUST01872,SUB01872,2025-06-21,2025-07-06,29.0,Paid
INV0013537,CUST01873,SUB01873,2025-08-03,2025-08-18,79.0,Paid
INV0013538,CUST01873,SUB01873,2025-09-03,2025-09-18,79.0,Paid
INV0013539,CUST01873,SUB01873,2025-10-03,2025-10-18,79.0,Paid
INV0013540,CUST01873,SUB01873,2025-11-03,2025-11-18,79.0,Paid
INV0013541,CUST01873,SUB01873,2025-12-03,2025-12-18,79.0,Paid
INV0013542,CUST01874,SUB01874,2024-07-15,2024-07-30,295.8,Paid
INV0013543,CUST01875,SUB01875,2025-10-13,2025-10-28,79.0,Overdue
INV0013544,CUST01875,SUB01875,2025-11-13,2025-11-28,79.0,Paid
INV0013545,CUST01875,SUB01875,2025-12-13,2025-12-28,79.0,Overdue
INV0013546,CUST01876,SUB01876,2024-10-10,2024-10-25,79.0,Paid
INV0013547,CUST01876,SUB01876,2024-11-10,2024-11-25,79.0,Paid
INV0013548,CUST01876,SUB01876,2024-12-10,2024-12-25,79.0,Paid
INV0013549,CUST01876,SUB01876,2025-01-10,2025-01-25,79.0,Paid
INV0013550,CUST01876,SUB01876,2025-02-10,2025-02-25,199.0,Paid
INV0013551,CUST01876,SUB01876,2025-03-10,2025-03-25,199.0,Paid
INV0013552,CUST01876,SUB01876,2025-04-10,2025-04-25,199.0,Paid
INV0013553,CUST01876,SUB01876,2025-05-10,2025-05-25,199.0,Paid
INV0013554,CUST01876,SUB01876,2025-06-10,2025-06-25,199.0,Paid
INV0013555,CUST01876,SUB01876,2025-07-10,2025-07-25,199.0,Paid
INV0013556,CUST01876,SUB01876,2025-08-10,2025-08-25,199.0,Paid
INV0013557,CUST01876,SUB01876,2025-09-10,2025-09-25,199.0,Paid
INV0013558,CUST01877,SUB01877,2025-05-11,2025-05-26,2029.8,Paid
INV0013559,CUST01878,SUB01878,2024-01-08,2024-01-23,29.0,Paid
INV0013560,CUST01878,SUB01878,2024-02-08,2024-02-23,29.0,Paid
INV0013561,CUST01878,SUB01878,2024-03-08,2024-03-23,29.0,Paid
INV0013562,CUST01878,SUB01878,2024-04-08,2024-04-23,29.0,Paid
INV0013563,CUST01878,SUB01878,2024-05-08,2024-05-23,29.0,Paid
INV0013564,CUST01878,SUB01878,2024-06-08,2024-06-23,29.0,Paid
INV0013565,CUST01878,SUB01878,2024-07-08,2024-07-23,29.0,Paid
INV0013566,CUST01878,SUB01878,2024-08-08,2024-08-23,29.0,Paid
INV0013567,CUST01878,SUB01878,2024-09-08,2024-09-23,29.0,Paid
INV0013568,CUST01878,SUB01878,2024-10-08,2024-10-23,29.0,Paid
INV0013569,CUST01878,SUB01878,2024-11-08,2024-11-23,29.0,Paid
INV0013570,CUST01878,SUB01878,2024-12-08,2024-12-23,29.0,Paid
INV0013571,CUST01878,SUB01878,2025-01-08,2025-01-23,29.0,Paid
INV0013572,CUST01878,SUB01878,2025-02-08,2025-02-23,29.0,Paid
INV0013573,CUST01878,SUB01878,2025-03-08,2025-03-23,29.0,Paid
INV0013574,CUST01878,SUB01878,2025-04-08,2025-04-23,29.0,Paid
INV0013575,CUST01878,SUB01878,2025-05-08,2025-05-23,29.0,Paid
INV0013576,CUST01878,SUB01878,2025-06-08,2025-06-23,29.0,Paid
INV0013577,CUST01878,SUB01878,2025-07-08,2025-07-23,29.0,Pending
INV0013578,CUST01878,SUB01878,2025-08-08,2025-08-23,29.0,Paid
INV0013579,CUST01878,SUB01878,2025-09-08,2025-09-23,29.0,Paid
INV0013580,CUST01878,SUB01878,2025-10-08,2025-10-23,29.0,Paid
INV0013581,CUST01878,SUB01878,2025-11-08,2025-11-23,29.0,Paid
INV0013582,CUST01878,SUB01878,2025-12-08,2025-12-23,29.0,Paid
INV0013583,CUST01879,SUB01879,2024-08-04,2024-08-19,199.0,Paid
INV0013584,CUST01879,SUB01879,2024-09-04,2024-09-19,199.0,Paid
INV0013585,CUST01879,SUB01879,2024-10-04,2024-10-19,199.0,Paid
INV0013586,CUST01879,SUB01879,2024-11-04,2024-11-19,199.0,Paid
INV0013587,CUST01879,SUB01879,2024-12-04,2024-12-19,199.0,Paid
INV0013588,CUST01879,SUB01879,2025-01-04,2025-01-19,199.0,Paid
INV0013589,CUST01879,SUB01879,2025-02-04,2025-02-19,199.0,Paid
INV0013590,CUST01879,SUB01879,2025-03-04,2025-03-19,199.0,Paid
INV0013591,CUST01879,SUB01879,2025-04-04,2025-04-19,199.0,Paid
INV0013592,CUST01879,SUB01879,2025-05-04,2025-05-19,199.0,Paid
INV0013593,CUST01879,SUB01879,2025-06-04,2025-06-19,199.0,Paid
INV0013594,CUST01879,SUB01879,2025-07-04,2025-07-19,199.0,Paid
INV0013595,CUST01879,SUB01879,2025-08-04,2025-08-19,199.0,Paid
INV0013596,CUST01879,SUB01879,2025-09-04,2025-09-19,199.0,Overdue
INV0013597,CUST01879,SUB01879,2025-10-04,2025-10-19,199.0,Paid
INV0013598,CUST01879,SUB01879,2025-11-04,2025-11-19,199.0,Paid
INV0013599,CUST01879,SUB01879,2025-12-04,2025-12-19,199.0,Paid
INV0013600,CUST01880,SUB01880,2025-05-12,2025-05-27,2029.8,Paid
INV0013601,CUST01881,SUB01881,2025-01-14,2025-01-29,79.0,Paid
INV0013602,CUST01881,SUB01881,2025-02-14,2025-03-01,79.0,Paid
INV0013603,CUST01881,SUB01881,2025-03-14,2025-03-29,79.0,Paid
INV0013604,CUST01881,SUB01881,2025-04-14,2025-04-29,79.0,Paid
INV0013605,CUST01881,SUB01881,2025-05-14,2025-05-29,79.0,Paid
INV0013606,CUST01881,SUB01881,2025-06-14,2025-06-29,79.0,Paid
INV0013607,CUST01881,SUB01881,2025-07-14,2025-07-29,79.0,Paid
INV0013608,CUST01881,SUB01881,2025-08-14,2025-08-29,79.0,Paid
INV0013609,CUST01881,SUB01881,2025-09-14,2025-09-29,79.0,Paid
INV0013610,CUST01881,SUB01881,2025-10-14,2025-10-29,79.0,Paid
INV0013611,CUST01881,SUB01881,2025-11-14,2025-11-29,79.0,Paid
INV0013612,CUST01881,SUB01881,2025-12-14,2025-12-29,79.0,Paid
INV0013613,CUST01882,SUB01882,2025-01-04,2025-01-19,805.8,Paid
INV0013614,CUST01883,SUB01883,2024-12-04,2024-12-19,295.8,Paid
INV0013615,CUST01883,SUB01883,2025-12-04,2025-12-19,295.8,Pending
INV0013616,CUST01884,SUB01884,2024-05-22,2024-06-06,295.8,Paid
INV0013617,CUST01885,SUB01885,2025-12-17,2026-01-01,79.0,Paid
INV0013618,CUST01886,SUB01886,2025-06-11,2025-06-26,79.0,Paid
INV0013619,CUST01886,SUB01886,2025-07-11,2025-07-26,79.0,Overdue
INV0013620,CUST01886,SUB01886,2025-08-11,2025-08-26,79.0,Paid
INV0013621,CUST01886,SUB01886,2025-09-11,2025-09-26,79.0,Paid
INV0013622,CUST01886,SUB01886,2025-10-11,2025-10-26,79.0,Paid
INV0013623,CUST01886,SUB01886,2025-11-11,2025-11-26,79.0,Paid
INV0013624,CUST01886,SUB01886,2025-12-11,2025-12-26,79.0,Paid
INV0013625,CUST01887,SUB01887,2024-01-18,2024-02-02,79.0,Paid
INV0013626,CUST01887,SUB01887,2024-02-18,2024-03-04,79.0,Paid
INV0013627,CUST01887,SUB01887,2024-03-18,2024-04-02,79.0,Paid
INV0013628,CUST01887,SUB01887,2024-04-18,2024-05-03,79.0,Paid
INV0013629,CUST01887,SUB01887,2024-05-18,2024-06-02,79.0,Paid
INV0013630,CUST01887,SUB01887,2024-06-18,2024-07-03,79.0,Paid
INV0013631,CUST01887,SUB01887,2024-07-18,2024-08-02,79.0,Paid
INV0013632,CUST01887,SUB01887,2024-08-18,2024-09-02,79.0,Paid
INV0013633,CUST01887,SUB01887,2024-09-18,2024-10-03,79.0,Paid
INV0013634,CUST01887,SUB01887,2024-10-18,2024-11-02,79.0,Paid
INV0013635,CUST01887,SUB01887,2024-11-18,2024-12-03,79.0,Paid
INV0013636,CUST01887,SUB01887,2024-12-18,2025-01-02,79.0,Paid
INV0013637,CUST01887,SUB01887,2025-01-18,2025-02-02,79.0,Paid
INV0013638,CUST01887,SUB01887,2025-02-18,2025-03-05,79.0,Paid
INV0013639,CUST01887,SUB01887,2025-03-18,2025-04-02,79.0,Paid
INV0013640,CUST01887,SUB01887,2025-04-18,2025-05-03,79.0,Paid
INV0013641,CUST01887,SUB01887,2025-05-18,2025-06-02,79.0,Paid
INV0013642,CUST01887,SUB01887,2025-06-18,2025-07-03,79.0,Paid
INV0013643,CUST01887,SUB01887,2025-07-18,2025-08-02,79.0,Overdue
INV0013644,CUST01887,SUB01887,2025-08-18,2025-09-02,79.0,Paid
INV0013645,CUST01887,SUB01887,2025-09-18,2025-10-03,79.0,Paid
INV0013646,CUST01887,SUB01887,2025-10-18,2025-11-02,79.0,Pending
INV0013647,CUST01887,SUB01887,2025-11-18,2025-12-03,79.0,Paid
INV0013648,CUST01887,SUB01887,2025-12-18,2026-01-02,79.0,Overdue
INV0013649,CUST01888,SUB01888,2025-11-25,2025-12-10,199.0,Overdue
INV0013650,CUST01888,SUB01888,2025-12-25,2026-01-09,199.0,Pending
INV0013651,CUST01889,SUB01889,2024-12-22,2025-01-06,2029.8,Paid
INV0013652,CUST01889,SUB01889,2025-12-22,2026-01-06,2029.8,Paid
INV0013653,CUST01890,SUB01890,2025-01-29,2025-02-13,199.0,Paid
INV0013654,CUST01890,SUB01890,2025-02-28,2025-03-15,199.0,Pending
INV0013655,CUST01890,SUB01890,2025-03-28,2025-04-12,199.0,Overdue
INV0013656,CUST01890,SUB01890,2025-04-28,2025-05-13,199.0,Paid
INV0013657,CUST01890,SUB01890,2025-05-28,2025-06-12,199.0,Paid
INV0013658,CUST01890,SUB01890,2025-06-28,2025-07-13,199.0,Overdue
INV0013659,CUST01890,SUB01890,2025-07-28,2025-08-12,199.0,Pending
INV0013660,CUST01890,SUB01890,2025-08-28,2025-09-12,199.0,Paid
INV0013661,CUST01890,SUB01890,2025-09-28,2025-10-13,199.0,Overdue
INV0013662,CUST01890,SUB01890,2025-10-28,2025-11-12,199.0,Paid
INV0013663,CUST01890,SUB01890,2025-11-28,2025-12-13,199.0,Paid
INV0013664,CUST01890,SUB01890,2025-12-28,2026-01-12,199.0,Paid
INV0013665,CUST01891,SUB01891,2024-05-10,2024-05-25,805.8,Paid
INV0013666,CUST01891,SUB01891,2025-05-10,2025-05-25,805.8,Paid
INV0013667,CUST01892,SUB01892,2024-06-21,2024-07-06,79.0,Paid
INV0013668,CUST01892,SUB01892,2024-07-21,2024-08-05,79.0,Paid
INV0013669,CUST01892,SUB01892,2024-08-21,2024-09-05,79.0,Overdue
INV0013670,CUST01892,SUB01892,2024-09-21,2024-10-06,79.0,Paid
INV0013671,CUST01892,SUB01892,2024-10-21,2024-11-05,79.0,Paid
INV0013672,CUST01892,SUB01892,2024-11-21,2024-12-06,79.0,Paid
INV0013673,CUST01892,SUB01892,2024-12-21,2025-01-05,79.0,Paid
INV0013674,CUST01892,SUB01892,2025-01-21,2025-02-05,79.0,Paid
INV0013675,CUST01892,SUB01892,2025-02-21,2025-03-08,79.0,Paid
INV0013676,CUST01892,SUB01892,2025-03-21,2025-04-05,79.0,Paid
INV0013677,CUST01892,SUB01892,2025-04-21,2025-05-06,79.0,Paid
INV0013678,CUST01892,SUB01892,2025-05-21,2025-06-05,79.0,Paid
INV0013679,CUST01893,SUB01893,2024-09-06,2024-09-21,295.8,Paid
INV0013680,CUST01893,SUB01893,2025-09-06,2025-09-21,295.8,Paid
INV0013681,CUST01894,SUB01894,2024-04-18,2024-05-03,199.0,Paid
INV0013682,CUST01894,SUB01894,2024-05-18,2024-06-02,199.0,Paid
INV0013683,CUST01894,SUB01894,2024-06-18,2024-07-03,199.0,Paid
INV0013684,CUST01895,SUB01895,2025-01-27,2025-02-11,295.8,Paid
INV0013685,CUST01896,SUB01896,2025-11-17,2025-12-02,79.0,Paid
INV0013686,CUST01896,SUB01896,2025-12-17,2026-01-01,79.0,Paid
INV0013687,CUST01897,SUB01897,2024-04-02,2024-04-17,79.0,Paid
INV0013688,CUST01897,SUB01897,2024-05-02,2024-05-17,79.0,Paid
INV0013689,CUST01897,SUB01897,2024-06-02,2024-06-17,79.0,Paid
INV0013690,CUST01897,SUB01897,2024-07-02,2024-07-17,79.0,Overdue
INV0013691,CUST01897,SUB01897,2024-08-02,2024-08-17,79.0,Paid
INV0013692,CUST01897,SUB01897,2024-09-02,2024-09-17,79.0,Paid
INV0013693,CUST01897,SUB01897,2024-10-02,2024-10-17,79.0,Paid
INV0013694,CUST01897,SUB01897,2024-11-02,2024-11-17,79.0,Paid
INV0013695,CUST01897,SUB01897,2024-12-02,2024-12-17,79.0,Paid
INV0013696,CUST01897,SUB01897,2025-01-02,2025-01-17,79.0,Paid
INV0013697,CUST01897,SUB01897,2025-02-02,2025-02-17,79.0,Overdue
INV0013698,CUST01897,SUB01897,2025-03-02,2025-03-17,79.0,Paid
INV0013699,CUST01897,SUB01897,2025-04-02,2025-04-17,79.0,Paid
INV0013700,CUST01897,SUB01897,2025-05-02,2025-05-17,79.0,Paid
INV0013701,CUST01897,SUB01897,2025-06-02,2025-06-17,79.0,Paid
INV0013702,CUST01897,SUB01897,2025-07-02,2025-07-17,79.0,Paid
INV0013703,CUST01897,SUB01897,2025-08-02,2025-08-17,79.0,Overdue
INV0013704,CUST01897,SUB01897,2025-09-02,2025-09-17,79.0,Paid
INV0013705,CUST01897,SUB01897,2025-10-02,2025-10-17,79.0,Paid
INV0013706,CUST01897,SUB01897,2025-11-02,2025-11-17,79.0,Paid
INV0013707,CUST01897,SUB01897,2025-12-02,2025-12-17,79.0,Paid
INV0013708,CUST01898,SUB01898,2025-10-21,2025-11-05,2029.8,Paid
INV0013709,CUST01899,SUB01899,2025-10-31,2025-11-15,2029.8,Overdue
INV0013710,CUST01900,SUB01900,2024-08-26,2024-09-10,199.0,Paid
INV0013711,CUST01900,SUB01900,2024-09-26,2024-10-11,199.0,Paid
INV0013712,CUST01900,SUB01900,2024-10-26,2024-11-10,199.0,Paid
INV0013713,CUST01900,SUB01900,2024-11-26,2024-12-11,199.0,Paid
INV0013714,CUST01900,SUB01900,2024-12-26,2025-01-10,199.0,Paid
INV0013715,CUST01900,SUB01900,2025-01-26,2025-02-10,199.0,Paid
INV0013716,CUST01900,SUB01900,2025-02-26,2025-03-13,199.0,Paid
INV0013717,CUST01900,SUB01900,2025-03-26,2025-04-10,199.0,Paid
INV0013718,CUST01900,SUB01900,2025-04-26,2025-05-11,199.0,Paid
INV0013719,CUST01900,SUB01900,2025-05-26,2025-06-10,199.0,Paid
INV0013720,CUST01900,SUB01900,2025-06-26,2025-07-11,199.0,Paid
INV0013721,CUST01900,SUB01900,2025-07-26,2025-08-10,199.0,Paid
INV0013722,CUST01901,SUB01901,2024-04-01,2024-04-16,805.8,Paid
INV0013723,CUST01902,SUB01902,2025-08-09,2025-08-24,295.8,Paid
INV0013724,CUST01903,SUB01903,2025-08-13,2025-08-28,79.0,Paid
INV0013725,CUST01903,SUB01903,2025-09-13,2025-09-28,79.0,Paid
INV0013726,CUST01903,SUB01903,2025-10-13,2025-10-28,79.0,Paid
INV0013727,CUST01903,SUB01903,2025-11-13,2025-11-28,79.0,Paid
INV0013728,CUST01903,SUB01903,2025-12-13,2025-12-28,79.0,Paid
INV0013729,CUST01904,SUB01904,2025-02-01,2025-02-16,79.0,Paid
INV0013730,CUST01904,SUB01904,2025-03-01,2025-03-16,79.0,Paid
INV0013731,CUST01904,SUB01904,2025-04-01,2025-04-16,79.0,Paid
INV0013732,CUST01904,SUB01904,2025-05-01,2025-05-16,79.0,Paid
INV0013733,CUST01904,SUB01904,2025-06-01,2025-06-16,79.0,Paid
INV0013734,CUST01904,SUB01904,2025-07-01,2025-07-16,79.0,Paid
INV0013735,CUST01904,SUB01904,2025-08-01,2025-08-16,79.0,Paid
INV0013736,CUST01904,SUB01904,2025-09-01,2025-09-16,79.0,Paid
INV0013737,CUST01904,SUB01904,2025-10-01,2025-10-16,79.0,Paid
INV0013738,CUST01904,SUB01904,2025-11-01,2025-11-16,79.0,Paid
INV0013739,CUST01904,SUB01904,2025-12-01,2025-12-16,79.0,Paid
INV0013740,CUST01905,SUB01905,2025-06-16,2025-07-01,2029.8,Paid
INV0013741,CUST01906,SUB01906,2024-01-10,2024-01-25,29.0,Paid
INV0013742,CUST01906,SUB01906,2024-02-10,2024-02-25,29.0,Paid
INV0013743,CUST01906,SUB01906,2024-03-10,2024-03-25,29.0,Paid
INV0013744,CUST01906,SUB01906,2024-04-10,2024-04-25,29.0,Paid
INV0013745,CUST01906,SUB01906,2024-05-10,2024-05-25,29.0,Paid
INV0013746,CUST01906,SUB01906,2024-06-10,2024-06-25,29.0,Paid
INV0013747,CUST01906,SUB01906,2024-07-10,2024-07-25,29.0,Paid
INV0013748,CUST01906,SUB01906,2024-08-10,2024-08-25,29.0,Paid
INV0013749,CUST01906,SUB01906,2024-09-10,2024-09-25,29.0,Overdue
INV0013750,CUST01906,SUB01906,2024-10-10,2024-10-25,29.0,Paid
INV0013751,CUST01906,SUB01906,2024-11-10,2024-11-25,29.0,Paid
INV0013752,CUST01906,SUB01906,2024-12-10,2024-12-25,29.0,Pending
INV0013753,CUST01907,SUB01907,2024-08-12,2024-08-27,29.0,Paid
INV0013754,CUST01907,SUB01907,2024-09-12,2024-09-27,29.0,Overdue
INV0013755,CUST01907,SUB01907,2024-10-12,2024-10-27,29.0,Paid
INV0013756,CUST01907,SUB01907,2024-11-12,2024-11-27,29.0,Paid
INV0013757,CUST01907,SUB01907,2024-12-12,2024-12-27,29.0,Paid
INV0013758,CUST01907,SUB01907,2025-01-12,2025-01-27,29.0,Paid
INV0013759,CUST01907,SUB01907,2025-02-12,2025-02-27,29.0,Paid
INV0013760,CUST01907,SUB01907,2025-03-12,2025-03-27,29.0,Paid
INV0013761,CUST01907,SUB01907,2025-04-12,2025-04-27,29.0,Pending
INV0013762,CUST01907,SUB01907,2025-05-12,2025-05-27,29.0,Paid
INV0013763,CUST01907,SUB01907,2025-06-12,2025-06-27,29.0,Paid
INV0013764,CUST01907,SUB01907,2025-07-12,2025-07-27,29.0,Paid
INV0013765,CUST01907,SUB01907,2025-08-12,2025-08-27,29.0,Paid
INV0013766,CUST01907,SUB01907,2025-09-12,2025-09-27,29.0,Overdue
INV0013767,CUST01907,SUB01907,2025-10-12,2025-10-27,29.0,Paid
INV0013768,CUST01907,SUB01907,2025-11-12,2025-11-27,29.0,Paid
INV0013769,CUST01907,SUB01907,2025-12-12,2025-12-27,29.0,Paid
INV0013770,CUST01908,SUB01908,2024-05-29,2024-06-13,29.0,Paid
INV0013771,CUST01908,SUB01908,2024-06-29,2024-07-14,29.0,Paid
INV0013772,CUST01908,SUB01908,2024-07-29,2024-08-13,29.0,Paid
INV0013773,CUST01908,SUB01908,2024-08-29,2024-09-13,29.0,Paid
INV0013774,CUST01908,SUB01908,2024-09-29,2024-10-14,29.0,Paid
INV0013775,CUST01908,SUB01908,2024-10-29,2024-11-13,29.0,Paid
INV0013776,CUST01908,SUB01908,2024-11-29,2024-12-14,29.0,Paid
INV0013777,CUST01908,SUB01908,2024-12-29,2025-01-13,29.0,Paid
INV0013778,CUST01908,SUB01908,2025-01-29,2025-02-13,79.0,Paid
INV0013779,CUST01908,SUB01908,2025-02-28,2025-03-15,79.0,Paid
INV0013780,CUST01908,SUB01908,2025-03-28,2025-04-12,79.0,Paid
INV0013781,CUST01908,SUB01908,2025-04-28,2025-05-13,79.0,Paid
INV0013782,CUST01909,SUB01909,2025-09-05,2025-09-20,79.0,Paid
INV0013783,CUST01909,SUB01909,2025-10-05,2025-10-20,79.0,Paid
INV0013784,CUST01909,SUB01909,2025-11-05,2025-11-20,79.0,Paid
INV0013785,CUST01909,SUB01909,2025-12-05,2025-12-20,79.0,Paid
INV0013786,CUST01910,SUB01910,2024-10-07,2024-10-22,199.0,Overdue
INV0013787,CUST01910,SUB01910,2024-11-07,2024-11-22,199.0,Paid
INV0013788,CUST01910,SUB01910,2024-12-07,2024-12-22,199.0,Paid
INV0013789,CUST01910,SUB01910,2025-01-07,2025-01-22,199.0,Paid
INV0013790,CUST01910,SUB01910,2025-02-07,2025-02-22,199.0,Paid
INV0013791,CUST01910,SUB01910,2025-03-07,2025-03-22,199.0,Paid
INV0013792,CUST01910,SUB01910,2025-04-07,2025-04-22,199.0,Paid
INV0013793,CUST01910,SUB01910,2025-05-07,2025-05-22,199.0,Paid
INV0013794,CUST01910,SUB01910,2025-06-07,2025-06-22,199.0,Paid
INV0013795,CUST01910,SUB01910,2025-07-07,2025-07-22,199.0,Paid
INV0013796,CUST01910,SUB01910,2025-08-07,2025-08-22,199.0,Paid
INV0013797,CUST01910,SUB01910,2025-09-07,2025-09-22,199.0,Pending
INV0013798,CUST01910,SUB01910,2025-10-07,2025-10-22,199.0,Paid
INV0013799,CUST01910,SUB01910,2025-11-07,2025-11-22,199.0,Paid
INV0013800,CUST01910,SUB01910,2025-12-07,2025-12-22,199.0,Paid
INV0013801,CUST01911,SUB01911,2025-05-21,2025-06-05,79.0,Paid
INV0013802,CUST01911,SUB01911,2025-06-21,2025-07-06,79.0,Paid
INV0013803,CUST01911,SUB01911,2025-07-21,2025-08-05,79.0,Paid
INV0013804,CUST01911,SUB01911,2025-08-21,2025-09-05,79.0,Paid
INV0013805,CUST01911,SUB01911,2025-09-21,2025-10-06,79.0,Paid
INV0013806,CUST01911,SUB01911,2025-10-21,2025-11-05,79.0,Paid
INV0013807,CUST01911,SUB01911,2025-11-21,2025-12-06,79.0,Pending
INV0013808,CUST01911,SUB01911,2025-12-21,2026-01-05,79.0,Paid
INV0013809,CUST01912,SUB01912,2024-06-05,2024-06-20,295.8,Paid
INV0013810,CUST01912,SUB01912,2025-06-05,2025-06-20,295.8,Paid
INV0013811,CUST01913,SUB01913,2025-12-18,2026-01-02,199.0,Paid
INV0013812,CUST01914,SUB01914,2025-02-05,2025-02-20,79.0,Paid
INV0013813,CUST01914,SUB01914,2025-03-05,2025-03-20,79.0,Paid
INV0013814,CUST01914,SUB01914,2025-04-05,2025-04-20,79.0,Paid
INV0013815,CUST01914,SUB01914,2025-05-05,2025-05-20,79.0,Paid
INV0013816,CUST01914,SUB01914,2025-06-05,2025-06-20,79.0,Paid
INV0013817,CUST01914,SUB01914,2025-07-05,2025-07-20,79.0,Paid
INV0013818,CUST01914,SUB01914,2025-08-05,2025-08-20,79.0,Paid
INV0013819,CUST01914,SUB01914,2025-09-05,2025-09-20,79.0,Paid
INV0013820,CUST01914,SUB01914,2025-10-05,2025-10-20,79.0,Paid
INV0013821,CUST01914,SUB01914,2025-11-05,2025-11-20,79.0,Paid
INV0013822,CUST01914,SUB01914,2025-12-05,2025-12-20,79.0,Paid
INV0013823,CUST01915,SUB01915,2024-01-23,2024-02-07,79.0,Paid
INV0013824,CUST01915,SUB01915,2024-02-23,2024-03-09,79.0,Paid
INV0013825,CUST01915,SUB01915,2024-03-23,2024-04-07,79.0,Paid
INV0013826,CUST01915,SUB01915,2024-04-23,2024-05-08,79.0,Paid
INV0013827,CUST01915,SUB01915,2024-05-23,2024-06-07,79.0,Paid
INV0013828,CUST01915,SUB01915,2024-06-23,2024-07-08,79.0,Paid
INV0013829,CUST01915,SUB01915,2024-07-23,2024-08-07,79.0,Paid
INV0013830,CUST01915,SUB01915,2024-08-23,2024-09-07,79.0,Paid
INV0013831,CUST01915,SUB01915,2024-09-23,2024-10-08,79.0,Overdue
INV0013832,CUST01915,SUB01915,2024-10-23,2024-11-07,79.0,Paid
INV0013833,CUST01915,SUB01915,2024-11-23,2024-12-08,79.0,Paid
INV0013834,CUST01915,SUB01915,2024-12-23,2025-01-07,79.0,Paid
INV0013835,CUST01915,SUB01915,2025-01-23,2025-02-07,79.0,Paid
INV0013836,CUST01915,SUB01915,2025-02-23,2025-03-10,79.0,Paid
INV0013837,CUST01915,SUB01915,2025-03-23,2025-04-07,79.0,Paid
INV0013838,CUST01915,SUB01915,2025-04-23,2025-05-08,79.0,Paid
INV0013839,CUST01915,SUB01915,2025-05-23,2025-06-07,79.0,Paid
INV0013840,CUST01915,SUB01915,2025-06-23,2025-07-08,79.0,Paid
INV0013841,CUST01915,SUB01915,2025-07-23,2025-08-07,79.0,Paid
INV0013842,CUST01915,SUB01915,2025-08-23,2025-09-07,79.0,Paid
INV0013843,CUST01915,SUB01915,2025-09-23,2025-10-08,79.0,Paid
INV0013844,CUST01915,SUB01915,2025-10-23,2025-11-07,79.0,Overdue
INV0013845,CUST01915,SUB01915,2025-11-23,2025-12-08,79.0,Paid
INV0013846,CUST01915,SUB01915,2025-12-23,2026-01-07,79.0,Paid
INV0013847,CUST01916,SUB01916,2024-12-22,2025-01-06,29.0,Paid
INV0013848,CUST01916,SUB01916,2025-01-22,2025-02-06,29.0,Paid
INV0013849,CUST01916,SUB01916,2025-02-22,2025-03-09,29.0,Pending
INV0013850,CUST01916,SUB01916,2025-03-22,2025-04-06,29.0,Paid
INV0013851,CUST01916,SUB01916,2025-04-22,2025-05-07,29.0,Paid
INV0013852,CUST01916,SUB01916,2025-05-22,2025-06-06,29.0,Paid
INV0013853,CUST01916,SUB01916,2025-06-22,2025-07-07,29.0,Overdue
INV0013854,CUST01916,SUB01916,2025-07-22,2025-08-06,29.0,Overdue
INV0013855,CUST01916,SUB01916,2025-08-22,2025-09-06,29.0,Paid
INV0013856,CUST01916,SUB01916,2025-09-22,2025-10-07,29.0,Paid
INV0013857,CUST01916,SUB01916,2025-10-22,2025-11-06,29.0,Paid
INV0013858,CUST01916,SUB01916,2025-11-22,2025-12-07,29.0,Paid
INV0013859,CUST01917,SUB01917,2024-10-16,2024-10-31,79.0,Paid
INV0013860,CUST01917,SUB01917,2024-11-16,2024-12-01,79.0,Overdue
INV0013861,CUST01917,SUB01917,2024-12-16,2024-12-31,79.0,Paid
INV0013862,CUST01917,SUB01917,2025-01-16,2025-01-31,79.0,Paid
INV0013863,CUST01917,SUB01917,2025-02-16,2025-03-03,79.0,Paid
INV0013864,CUST01917,SUB01917,2025-03-16,2025-03-31,79.0,Paid
INV0013865,CUST01917,SUB01917,2025-04-16,2025-05-01,79.0,Paid
INV0013866,CUST01917,SUB01917,2025-05-16,2025-05-31,79.0,Paid
INV0013867,CUST01917,SUB01917,2025-06-16,2025-07-01,79.0,Paid
INV0013868,CUST01917,SUB01917,2025-07-16,2025-07-31,79.0,Paid
INV0013869,CUST01917,SUB01917,2025-08-16,2025-08-31,79.0,Pending
INV0013870,CUST01917,SUB01917,2025-09-16,2025-10-01,79.0,Paid
INV0013871,CUST01917,SUB01917,2025-10-16,2025-10-31,79.0,Paid
INV0013872,CUST01917,SUB01917,2025-11-16,2025-12-01,79.0,Paid
INV0013873,CUST01917,SUB01917,2025-12-16,2025-12-31,79.0,Paid
INV0013874,CUST01918,SUB01918,2024-04-09,2024-04-24,79.0,Paid
INV0013875,CUST01918,SUB01918,2024-05-09,2024-05-24,79.0,Pending
INV0013876,CUST01918,SUB01918,2024-06-09,2024-06-24,79.0,Paid
INV0013877,CUST01918,SUB01918,2024-07-09,2024-07-24,79.0,Paid
INV0013878,CUST01918,SUB01918,2024-08-09,2024-08-24,79.0,Paid
INV0013879,CUST01918,SUB01918,2024-09-09,2024-09-24,79.0,Paid
INV0013880,CUST01918,SUB01918,2024-10-09,2024-10-24,79.0,Paid
INV0013881,CUST01918,SUB01918,2024-11-09,2024-11-24,79.0,Paid
INV0013882,CUST01918,SUB01918,2024-12-09,2024-12-24,79.0,Paid
INV0013883,CUST01918,SUB01918,2025-01-09,2025-01-24,79.0,Paid
INV0013884,CUST01918,SUB01918,2025-02-09,2025-02-24,79.0,Paid
INV0013885,CUST01918,SUB01918,2025-03-09,2025-03-24,79.0,Paid
INV0013886,CUST01918,SUB01918,2025-04-09,2025-04-24,79.0,Paid
INV0013887,CUST01918,SUB01918,2025-05-09,2025-05-24,79.0,Paid
INV0013888,CUST01918,SUB01918,2025-06-09,2025-06-24,79.0,Paid
INV0013889,CUST01918,SUB01918,2025-07-09,2025-07-24,79.0,Paid
INV0013890,CUST01918,SUB01918,2025-08-09,2025-08-24,79.0,Paid
INV0013891,CUST01918,SUB01918,2025-09-09,2025-09-24,79.0,Paid
INV0013892,CUST01919,SUB01919,2025-12-27,2026-01-11,29.0,Paid
INV0013893,CUST01920,SUB01920,2025-03-28,2025-04-12,29.0,Paid
INV0013894,CUST01920,SUB01920,2025-04-28,2025-05-13,29.0,Paid
INV0013895,CUST01920,SUB01920,2025-05-28,2025-06-12,29.0,Paid
INV0013896,CUST01920,SUB01920,2025-06-28,2025-07-13,29.0,Paid
INV0013897,CUST01920,SUB01920,2025-07-28,2025-08-12,29.0,Paid
INV0013898,CUST01920,SUB01920,2025-08-28,2025-09-12,29.0,Paid
INV0013899,CUST01920,SUB01920,2025-09-28,2025-10-13,29.0,Paid
INV0013900,CUST01920,SUB01920,2025-10-28,2025-11-12,29.0,Paid
INV0013901,CUST01920,SUB01920,2025-11-28,2025-12-13,29.0,Paid
INV0013902,CUST01920,SUB01920,2025-12-28,2026-01-12,29.0,Paid
INV0013903,CUST01921,SUB01921,2024-08-11,2024-08-26,805.8,Paid
INV0013904,CUST01921,SUB01921,2025-08-11,2025-08-26,805.8,Paid
INV0013905,CUST01922,SUB01922,2025-01-05,2025-01-20,79.0,Paid
INV0013906,CUST01922,SUB01922,2025-02-05,2025-02-20,79.0,Paid
INV0013907,CUST01922,SUB01922,2025-03-05,2025-03-20,79.0,Paid
INV0013908,CUST01923,SUB01923,2025-01-20,2025-02-04,29.0,Paid
INV0013909,CUST01923,SUB01923,2025-02-20,2025-03-07,29.0,Paid
INV0013910,CUST01923,SUB01923,2025-03-20,2025-04-04,29.0,Paid
INV0013911,CUST01923,SUB01923,2025-04-20,2025-05-05,29.0,Paid
INV0013912,CUST01923,SUB01923,2025-05-20,2025-06-04,29.0,Paid
INV0013913,CUST01923,SUB01923,2025-06-20,2025-07-05,29.0,Paid
INV0013914,CUST01923,SUB01923,2025-07-20,2025-08-04,29.0,Paid
INV0013915,CUST01923,SUB01923,2025-08-20,2025-09-04,29.0,Paid
INV0013916,CUST01923,SUB01923,2025-09-20,2025-10-05,29.0,Paid
INV0013917,CUST01923,SUB01923,2025-10-20,2025-11-04,29.0,Paid
INV0013918,CUST01923,SUB01923,2025-11-20,2025-12-05,29.0,Paid
INV0013919,CUST01923,SUB01923,2025-12-20,2026-01-04,29.0,Paid
INV0013920,CUST01924,SUB01924,2024-02-27,2024-03-13,805.8,Paid
INV0013921,CUST01924,SUB01924,2025-02-27,2025-03-14,805.8,Pending
INV0013922,CUST01925,SUB01925,2024-04-30,2024-05-15,29.0,Paid
INV0013923,CUST01925,SUB01925,2024-05-30,2024-06-14,29.0,Paid
INV0013924,CUST01925,SUB01925,2024-06-30,2024-07-15,29.0,Paid
INV0013925,CUST01925,SUB01925,2024-07-30,2024-08-14,29.0,Paid
INV0013926,CUST01925,SUB01925,2024-08-30,2024-09-14,29.0,Paid
INV0013927,CUST01925,SUB01925,2024-09-30,2024-10-15,29.0,Paid
INV0013928,CUST01925,SUB01925,2024-10-30,2024-11-14,29.0,Paid
INV0013929,CUST01925,SUB01925,2024-11-30,2024-12-15,29.0,Paid
INV0013930,CUST01925,SUB01925,2024-12-30,2025-01-14,29.0,Paid
INV0013931,CUST01925,SUB01925,2025-01-30,2025-02-14,29.0,Paid
INV0013932,CUST01925,SUB01925,2025-02-28,2025-03-15,29.0,Paid
INV0013933,CUST01925,SUB01925,2025-03-28,2025-04-12,29.0,Overdue
INV0013934,CUST01925,SUB01925,2025-04-28,2025-05-13,29.0,Paid
INV0013935,CUST01925,SUB01925,2025-05-28,2025-06-12,29.0,Paid
INV0013936,CUST01925,SUB01925,2025-06-28,2025-07-13,29.0,Paid
INV0013937,CUST01925,SUB01925,2025-07-28,2025-08-12,29.0,Paid
INV0013938,CUST01925,SUB01925,2025-08-28,2025-09-12,29.0,Paid
INV0013939,CUST01925,SUB01925,2025-09-28,2025-10-13,29.0,Paid
INV0013940,CUST01925,SUB01925,2025-10-28,2025-11-12,29.0,Paid
INV0013941,CUST01925,SUB01925,2025-11-28,2025-12-13,29.0,Paid
INV0013942,CUST01925,SUB01925,2025-12-28,2026-01-12,29.0,Paid
INV0013943,CUST01926,SUB01926,2024-06-01,2024-06-16,79.0,Paid
INV0013944,CUST01926,SUB01926,2024-07-01,2024-07-16,79.0,Paid
INV0013945,CUST01926,SUB01926,2024-08-01,2024-08-16,79.0,Paid
INV0013946,CUST01926,SUB01926,2024-09-01,2024-09-16,79.0,Paid
INV0013947,CUST01926,SUB01926,2024-10-01,2024-10-16,79.0,Paid
INV0013948,CUST01926,SUB01926,2024-11-01,2024-11-16,79.0,Paid
INV0013949,CUST01926,SUB01926,2024-12-01,2024-12-16,79.0,Overdue
INV0013950,CUST01926,SUB01926,2025-01-01,2025-01-16,79.0,Paid
INV0013951,CUST01926,SUB01926,2025-02-01,2025-02-16,79.0,Paid
INV0013952,CUST01926,SUB01926,2025-03-01,2025-03-16,79.0,Paid
INV0013953,CUST01926,SUB01926,2025-04-01,2025-04-16,79.0,Paid
INV0013954,CUST01926,SUB01926,2025-05-01,2025-05-16,79.0,Paid
INV0013955,CUST01927,SUB01927,2024-09-03,2024-09-18,29.0,Pending
INV0013956,CUST01927,SUB01927,2024-10-03,2024-10-18,29.0,Paid
INV0013957,CUST01927,SUB01927,2024-11-03,2024-11-18,29.0,Paid
INV0013958,CUST01928,SUB01928,2025-10-30,2025-11-14,2029.8,Paid
INV0013959,CUST01929,SUB01929,2025-04-19,2025-05-04,199.0,Paid
INV0013960,CUST01929,SUB01929,2025-05-19,2025-06-03,199.0,Overdue
INV0013961,CUST01929,SUB01929,2025-06-19,2025-07-04,199.0,Paid
INV0013962,CUST01929,SUB01929,2025-07-19,2025-08-03,199.0,Pending
INV0013963,CUST01929,SUB01929,2025-08-19,2025-09-03,199.0,Paid
INV0013964,CUST01929,SUB01929,2025-09-19,2025-10-04,199.0,Paid
INV0013965,CUST01929,SUB01929,2025-10-19,2025-11-03,199.0,Paid
INV0013966,CUST01929,SUB01929,2025-11-19,2025-12-04,199.0,Paid
INV0013967,CUST01929,SUB01929,2025-12-19,2026-01-03,199.0,Paid
INV0013968,CUST01930,SUB01930,2025-01-11,2025-01-26,295.8,Paid
INV0013969,CUST01931,SUB01931,2025-10-18,2025-11-02,295.8,Paid
INV0013970,CUST01932,SUB01932,2024-10-07,2024-10-22,2029.8,Paid
INV0013971,CUST01933,SUB01933,2025-01-28,2025-02-12,805.8,Paid
INV0013972,CUST01934,SUB01934,2025-08-08,2025-08-23,29.0,Paid
INV0013973,CUST01934,SUB01934,2025-09-08,2025-09-23,29.0,Paid
INV0013974,CUST01934,SUB01934,2025-10-08,2025-10-23,29.0,Paid
INV0013975,CUST01934,SUB01934,2025-11-08,2025-11-23,29.0,Paid
INV0013976,CUST01934,SUB01934,2025-12-08,2025-12-23,29.0,Paid
INV0013977,CUST01935,SUB01935,2025-02-19,2025-03-06,79.0,Paid
INV0013978,CUST01935,SUB01935,2025-03-19,2025-04-03,79.0,Overdue
INV0013979,CUST01935,SUB01935,2025-04-19,2025-05-04,79.0,Paid
INV0013980,CUST01935,SUB01935,2025-05-19,2025-06-03,79.0,Paid
INV0013981,CUST01935,SUB01935,2025-06-19,2025-07-04,79.0,Paid
INV0013982,CUST01935,SUB01935,2025-07-19,2025-08-03,79.0,Paid
INV0013983,CUST01935,SUB01935,2025-08-19,2025-09-03,79.0,Paid
INV0013984,CUST01935,SUB01935,2025-09-19,2025-10-04,79.0,Paid
INV0013985,CUST01935,SUB01935,2025-10-19,2025-11-03,79.0,Paid
INV0013986,CUST01935,SUB01935,2025-11-19,2025-12-04,79.0,Paid
INV0013987,CUST01935,SUB01935,2025-12-19,2026-01-03,79.0,Paid
INV0013988,CUST01936,SUB01936,2024-03-06,2024-03-21,79.0,Paid
INV0013989,CUST01936,SUB01936,2024-04-06,2024-04-21,79.0,Paid
INV0013990,CUST01936,SUB01936,2024-05-06,2024-05-21,79.0,Paid
INV0013991,CUST01936,SUB01936,2024-06-06,2024-06-21,79.0,Overdue
INV0013992,CUST01936,SUB01936,2024-07-06,2024-07-21,79.0,Paid
INV0013993,CUST01936,SUB01936,2024-08-06,2024-08-21,79.0,Paid
INV0013994,CUST01936,SUB01936,2024-09-06,2024-09-21,29.0,Paid
INV0013995,CUST01936,SUB01936,2024-10-06,2024-10-21,29.0,Paid
INV0013996,CUST01936,SUB01936,2024-11-06,2024-11-21,29.0,Paid
INV0013997,CUST01936,SUB01936,2024-12-06,2024-12-21,29.0,Paid
INV0013998,CUST01936,SUB01936,2025-01-06,2025-01-21,29.0,Pending
INV0013999,CUST01936,SUB01936,2025-02-06,2025-02-21,29.0,Paid
INV0014000,CUST01937,SUB01937,2024-07-31,2024-08-15,79.0,Paid
INV0014001,CUST01937,SUB01937,2024-08-31,2024-09-15,79.0,Paid
INV0014002,CUST01937,SUB01937,2024-09-30,2024-10-15,79.0,Paid
INV0014003,CUST01937,SUB01937,2024-10-30,2024-11-14,79.0,Paid
INV0014004,CUST01937,SUB01937,2024-11-30,2024-12-15,79.0,Paid
INV0014005,CUST01937,SUB01937,2024-12-30,2025-01-14,79.0,Paid
INV0014006,CUST01937,SUB01937,2025-01-30,2025-02-14,79.0,Paid
INV0014007,CUST01937,SUB01937,2025-02-28,2025-03-15,79.0,Pending
INV0014008,CUST01937,SUB01937,2025-03-28,2025-04-12,79.0,Paid
INV0014009,CUST01937,SUB01937,2025-04-28,2025-05-13,79.0,Paid
INV0014010,CUST01937,SUB01937,2025-05-28,2025-06-12,79.0,Paid
INV0014011,CUST01937,SUB01937,2025-06-28,2025-07-13,79.0,Paid
INV0014012,CUST01937,SUB01937,2025-07-28,2025-08-12,79.0,Paid
INV0014013,CUST01937,SUB01937,2025-08-28,2025-09-12,79.0,Paid
INV0014014,CUST01937,SUB01937,2025-09-28,2025-10-13,79.0,Paid
INV0014015,CUST01937,SUB01937,2025-10-28,2025-11-12,79.0,Paid
INV0014016,CUST01937,SUB01937,2025-11-28,2025-12-13,79.0,Paid
INV0014017,CUST01937,SUB01937,2025-12-28,2026-01-12,79.0,Paid
INV0014018,CUST01938,SUB01938,2024-01-06,2024-01-21,79.0,Paid
INV0014019,CUST01938,SUB01938,2024-02-06,2024-02-21,79.0,Overdue
INV0014020,CUST01938,SUB01938,2024-03-06,2024-03-21,79.0,Paid
INV0014021,CUST01938,SUB01938,2024-04-06,2024-04-21,79.0,Paid
INV0014022,CUST01938,SUB01938,2024-05-06,2024-05-21,79.0,Paid
INV0014023,CUST01938,SUB01938,2024-06-06,2024-06-21,79.0,Overdue
INV0014024,CUST01939,SUB01939,2024-05-11,2024-05-26,29.0,Paid
INV0014025,CUST01939,SUB01939,2024-06-11,2024-06-26,29.0,Overdue
INV0014026,CUST01939,SUB01939,2024-07-11,2024-07-26,29.0,Paid
INV0014027,CUST01939,SUB01939,2024-08-11,2024-08-26,29.0,Paid
INV0014028,CUST01939,SUB01939,2024-09-11,2024-09-26,29.0,Paid
INV0014029,CUST01939,SUB01939,2024-10-11,2024-10-26,29.0,Paid
INV0014030,CUST01939,SUB01939,2024-11-11,2024-11-26,29.0,Paid
INV0014031,CUST01939,SUB01939,2024-12-11,2024-12-26,29.0,Pending
INV0014032,CUST01939,SUB01939,2025-01-11,2025-01-26,29.0,Paid
INV0014033,CUST01939,SUB01939,2025-02-11,2025-02-26,29.0,Paid
INV0014034,CUST01939,SUB01939,2025-03-11,2025-03-26,29.0,Paid
INV0014035,CUST01939,SUB01939,2025-04-11,2025-04-26,29.0,Paid
INV0014036,CUST01940,SUB01940,2024-02-05,2024-02-20,79.0,Paid
INV0014037,CUST01940,SUB01940,2024-03-05,2024-03-20,79.0,Paid
INV0014038,CUST01940,SUB01940,2024-04-05,2024-04-20,79.0,Paid
INV0014039,CUST01940,SUB01940,2024-05-05,2024-05-20,79.0,Paid
INV0014040,CUST01940,SUB01940,2024-06-05,2024-06-20,79.0,Paid
INV0014041,CUST01940,SUB01940,2024-07-05,2024-07-20,79.0,Overdue
INV0014042,CUST01940,SUB01940,2024-08-05,2024-08-20,79.0,Paid
INV0014043,CUST01940,SUB01940,2024-09-05,2024-09-20,79.0,Paid
INV0014044,CUST01940,SUB01940,2024-10-05,2024-10-20,79.0,Paid
INV0014045,CUST01940,SUB01940,2024-11-05,2024-11-20,79.0,Overdue
INV0014046,CUST01940,SUB01940,2024-12-05,2024-12-20,79.0,Paid
INV0014047,CUST01940,SUB01940,2025-01-05,2025-01-20,79.0,Paid
INV0014048,CUST01940,SUB01940,2025-02-05,2025-02-20,79.0,Paid
INV0014049,CUST01940,SUB01940,2025-03-05,2025-03-20,79.0,Paid
INV0014050,CUST01940,SUB01940,2025-04-05,2025-04-20,79.0,Paid
INV0014051,CUST01940,SUB01940,2025-05-05,2025-05-20,79.0,Paid
INV0014052,CUST01940,SUB01940,2025-06-05,2025-06-20,79.0,Paid
INV0014053,CUST01940,SUB01940,2025-07-05,2025-07-20,79.0,Paid
INV0014054,CUST01941,SUB01941,2025-07-11,2025-07-26,29.0,Paid
INV0014055,CUST01941,SUB01941,2025-08-11,2025-08-26,29.0,Paid
INV0014056,CUST01941,SUB01941,2025-09-11,2025-09-26,29.0,Paid
INV0014057,CUST01941,SUB01941,2025-10-11,2025-10-26,29.0,Paid
INV0014058,CUST01941,SUB01941,2025-11-11,2025-11-26,29.0,Paid
INV0014059,CUST01941,SUB01941,2025-12-11,2025-12-26,29.0,Paid
INV0014060,CUST01942,SUB01942,2024-02-17,2024-03-03,295.8,Paid
INV0014061,CUST01942,SUB01942,2025-02-17,2025-03-04,295.8,Paid
INV0014062,CUST01943,SUB01943,2025-11-05,2025-11-20,29.0,Paid
INV0014063,CUST01943,SUB01943,2025-12-05,2025-12-20,29.0,Paid
INV0014064,CUST01944,SUB01944,2025-06-19,2025-07-04,79.0,Paid
INV0014065,CUST01944,SUB01944,2025-07-19,2025-08-03,79.0,Paid
INV0014066,CUST01944,SUB01944,2025-08-19,2025-09-03,79.0,Paid
INV0014067,CUST01944,SUB01944,2025-09-19,2025-10-04,79.0,Paid
INV0014068,CUST01944,SUB01944,2025-10-19,2025-11-03,79.0,Paid
INV0014069,CUST01944,SUB01944,2025-11-19,2025-12-04,79.0,Paid
INV0014070,CUST01944,SUB01944,2025-12-19,2026-01-03,79.0,Paid
INV0014071,CUST01945,SUB01945,2025-12-05,2025-12-20,79.0,Paid
INV0014072,CUST01946,SUB01946,2024-07-11,2024-07-26,79.0,Paid
INV0014073,CUST01946,SUB01946,2024-08-11,2024-08-26,79.0,Paid
INV0014074,CUST01946,SUB01946,2024-09-11,2024-09-26,79.0,Paid
INV0014075,CUST01946,SUB01946,2024-10-11,2024-10-26,79.0,Paid
INV0014076,CUST01946,SUB01946,2024-11-11,2024-11-26,79.0,Paid
INV0014077,CUST01946,SUB01946,2024-12-11,2024-12-26,79.0,Paid
INV0014078,CUST01946,SUB01946,2025-01-11,2025-01-26,29.0,Paid
INV0014079,CUST01946,SUB01946,2025-02-11,2025-02-26,29.0,Paid
INV0014080,CUST01946,SUB01946,2025-03-11,2025-03-26,29.0,Paid
INV0014081,CUST01946,SUB01946,2025-04-11,2025-04-26,29.0,Paid
INV0014082,CUST01946,SUB01946,2025-05-11,2025-05-26,29.0,Paid
INV0014083,CUST01946,SUB01946,2025-06-11,2025-06-26,29.0,Paid
INV0014084,CUST01947,SUB01947,2025-09-08,2025-09-23,199.0,Pending
INV0014085,CUST01947,SUB01947,2025-10-08,2025-10-23,199.0,Paid
INV0014086,CUST01947,SUB01947,2025-11-08,2025-11-23,199.0,Paid
INV0014087,CUST01947,SUB01947,2025-12-08,2025-12-23,199.0,Paid
INV0014088,CUST01948,SUB01948,2025-09-29,2025-10-14,295.8,Paid
INV0014089,CUST01949,SUB01949,2025-10-27,2025-11-11,79.0,Overdue
INV0014090,CUST01949,SUB01949,2025-11-27,2025-12-12,79.0,Overdue
INV0014091,CUST01949,SUB01949,2025-12-27,2026-01-11,79.0,Overdue
INV0014092,CUST01950,SUB01950,2025-11-23,2025-12-08,79.0,Paid
INV0014093,CUST01950,SUB01950,2025-12-23,2026-01-07,79.0,Paid
INV0014094,CUST01951,SUB01951,2024-03-13,2024-03-28,29.0,Paid
INV0014095,CUST01951,SUB01951,2024-04-13,2024-04-28,29.0,Paid
INV0014096,CUST01951,SUB01951,2024-05-13,2024-05-28,29.0,Paid
INV0014097,CUST01952,SUB01952,2025-01-16,2025-01-31,199.0,Paid
INV0014098,CUST01952,SUB01952,2025-02-16,2025-03-03,199.0,Paid
INV0014099,CUST01952,SUB01952,2025-03-16,2025-03-31,199.0,Paid
INV0014100,CUST01952,SUB01952,2025-04-16,2025-05-01,199.0,Paid
INV0014101,CUST01952,SUB01952,2025-05-16,2025-05-31,199.0,Overdue
INV0014102,CUST01952,SUB01952,2025-06-16,2025-07-01,199.0,Paid
INV0014103,CUST01952,SUB01952,2025-07-16,2025-07-31,199.0,Paid
INV0014104,CUST01952,SUB01952,2025-08-16,2025-08-31,199.0,Paid
INV0014105,CUST01952,SUB01952,2025-09-16,2025-10-01,199.0,Overdue
INV0014106,CUST01952,SUB01952,2025-10-16,2025-10-31,199.0,Paid
INV0014107,CUST01952,SUB01952,2025-11-16,2025-12-01,199.0,Paid
INV0014108,CUST01952,SUB01952,2025-12-16,2025-12-31,199.0,Overdue
INV0014109,CUST01953,SUB01953,2025-03-05,2025-03-20,295.8,Paid
INV0014110,CUST01954,SUB01954,2025-01-23,2025-02-07,805.8,Paid
INV0014111,CUST01955,SUB01955,2024-05-07,2024-05-22,295.8,Paid
INV0014112,CUST01955,SUB01955,2025-05-07,2025-05-22,295.8,Paid
INV0014113,CUST01956,SUB01956,2024-12-03,2024-12-18,29.0,Paid
INV0014114,CUST01956,SUB01956,2025-01-03,2025-01-18,29.0,Paid
INV0014115,CUST01956,SUB01956,2025-02-03,2025-02-18,29.0,Paid
INV0014116,CUST01956,SUB01956,2025-03-03,2025-03-18,29.0,Paid
INV0014117,CUST01956,SUB01956,2025-04-03,2025-04-18,29.0,Paid
INV0014118,CUST01956,SUB01956,2025-05-03,2025-05-18,29.0,Paid
INV0014119,CUST01956,SUB01956,2025-06-03,2025-06-18,29.0,Paid
INV0014120,CUST01956,SUB01956,2025-07-03,2025-07-18,29.0,Pending
INV0014121,CUST01956,SUB01956,2025-08-03,2025-08-18,29.0,Pending
INV0014122,CUST01956,SUB01956,2025-09-03,2025-09-18,29.0,Paid
INV0014123,CUST01956,SUB01956,2025-10-03,2025-10-18,29.0,Paid
INV0014124,CUST01956,SUB01956,2025-11-03,2025-11-18,29.0,Paid
INV0014125,CUST01956,SUB01956,2025-12-03,2025-12-18,29.0,Paid
INV0014126,CUST01957,SUB01957,2024-05-29,2024-06-13,79.0,Paid
INV0014127,CUST01957,SUB01957,2024-06-29,2024-07-14,79.0,Paid
INV0014128,CUST01957,SUB01957,2024-07-29,2024-08-13,79.0,Paid
INV0014129,CUST01957,SUB01957,2024-08-29,2024-09-13,79.0,Paid
INV0014130,CUST01957,SUB01957,2024-09-29,2024-10-14,79.0,Paid
INV0014131,CUST01957,SUB01957,2024-10-29,2024-11-13,79.0,Paid
INV0014132,CUST01958,SUB01958,2025-01-21,2025-02-05,79.0,Paid
INV0014133,CUST01958,SUB01958,2025-02-21,2025-03-08,79.0,Paid
INV0014134,CUST01958,SUB01958,2025-03-21,2025-04-05,79.0,Paid
INV0014135,CUST01958,SUB01958,2025-04-21,2025-05-06,79.0,Paid
INV0014136,CUST01958,SUB01958,2025-05-21,2025-06-05,79.0,Paid
INV0014137,CUST01958,SUB01958,2025-06-21,2025-07-06,79.0,Paid
INV0014138,CUST01958,SUB01958,2025-07-21,2025-08-05,79.0,Paid
INV0014139,CUST01958,SUB01958,2025-08-21,2025-09-05,79.0,Paid
INV0014140,CUST01958,SUB01958,2025-09-21,2025-10-06,79.0,Paid
INV0014141,CUST01958,SUB01958,2025-10-21,2025-11-05,79.0,Paid
INV0014142,CUST01958,SUB01958,2025-11-21,2025-12-06,79.0,Paid
INV0014143,CUST01958,SUB01958,2025-12-21,2026-01-05,79.0,Paid
INV0014144,CUST01959,SUB01959,2024-05-06,2024-05-21,79.0,Paid
INV0014145,CUST01959,SUB01959,2024-06-06,2024-06-21,79.0,Paid
INV0014146,CUST01959,SUB01959,2024-07-06,2024-07-21,79.0,Paid
INV0014147,CUST01959,SUB01959,2024-08-06,2024-08-21,79.0,Paid
INV0014148,CUST01959,SUB01959,2024-09-06,2024-09-21,79.0,Paid
INV0014149,CUST01959,SUB01959,2024-10-06,2024-10-21,79.0,Paid
INV0014150,CUST01959,SUB01959,2024-11-06,2024-11-21,79.0,Paid
INV0014151,CUST01959,SUB01959,2024-12-06,2024-12-21,79.0,Paid
INV0014152,CUST01959,SUB01959,2025-01-06,2025-01-21,79.0,Paid
INV0014153,CUST01959,SUB01959,2025-02-06,2025-02-21,79.0,Paid
INV0014154,CUST01959,SUB01959,2025-03-06,2025-03-21,79.0,Paid
INV0014155,CUST01959,SUB01959,2025-04-06,2025-04-21,79.0,Paid
INV0014156,CUST01959,SUB01959,2025-05-06,2025-05-21,79.0,Paid
INV0014157,CUST01959,SUB01959,2025-06-06,2025-06-21,79.0,Paid
INV0014158,CUST01959,SUB01959,2025-07-06,2025-07-21,79.0,Paid
INV0014159,CUST01959,SUB01959,2025-08-06,2025-08-21,79.0,Paid
INV0014160,CUST01959,SUB01959,2025-09-06,2025-09-21,79.0,Paid
INV0014161,CUST01959,SUB01959,2025-10-06,2025-10-21,79.0,Paid
INV0014162,CUST01960,SUB01960,2024-04-07,2024-04-22,2029.8,Paid
INV0014163,CUST01960,SUB01960,2025-04-07,2025-04-22,2029.8,Paid
INV0014164,CUST01961,SUB01961,2025-07-18,2025-08-02,79.0,Paid
INV0014165,CUST01961,SUB01961,2025-08-18,2025-09-02,79.0,Paid
INV0014166,CUST01961,SUB01961,2025-09-18,2025-10-03,79.0,Paid
INV0014167,CUST01961,SUB01961,2025-10-18,2025-11-02,79.0,Paid
INV0014168,CUST01961,SUB01961,2025-11-18,2025-12-03,79.0,Paid
INV0014169,CUST01961,SUB01961,2025-12-18,2026-01-02,79.0,Paid
INV0014170,CUST01962,SUB01962,2024-11-21,2024-12-06,199.0,Paid
INV0014171,CUST01962,SUB01962,2024-12-21,2025-01-05,199.0,Paid
INV0014172,CUST01962,SUB01962,2025-01-21,2025-02-05,199.0,Paid
INV0014173,CUST01962,SUB01962,2025-02-21,2025-03-08,199.0,Paid
INV0014174,CUST01962,SUB01962,2025-03-21,2025-04-05,199.0,Paid
INV0014175,CUST01962,SUB01962,2025-04-21,2025-05-06,199.0,Paid
INV0014176,CUST01962,SUB01962,2025-05-21,2025-06-05,199.0,Paid
INV0014177,CUST01962,SUB01962,2025-06-21,2025-07-06,199.0,Paid
INV0014178,CUST01962,SUB01962,2025-07-21,2025-08-05,199.0,Paid
INV0014179,CUST01962,SUB01962,2025-08-21,2025-09-05,199.0,Paid
INV0014180,CUST01962,SUB01962,2025-09-21,2025-10-06,199.0,Paid
INV0014181,CUST01962,SUB01962,2025-10-21,2025-11-05,199.0,Paid
INV0014182,CUST01962,SUB01962,2025-11-21,2025-12-06,199.0,Overdue
INV0014183,CUST01962,SUB01962,2025-12-21,2026-01-05,199.0,Paid
INV0014184,CUST01963,SUB01963,2025-05-03,2025-05-18,29.0,Paid
INV0014185,CUST01963,SUB01963,2025-06-03,2025-06-18,29.0,Paid
INV0014186,CUST01963,SUB01963,2025-07-03,2025-07-18,29.0,Paid
INV0014187,CUST01963,SUB01963,2025-08-03,2025-08-18,29.0,Paid
INV0014188,CUST01963,SUB01963,2025-09-03,2025-09-18,29.0,Paid
INV0014189,CUST01963,SUB01963,2025-10-03,2025-10-18,29.0,Paid
INV0014190,CUST01963,SUB01963,2025-11-03,2025-11-18,29.0,Paid
INV0014191,CUST01963,SUB01963,2025-12-03,2025-12-18,29.0,Overdue
INV0014192,CUST01964,SUB01964,2025-11-04,2025-11-19,29.0,Paid
INV0014193,CUST01964,SUB01964,2025-12-04,2025-12-19,29.0,Paid
INV0014194,CUST01965,SUB01965,2024-02-24,2024-03-10,199.0,Paid
INV0014195,CUST01965,SUB01965,2024-03-24,2024-04-08,199.0,Paid
INV0014196,CUST01965,SUB01965,2024-04-24,2024-05-09,199.0,Paid
INV0014197,CUST01965,SUB01965,2024-05-24,2024-06-08,199.0,Paid
INV0014198,CUST01965,SUB01965,2024-06-24,2024-07-09,199.0,Paid
INV0014199,CUST01965,SUB01965,2024-07-24,2024-08-08,199.0,Paid
INV0014200,CUST01966,SUB01966,2025-11-25,2025-12-10,2029.8,Paid
INV0014201,CUST01967,SUB01967,2024-12-28,2025-01-12,29.0,Paid
INV0014202,CUST01967,SUB01967,2025-01-28,2025-02-12,29.0,Paid
INV0014203,CUST01967,SUB01967,2025-02-28,2025-03-15,29.0,Paid
INV0014204,CUST01968,SUB01968,2025-06-17,2025-07-02,29.0,Paid
INV0014205,CUST01968,SUB01968,2025-07-17,2025-08-01,29.0,Paid
INV0014206,CUST01968,SUB01968,2025-08-17,2025-09-01,29.0,Paid
INV0014207,CUST01968,SUB01968,2025-09-17,2025-10-02,29.0,Paid
INV0014208,CUST01968,SUB01968,2025-10-17,2025-11-01,29.0,Paid
INV0014209,CUST01968,SUB01968,2025-11-17,2025-12-02,29.0,Paid
INV0014210,CUST01969,SUB01969,2024-11-08,2024-11-23,29.0,Paid
INV0014211,CUST01969,SUB01969,2024-12-08,2024-12-23,29.0,Paid
INV0014212,CUST01969,SUB01969,2025-01-08,2025-01-23,29.0,Paid
INV0014213,CUST01969,SUB01969,2025-02-08,2025-02-23,29.0,Paid
INV0014214,CUST01969,SUB01969,2025-03-08,2025-03-23,29.0,Paid
INV0014215,CUST01969,SUB01969,2025-04-08,2025-04-23,29.0,Paid
INV0014216,CUST01969,SUB01969,2025-05-08,2025-05-23,29.0,Paid
INV0014217,CUST01969,SUB01969,2025-06-08,2025-06-23,29.0,Paid
INV0014218,CUST01969,SUB01969,2025-07-08,2025-07-23,29.0,Paid
INV0014219,CUST01969,SUB01969,2025-08-08,2025-08-23,29.0,Paid
INV0014220,CUST01969,SUB01969,2025-09-08,2025-09-23,29.0,Paid
INV0014221,CUST01969,SUB01969,2025-10-08,2025-10-23,29.0,Paid
INV0014222,CUST01970,SUB01970,2024-03-19,2024-04-03,79.0,Paid
INV0014223,CUST01970,SUB01970,2024-04-19,2024-05-04,79.0,Pending
INV0014224,CUST01970,SUB01970,2024-05-19,2024-06-03,79.0,Paid
INV0014225,CUST01970,SUB01970,2024-06-19,2024-07-04,79.0,Paid
INV0014226,CUST01970,SUB01970,2024-07-19,2024-08-03,79.0,Paid
INV0014227,CUST01970,SUB01970,2024-08-19,2024-09-03,79.0,Paid
INV0014228,CUST01970,SUB01970,2024-09-19,2024-10-04,79.0,Paid
INV0014229,CUST01970,SUB01970,2024-10-19,2024-11-03,79.0,Paid
INV0014230,CUST01970,SUB01970,2024-11-19,2024-12-04,79.0,Paid
INV0014231,CUST01970,SUB01970,2024-12-19,2025-01-03,79.0,Paid
INV0014232,CUST01970,SUB01970,2025-01-19,2025-02-03,79.0,Paid
INV0014233,CUST01970,SUB01970,2025-02-19,2025-03-06,79.0,Paid
INV0014234,CUST01970,SUB01970,2025-03-19,2025-04-03,79.0,Paid
INV0014235,CUST01970,SUB01970,2025-04-19,2025-05-04,79.0,Paid
INV0014236,CUST01970,SUB01970,2025-05-19,2025-06-03,79.0,Paid
INV0014237,CUST01970,SUB01970,2025-06-19,2025-07-04,79.0,Paid
INV0014238,CUST01970,SUB01970,2025-07-19,2025-08-03,79.0,Paid
INV0014239,CUST01970,SUB01970,2025-08-19,2025-09-03,79.0,Paid
INV0014240,CUST01971,SUB01971,2024-03-27,2024-04-11,29.0,Overdue
INV0014241,CUST01971,SUB01971,2024-04-27,2024-05-12,29.0,Pending
INV0014242,CUST01971,SUB01971,2024-05-27,2024-06-11,29.0,Paid
INV0014243,CUST01971,SUB01971,2024-06-27,2024-07-12,29.0,Paid
INV0014244,CUST01971,SUB01971,2024-07-27,2024-08-11,29.0,Paid
INV0014245,CUST01971,SUB01971,2024-08-27,2024-09-11,29.0,Paid
INV0014246,CUST01972,SUB01972,2025-03-10,2025-03-25,79.0,Paid
INV0014247,CUST01972,SUB01972,2025-04-10,2025-04-25,79.0,Paid
INV0014248,CUST01972,SUB01972,2025-05-10,2025-05-25,79.0,Paid
INV0014249,CUST01972,SUB01972,2025-06-10,2025-06-25,79.0,Paid
INV0014250,CUST01972,SUB01972,2025-07-10,2025-07-25,79.0,Paid
INV0014251,CUST01972,SUB01972,2025-08-10,2025-08-25,79.0,Paid
INV0014252,CUST01972,SUB01972,2025-09-10,2025-09-25,79.0,Paid
INV0014253,CUST01972,SUB01972,2025-10-10,2025-10-25,79.0,Paid
INV0014254,CUST01972,SUB01972,2025-11-10,2025-11-25,79.0,Paid
INV0014255,CUST01972,SUB01972,2025-12-10,2025-12-25,79.0,Paid
INV0014256,CUST01973,SUB01973,2025-06-11,2025-06-26,79.0,Paid
INV0014257,CUST01973,SUB01973,2025-07-11,2025-07-26,79.0,Overdue
INV0014258,CUST01973,SUB01973,2025-08-11,2025-08-26,79.0,Overdue
INV0014259,CUST01973,SUB01973,2025-09-11,2025-09-26,79.0,Paid
INV0014260,CUST01973,SUB01973,2025-10-11,2025-10-26,79.0,Paid
INV0014261,CUST01973,SUB01973,2025-11-11,2025-11-26,79.0,Paid
INV0014262,CUST01973,SUB01973,2025-12-11,2025-12-26,79.0,Paid
INV0014263,CUST01974,SUB01974,2025-02-19,2025-03-06,2029.8,Paid
INV0014264,CUST01975,SUB01975,2025-03-11,2025-03-26,199.0,Paid
INV0014265,CUST01975,SUB01975,2025-04-11,2025-04-26,199.0,Paid
INV0014266,CUST01975,SUB01975,2025-05-11,2025-05-26,199.0,Paid
INV0014267,CUST01975,SUB01975,2025-06-11,2025-06-26,199.0,Paid
INV0014268,CUST01975,SUB01975,2025-07-11,2025-07-26,199.0,Paid
INV0014269,CUST01975,SUB01975,2025-08-11,2025-08-26,199.0,Paid
INV0014270,CUST01975,SUB01975,2025-09-11,2025-09-26,199.0,Paid
INV0014271,CUST01975,SUB01975,2025-10-11,2025-10-26,199.0,Paid
INV0014272,CUST01975,SUB01975,2025-11-11,2025-11-26,199.0,Paid
INV0014273,CUST01975,SUB01975,2025-12-11,2025-12-26,199.0,Paid
INV0014274,CUST01976,SUB01976,2025-09-13,2025-09-28,29.0,Paid
INV0014275,CUST01976,SUB01976,2025-10-13,2025-10-28,29.0,Overdue
INV0014276,CUST01976,SUB01976,2025-11-13,2025-11-28,29.0,Paid
INV0014277,CUST01977,SUB01977,2024-06-28,2024-07-13,29.0,Paid
INV0014278,CUST01977,SUB01977,2024-07-28,2024-08-12,29.0,Paid
INV0014279,CUST01977,SUB01977,2024-08-28,2024-09-12,29.0,Paid
INV0014280,CUST01977,SUB01977,2024-09-28,2024-10-13,29.0,Overdue
INV0014281,CUST01977,SUB01977,2024-10-28,2024-11-12,29.0,Paid
INV0014282,CUST01977,SUB01977,2024-11-28,2024-12-13,29.0,Overdue
INV0014283,CUST01977,SUB01977,2024-12-28,2025-01-12,29.0,Paid
INV0014284,CUST01977,SUB01977,2025-01-28,2025-02-12,29.0,Overdue
INV0014285,CUST01977,SUB01977,2025-02-28,2025-03-15,29.0,Paid
INV0014286,CUST01977,SUB01977,2025-03-28,2025-04-12,29.0,Paid
INV0014287,CUST01977,SUB01977,2025-04-28,2025-05-13,29.0,Paid
INV0014288,CUST01977,SUB01977,2025-05-28,2025-06-12,29.0,Paid
INV0014289,CUST01977,SUB01977,2025-06-28,2025-07-13,29.0,Paid
INV0014290,CUST01977,SUB01977,2025-07-28,2025-08-12,29.0,Paid
INV0014291,CUST01977,SUB01977,2025-08-28,2025-09-12,29.0,Paid
INV0014292,CUST01977,SUB01977,2025-09-28,2025-10-13,29.0,Paid
INV0014293,CUST01977,SUB01977,2025-10-28,2025-11-12,29.0,Paid
INV0014294,CUST01977,SUB01977,2025-11-28,2025-12-13,29.0,Overdue
INV0014295,CUST01978,SUB01978,2024-02-22,2024-03-08,79.0,Paid
INV0014296,CUST01978,SUB01978,2024-03-22,2024-04-06,79.0,Paid
INV0014297,CUST01978,SUB01978,2024-04-22,2024-05-07,79.0,Pending
INV0014298,CUST01978,SUB01978,2024-05-22,2024-06-06,79.0,Paid
INV0014299,CUST01978,SUB01978,2024-06-22,2024-07-07,79.0,Paid
INV0014300,CUST01978,SUB01978,2024-07-22,2024-08-06,79.0,Paid
INV0014301,CUST01978,SUB01978,2024-08-22,2024-09-06,79.0,Paid
INV0014302,CUST01978,SUB01978,2024-09-22,2024-10-07,79.0,Paid
INV0014303,CUST01978,SUB01978,2024-10-22,2024-11-06,79.0,Overdue
INV0014304,CUST01978,SUB01978,2024-11-22,2024-12-07,79.0,Pending
INV0014305,CUST01978,SUB01978,2024-12-22,2025-01-06,79.0,Overdue
INV0014306,CUST01978,SUB01978,2025-01-22,2025-02-06,79.0,Paid
INV0014307,CUST01979,SUB01979,2024-12-12,2024-12-27,199.0,Paid
INV0014308,CUST01979,SUB01979,2025-01-12,2025-01-27,199.0,Paid
INV0014309,CUST01979,SUB01979,2025-02-12,2025-02-27,199.0,Paid
INV0014310,CUST01979,SUB01979,2025-03-12,2025-03-27,199.0,Paid
INV0014311,CUST01979,SUB01979,2025-04-12,2025-04-27,199.0,Paid
INV0014312,CUST01979,SUB01979,2025-05-12,2025-05-27,199.0,Paid
INV0014313,CUST01979,SUB01979,2025-06-12,2025-06-27,199.0,Overdue
INV0014314,CUST01979,SUB01979,2025-07-12,2025-07-27,199.0,Paid
INV0014315,CUST01979,SUB01979,2025-08-12,2025-08-27,199.0,Paid
INV0014316,CUST01979,SUB01979,2025-09-12,2025-09-27,199.0,Paid
INV0014317,CUST01979,SUB01979,2025-10-12,2025-10-27,199.0,Paid
INV0014318,CUST01979,SUB01979,2025-11-12,2025-11-27,199.0,Overdue
INV0014319,CUST01979,SUB01979,2025-12-12,2025-12-27,199.0,Paid
INV0014320,CUST01980,SUB01980,2024-10-24,2024-11-08,79.0,Paid
INV0014321,CUST01980,SUB01980,2024-11-24,2024-12-09,79.0,Paid
INV0014322,CUST01980,SUB01980,2024-12-24,2025-01-08,79.0,Paid
INV0014323,CUST01980,SUB01980,2025-01-24,2025-02-08,79.0,Paid
INV0014324,CUST01980,SUB01980,2025-02-24,2025-03-11,79.0,Paid
INV0014325,CUST01980,SUB01980,2025-03-24,2025-04-08,79.0,Overdue
INV0014326,CUST01980,SUB01980,2025-04-24,2025-05-09,79.0,Overdue
INV0014327,CUST01980,SUB01980,2025-05-24,2025-06-08,79.0,Paid
INV0014328,CUST01980,SUB01980,2025-06-24,2025-07-09,79.0,Paid
INV0014329,CUST01980,SUB01980,2025-07-24,2025-08-08,79.0,Paid
INV0014330,CUST01980,SUB01980,2025-08-24,2025-09-08,79.0,Paid
INV0014331,CUST01980,SUB01980,2025-09-24,2025-10-09,79.0,Paid
INV0014332,CUST01981,SUB01981,2025-10-08,2025-10-23,79.0,Paid
INV0014333,CUST01981,SUB01981,2025-11-08,2025-11-23,79.0,Paid
INV0014334,CUST01981,SUB01981,2025-12-08,2025-12-23,79.0,Paid
INV0014335,CUST01982,SUB01982,2025-04-19,2025-05-04,2029.8,Paid
INV0014336,CUST01983,SUB01983,2024-01-07,2024-01-22,29.0,Paid
INV0014337,CUST01983,SUB01983,2024-02-07,2024-02-22,29.0,Paid
INV0014338,CUST01983,SUB01983,2024-03-07,2024-03-22,29.0,Paid
INV0014339,CUST01983,SUB01983,2024-04-07,2024-04-22,29.0,Pending
INV0014340,CUST01983,SUB01983,2024-05-07,2024-05-22,29.0,Paid
INV0014341,CUST01983,SUB01983,2024-06-07,2024-06-22,29.0,Overdue
INV0014342,CUST01983,SUB01983,2024-07-07,2024-07-22,29.0,Paid
INV0014343,CUST01983,SUB01983,2024-08-07,2024-08-22,29.0,Overdue
INV0014344,CUST01983,SUB01983,2024-09-07,2024-09-22,29.0,Paid
INV0014345,CUST01983,SUB01983,2024-10-07,2024-10-22,29.0,Paid
INV0014346,CUST01983,SUB01983,2024-11-07,2024-11-22,29.0,Paid
INV0014347,CUST01983,SUB01983,2024-12-07,2024-12-22,29.0,Paid
INV0014348,CUST01983,SUB01983,2025-01-07,2025-01-22,29.0,Overdue
INV0014349,CUST01983,SUB01983,2025-02-07,2025-02-22,29.0,Paid
INV0014350,CUST01983,SUB01983,2025-03-07,2025-03-22,29.0,Paid
INV0014351,CUST01983,SUB01983,2025-04-07,2025-04-22,29.0,Paid
INV0014352,CUST01983,SUB01983,2025-05-07,2025-05-22,29.0,Paid
INV0014353,CUST01983,SUB01983,2025-06-07,2025-06-22,29.0,Paid
INV0014354,CUST01984,SUB01984,2024-01-06,2024-01-21,29.0,Paid
INV0014355,CUST01984,SUB01984,2024-02-06,2024-02-21,29.0,Pending
INV0014356,CUST01984,SUB01984,2024-03-06,2024-03-21,29.0,Paid
INV0014357,CUST01984,SUB01984,2024-04-06,2024-04-21,29.0,Paid
INV0014358,CUST01984,SUB01984,2024-05-06,2024-05-21,29.0,Paid
INV0014359,CUST01984,SUB01984,2024-06-06,2024-06-21,29.0,Paid
INV0014360,CUST01984,SUB01984,2024-07-06,2024-07-21,29.0,Paid
INV0014361,CUST01984,SUB01984,2024-08-06,2024-08-21,29.0,Paid
INV0014362,CUST01984,SUB01984,2024-09-06,2024-09-21,29.0,Pending
INV0014363,CUST01984,SUB01984,2024-10-06,2024-10-21,79.0,Paid
INV0014364,CUST01984,SUB01984,2024-11-06,2024-11-21,79.0,Paid
INV0014365,CUST01984,SUB01984,2024-12-06,2024-12-21,79.0,Paid
INV0014366,CUST01985,SUB01985,2024-01-10,2024-01-25,29.0,Paid
INV0014367,CUST01985,SUB01985,2024-02-10,2024-02-25,29.0,Paid
INV0014368,CUST01985,SUB01985,2024-03-10,2024-03-25,29.0,Paid
INV0014369,CUST01985,SUB01985,2024-04-10,2024-04-25,29.0,Paid
INV0014370,CUST01985,SUB01985,2024-05-10,2024-05-25,29.0,Paid
INV0014371,CUST01985,SUB01985,2024-06-10,2024-06-25,29.0,Paid
INV0014372,CUST01986,SUB01986,2025-02-24,2025-03-11,199.0,Paid
INV0014373,CUST01986,SUB01986,2025-03-24,2025-04-08,199.0,Paid
INV0014374,CUST01986,SUB01986,2025-04-24,2025-05-09,199.0,Paid
INV0014375,CUST01986,SUB01986,2025-05-24,2025-06-08,199.0,Paid
INV0014376,CUST01986,SUB01986,2025-06-24,2025-07-09,199.0,Paid
INV0014377,CUST01986,SUB01986,2025-07-24,2025-08-08,199.0,Paid
INV0014378,CUST01986,SUB01986,2025-08-24,2025-09-08,199.0,Paid
INV0014379,CUST01986,SUB01986,2025-09-24,2025-10-09,199.0,Paid
INV0014380,CUST01986,SUB01986,2025-10-24,2025-11-08,199.0,Paid
INV0014381,CUST01986,SUB01986,2025-11-24,2025-12-09,199.0,Paid
INV0014382,CUST01986,SUB01986,2025-12-24,2026-01-08,199.0,Paid
INV0014383,CUST01987,SUB01987,2024-08-19,2024-09-03,29.0,Paid
INV0014384,CUST01987,SUB01987,2024-09-19,2024-10-04,29.0,Paid
INV0014385,CUST01987,SUB01987,2024-10-19,2024-11-03,29.0,Paid
INV0014386,CUST01987,SUB01987,2024-11-19,2024-12-04,29.0,Paid
INV0014387,CUST01987,SUB01987,2024-12-19,2025-01-03,29.0,Overdue
INV0014388,CUST01987,SUB01987,2025-01-19,2025-02-03,29.0,Paid
INV0014389,CUST01987,SUB01987,2025-02-19,2025-03-06,29.0,Paid
INV0014390,CUST01987,SUB01987,2025-03-19,2025-04-03,29.0,Paid
INV0014391,CUST01987,SUB01987,2025-04-19,2025-05-04,29.0,Paid
INV0014392,CUST01987,SUB01987,2025-05-19,2025-06-03,29.0,Paid
INV0014393,CUST01987,SUB01987,2025-06-19,2025-07-04,29.0,Paid
INV0014394,CUST01987,SUB01987,2025-07-19,2025-08-03,29.0,Paid
INV0014395,CUST01987,SUB01987,2025-08-19,2025-09-03,29.0,Paid
INV0014396,CUST01987,SUB01987,2025-09-19,2025-10-04,29.0,Paid
INV0014397,CUST01987,SUB01987,2025-10-19,2025-11-03,29.0,Paid
INV0014398,CUST01987,SUB01987,2025-11-19,2025-12-04,29.0,Paid
INV0014399,CUST01987,SUB01987,2025-12-19,2026-01-03,29.0,Paid
INV0014400,CUST01988,SUB01988,2024-07-05,2024-07-20,79.0,Pending
INV0014401,CUST01988,SUB01988,2024-08-05,2024-08-20,79.0,Paid
INV0014402,CUST01988,SUB01988,2024-09-05,2024-09-20,79.0,Paid
INV0014403,CUST01989,SUB01989,2025-11-03,2025-11-18,295.8,Paid
INV0014404,CUST01990,SUB01990,2024-01-06,2024-01-21,79.0,Paid
INV0014405,CUST01990,SUB01990,2024-02-06,2024-02-21,79.0,Paid
INV0014406,CUST01990,SUB01990,2024-03-06,2024-03-21,79.0,Paid
INV0014407,CUST01990,SUB01990,2024-04-06,2024-04-21,79.0,Pending
INV0014408,CUST01990,SUB01990,2024-05-06,2024-05-21,79.0,Overdue
INV0014409,CUST01990,SUB01990,2024-06-06,2024-06-21,79.0,Paid
INV0014410,CUST01990,SUB01990,2024-07-06,2024-07-21,79.0,Paid
INV0014411,CUST01990,SUB01990,2024-08-06,2024-08-21,79.0,Paid
INV0014412,CUST01990,SUB01990,2024-09-06,2024-09-21,79.0,Paid
INV0014413,CUST01990,SUB01990,2024-10-06,2024-10-21,79.0,Paid
INV0014414,CUST01990,SUB01990,2024-11-06,2024-11-21,79.0,Paid
INV0014415,CUST01990,SUB01990,2024-12-06,2024-12-21,79.0,Paid
INV0014416,CUST01990,SUB01990,2025-01-06,2025-01-21,79.0,Pending
INV0014417,CUST01990,SUB01990,2025-02-06,2025-02-21,79.0,Paid
INV0014418,CUST01990,SUB01990,2025-03-06,2025-03-21,79.0,Paid
INV0014419,CUST01990,SUB01990,2025-04-06,2025-04-21,79.0,Paid
INV0014420,CUST01990,SUB01990,2025-05-06,2025-05-21,79.0,Paid
INV0014421,CUST01990,SUB01990,2025-06-06,2025-06-21,199.0,Paid
INV0014422,CUST01991,SUB01991,2024-07-13,2024-07-28,79.0,Overdue
INV0014423,CUST01991,SUB01991,2024-08-13,2024-08-28,79.0,Paid
INV0014424,CUST01991,SUB01991,2024-09-13,2024-09-28,79.0,Paid
INV0014425,CUST01991,SUB01991,2024-10-13,2024-10-28,79.0,Paid
INV0014426,CUST01991,SUB01991,2024-11-13,2024-11-28,79.0,Paid
INV0014427,CUST01991,SUB01991,2024-12-13,2024-12-28,79.0,Paid
INV0014428,CUST01991,SUB01991,2025-01-13,2025-01-28,79.0,Paid
INV0014429,CUST01991,SUB01991,2025-02-13,2025-02-28,79.0,Paid
INV0014430,CUST01991,SUB01991,2025-03-13,2025-03-28,79.0,Pending
INV0014431,CUST01991,SUB01991,2025-04-13,2025-04-28,79.0,Overdue
INV0014432,CUST01991,SUB01991,2025-05-13,2025-05-28,79.0,Paid
INV0014433,CUST01991,SUB01991,2025-06-13,2025-06-28,79.0,Paid
INV0014434,CUST01991,SUB01991,2025-07-13,2025-07-28,79.0,Paid
INV0014435,CUST01991,SUB01991,2025-08-13,2025-08-28,79.0,Paid
INV0014436,CUST01991,SUB01991,2025-09-13,2025-09-28,79.0,Paid
INV0014437,CUST01991,SUB01991,2025-10-13,2025-10-28,79.0,Paid
INV0014438,CUST01991,SUB01991,2025-11-13,2025-11-28,79.0,Paid
INV0014439,CUST01991,SUB01991,2025-12-13,2025-12-28,79.0,Paid
INV0014440,CUST01992,SUB01992,2024-02-02,2024-02-17,79.0,Paid
INV0014441,CUST01992,SUB01992,2024-03-02,2024-03-17,79.0,Paid
INV0014442,CUST01992,SUB01992,2024-04-02,2024-04-17,79.0,Pending
INV0014443,CUST01992,SUB01992,2024-05-02,2024-05-17,79.0,Paid
INV0014444,CUST01992,SUB01992,2024-06-02,2024-06-17,79.0,Paid
INV0014445,CUST01992,SUB01992,2024-07-02,2024-07-17,79.0,Paid
INV0014446,CUST01992,SUB01992,2024-08-02,2024-08-17,79.0,Paid
INV0014447,CUST01992,SUB01992,2024-09-02,2024-09-17,79.0,Paid
INV0014448,CUST01992,SUB01992,2024-10-02,2024-10-17,79.0,Paid
INV0014449,CUST01992,SUB01992,2024-11-02,2024-11-17,79.0,Paid
INV0014450,CUST01992,SUB01992,2024-12-02,2024-12-17,79.0,Paid
INV0014451,CUST01992,SUB01992,2025-01-02,2025-01-17,79.0,Paid
INV0014452,CUST01992,SUB01992,2025-02-02,2025-02-17,79.0,Paid
INV0014453,CUST01992,SUB01992,2025-03-02,2025-03-17,79.0,Paid
INV0014454,CUST01992,SUB01992,2025-04-02,2025-04-17,79.0,Paid
INV0014455,CUST01992,SUB01992,2025-05-02,2025-05-17,79.0,Paid
INV0014456,CUST01992,SUB01992,2025-06-02,2025-06-17,79.0,Paid
INV0014457,CUST01992,SUB01992,2025-07-02,2025-07-17,79.0,Paid
INV0014458,CUST01992,SUB01992,2025-08-02,2025-08-17,79.0,Paid
INV0014459,CUST01992,SUB01992,2025-09-02,2025-09-17,79.0,Paid
INV0014460,CUST01992,SUB01992,2025-10-02,2025-10-17,79.0,Paid
INV0014461,CUST01992,SUB01992,2025-11-02,2025-11-17,79.0,Paid
INV0014462,CUST01992,SUB01992,2025-12-02,2025-12-17,79.0,Paid
INV0014463,CUST01993,SUB01993,2024-05-01,2024-05-16,199.0,Paid
INV0014464,CUST01993,SUB01993,2024-06-01,2024-06-16,199.0,Paid
INV0014465,CUST01993,SUB01993,2024-07-01,2024-07-16,199.0,Paid
INV0014466,CUST01993,SUB01993,2024-08-01,2024-08-16,199.0,Paid
INV0014467,CUST01993,SUB01993,2024-09-01,2024-09-16,199.0,Paid
INV0014468,CUST01993,SUB01993,2024-10-01,2024-10-16,199.0,Paid
INV0014469,CUST01993,SUB01993,2024-11-01,2024-11-16,199.0,Paid
INV0014470,CUST01993,SUB01993,2024-12-01,2024-12-16,199.0,Paid
INV0014471,CUST01993,SUB01993,2025-01-01,2025-01-16,199.0,Paid
INV0014472,CUST01993,SUB01993,2025-02-01,2025-02-16,199.0,Paid
INV0014473,CUST01993,SUB01993,2025-03-01,2025-03-16,199.0,Paid
INV0014474,CUST01993,SUB01993,2025-04-01,2025-04-16,199.0,Paid
INV0014475,CUST01994,SUB01994,2024-11-28,2024-12-13,29.0,Paid
INV0014476,CUST01994,SUB01994,2024-12-28,2025-01-12,29.0,Paid
INV0014477,CUST01994,SUB01994,2025-01-28,2025-02-12,29.0,Paid
INV0014478,CUST01994,SUB01994,2025-02-28,2025-03-15,29.0,Paid
INV0014479,CUST01994,SUB01994,2025-03-28,2025-04-12,29.0,Paid
INV0014480,CUST01994,SUB01994,2025-04-28,2025-05-13,29.0,Paid
INV0014481,CUST01994,SUB01994,2025-05-28,2025-06-12,29.0,Paid
INV0014482,CUST01994,SUB01994,2025-06-28,2025-07-13,29.0,Paid
INV0014483,CUST01994,SUB01994,2025-07-28,2025-08-12,29.0,Paid
INV0014484,CUST01994,SUB01994,2025-08-28,2025-09-12,29.0,Paid
INV0014485,CUST01994,SUB01994,2025-09-28,2025-10-13,29.0,Paid
INV0014486,CUST01994,SUB01994,2025-10-28,2025-11-12,29.0,Paid
INV0014487,CUST01994,SUB01994,2025-11-28,2025-12-13,29.0,Paid
INV0014488,CUST01994,SUB01994,2025-12-28,2026-01-12,29.0,Paid
INV0014489,CUST01995,SUB01995,2024-05-14,2024-05-29,199.0,Paid
INV0014490,CUST01995,SUB01995,2024-06-14,2024-06-29,199.0,Overdue
INV0014491,CUST01995,SUB01995,2024-07-14,2024-07-29,199.0,Paid
INV0014492,CUST01995,SUB01995,2024-08-14,2024-08-29,199.0,Paid
INV0014493,CUST01995,SUB01995,2024-09-14,2024-09-29,199.0,Paid
INV0014494,CUST01995,SUB01995,2024-10-14,2024-10-29,199.0,Paid
INV0014495,CUST01995,SUB01995,2024-11-14,2024-11-29,199.0,Paid
INV0014496,CUST01995,SUB01995,2024-12-14,2024-12-29,199.0,Paid
INV0014497,CUST01995,SUB01995,2025-01-14,2025-01-29,199.0,Paid
INV0014498,CUST01995,SUB01995,2025-02-14,2025-03-01,199.0,Paid
INV0014499,CUST01995,SUB01995,2025-03-14,2025-03-29,199.0,Paid
INV0014500,CUST01995,SUB01995,2025-04-14,2025-04-29,199.0,Paid
INV0014501,CUST01996,SUB01996,2024-06-08,2024-06-23,79.0,Overdue
INV0014502,CUST01996,SUB01996,2024-07-08,2024-07-23,79.0,Paid
INV0014503,CUST01996,SUB01996,2024-08-08,2024-08-23,79.0,Paid
INV0014504,CUST01997,SUB01997,2024-02-23,2024-03-09,29.0,Paid
INV0014505,CUST01997,SUB01997,2024-03-23,2024-04-07,29.0,Pending
INV0014506,CUST01997,SUB01997,2024-04-23,2024-05-08,29.0,Overdue
INV0014507,CUST01997,SUB01997,2024-05-23,2024-06-07,29.0,Paid
INV0014508,CUST01997,SUB01997,2024-06-23,2024-07-08,29.0,Paid
INV0014509,CUST01997,SUB01997,2024-07-23,2024-08-07,79.0,Paid
INV0014510,CUST01997,SUB01997,2024-08-23,2024-09-07,79.0,Paid
INV0014511,CUST01997,SUB01997,2024-09-23,2024-10-08,79.0,Paid
INV0014512,CUST01997,SUB01997,2024-10-23,2024-11-07,79.0,Paid
INV0014513,CUST01997,SUB01997,2024-11-23,2024-12-08,79.0,Paid
INV0014514,CUST01997,SUB01997,2024-12-23,2025-01-07,79.0,Paid
INV0014515,CUST01997,SUB01997,2025-01-23,2025-02-07,79.0,Paid
INV0014516,CUST01998,SUB01998,2025-03-20,2025-04-04,79.0,Paid
INV0014517,CUST01998,SUB01998,2025-04-20,2025-05-05,79.0,Paid
INV0014518,CUST01998,SUB01998,2025-05-20,2025-06-04,79.0,Paid
INV0014519,CUST01998,SUB01998,2025-06-20,2025-07-05,79.0,Paid
INV0014520,CUST01998,SUB01998,2025-07-20,2025-08-04,79.0,Paid
INV0014521,CUST01998,SUB01998,2025-08-20,2025-09-04,79.0,Paid
INV0014522,CUST01998,SUB01998,2025-09-20,2025-10-05,79.0,Paid
INV0014523,CUST01998,SUB01998,2025-10-20,2025-11-04,79.0,Paid
INV0014524,CUST01998,SUB01998,2025-11-20,2025-12-05,79.0,Paid
INV0014525,CUST01998,SUB01998,2025-12-20,2026-01-04,79.0,Paid
INV0014526,CUST01999,SUB01999,2024-09-10,2024-09-25,79.0,Paid
INV0014527,CUST01999,SUB01999,2024-10-10,2024-10-25,79.0,Paid
INV0014528,CUST01999,SUB01999,2024-11-10,2024-11-25,79.0,Paid
INV0014529,CUST01999,SUB01999,2024-12-10,2024-12-25,79.0,Paid
INV0014530,CUST01999,SUB01999,2025-01-10,2025-01-25,79.0,Paid
INV0014531,CUST01999,SUB01999,2025-02-10,2025-02-25,199.0,Paid
INV0014532,CUST02000,SUB02000,2024-10-14,2024-10-29,295.8,Overdue
INV0014533,CUST02000,SUB02000,2025-10-14,2025-10-29,295.8,Overdue
