payment_id,invoice_id,customer_id,payment_date,amount,payment_status,payment_method
PAY0000001,INV0000001,CUST00001,2024-09-08,29.0,Successful,Debit Card
PAY0000002,INV0000002,CUST00001,2024-10-19,29.0,Successful,Credit Card
PAY0000003,INV0000003,CUST00001,2024-11-08,29.0,Failed,Debit Card
PAY0000004,INV0000004,CUST00001,2024-12-17,29.0,Failed,Debit Card
PAY0000005,INV0000005,CUST00001,2025-01-19,29.0,Successful,Debit Card
PAY0000006,INV0000006,CUST00001,2025-02-12,29.0,Successful,Credit Card
PAY0000007,INV0000007,CUST00001,2025-03-10,29.0,Successful,ACH
PAY0000008,INV0000008,CUST00001,2025-04-11,29.0,Successful,ACH
PAY0000009,INV0000009,CUST00001,2025-05-14,29.0,Successful,ACH
PAY0000010,INV0000010,CUST00001,2025-06-20,29.0,Refunded,Bank Transfer
PAY0000011,INV0000011,CUST00001,2025-07-22,29.0,Successful,ACH
PAY0000012,INV0000012,CUST00001,2025-08-17,29.0,Successful,ACH
PAY0000013,INV0000013,CUST00002,2025-09-08,199.0,Successful,Debit Card
PAY0000014,INV0000014,CUST00002,2025-09-29,199.0,Successful,Credit Card
PAY0000015,INV0000015,CUST00002,2025-11-04,199.0,Successful,ACH
PAY0000016,INV0000016,CUST00002,2025-12-03,199.0,Successful,ACH
PAY0000017,INV0000017,CUST00002,2026-01-07,199.0,Successful,Debit Card
PAY0000018,INV0000018,CUST00003,2025-06-05,29.0,Successful,Bank Transfer
PAY0000019,INV0000019,CUST00003,2025-07-16,29.0,Successful,Debit Card
PAY0000020,INV0000020,CUST00003,2025-08-15,29.0,Successful,Credit Card
PAY0000021,INV0000021,CUST00004,2024-08-14,29.0,Successful,Bank Transfer
PAY0000022,INV0000022,CUST00004,2024-09-17,29.0,Successful,ACH
PAY0000023,INV0000023,CUST00004,2024-10-21,29.0,Successful,Bank Transfer
PAY0000024,INV0000024,CUST00004,2024-11-16,29.0,Successful,ACH
PAY0000025,INV0000025,CUST00004,2024-12-20,29.0,Successful,Bank Transfer
PAY0000026,INV0000026,CUST00004,2025-01-16,29.0,Successful,Credit Card
PAY0000027,INV0000027,CUST00005,2024-06-26,79.0,Successful,Debit Card
PAY0000028,INV0000028,CUST00005,2024-07-19,79.0,Successful,Bank Transfer
PAY0000029,INV0000029,CUST00005,2024-08-20,79.0,Successful,Credit Card
PAY0000030,INV0000030,CUST00005,2024-09-14,79.0,Successful,ACH
PAY0000031,INV0000031,CUST00005,2024-10-18,79.0,Successful,Bank Transfer
PAY0000032,INV0000032,CUST00005,2024-11-13,79.0,Successful,ACH
PAY0000033,INV0000033,CUST00005,2024-12-25,79.0,Successful,Credit Card
PAY0000034,INV0000034,CUST00005,2025-01-17,79.0,Successful,Debit Card
PAY0000035,INV0000035,CUST00005,2025-02-25,79.0,Successful,Credit Card
PAY0000036,INV0000036,CUST00005,2025-03-20,79.0,Failed,ACH
PAY0000037,INV0000037,CUST00005,2025-04-26,79.0,Successful,Debit Card
PAY0000038,INV0000038,CUST00005,2025-05-27,79.0,Successful,Credit Card
PAY0000039,INV0000040,CUST00005,2025-07-14,79.0,Successful,Debit Card
PAY0000040,INV0000041,CUST00005,2025-08-20,79.0,Successful,Debit Card
PAY0000041,INV0000042,CUST00005,2025-09-26,79.0,Successful,Debit Card
PAY0000042,INV0000043,CUST00005,2025-10-25,79.0,Successful,Debit Card
PAY0000043,INV0000044,CUST00005,2025-11-19,79.0,Successful,ACH
PAY0000044,INV0000045,CUST00006,2024-12-19,295.8,Successful,Debit Card
PAY0000045,INV0000046,CUST00006,2025-12-16,295.8,Failed,Debit Card
PAY0000046,INV0000047,CUST00007,2025-09-11,79.0,Successful,Credit Card
PAY0000047,INV0000048,CUST00007,2025-10-25,79.0,Failed,ACH
PAY0000048,INV0000050,CUST00007,2025-12-21,79.0,Successful,Debit Card
PAY0000049,INV0000051,CUST00008,2025-02-06,79.0,Successful,Bank Transfer
PAY0000050,INV0000052,CUST00008,2025-03-02,79.0,Successful,Debit Card
PAY0000051,INV0000053,CUST00008,2025-04-02,79.0,Successful,Bank Transfer
PAY0000052,INV0000054,CUST00008,2025-05-06,79.0,Successful,Credit Card
PAY0000053,INV0000056,CUST00008,2025-07-05,79.0,Successful,Debit Card
PAY0000054,INV0000057,CUST00009,2025-08-23,805.8,Successful,Bank Transfer
PAY0000055,INV0000058,CUST00010,2024-10-31,295.8,Successful,Credit Card
PAY0000056,INV0000059,CUST00011,2025-02-07,79.0,Successful,Credit Card
PAY0000057,INV0000060,CUST00011,2025-03-11,79.0,Successful,Credit Card
PAY0000058,INV0000061,CUST00011,2025-04-08,79.0,Successful,Debit Card
PAY0000059,INV0000062,CUST00011,2025-05-02,79.0,Successful,Bank Transfer
PAY0000060,INV0000063,CUST00011,2025-05-27,79.0,Successful,Bank Transfer
PAY0000061,INV0000064,CUST00011,2025-07-07,79.0,Successful,ACH
PAY0000062,INV0000065,CUST00011,2025-08-05,79.0,Successful,Bank Transfer
PAY0000063,INV0000066,CUST00011,2025-08-29,79.0,Successful,Credit Card
PAY0000064,INV0000067,CUST00011,2025-10-03,79.0,Successful,ACH
PAY0000065,INV0000068,CUST00011,2025-11-08,79.0,Successful,Debit Card
PAY0000066,INV0000069,CUST00011,2025-12-09,79.0,Successful,Debit Card
PAY0000067,INV0000072,CUST00012,2025-02-21,79.0,Successful,Debit Card
PAY0000068,INV0000073,CUST00012,2025-03-15,79.0,Successful,Bank Transfer
PAY0000069,INV0000074,CUST00013,2025-09-25,29.0,Successful,ACH
PAY0000070,INV0000075,CUST00013,2025-10-27,29.0,Successful,ACH
PAY0000071,INV0000076,CUST00013,2025-11-26,29.0,Successful,Bank Transfer
PAY0000072,INV0000077,CUST00013,2025-12-28,29.0,Successful,Credit Card
PAY0000073,INV0000078,CUST00014,2025-04-28,29.0,Successful,Credit Card
PAY0000074,INV0000079,CUST00014,2025-05-27,29.0,Successful,ACH
PAY0000075,INV0000080,CUST00014,2025-07-03,29.0,Successful,ACH
PAY0000076,INV0000081,CUST00014,2025-08-01,29.0,Successful,ACH
PAY0000077,INV0000082,CUST00014,2025-08-31,29.0,Successful,Credit Card
PAY0000078,INV0000083,CUST00014,2025-09-27,29.0,Successful,Credit Card
PAY0000079,INV0000084,CUST00014,2025-10-21,29.0,Successful,Credit Card
PAY0000080,INV0000085,CUST00014,2025-11-21,29.0,Successful,Debit Card
PAY0000081,INV0000086,CUST00014,2025-12-22,29.0,Successful,ACH
PAY0000082,INV0000087,CUST00015,2025-12-07,79.0,Successful,Credit Card
PAY0000083,INV0000088,CUST00016,2024-02-09,805.8,Successful,Credit Card
PAY0000084,INV0000089,CUST00016,2025-02-17,805.8,Successful,ACH
PAY0000085,INV0000090,CUST00017,2025-08-11,29.0,Successful,Bank Transfer
PAY0000086,INV0000091,CUST00017,2025-09-05,29.0,Successful,Debit Card
PAY0000087,INV0000092,CUST00017,2025-10-17,29.0,Successful,Debit Card
PAY0000088,INV0000093,CUST00017,2025-11-04,29.0,Successful,Credit Card
PAY0000089,INV0000094,CUST00017,2025-12-07,29.0,Successful,Credit Card
PAY0000090,INV0000095,CUST00018,2025-02-18,295.8,Successful,Bank Transfer
PAY0000091,INV0000096,CUST00019,2024-06-03,79.0,Successful,Debit Card
PAY0000092,INV0000097,CUST00019,2024-07-05,79.0,Successful,Bank Transfer
PAY0000093,INV0000098,CUST00019,2024-08-06,79.0,Successful,ACH
PAY0000094,INV0000099,CUST00019,2024-08-29,79.0,Successful,Debit Card
PAY0000095,INV0000100,CUST00019,2024-10-05,79.0,Successful,Bank Transfer
PAY0000096,INV0000101,CUST00019,2024-11-05,79.0,Successful,Debit Card
PAY0000097,INV0000102,CUST00019,2024-11-30,79.0,Successful,Debit Card
PAY0000098,INV0000103,CUST00019,2025-01-02,79.0,Successful,ACH
PAY0000099,INV0000104,CUST00019,2025-01-24,79.0,Successful,ACH
PAY0000100,INV0000105,CUST00019,2025-03-03,79.0,Successful,ACH
PAY0000101,INV0000106,CUST00019,2025-03-24,79.0,Successful,ACH
PAY0000102,INV0000107,CUST00019,2025-04-27,79.0,Failed,Bank Transfer
PAY0000103,INV0000108,CUST00019,2025-06-04,79.0,Successful,Credit Card
PAY0000104,INV0000109,CUST00019,2025-07-02,79.0,Successful,Credit Card
PAY0000105,INV0000110,CUST00019,2025-07-23,79.0,Successful,Debit Card
PAY0000106,INV0000111,CUST00019,2025-08-24,79.0,Successful,ACH
PAY0000107,INV0000112,CUST00019,2025-10-03,79.0,Successful,ACH
PAY0000108,INV0000113,CUST00019,2025-11-02,79.0,Successful,Bank Transfer
PAY0000109,INV0000114,CUST00019,2025-12-01,79.0,Successful,Bank Transfer
PAY0000110,INV0000115,CUST00019,2025-12-29,79.0,Successful,Debit Card
PAY0000111,INV0000116,CUST00020,2025-08-25,79.0,Successful,Credit Card
PAY0000112,INV0000117,CUST00020,2025-09-24,79.0,Successful,ACH
PAY0000113,INV0000118,CUST00020,2025-10-28,79.0,Successful,Bank Transfer
PAY0000114,INV0000119,CUST00021,2025-06-18,79.0,Successful,Credit Card
PAY0000115,INV0000120,CUST00021,2025-07-16,79.0,Successful,ACH
PAY0000116,INV0000121,CUST00021,2025-08-18,79.0,Successful,ACH
PAY0000117,INV0000122,CUST00021,2025-09-09,79.0,Successful,Credit Card
PAY0000118,INV0000123,CUST00021,2025-10-13,79.0,Successful,Credit Card
PAY0000119,INV0000124,CUST00021,2025-11-20,79.0,Successful,Debit Card
PAY0000120,INV0000125,CUST00021,2025-12-12,79.0,Successful,Debit Card
PAY0000121,INV0000126,CUST00022,2024-06-17,79.0,Failed,Credit Card
PAY0000122,INV0000127,CUST00022,2024-07-09,79.0,Successful,Bank Transfer
PAY0000123,INV0000128,CUST00022,2024-08-20,79.0,Successful,Credit Card
PAY0000124,INV0000129,CUST00022,2024-09-18,199.0,Successful,ACH
PAY0000125,INV0000130,CUST00022,2024-10-20,199.0,Successful,Bank Transfer
PAY0000126,INV0000131,CUST00022,2024-11-14,199.0,Successful,Debit Card
PAY0000127,INV0000132,CUST00022,2024-12-13,199.0,Successful,Debit Card
PAY0000128,INV0000133,CUST00022,2025-01-10,199.0,Successful,Bank Transfer
PAY0000129,INV0000134,CUST00022,2025-02-10,199.0,Successful,ACH
PAY0000130,INV0000135,CUST00022,2025-03-11,199.0,Successful,Credit Card
PAY0000131,INV0000136,CUST00022,2025-04-09,199.0,Successful,Debit Card
PAY0000132,INV0000137,CUST00022,2025-05-07,199.0,Successful,ACH
PAY0000133,INV0000138,CUST00022,2025-06-12,199.0,Successful,Bank Transfer
PAY0000134,INV0000139,CUST00022,2025-07-18,199.0,Successful,Credit Card
PAY0000135,INV0000140,CUST00022,2025-08-18,199.0,Successful,Bank Transfer
PAY0000136,INV0000141,CUST00022,2025-09-20,199.0,Successful,Bank Transfer
PAY0000137,INV0000142,CUST00022,2025-10-19,199.0,Successful,Debit Card
PAY0000138,INV0000143,CUST00022,2025-11-10,199.0,Successful,Credit Card
PAY0000139,INV0000144,CUST00023,2025-02-09,199.0,Successful,Bank Transfer
PAY0000140,INV0000145,CUST00023,2025-03-14,199.0,Successful,Debit Card
PAY0000141,INV0000146,CUST00023,2025-04-06,199.0,Failed,Bank Transfer
PAY0000142,INV0000147,CUST00023,2025-05-09,199.0,Failed,Bank Transfer
PAY0000143,INV0000148,CUST00023,2025-06-05,199.0,Successful,ACH
PAY0000144,INV0000149,CUST00023,2025-07-02,199.0,Successful,ACH
PAY0000145,INV0000150,CUST00023,2025-08-04,199.0,Successful,Bank Transfer
PAY0000146,INV0000151,CUST00023,2025-08-30,199.0,Successful,Credit Card
PAY0000147,INV0000152,CUST00023,2025-10-04,199.0,Successful,Credit Card
PAY0000148,INV0000153,CUST00023,2025-11-08,199.0,Refunded,Credit Card
PAY0000149,INV0000154,CUST00023,2025-12-02,199.0,Successful,Debit Card
PAY0000150,INV0000155,CUST00023,2026-01-05,199.0,Successful,Debit Card
PAY0000151,INV0000156,CUST00024,2025-12-02,79.0,Successful,Debit Card
PAY0000152,INV0000157,CUST00024,2026-01-08,79.0,Successful,Debit Card
PAY0000153,INV0000158,CUST00025,2025-10-20,2029.8,Successful,ACH
PAY0000154,INV0000159,CUST00026,2024-01-19,295.8,Successful,Bank Transfer
PAY0000155,INV0000160,CUST00027,2025-06-07,79.0,Successful,Debit Card
PAY0000156,INV0000161,CUST00027,2025-07-16,79.0,Successful,Credit Card
PAY0000157,INV0000162,CUST00027,2025-08-13,79.0,Successful,ACH
PAY0000158,INV0000163,CUST00027,2025-09-14,79.0,Successful,ACH
PAY0000159,INV0000164,CUST00027,2025-10-18,79.0,Successful,Bank Transfer
PAY0000160,INV0000165,CUST00027,2025-11-09,79.0,Successful,Bank Transfer
PAY0000161,INV0000166,CUST00027,2025-12-10,79.0,Successful,ACH
PAY0000162,INV0000167,CUST00028,2024-06-20,79.0,Successful,Bank Transfer
PAY0000163,INV0000168,CUST00028,2024-07-19,79.0,Successful,ACH
PAY0000164,INV0000169,CUST00028,2024-08-09,79.0,Successful,Credit Card
PAY0000165,INV0000170,CUST00029,2025-09-13,199.0,Successful,Bank Transfer
PAY0000166,INV0000171,CUST00029,2025-10-16,199.0,Successful,Credit Card
PAY0000167,INV0000172,CUST00029,2025-11-11,199.0,Successful,Debit Card
PAY0000168,INV0000173,CUST00029,2025-12-10,199.0,Successful,ACH
PAY0000169,INV0000174,CUST00030,2024-11-19,79.0,Successful,Credit Card
PAY0000170,INV0000175,CUST00030,2024-12-17,79.0,Successful,Debit Card
PAY0000171,INV0000176,CUST00030,2025-01-21,79.0,Successful,Bank Transfer
PAY0000172,INV0000177,CUST00030,2025-02-12,79.0,Successful,Bank Transfer
PAY0000173,INV0000178,CUST00030,2025-03-15,79.0,Successful,ACH
PAY0000174,INV0000179,CUST00030,2025-04-19,79.0,Successful,ACH
PAY0000175,INV0000180,CUST00030,2025-05-18,79.0,Successful,ACH
PAY0000176,INV0000181,CUST00030,2025-06-22,79.0,Successful,Credit Card
PAY0000177,INV0000182,CUST00030,2025-07-23,79.0,Successful,Debit Card
PAY0000178,INV0000183,CUST00030,2025-08-18,79.0,Successful,ACH
PAY0000179,INV0000184,CUST00030,2025-09-24,79.0,Successful,Debit Card
PAY0000180,INV0000185,CUST00030,2025-10-15,79.0,Failed,Debit Card
PAY0000181,INV0000186,CUST00030,2025-11-11,79.0,Successful,Debit Card
PAY0000182,INV0000187,CUST00030,2025-12-23,79.0,Successful,Credit Card
PAY0000183,INV0000188,CUST00031,2024-04-05,199.0,Successful,ACH
PAY0000184,INV0000189,CUST00031,2024-04-29,199.0,Successful,Bank Transfer
PAY0000185,INV0000190,CUST00031,2024-05-30,199.0,Successful,Credit Card
PAY0000186,INV0000191,CUST00031,2024-07-09,199.0,Successful,Debit Card
PAY0000187,INV0000192,CUST00031,2024-08-02,199.0,Successful,Debit Card
PAY0000188,INV0000193,CUST00031,2024-09-10,199.0,Successful,Debit Card
PAY0000189,INV0000194,CUST00031,2024-10-05,199.0,Successful,Bank Transfer
PAY0000190,INV0000195,CUST00031,2024-11-07,199.0,Successful,ACH
PAY0000191,INV0000196,CUST00031,2024-11-29,199.0,Successful,Credit Card
PAY0000192,INV0000197,CUST00031,2025-01-01,199.0,Successful,ACH
PAY0000193,INV0000198,CUST00031,2025-01-31,199.0,Successful,Credit Card
PAY0000194,INV0000199,CUST00031,2025-03-07,199.0,Successful,Bank Transfer
PAY0000195,INV0000200,CUST00032,2024-05-15,29.0,Successful,ACH
PAY0000196,INV0000201,CUST00032,2024-06-19,29.0,Successful,Debit Card
PAY0000197,INV0000202,CUST00032,2024-07-24,29.0,Successful,Debit Card
PAY0000198,INV0000203,CUST00032,2024-08-20,29.0,Successful,Debit Card
PAY0000199,INV0000204,CUST00032,2024-09-25,29.0,Successful,Credit Card
PAY0000200,INV0000205,CUST00032,2024-10-16,79.0,Successful,ACH
PAY0000201,INV0000206,CUST00032,2024-11-19,79.0,Successful,Bank Transfer
PAY0000202,INV0000207,CUST00032,2024-12-20,79.0,Successful,Bank Transfer
PAY0000203,INV0000209,CUST00032,2025-02-26,79.0,Successful,ACH
PAY0000204,INV0000210,CUST00032,2025-03-12,79.0,Successful,Credit Card
PAY0000205,INV0000211,CUST00032,2025-04-22,79.0,Successful,Credit Card
PAY0000206,INV0000212,CUST00033,2024-08-07,79.0,Successful,Bank Transfer
PAY0000207,INV0000213,CUST00033,2024-09-07,79.0,Successful,Bank Transfer
PAY0000208,INV0000214,CUST00033,2024-10-12,79.0,Successful,Bank Transfer
PAY0000209,INV0000215,CUST00033,2024-11-10,79.0,Successful,Credit Card
PAY0000210,INV0000216,CUST00033,2024-12-10,79.0,Successful,Bank Transfer
PAY0000211,INV0000217,CUST00033,2025-01-11,79.0,Successful,Credit Card
PAY0000212,INV0000218,CUST00033,2025-02-10,79.0,Successful,Credit Card
PAY0000213,INV0000219,CUST00033,2025-03-11,79.0,Successful,Credit Card
PAY0000214,INV0000220,CUST00033,2025-04-13,79.0,Successful,Credit Card
PAY0000215,INV0000221,CUST00033,2025-05-10,79.0,Successful,Bank Transfer
PAY0000216,INV0000222,CUST00033,2025-06-17,79.0,Successful,ACH
PAY0000217,INV0000223,CUST00033,2025-07-19,79.0,Successful,Bank Transfer
PAY0000218,INV0000224,CUST00034,2026-01-11,2029.8,Successful,Debit Card
PAY0000219,INV0000225,CUST00035,2025-06-18,79.0,Successful,Bank Transfer
PAY0000220,INV0000226,CUST00035,2025-07-27,79.0,Successful,Bank Transfer
PAY0000221,INV0000227,CUST00035,2025-08-24,79.0,Successful,Bank Transfer
PAY0000222,INV0000228,CUST00035,2025-09-18,79.0,Successful,ACH
PAY0000223,INV0000229,CUST00035,2025-10-21,79.0,Successful,Debit Card
PAY0000224,INV0000230,CUST00035,2025-11-16,79.0,Successful,Debit Card
PAY0000225,INV0000231,CUST00036,2024-01-27,295.8,Successful,Bank Transfer
PAY0000226,INV0000232,CUST00036,2025-02-04,295.8,Successful,Credit Card
PAY0000227,INV0000233,CUST00037,2024-03-18,79.0,Successful,Bank Transfer
PAY0000228,INV0000234,CUST00037,2024-04-21,79.0,Successful,ACH
PAY0000229,INV0000235,CUST00037,2024-05-26,79.0,Successful,Bank Transfer
PAY0000230,INV0000236,CUST00037,2024-06-27,79.0,Successful,Debit Card
PAY0000231,INV0000237,CUST00037,2024-07-17,79.0,Successful,Bank Transfer
PAY0000232,INV0000238,CUST00037,2024-08-28,79.0,Successful,Bank Transfer
PAY0000233,INV0000239,CUST00037,2024-09-24,79.0,Successful,Debit Card
PAY0000234,INV0000240,CUST00037,2024-10-14,79.0,Successful,ACH
PAY0000235,INV0000241,CUST00037,2024-11-27,79.0,Successful,Credit Card
PAY0000236,INV0000242,CUST00037,2024-12-21,79.0,Failed,Debit Card
PAY0000237,INV0000243,CUST00037,2025-01-24,79.0,Successful,Credit Card
PAY0000238,INV0000244,CUST00037,2025-02-18,79.0,Successful,Bank Transfer
PAY0000239,INV0000245,CUST00037,2025-03-27,79.0,Successful,Bank Transfer
PAY0000240,INV0000246,CUST00037,2025-04-24,79.0,Successful,Bank Transfer
PAY0000241,INV0000247,CUST00037,2025-05-14,79.0,Successful,Debit Card
PAY0000242,INV0000248,CUST00037,2025-06-28,79.0,Successful,Debit Card
PAY0000243,INV0000249,CUST00037,2025-07-20,79.0,Successful,Credit Card
PAY0000244,INV0000250,CUST00037,2025-08-25,79.0,Successful,Credit Card
PAY0000245,INV0000251,CUST00037,2025-09-28,79.0,Successful,ACH
PAY0000246,INV0000252,CUST00037,2025-10-20,79.0,Successful,Bank Transfer
PAY0000247,INV0000253,CUST00037,2025-11-26,79.0,Successful,Debit Card
PAY0000248,INV0000255,CUST00038,2024-12-14,805.8,Successful,Bank Transfer
PAY0000249,INV0000256,CUST00039,2024-08-10,805.8,Successful,ACH
PAY0000250,INV0000257,CUST00040,2024-09-16,2029.8,Failed,Bank Transfer
PAY0000251,INV0000258,CUST00040,2025-09-16,2029.8,Successful,Credit Card
PAY0000252,INV0000259,CUST00041,2024-04-15,29.0,Successful,ACH
PAY0000253,INV0000260,CUST00041,2024-05-16,29.0,Successful,Bank Transfer
PAY0000254,INV0000261,CUST00041,2024-06-13,29.0,Successful,Bank Transfer
PAY0000255,INV0000262,CUST00041,2024-07-16,29.0,Successful,ACH
PAY0000256,INV0000263,CUST00041,2024-08-14,29.0,Failed,Bank Transfer
PAY0000257,INV0000264,CUST00041,2024-09-19,29.0,Successful,Credit Card
PAY0000258,INV0000265,CUST00041,2024-10-21,29.0,Successful,ACH
PAY0000259,INV0000266,CUST00041,2024-11-13,29.0,Successful,ACH
PAY0000260,INV0000267,CUST00041,2024-12-13,29.0,Successful,Debit Card
PAY0000261,INV0000268,CUST00041,2025-01-24,29.0,Successful,Credit Card
PAY0000262,INV0000269,CUST00041,2025-02-17,29.0,Failed,ACH
PAY0000263,INV0000270,CUST00041,2025-03-11,29.0,Successful,ACH
PAY0000264,INV0000271,CUST00041,2025-04-12,29.0,Successful,ACH
PAY0000265,INV0000272,CUST00041,2025-05-24,29.0,Successful,Debit Card
PAY0000266,INV0000273,CUST00041,2025-06-23,29.0,Successful,ACH
PAY0000267,INV0000274,CUST00041,2025-07-15,29.0,Successful,Bank Transfer
PAY0000268,INV0000275,CUST00041,2025-08-12,29.0,Successful,Debit Card
PAY0000269,INV0000276,CUST00041,2025-09-21,29.0,Successful,Bank Transfer
PAY0000270,INV0000277,CUST00042,2024-03-09,79.0,Successful,Credit Card
PAY0000271,INV0000278,CUST00042,2024-03-26,79.0,Successful,Credit Card
PAY0000272,INV0000279,CUST00042,2024-05-06,79.0,Successful,ACH
PAY0000273,INV0000280,CUST00042,2024-06-08,79.0,Successful,ACH
PAY0000274,INV0000281,CUST00042,2024-06-29,79.0,Successful,ACH
PAY0000275,INV0000282,CUST00042,2024-07-29,79.0,Successful,Bank Transfer
PAY0000276,INV0000283,CUST00043,2024-12-18,79.0,Successful,Credit Card
PAY0000277,INV0000284,CUST00043,2025-01-14,79.0,Successful,Bank Transfer
PAY0000278,INV0000285,CUST00043,2025-02-17,79.0,Successful,Debit Card
PAY0000279,INV0000286,CUST00043,2025-03-19,79.0,Successful,Bank Transfer
PAY0000280,INV0000287,CUST00043,2025-04-25,79.0,Successful,Bank Transfer
PAY0000281,INV0000288,CUST00043,2025-05-27,79.0,Successful,Bank Transfer
PAY0000282,INV0000289,CUST00043,2025-06-18,79.0,Failed,ACH
PAY0000283,INV0000290,CUST00043,2025-07-21,79.0,Successful,ACH
PAY0000284,INV0000291,CUST00043,2025-08-24,79.0,Successful,ACH
PAY0000285,INV0000293,CUST00043,2025-10-15,79.0,Successful,Bank Transfer
PAY0000286,INV0000294,CUST00043,2025-11-17,79.0,Successful,Credit Card
PAY0000287,INV0000295,CUST00044,2025-07-18,79.0,Successful,Debit Card
PAY0000288,INV0000296,CUST00044,2025-08-07,79.0,Successful,Debit Card
PAY0000289,INV0000297,CUST00044,2025-09-17,79.0,Successful,ACH
PAY0000290,INV0000298,CUST00044,2025-10-16,79.0,Successful,Credit Card
PAY0000291,INV0000299,CUST00044,2025-11-06,79.0,Successful,ACH
PAY0000292,INV0000300,CUST00044,2025-12-05,79.0,Successful,Credit Card
PAY0000293,INV0000301,CUST00045,2024-09-18,29.0,Successful,Debit Card
PAY0000294,INV0000302,CUST00045,2024-10-13,29.0,Successful,Credit Card
PAY0000295,INV0000303,CUST00045,2024-11-19,29.0,Successful,Credit Card
PAY0000296,INV0000304,CUST00045,2024-12-25,29.0,Successful,Credit Card
PAY0000297,INV0000305,CUST00045,2025-01-16,29.0,Successful,Credit Card
PAY0000298,INV0000306,CUST00045,2025-02-27,29.0,Successful,ACH
PAY0000299,INV0000307,CUST00045,2025-03-13,29.0,Successful,Bank Transfer
PAY0000300,INV0000308,CUST00045,2025-04-19,29.0,Successful,Bank Transfer
PAY0000301,INV0000309,CUST00045,2025-05-20,29.0,Successful,Credit Card
PAY0000302,INV0000310,CUST00045,2025-06-15,29.0,Successful,ACH
PAY0000303,INV0000311,CUST00045,2025-07-22,29.0,Successful,ACH
PAY0000304,INV0000312,CUST00045,2025-08-22,29.0,Successful,Bank Transfer
PAY0000305,INV0000313,CUST00046,2024-02-28,29.0,Successful,Credit Card
PAY0000306,INV0000314,CUST00046,2024-04-01,29.0,Successful,Debit Card
PAY0000307,INV0000315,CUST00046,2024-05-06,29.0,Successful,ACH
PAY0000308,INV0000316,CUST00047,2024-09-06,805.8,Successful,Credit Card
PAY0000309,INV0000317,CUST00047,2025-09-05,805.8,Successful,ACH
PAY0000310,INV0000318,CUST00048,2024-03-12,29.0,Successful,Credit Card
PAY0000311,INV0000319,CUST00048,2024-04-03,29.0,Successful,Credit Card
PAY0000312,INV0000320,CUST00048,2024-05-07,29.0,Successful,Credit Card
PAY0000313,INV0000321,CUST00048,2024-06-10,29.0,Successful,Credit Card
PAY0000314,INV0000322,CUST00048,2024-07-15,29.0,Successful,Bank Transfer
PAY0000315,INV0000323,CUST00048,2024-08-13,29.0,Successful,ACH
PAY0000316,INV0000324,CUST00048,2024-09-07,29.0,Successful,Debit Card
PAY0000317,INV0000325,CUST00048,2024-10-09,29.0,Successful,Credit Card
PAY0000318,INV0000326,CUST00048,2024-11-10,29.0,Successful,ACH
PAY0000319,INV0000327,CUST00048,2024-12-14,29.0,Successful,Credit Card
PAY0000320,INV0000328,CUST00048,2025-01-12,29.0,Successful,ACH
PAY0000321,INV0000329,CUST00048,2025-02-16,29.0,Successful,ACH
PAY0000322,INV0000330,CUST00048,2025-03-07,29.0,Failed,Debit Card
PAY0000323,INV0000331,CUST00048,2025-04-08,29.0,Successful,Credit Card
PAY0000324,INV0000332,CUST00048,2025-05-10,29.0,Successful,Bank Transfer
PAY0000325,INV0000333,CUST00048,2025-06-04,29.0,Successful,ACH
PAY0000326,INV0000334,CUST00048,2025-07-11,29.0,Successful,Credit Card
PAY0000327,INV0000335,CUST00048,2025-08-14,29.0,Successful,Credit Card
PAY0000328,INV0000336,CUST00049,2025-04-21,805.8,Successful,Bank Transfer
PAY0000329,INV0000337,CUST00050,2024-06-11,2029.8,Successful,Credit Card
PAY0000330,INV0000338,CUST00050,2025-06-09,2029.8,Successful,Bank Transfer
PAY0000331,INV0000339,CUST00051,2024-11-22,79.0,Refunded,Bank Transfer
PAY0000332,INV0000340,CUST00051,2024-12-18,79.0,Failed,ACH
PAY0000333,INV0000341,CUST00051,2025-01-30,79.0,Successful,ACH
PAY0000334,INV0000342,CUST00051,2025-02-19,79.0,Failed,Bank Transfer
PAY0000335,INV0000343,CUST00051,2025-03-24,79.0,Successful,Debit Card
PAY0000336,INV0000344,CUST00051,2025-05-01,79.0,Successful,ACH
PAY0000337,INV0000346,CUST00051,2025-06-18,79.0,Successful,Bank Transfer
PAY0000338,INV0000347,CUST00051,2025-07-31,79.0,Successful,Bank Transfer
PAY0000339,INV0000348,CUST00051,2025-08-29,79.0,Successful,ACH
PAY0000340,INV0000349,CUST00051,2025-09-18,79.0,Successful,Debit Card
PAY0000341,INV0000350,CUST00051,2025-10-27,79.0,Successful,ACH
PAY0000342,INV0000352,CUST00052,2024-04-01,29.0,Successful,Bank Transfer
PAY0000343,INV0000353,CUST00052,2024-05-05,29.0,Successful,ACH
PAY0000344,INV0000354,CUST00052,2024-06-10,29.0,Successful,Credit Card
PAY0000345,INV0000355,CUST00052,2024-07-02,29.0,Successful,ACH
PAY0000346,INV0000356,CUST00052,2024-08-11,29.0,Successful,Debit Card
PAY0000347,INV0000357,CUST00052,2024-08-31,29.0,Successful,Debit Card
PAY0000348,INV0000358,CUST00052,2024-10-11,29.0,Successful,Credit Card
PAY0000349,INV0000359,CUST00052,2024-11-10,29.0,Successful,Bank Transfer
PAY0000350,INV0000360,CUST00052,2024-12-11,29.0,Successful,ACH
PAY0000351,INV0000361,CUST00052,2025-01-08,29.0,Successful,Bank Transfer
PAY0000352,INV0000363,CUST00052,2025-03-05,29.0,Successful,Credit Card
PAY0000353,INV0000364,CUST00052,2025-03-30,29.0,Successful,Bank Transfer
PAY0000354,INV0000365,CUST00052,2025-05-13,29.0,Successful,ACH
PAY0000355,INV0000367,CUST00052,2025-07-12,29.0,Successful,Bank Transfer
PAY0000356,INV0000368,CUST00052,2025-08-06,29.0,Successful,Credit Card
PAY0000357,INV0000369,CUST00053,2025-09-14,79.0,Successful,Debit Card
PAY0000358,INV0000370,CUST00053,2025-10-09,79.0,Successful,Credit Card
PAY0000359,INV0000371,CUST00053,2025-11-14,79.0,Successful,ACH
PAY0000360,INV0000372,CUST00053,2025-12-03,79.0,Successful,Debit Card
PAY0000361,INV0000373,CUST00054,2025-08-21,79.0,Successful,Bank Transfer
PAY0000362,INV0000374,CUST00054,2025-09-16,79.0,Successful,ACH
PAY0000363,INV0000375,CUST00054,2025-10-13,79.0,Successful,ACH
PAY0000364,INV0000376,CUST00054,2025-11-07,79.0,Successful,ACH
PAY0000365,INV0000378,CUST00055,2025-03-16,29.0,Successful,ACH
PAY0000366,INV0000379,CUST00055,2025-04-16,29.0,Successful,Debit Card
PAY0000367,INV0000380,CUST00055,2025-05-15,29.0,Successful,ACH
PAY0000368,INV0000381,CUST00055,2025-06-16,29.0,Successful,Bank Transfer
PAY0000369,INV0000382,CUST00055,2025-07-17,29.0,Successful,ACH
PAY0000370,INV0000383,CUST00055,2025-08-16,29.0,Successful,Debit Card
PAY0000371,INV0000384,CUST00055,2025-09-19,29.0,Successful,Credit Card
PAY0000372,INV0000385,CUST00055,2025-10-12,29.0,Successful,Credit Card
PAY0000373,INV0000386,CUST00055,2025-11-08,29.0,Successful,ACH
PAY0000374,INV0000387,CUST00055,2025-12-13,29.0,Successful,Debit Card
PAY0000375,INV0000388,CUST00056,2024-08-02,295.8,Successful,Credit Card
PAY0000376,INV0000389,CUST00057,2024-05-23,29.0,Successful,Credit Card
PAY0000377,INV0000390,CUST00057,2024-06-29,29.0,Successful,Debit Card
PAY0000378,INV0000391,CUST00057,2024-07-17,29.0,Successful,Debit Card
PAY0000379,INV0000392,CUST00057,2024-08-15,29.0,Successful,Debit Card
PAY0000380,INV0000393,CUST00057,2024-09-24,29.0,Successful,Bank Transfer
PAY0000381,INV0000394,CUST00057,2024-10-18,29.0,Successful,Bank Transfer
PAY0000382,INV0000395,CUST00057,2024-11-18,29.0,Successful,Bank Transfer
PAY0000383,INV0000396,CUST00057,2024-12-19,29.0,Successful,Bank Transfer
PAY0000384,INV0000397,CUST00057,2025-01-28,29.0,Successful,Debit Card
PAY0000385,INV0000398,CUST00057,2025-02-15,29.0,Successful,ACH
PAY0000386,INV0000399,CUST00057,2025-03-16,29.0,Successful,Credit Card
PAY0000387,INV0000400,CUST00057,2025-04-27,29.0,Successful,Bank Transfer
PAY0000388,INV0000401,CUST00057,2025-05-17,29.0,Successful,Credit Card
PAY0000389,INV0000402,CUST00057,2025-06-18,29.0,Successful,ACH
PAY0000390,INV0000403,CUST00057,2025-07-21,29.0,Successful,ACH
PAY0000391,INV0000404,CUST00057,2025-08-16,29.0,Successful,Credit Card
PAY0000392,INV0000405,CUST00057,2025-09-16,29.0,Successful,ACH
PAY0000393,INV0000406,CUST00057,2025-10-17,29.0,Failed,Bank Transfer
PAY0000394,INV0000407,CUST00057,2025-11-17,29.0,Successful,Bank Transfer
PAY0000395,INV0000408,CUST00057,2025-12-15,29.0,Successful,Credit Card
PAY0000396,INV0000409,CUST00058,2024-01-24,805.8,Successful,Bank Transfer
PAY0000397,INV0000410,CUST00058,2025-01-15,805.8,Successful,Credit Card
PAY0000398,INV0000411,CUST00059,2025-07-19,79.0,Successful,Bank Transfer
PAY0000399,INV0000413,CUST00059,2025-09-12,79.0,Successful,Credit Card
PAY0000400,INV0000414,CUST00059,2025-10-14,79.0,Successful,Debit Card
PAY0000401,INV0000415,CUST00059,2025-11-05,79.0,Successful,Debit Card
PAY0000402,INV0000416,CUST00059,2025-12-07,79.0,Successful,Credit Card
PAY0000403,INV0000417,CUST00060,2024-03-17,29.0,Successful,Credit Card
PAY0000404,INV0000418,CUST00060,2024-04-19,29.0,Refunded,Bank Transfer
PAY0000405,INV0000419,CUST00060,2024-05-16,29.0,Successful,ACH
PAY0000406,INV0000420,CUST00060,2024-06-17,29.0,Successful,Credit Card
PAY0000407,INV0000421,CUST00060,2024-07-23,29.0,Successful,Debit Card
PAY0000408,INV0000422,CUST00060,2024-08-26,29.0,Successful,Debit Card
PAY0000409,INV0000423,CUST00060,2024-09-22,29.0,Successful,Bank Transfer
PAY0000410,INV0000424,CUST00060,2024-10-24,29.0,Successful,Bank Transfer
PAY0000411,INV0000425,CUST00060,2024-11-26,29.0,Successful,Debit Card
PAY0000412,INV0000426,CUST00060,2024-12-17,29.0,Successful,Bank Transfer
PAY0000413,INV0000427,CUST00060,2025-01-20,29.0,Successful,Credit Card
PAY0000414,INV0000428,CUST00060,2025-02-15,79.0,Successful,Credit Card
PAY0000415,INV0000429,CUST00061,2025-07-16,295.8,Successful,ACH
PAY0000416,INV0000430,CUST00062,2025-11-21,2029.8,Successful,Bank Transfer
PAY0000417,INV0000431,CUST00063,2024-05-20,199.0,Successful,Bank Transfer
PAY0000418,INV0000432,CUST00063,2024-06-30,199.0,Successful,Credit Card
PAY0000419,INV0000433,CUST00063,2024-07-19,199.0,Successful,Debit Card
PAY0000420,INV0000434,CUST00063,2024-08-23,199.0,Successful,ACH
PAY0000421,INV0000435,CUST00063,2024-09-22,199.0,Successful,Bank Transfer
PAY0000422,INV0000436,CUST00063,2024-10-25,199.0,Successful,Credit Card
PAY0000423,INV0000437,CUST00064,2024-10-20,199.0,Successful,Bank Transfer
PAY0000424,INV0000438,CUST00064,2024-11-18,199.0,Successful,Credit Card
PAY0000425,INV0000439,CUST00064,2024-12-12,199.0,Successful,Debit Card
PAY0000426,INV0000440,CUST00064,2025-01-08,199.0,Successful,Bank Transfer
PAY0000427,INV0000441,CUST00064,2025-02-20,199.0,Successful,ACH
PAY0000428,INV0000442,CUST00064,2025-03-15,199.0,Failed,Debit Card
PAY0000429,INV0000443,CUST00064,2025-04-11,199.0,Successful,Credit Card
PAY0000430,INV0000444,CUST00064,2025-05-14,199.0,Successful,ACH
PAY0000431,INV0000445,CUST00064,2025-06-09,199.0,Successful,Credit Card
PAY0000432,INV0000446,CUST00064,2025-07-13,199.0,Successful,Credit Card
PAY0000433,INV0000447,CUST00064,2025-08-10,199.0,Successful,Debit Card
PAY0000434,INV0000448,CUST00064,2025-09-10,199.0,Successful,Bank Transfer
PAY0000435,INV0000449,CUST00064,2025-10-08,199.0,Successful,Bank Transfer
PAY0000436,INV0000450,CUST00064,2025-11-17,199.0,Successful,Credit Card
PAY0000437,INV0000451,CUST00064,2025-12-19,199.0,Successful,ACH
PAY0000438,INV0000452,CUST00065,2025-12-13,79.0,Successful,ACH
PAY0000439,INV0000453,CUST00066,2024-03-05,295.8,Successful,Debit Card
PAY0000440,INV0000454,CUST00067,2024-01-13,29.0,Successful,Debit Card
PAY0000441,INV0000455,CUST00067,2024-02-08,29.0,Successful,Credit Card
PAY0000442,INV0000456,CUST00067,2024-03-14,29.0,Successful,Debit Card
PAY0000443,INV0000457,CUST00067,2024-04-06,29.0,Successful,Bank Transfer
PAY0000444,INV0000458,CUST00067,2024-05-16,29.0,Successful,Bank Transfer
PAY0000445,INV0000459,CUST00067,2024-06-18,29.0,Successful,Debit Card
PAY0000446,INV0000460,CUST00067,2024-07-15,29.0,Successful,Bank Transfer
PAY0000447,INV0000461,CUST00067,2024-08-10,29.0,Successful,Debit Card
PAY0000448,INV0000462,CUST00067,2024-09-07,29.0,Successful,Credit Card
PAY0000449,INV0000463,CUST00067,2024-10-13,29.0,Successful,Debit Card
PAY0000450,INV0000464,CUST00067,2024-11-19,29.0,Successful,ACH
PAY0000451,INV0000465,CUST00067,2024-12-13,29.0,Successful,Credit Card
PAY0000452,INV0000466,CUST00067,2025-01-15,29.0,Successful,ACH
PAY0000453,INV0000467,CUST00067,2025-02-09,29.0,Successful,Credit Card
PAY0000454,INV0000468,CUST00067,2025-03-07,79.0,Successful,Debit Card
PAY0000455,INV0000469,CUST00067,2025-04-14,79.0,Successful,ACH
PAY0000456,INV0000470,CUST00067,2025-05-14,79.0,Refunded,Credit Card
PAY0000457,INV0000472,CUST00068,2024-06-27,79.0,Successful,Debit Card
PAY0000458,INV0000473,CUST00068,2024-07-21,79.0,Successful,Credit Card
PAY0000459,INV0000474,CUST00068,2024-08-25,79.0,Successful,ACH
PAY0000460,INV0000475,CUST00068,2024-09-27,79.0,Successful,Bank Transfer
PAY0000461,INV0000476,CUST00068,2024-10-16,79.0,Successful,Debit Card
PAY0000462,INV0000477,CUST00068,2024-11-22,79.0,Successful,ACH
PAY0000463,INV0000478,CUST00068,2024-12-20,79.0,Successful,ACH
PAY0000464,INV0000479,CUST00068,2025-01-28,79.0,Successful,Bank Transfer
PAY0000465,INV0000480,CUST00068,2025-02-20,79.0,Successful,Credit Card
PAY0000466,INV0000481,CUST00068,2025-03-22,79.0,Successful,Bank Transfer
PAY0000467,INV0000482,CUST00068,2025-04-16,79.0,Successful,Bank Transfer
PAY0000468,INV0000483,CUST00068,2025-05-21,79.0,Successful,Debit Card
PAY0000469,INV0000484,CUST00068,2025-06-29,79.0,Successful,ACH
PAY0000470,INV0000485,CUST00068,2025-07-17,79.0,Successful,Bank Transfer
PAY0000471,INV0000486,CUST00068,2025-08-19,79.0,Successful,Credit Card
PAY0000472,INV0000487,CUST00068,2025-09-23,79.0,Successful,Debit Card
PAY0000473,INV0000488,CUST00068,2025-10-20,79.0,Refunded,ACH
PAY0000474,INV0000489,CUST00068,2025-11-29,79.0,Successful,Bank Transfer
PAY0000475,INV0000490,CUST00068,2025-12-15,79.0,Successful,Bank Transfer
PAY0000476,INV0000491,CUST00069,2024-04-29,29.0,Successful,Bank Transfer
PAY0000477,INV0000492,CUST00069,2024-05-31,29.0,Successful,Debit Card
PAY0000478,INV0000493,CUST00069,2024-06-29,29.0,Successful,Bank Transfer
PAY0000479,INV0000494,CUST00069,2024-07-29,29.0,Successful,Credit Card
PAY0000480,INV0000495,CUST00069,2024-08-26,29.0,Successful,ACH
PAY0000481,INV0000496,CUST00069,2024-09-30,29.0,Successful,Debit Card
PAY0000482,INV0000497,CUST00069,2024-10-31,29.0,Successful,Credit Card
PAY0000483,INV0000498,CUST00069,2024-12-09,29.0,Successful,Bank Transfer
PAY0000484,INV0000499,CUST00069,2024-12-27,29.0,Successful,Debit Card
PAY0000485,INV0000500,CUST00069,2025-02-03,29.0,Successful,Bank Transfer
PAY0000486,INV0000501,CUST00069,2025-03-08,29.0,Successful,ACH
PAY0000487,INV0000502,CUST00069,2025-04-02,29.0,Successful,ACH
PAY0000488,INV0000503,CUST00069,2025-04-25,29.0,Successful,Credit Card
PAY0000489,INV0000504,CUST00069,2025-06-03,29.0,Successful,Credit Card
PAY0000490,INV0000505,CUST00069,2025-06-29,29.0,Successful,Debit Card
PAY0000491,INV0000506,CUST00069,2025-08-03,29.0,Successful,Bank Transfer
PAY0000492,INV0000507,CUST00069,2025-09-04,29.0,Successful,Credit Card
PAY0000493,INV0000508,CUST00069,2025-10-02,29.0,Successful,Debit Card
PAY0000494,INV0000509,CUST00070,2025-01-17,199.0,Successful,Bank Transfer
PAY0000495,INV0000510,CUST00070,2025-02-25,199.0,Successful,Debit Card
PAY0000496,INV0000511,CUST00070,2025-03-22,199.0,Successful,Bank Transfer
PAY0000497,INV0000512,CUST00070,2025-04-19,199.0,Successful,Bank Transfer
PAY0000498,INV0000513,CUST00070,2025-05-19,199.0,Successful,ACH
PAY0000499,INV0000514,CUST00070,2025-06-17,199.0,Successful,ACH
PAY0000500,INV0000515,CUST00070,2025-07-17,199.0,Successful,ACH
PAY0000501,INV0000516,CUST00070,2025-08-25,199.0,Successful,Bank Transfer
PAY0000502,INV0000517,CUST00070,2025-09-19,199.0,Successful,ACH
PAY0000503,INV0000518,CUST00070,2025-10-23,199.0,Successful,Bank Transfer
PAY0000504,INV0000519,CUST00070,2025-11-20,199.0,Successful,Debit Card
PAY0000505,INV0000520,CUST00070,2025-12-18,199.0,Successful,Credit Card
PAY0000506,INV0000521,CUST00071,2024-11-19,29.0,Successful,Bank Transfer
PAY0000507,INV0000522,CUST00071,2024-12-25,29.0,Successful,ACH
PAY0000508,INV0000523,CUST00071,2025-01-21,29.0,Successful,Debit Card
PAY0000509,INV0000524,CUST00071,2025-02-22,29.0,Successful,Debit Card
PAY0000510,INV0000525,CUST00071,2025-03-12,29.0,Successful,ACH
PAY0000511,INV0000526,CUST00071,2025-04-13,29.0,Successful,Debit Card
PAY0000512,INV0000527,CUST00071,2025-05-26,29.0,Successful,Debit Card
PAY0000513,INV0000528,CUST00071,2025-06-26,29.0,Successful,Bank Transfer
PAY0000514,INV0000529,CUST00071,2025-07-15,29.0,Successful,ACH
PAY0000515,INV0000530,CUST00071,2025-08-22,29.0,Successful,Credit Card
PAY0000516,INV0000531,CUST00071,2025-09-15,29.0,Successful,Credit Card
PAY0000517,INV0000532,CUST00071,2025-10-14,29.0,Successful,Debit Card
PAY0000518,INV0000533,CUST00072,2025-01-02,199.0,Successful,Bank Transfer
PAY0000519,INV0000534,CUST00072,2025-02-04,199.0,Successful,ACH
PAY0000520,INV0000535,CUST00072,2025-03-02,199.0,Successful,Credit Card
PAY0000521,INV0000536,CUST00072,2025-04-07,199.0,Successful,Bank Transfer
PAY0000522,INV0000537,CUST00072,2025-05-04,199.0,Successful,Bank Transfer
PAY0000523,INV0000538,CUST00072,2025-06-14,199.0,Successful,Debit Card
PAY0000524,INV0000539,CUST00072,2025-07-12,199.0,Successful,Debit Card
PAY0000525,INV0000540,CUST00072,2025-08-16,199.0,Successful,ACH
PAY0000526,INV0000541,CUST00072,2025-09-14,199.0,Successful,Bank Transfer
PAY0000527,INV0000542,CUST00072,2025-10-10,199.0,Successful,Bank Transfer
PAY0000528,INV0000543,CUST00072,2025-11-04,199.0,Successful,Bank Transfer
PAY0000529,INV0000544,CUST00072,2025-12-05,199.0,Failed,Bank Transfer
PAY0000530,INV0000545,CUST00073,2025-08-09,29.0,Successful,ACH
PAY0000531,INV0000546,CUST00073,2025-09-08,29.0,Successful,ACH
PAY0000532,INV0000547,CUST00073,2025-10-09,29.0,Successful,Credit Card
PAY0000533,INV0000548,CUST00073,2025-10-30,29.0,Successful,ACH
PAY0000534,INV0000549,CUST00073,2025-12-08,29.0,Successful,ACH
PAY0000535,INV0000550,CUST00073,2025-12-31,29.0,Successful,Debit Card
PAY0000536,INV0000551,CUST00074,2024-09-07,199.0,Successful,ACH
PAY0000537,INV0000552,CUST00074,2024-10-09,199.0,Successful,Debit Card
PAY0000538,INV0000553,CUST00074,2024-11-10,199.0,Successful,Credit Card
PAY0000539,INV0000554,CUST00074,2024-12-09,199.0,Successful,Credit Card
PAY0000540,INV0000555,CUST00074,2025-01-01,199.0,Successful,Debit Card
PAY0000541,INV0000556,CUST00074,2025-02-02,199.0,Successful,Bank Transfer
PAY0000542,INV0000557,CUST00075,2024-01-30,2029.8,Successful,Bank Transfer
PAY0000543,INV0000558,CUST00075,2025-02-04,2029.8,Successful,Credit Card
PAY0000544,INV0000559,CUST00076,2025-11-25,79.0,Successful,Credit Card
PAY0000545,INV0000560,CUST00076,2025-12-27,79.0,Successful,Credit Card
PAY0000546,INV0000561,CUST00077,2026-01-02,29.0,Failed,Debit Card
PAY0000547,INV0000562,CUST00078,2024-08-16,79.0,Successful,Credit Card
PAY0000548,INV0000563,CUST00078,2024-09-16,79.0,Successful,Credit Card
PAY0000549,INV0000564,CUST00078,2024-10-23,79.0,Failed,Bank Transfer
PAY0000550,INV0000565,CUST00078,2024-11-18,79.0,Successful,Bank Transfer
PAY0000551,INV0000566,CUST00078,2024-12-30,79.0,Successful,Bank Transfer
PAY0000552,INV0000567,CUST00078,2025-01-26,79.0,Successful,Debit Card
PAY0000553,INV0000568,CUST00078,2025-02-21,79.0,Successful,Bank Transfer
PAY0000554,INV0000569,CUST00078,2025-03-27,79.0,Successful,Credit Card
PAY0000555,INV0000570,CUST00078,2025-04-20,79.0,Successful,Bank Transfer
PAY0000556,INV0000571,CUST00078,2025-05-29,79.0,Successful,Bank Transfer
PAY0000557,INV0000572,CUST00078,2025-06-20,79.0,Successful,Credit Card
PAY0000558,INV0000573,CUST00078,2025-07-30,79.0,Successful,Credit Card
PAY0000559,INV0000574,CUST00078,2025-08-17,79.0,Successful,Credit Card
PAY0000560,INV0000575,CUST00078,2025-09-26,79.0,Successful,Credit Card
PAY0000561,INV0000576,CUST00078,2025-10-16,79.0,Successful,Debit Card
PAY0000562,INV0000577,CUST00078,2025-11-28,79.0,Successful,Credit Card
PAY0000563,INV0000578,CUST00078,2025-12-20,79.0,Successful,ACH
PAY0000564,INV0000579,CUST00079,2024-08-29,29.0,Successful,ACH
PAY0000565,INV0000580,CUST00079,2024-10-01,29.0,Successful,Debit Card
PAY0000566,INV0000581,CUST00079,2024-10-21,29.0,Successful,Debit Card
PAY0000567,INV0000582,CUST00079,2024-11-23,29.0,Successful,Credit Card
PAY0000568,INV0000583,CUST00079,2024-12-27,29.0,Successful,ACH
PAY0000569,INV0000584,CUST00079,2025-01-23,29.0,Successful,Bank Transfer
PAY0000570,INV0000585,CUST00079,2025-02-25,29.0,Successful,Debit Card
PAY0000571,INV0000586,CUST00079,2025-03-28,29.0,Successful,Bank Transfer
PAY0000572,INV0000587,CUST00079,2025-04-25,29.0,Successful,Bank Transfer
PAY0000573,INV0000588,CUST00079,2025-05-19,29.0,Successful,ACH
PAY0000574,INV0000589,CUST00079,2025-06-27,29.0,Successful,Bank Transfer
PAY0000575,INV0000590,CUST00079,2025-07-18,29.0,Successful,Debit Card
PAY0000576,INV0000591,CUST00079,2025-08-31,29.0,Successful,Credit Card
PAY0000577,INV0000592,CUST00079,2025-09-20,29.0,Successful,Debit Card
PAY0000578,INV0000593,CUST00079,2025-10-30,29.0,Successful,ACH
PAY0000579,INV0000594,CUST00079,2025-11-17,29.0,Successful,Debit Card
PAY0000580,INV0000595,CUST00079,2025-12-18,29.0,Successful,Bank Transfer
PAY0000581,INV0000596,CUST00080,2024-03-24,29.0,Successful,Debit Card
PAY0000582,INV0000597,CUST00080,2024-04-16,29.0,Successful,ACH
PAY0000583,INV0000598,CUST00080,2024-05-21,79.0,Successful,ACH
PAY0000584,INV0000599,CUST00080,2024-06-21,79.0,Successful,Bank Transfer
PAY0000585,INV0000600,CUST00080,2024-07-24,79.0,Successful,ACH
PAY0000586,INV0000601,CUST00080,2024-08-18,79.0,Successful,Credit Card
PAY0000587,INV0000602,CUST00081,2025-11-30,79.0,Successful,Credit Card
PAY0000588,INV0000603,CUST00081,2026-01-10,79.0,Successful,Bank Transfer
PAY0000589,INV0000604,CUST00082,2024-05-02,29.0,Successful,Bank Transfer
PAY0000590,INV0000605,CUST00082,2024-06-01,29.0,Successful,ACH
PAY0000591,INV0000606,CUST00082,2024-07-12,29.0,Successful,Bank Transfer
PAY0000592,INV0000607,CUST00082,2024-08-09,29.0,Successful,Debit Card
PAY0000593,INV0000608,CUST00082,2024-09-06,29.0,Successful,Credit Card
PAY0000594,INV0000609,CUST00082,2024-10-12,29.0,Successful,Credit Card
PAY0000595,INV0000610,CUST00082,2024-11-04,29.0,Successful,Debit Card
PAY0000596,INV0000612,CUST00082,2025-01-01,29.0,Successful,ACH
PAY0000597,INV0000614,CUST00082,2025-03-15,29.0,Successful,Bank Transfer
PAY0000598,INV0000615,CUST00082,2025-03-29,29.0,Failed,Bank Transfer
PAY0000599,INV0000616,CUST00083,2024-02-24,805.8,Successful,ACH
PAY0000600,INV0000617,CUST00084,2025-03-27,29.0,Failed,Bank Transfer
PAY0000601,INV0000618,CUST00084,2025-05-07,29.0,Successful,Credit Card
PAY0000602,INV0000619,CUST00084,2025-05-26,29.0,Successful,ACH
PAY0000603,INV0000620,CUST00084,2025-06-27,29.0,Successful,Credit Card
PAY0000604,INV0000621,CUST00084,2025-07-29,29.0,Successful,Debit Card
PAY0000605,INV0000622,CUST00084,2025-08-26,29.0,Successful,Credit Card
PAY0000606,INV0000623,CUST00084,2025-10-06,29.0,Successful,Credit Card
PAY0000607,INV0000624,CUST00084,2025-10-29,29.0,Successful,Bank Transfer
PAY0000608,INV0000625,CUST00084,2025-12-07,29.0,Failed,Debit Card
PAY0000609,INV0000627,CUST00085,2024-09-28,29.0,Successful,Credit Card
PAY0000610,INV0000628,CUST00085,2024-11-01,29.0,Refunded,Debit Card
PAY0000611,INV0000629,CUST00085,2024-11-29,29.0,Successful,Bank Transfer
PAY0000612,INV0000630,CUST00085,2025-01-01,29.0,Successful,ACH
PAY0000613,INV0000631,CUST00085,2025-01-27,29.0,Successful,Debit Card
PAY0000614,INV0000632,CUST00085,2025-02-23,29.0,Failed,Debit Card
PAY0000615,INV0000633,CUST00085,2025-03-30,29.0,Successful,Bank Transfer
PAY0000616,INV0000634,CUST00085,2025-04-22,29.0,Successful,Debit Card
PAY0000617,INV0000635,CUST00085,2025-05-31,29.0,Successful,ACH
PAY0000618,INV0000636,CUST00085,2025-06-29,29.0,Successful,Credit Card
PAY0000619,INV0000637,CUST00085,2025-07-23,29.0,Successful,Bank Transfer
PAY0000620,INV0000638,CUST00085,2025-08-19,29.0,Successful,Bank Transfer
PAY0000621,INV0000639,CUST00085,2025-09-23,29.0,Failed,ACH
PAY0000622,INV0000640,CUST00085,2025-10-25,29.0,Successful,ACH
PAY0000623,INV0000641,CUST00085,2025-11-24,29.0,Successful,Bank Transfer
PAY0000624,INV0000643,CUST00086,2025-01-20,29.0,Successful,Credit Card
PAY0000625,INV0000645,CUST00086,2025-03-19,29.0,Successful,Debit Card
PAY0000626,INV0000646,CUST00087,2025-11-16,2029.8,Successful,Credit Card
PAY0000627,INV0000647,CUST00088,2025-11-28,199.0,Successful,ACH
PAY0000628,INV0000648,CUST00088,2025-12-15,199.0,Successful,Debit Card
PAY0000629,INV0000649,CUST00089,2024-07-24,29.0,Successful,Bank Transfer
PAY0000630,INV0000650,CUST00089,2024-08-17,29.0,Successful,Credit Card
PAY0000631,INV0000651,CUST00089,2024-09-28,29.0,Successful,Bank Transfer
PAY0000632,INV0000652,CUST00089,2024-10-30,29.0,Successful,Credit Card
PAY0000633,INV0000653,CUST00089,2024-11-24,29.0,Successful,Debit Card
PAY0000634,INV0000654,CUST00089,2024-12-18,29.0,Successful,Debit Card
PAY0000635,INV0000655,CUST00089,2025-01-20,29.0,Successful,Debit Card
PAY0000636,INV0000657,CUST00089,2025-03-22,29.0,Successful,Credit Card
PAY0000637,INV0000658,CUST00089,2025-04-19,29.0,Successful,Bank Transfer
PAY0000638,INV0000659,CUST00089,2025-05-19,29.0,Successful,Debit Card
PAY0000639,INV0000660,CUST00089,2025-06-22,29.0,Successful,Bank Transfer
PAY0000640,INV0000661,CUST00089,2025-07-21,29.0,Successful,Bank Transfer
PAY0000641,INV0000662,CUST00089,2025-08-29,29.0,Successful,Debit Card
PAY0000642,INV0000663,CUST00089,2025-09-25,29.0,Successful,Debit Card
PAY0000643,INV0000664,CUST00089,2025-10-18,29.0,Successful,ACH
PAY0000644,INV0000665,CUST00089,2025-11-27,29.0,Successful,Debit Card
PAY0000645,INV0000666,CUST00089,2025-12-20,29.0,Successful,Bank Transfer
PAY0000646,INV0000667,CUST00090,2025-10-07,805.8,Successful,Debit Card
PAY0000647,INV0000668,CUST00091,2024-11-16,29.0,Failed,Bank Transfer
PAY0000648,INV0000669,CUST00091,2024-12-11,29.0,Successful,ACH
PAY0000649,INV0000670,CUST00091,2025-01-09,29.0,Successful,Bank Transfer
PAY0000650,INV0000671,CUST00091,2025-02-10,79.0,Successful,Debit Card
PAY0000651,INV0000672,CUST00091,2025-03-10,79.0,Successful,Bank Transfer
PAY0000652,INV0000674,CUST00092,2025-04-29,199.0,Successful,Bank Transfer
PAY0000653,INV0000675,CUST00092,2025-06-03,199.0,Successful,Credit Card
PAY0000654,INV0000676,CUST00092,2025-06-25,199.0,Successful,ACH
PAY0000655,INV0000677,CUST00092,2025-07-31,199.0,Refunded,Bank Transfer
PAY0000656,INV0000678,CUST00092,2025-08-27,199.0,Successful,Bank Transfer
PAY0000657,INV0000679,CUST00092,2025-09-23,199.0,Successful,Debit Card
PAY0000658,INV0000680,CUST00092,2025-10-28,199.0,Successful,Debit Card
PAY0000659,INV0000681,CUST00092,2025-11-22,199.0,Successful,ACH
PAY0000660,INV0000682,CUST00092,2025-12-23,199.0,Successful,Debit Card
PAY0000661,INV0000683,CUST00093,2024-06-28,295.8,Successful,Debit Card
PAY0000662,INV0000684,CUST00093,2025-06-28,295.8,Successful,Bank Transfer
PAY0000663,INV0000685,CUST00094,2024-04-13,2029.8,Successful,ACH
PAY0000664,INV0000686,CUST00094,2025-04-20,2029.8,Successful,Credit Card
PAY0000665,INV0000687,CUST00095,2024-08-29,29.0,Successful,Debit Card
PAY0000666,INV0000688,CUST00095,2024-09-30,29.0,Successful,Debit Card
PAY0000667,INV0000689,CUST00095,2024-10-24,79.0,Successful,Bank Transfer
PAY0000668,INV0000690,CUST00095,2024-11-25,79.0,Successful,Debit Card
PAY0000669,INV0000691,CUST00095,2024-12-25,79.0,Successful,Debit Card
PAY0000670,INV0000692,CUST00095,2025-01-25,79.0,Successful,Debit Card
PAY0000671,INV0000693,CUST00095,2025-03-03,79.0,Successful,Credit Card
PAY0000672,INV0000694,CUST00095,2025-03-31,79.0,Successful,Debit Card
PAY0000673,INV0000695,CUST00095,2025-04-22,79.0,Successful,ACH
PAY0000674,INV0000696,CUST00095,2025-05-26,79.0,Successful,ACH
PAY0000675,INV0000697,CUST00095,2025-06-28,79.0,Successful,Credit Card
PAY0000676,INV0000698,CUST00095,2025-08-01,79.0,Successful,Debit Card
PAY0000677,INV0000699,CUST00096,2025-05-13,2029.8,Successful,Credit Card
PAY0000678,INV0000700,CUST00097,2025-10-12,295.8,Successful,ACH
PAY0000679,INV0000701,CUST00098,2025-02-19,2029.8,Successful,Bank Transfer
PAY0000680,INV0000702,CUST00099,2025-03-14,199.0,Successful,Bank Transfer
PAY0000681,INV0000703,CUST00099,2025-04-22,199.0,Successful,Debit Card
PAY0000682,INV0000704,CUST00099,2025-05-19,199.0,Successful,Debit Card
PAY0000683,INV0000705,CUST00099,2025-06-19,199.0,Successful,ACH
PAY0000684,INV0000706,CUST00099,2025-07-19,199.0,Successful,Bank Transfer
PAY0000685,INV0000707,CUST00099,2025-08-20,199.0,Successful,Bank Transfer
PAY0000686,INV0000708,CUST00099,2025-09-18,199.0,Successful,Bank Transfer
PAY0000687,INV0000709,CUST00099,2025-10-13,199.0,Successful,Debit Card
PAY0000688,INV0000710,CUST00099,2025-11-16,199.0,Successful,ACH
PAY0000689,INV0000711,CUST00099,2025-12-19,199.0,Successful,Bank Transfer
PAY0000690,INV0000712,CUST00100,2024-02-23,79.0,Successful,ACH
PAY0000691,INV0000713,CUST00100,2024-04-04,79.0,Successful,Credit Card
PAY0000692,INV0000714,CUST00100,2024-04-29,79.0,Successful,Bank Transfer
PAY0000693,INV0000715,CUST00100,2024-06-04,79.0,Successful,Debit Card
PAY0000694,INV0000716,CUST00100,2024-06-22,79.0,Successful,ACH
PAY0000695,INV0000717,CUST00100,2024-07-23,79.0,Successful,Credit Card
PAY0000696,INV0000718,CUST00101,2025-04-24,295.8,Successful,ACH
PAY0000697,INV0000719,CUST00102,2025-09-29,79.0,Successful,Debit Card
PAY0000698,INV0000720,CUST00102,2025-11-01,79.0,Successful,Debit Card
PAY0000699,INV0000721,CUST00102,2025-11-29,79.0,Successful,ACH
PAY0000700,INV0000722,CUST00102,2025-12-22,79.0,Successful,ACH
PAY0000701,INV0000723,CUST00103,2024-06-16,295.8,Successful,Credit Card
PAY0000702,INV0000724,CUST00104,2025-10-27,295.8,Successful,Credit Card
PAY0000703,INV0000725,CUST00105,2024-10-22,29.0,Successful,Debit Card
PAY0000704,INV0000726,CUST00105,2024-11-20,29.0,Successful,Debit Card
PAY0000705,INV0000727,CUST00105,2024-12-19,29.0,Successful,Debit Card
PAY0000706,INV0000728,CUST00105,2025-01-13,29.0,Successful,Bank Transfer
PAY0000707,INV0000729,CUST00105,2025-02-19,29.0,Successful,Credit Card
PAY0000708,INV0000730,CUST00105,2025-03-20,29.0,Successful,ACH
PAY0000709,INV0000731,CUST00105,2025-04-16,29.0,Successful,Credit Card
PAY0000710,INV0000732,CUST00105,2025-05-22,29.0,Successful,Bank Transfer
PAY0000711,INV0000733,CUST00105,2025-06-20,29.0,Successful,Credit Card
PAY0000712,INV0000734,CUST00105,2025-07-15,29.0,Successful,Bank Transfer
PAY0000713,INV0000735,CUST00105,2025-08-16,29.0,Successful,ACH
PAY0000714,INV0000736,CUST00105,2025-09-18,29.0,Successful,Bank Transfer
PAY0000715,INV0000737,CUST00105,2025-10-23,29.0,Successful,Credit Card
PAY0000716,INV0000738,CUST00105,2025-11-23,29.0,Successful,Bank Transfer
PAY0000717,INV0000739,CUST00105,2025-12-23,29.0,Successful,Debit Card
PAY0000718,INV0000740,CUST00106,2024-12-10,29.0,Successful,Bank Transfer
PAY0000719,INV0000741,CUST00106,2025-01-21,29.0,Successful,ACH
PAY0000720,INV0000742,CUST00106,2025-02-24,29.0,Successful,Credit Card
PAY0000721,INV0000743,CUST00106,2025-03-14,29.0,Successful,Debit Card
PAY0000722,INV0000744,CUST00106,2025-04-24,29.0,Successful,Debit Card
PAY0000723,INV0000745,CUST00106,2025-05-11,29.0,Successful,Credit Card
PAY0000724,INV0000746,CUST00106,2025-06-11,29.0,Successful,Debit Card
PAY0000725,INV0000747,CUST00106,2025-07-17,29.0,Failed,ACH
PAY0000726,INV0000748,CUST00106,2025-08-23,29.0,Successful,Debit Card
PAY0000727,INV0000749,CUST00106,2025-09-13,29.0,Successful,Credit Card
PAY0000728,INV0000750,CUST00106,2025-10-15,29.0,Successful,Debit Card
PAY0000729,INV0000751,CUST00106,2025-11-23,29.0,Successful,Debit Card
PAY0000730,INV0000752,CUST00107,2024-09-04,79.0,Successful,Credit Card
PAY0000731,INV0000753,CUST00107,2024-09-27,79.0,Successful,Debit Card
PAY0000732,INV0000754,CUST00107,2024-10-27,79.0,Successful,Bank Transfer
PAY0000733,INV0000755,CUST00107,2024-11-26,79.0,Successful,Debit Card
PAY0000734,INV0000756,CUST00107,2025-01-03,79.0,Successful,ACH
PAY0000735,INV0000757,CUST00107,2025-01-30,79.0,Successful,Debit Card
PAY0000736,INV0000758,CUST00107,2025-02-26,79.0,Successful,ACH
PAY0000737,INV0000759,CUST00107,2025-04-05,79.0,Failed,ACH
PAY0000738,INV0000760,CUST00107,2025-05-04,79.0,Successful,Bank Transfer
PAY0000739,INV0000761,CUST00107,2025-05-25,79.0,Successful,Debit Card
PAY0000740,INV0000762,CUST00107,2025-06-26,79.0,Successful,Credit Card
PAY0000741,INV0000763,CUST00107,2025-07-25,79.0,Successful,ACH
PAY0000742,INV0000764,CUST00107,2025-09-07,79.0,Successful,Bank Transfer
PAY0000743,INV0000765,CUST00107,2025-10-05,79.0,Successful,Bank Transfer
PAY0000744,INV0000766,CUST00107,2025-11-06,79.0,Successful,Credit Card
PAY0000745,INV0000767,CUST00107,2025-12-09,79.0,Successful,Credit Card
PAY0000746,INV0000768,CUST00107,2025-12-31,79.0,Successful,Bank Transfer
PAY0000747,INV0000769,CUST00108,2025-03-07,295.8,Successful,Debit Card
PAY0000748,INV0000770,CUST00109,2024-08-04,79.0,Successful,Debit Card
PAY0000749,INV0000771,CUST00109,2024-09-02,79.0,Successful,Bank Transfer
PAY0000750,INV0000772,CUST00109,2024-10-13,79.0,Successful,Credit Card
PAY0000751,INV0000773,CUST00109,2024-11-06,79.0,Successful,Debit Card
PAY0000752,INV0000774,CUST00109,2024-12-15,79.0,Successful,Bank Transfer
PAY0000753,INV0000775,CUST00109,2025-01-09,79.0,Successful,ACH
PAY0000754,INV0000776,CUST00109,2025-02-10,79.0,Successful,Credit Card
PAY0000755,INV0000777,CUST00109,2025-03-15,79.0,Successful,Credit Card
PAY0000756,INV0000778,CUST00109,2025-04-03,79.0,Successful,ACH
PAY0000757,INV0000779,CUST00109,2025-05-01,79.0,Successful,ACH
PAY0000758,INV0000780,CUST00109,2025-05-30,79.0,Successful,Credit Card
PAY0000759,INV0000781,CUST00109,2025-07-05,79.0,Successful,Credit Card
PAY0000760,INV0000782,CUST00109,2025-08-07,79.0,Successful,Bank Transfer
PAY0000761,INV0000783,CUST00109,2025-09-03,79.0,Successful,Debit Card
PAY0000762,INV0000784,CUST00109,2025-10-03,79.0,Successful,Credit Card
PAY0000763,INV0000785,CUST00109,2025-11-06,79.0,Failed,Credit Card
PAY0000764,INV0000786,CUST00109,2025-12-06,79.0,Successful,Debit Card
PAY0000765,INV0000787,CUST00109,2026-01-11,79.0,Failed,Bank Transfer
PAY0000766,INV0000788,CUST00110,2025-08-16,199.0,Successful,ACH
PAY0000767,INV0000789,CUST00110,2025-09-14,199.0,Successful,Credit Card
PAY0000768,INV0000790,CUST00110,2025-10-27,199.0,Successful,Debit Card
PAY0000769,INV0000791,CUST00110,2025-11-13,199.0,Successful,Credit Card
PAY0000770,INV0000792,CUST00110,2025-12-26,199.0,Successful,ACH
PAY0000771,INV0000793,CUST00111,2025-02-12,79.0,Successful,ACH
PAY0000772,INV0000794,CUST00111,2025-03-13,79.0,Successful,Debit Card
PAY0000773,INV0000795,CUST00111,2025-04-13,79.0,Successful,Debit Card
PAY0000774,INV0000796,CUST00111,2025-05-12,79.0,Successful,Debit Card
PAY0000775,INV0000797,CUST00111,2025-06-18,79.0,Successful,Debit Card
PAY0000776,INV0000798,CUST00111,2025-07-14,79.0,Successful,Credit Card
PAY0000777,INV0000799,CUST00111,2025-08-04,79.0,Successful,Bank Transfer
PAY0000778,INV0000800,CUST00111,2025-09-15,79.0,Successful,Debit Card
PAY0000779,INV0000801,CUST00111,2025-10-07,79.0,Successful,Credit Card
PAY0000780,INV0000802,CUST00111,2025-11-06,79.0,Successful,Credit Card
PAY0000781,INV0000803,CUST00111,2025-12-18,79.0,Successful,Bank Transfer
PAY0000782,INV0000804,CUST00112,2025-05-20,79.0,Successful,Credit Card
PAY0000783,INV0000805,CUST00112,2025-06-23,79.0,Successful,Bank Transfer
PAY0000784,INV0000807,CUST00112,2025-08-21,79.0,Successful,Debit Card
PAY0000785,INV0000808,CUST00112,2025-09-19,79.0,Successful,Bank Transfer
PAY0000786,INV0000809,CUST00112,2025-10-26,79.0,Successful,Bank Transfer
PAY0000787,INV0000810,CUST00112,2025-11-16,79.0,Successful,Debit Card
PAY0000788,INV0000811,CUST00112,2025-12-24,79.0,Successful,Credit Card
PAY0000789,INV0000812,CUST00113,2024-12-18,29.0,Successful,Credit Card
PAY0000790,INV0000813,CUST00113,2025-01-23,29.0,Successful,ACH
PAY0000791,INV0000814,CUST00113,2025-02-24,29.0,Successful,Debit Card
PAY0000792,INV0000815,CUST00113,2025-03-15,29.0,Successful,Credit Card
PAY0000793,INV0000816,CUST00113,2025-04-24,29.0,Successful,Credit Card
PAY0000794,INV0000817,CUST00113,2025-05-16,29.0,Successful,Credit Card
PAY0000795,INV0000818,CUST00113,2025-06-15,29.0,Successful,Debit Card
PAY0000796,INV0000819,CUST00113,2025-07-25,29.0,Successful,Bank Transfer
PAY0000797,INV0000820,CUST00113,2025-08-19,29.0,Successful,Bank Transfer
PAY0000798,INV0000821,CUST00113,2025-09-23,29.0,Successful,Credit Card
PAY0000799,INV0000823,CUST00113,2025-11-14,29.0,Successful,Bank Transfer
PAY0000800,INV0000824,CUST00114,2025-05-04,295.8,Successful,Credit Card
PAY0000801,INV0000825,CUST00115,2025-09-03,79.0,Successful,Credit Card
PAY0000802,INV0000826,CUST00115,2025-10-14,79.0,Successful,Bank Transfer
PAY0000803,INV0000827,CUST00115,2025-10-31,79.0,Successful,ACH
PAY0000804,INV0000828,CUST00115,2025-12-07,79.0,Successful,Bank Transfer
PAY0000805,INV0000829,CUST00115,2026-01-05,79.0,Successful,Bank Transfer
PAY0000806,INV0000830,CUST00116,2024-05-21,29.0,Successful,Debit Card
PAY0000807,INV0000831,CUST00116,2024-06-26,29.0,Successful,Credit Card
PAY0000808,INV0000832,CUST00116,2024-07-28,29.0,Successful,ACH
PAY0000809,INV0000833,CUST00116,2024-09-02,29.0,Successful,Credit Card
PAY0000810,INV0000835,CUST00116,2024-10-25,29.0,Successful,Debit Card
PAY0000811,INV0000836,CUST00116,2024-12-01,29.0,Successful,Credit Card
PAY0000812,INV0000837,CUST00116,2024-12-31,29.0,Successful,Bank Transfer
PAY0000813,INV0000838,CUST00116,2025-01-26,29.0,Successful,ACH
PAY0000814,INV0000839,CUST00116,2025-02-21,29.0,Failed,Debit Card
PAY0000815,INV0000840,CUST00116,2025-04-02,29.0,Successful,ACH
PAY0000816,INV0000841,CUST00116,2025-05-03,29.0,Successful,ACH
PAY0000817,INV0000842,CUST00117,2024-12-05,29.0,Successful,Credit Card
PAY0000818,INV0000843,CUST00117,2025-01-05,29.0,Successful,Credit Card
PAY0000819,INV0000844,CUST00117,2025-02-05,29.0,Successful,Bank Transfer
PAY0000820,INV0000845,CUST00117,2025-03-15,29.0,Successful,Debit Card
PAY0000821,INV0000846,CUST00117,2025-04-11,29.0,Successful,ACH
PAY0000822,INV0000847,CUST00117,2025-05-02,29.0,Successful,ACH
PAY0000823,INV0000848,CUST00117,2025-06-11,29.0,Successful,Debit Card
PAY0000824,INV0000849,CUST00117,2025-07-14,29.0,Successful,Bank Transfer
PAY0000825,INV0000850,CUST00117,2025-08-04,29.0,Successful,Credit Card
PAY0000826,INV0000851,CUST00117,2025-09-16,29.0,Successful,Credit Card
PAY0000827,INV0000852,CUST00117,2025-10-02,29.0,Successful,Debit Card
PAY0000828,INV0000853,CUST00117,2025-11-07,29.0,Successful,ACH
PAY0000829,INV0000854,CUST00118,2024-10-26,29.0,Successful,Debit Card
PAY0000830,INV0000855,CUST00118,2024-11-25,29.0,Successful,ACH
PAY0000831,INV0000856,CUST00118,2024-12-17,29.0,Successful,Bank Transfer
PAY0000832,INV0000857,CUST00118,2025-01-17,29.0,Successful,Debit Card
PAY0000833,INV0000858,CUST00118,2025-02-23,29.0,Successful,Bank Transfer
PAY0000834,INV0000859,CUST00118,2025-03-14,29.0,Successful,ACH
PAY0000835,INV0000860,CUST00118,2025-04-21,29.0,Successful,Bank Transfer
PAY0000836,INV0000861,CUST00118,2025-05-23,29.0,Successful,Debit Card
PAY0000837,INV0000862,CUST00118,2025-06-23,29.0,Successful,Bank Transfer
PAY0000838,INV0000863,CUST00118,2025-07-24,29.0,Successful,Credit Card
PAY0000839,INV0000864,CUST00118,2025-08-17,29.0,Successful,Debit Card
PAY0000840,INV0000865,CUST00118,2025-09-13,29.0,Successful,Debit Card
PAY0000841,INV0000866,CUST00118,2025-10-13,29.0,Successful,ACH
PAY0000842,INV0000867,CUST00118,2025-11-26,29.0,Successful,ACH
PAY0000843,INV0000868,CUST00118,2025-12-16,29.0,Successful,Credit Card
PAY0000844,INV0000869,CUST00119,2025-05-09,79.0,Successful,Credit Card
PAY0000845,INV0000870,CUST00119,2025-06-10,79.0,Successful,Bank Transfer
PAY0000846,INV0000871,CUST00119,2025-07-11,199.0,Successful,Bank Transfer
PAY0000847,INV0000872,CUST00119,2025-08-02,199.0,Successful,Bank Transfer
PAY0000848,INV0000873,CUST00119,2025-09-05,199.0,Successful,Debit Card
PAY0000849,INV0000874,CUST00119,2025-09-28,199.0,Successful,Credit Card
PAY0000850,INV0000875,CUST00120,2024-08-23,29.0,Successful,Credit Card
PAY0000851,INV0000877,CUST00120,2024-10-24,29.0,Successful,Credit Card
PAY0000852,INV0000878,CUST00120,2024-12-02,29.0,Successful,ACH
PAY0000853,INV0000879,CUST00120,2024-12-27,29.0,Successful,Credit Card
PAY0000854,INV0000880,CUST00120,2025-01-28,29.0,Successful,Bank Transfer
PAY0000855,INV0000881,CUST00120,2025-02-19,29.0,Successful,Debit Card
PAY0000856,INV0000882,CUST00120,2025-03-26,29.0,Successful,ACH
PAY0000857,INV0000883,CUST00120,2025-04-22,29.0,Successful,Credit Card
PAY0000858,INV0000884,CUST00120,2025-05-26,29.0,Successful,Debit Card
PAY0000859,INV0000885,CUST00120,2025-07-02,29.0,Failed,Credit Card
PAY0000860,INV0000886,CUST00120,2025-07-28,29.0,Successful,Bank Transfer
PAY0000861,INV0000887,CUST00120,2025-08-18,29.0,Successful,ACH
PAY0000862,INV0000888,CUST00120,2025-09-25,29.0,Successful,ACH
PAY0000863,INV0000889,CUST00120,2025-10-25,29.0,Successful,ACH
PAY0000864,INV0000890,CUST00120,2025-11-26,29.0,Successful,ACH
PAY0000865,INV0000891,CUST00120,2025-12-23,29.0,Successful,Credit Card
PAY0000866,INV0000892,CUST00121,2024-02-09,199.0,Successful,ACH
PAY0000867,INV0000893,CUST00121,2024-03-04,199.0,Successful,Credit Card
PAY0000868,INV0000895,CUST00121,2024-05-10,199.0,Successful,Debit Card
PAY0000869,INV0000896,CUST00121,2024-06-15,199.0,Successful,Bank Transfer
PAY0000870,INV0000897,CUST00121,2024-07-12,199.0,Successful,Bank Transfer
PAY0000871,INV0000898,CUST00122,2024-09-05,29.0,Successful,Credit Card
PAY0000872,INV0000899,CUST00122,2024-10-15,29.0,Successful,Debit Card
PAY0000873,INV0000900,CUST00122,2024-11-14,29.0,Successful,Debit Card
PAY0000874,INV0000901,CUST00122,2024-12-14,29.0,Successful,Credit Card
PAY0000875,INV0000902,CUST00122,2025-01-12,29.0,Successful,Debit Card
PAY0000876,INV0000903,CUST00122,2025-02-06,79.0,Successful,Credit Card
PAY0000877,INV0000905,CUST00122,2025-04-10,79.0,Successful,ACH
PAY0000878,INV0000906,CUST00122,2025-05-16,79.0,Successful,Bank Transfer
PAY0000879,INV0000907,CUST00122,2025-06-04,79.0,Successful,Credit Card
PAY0000880,INV0000908,CUST00122,2025-07-11,79.0,Successful,ACH
PAY0000881,INV0000909,CUST00122,2025-08-16,79.0,Successful,Bank Transfer
PAY0000882,INV0000910,CUST00123,2025-05-02,79.0,Successful,Bank Transfer
PAY0000883,INV0000911,CUST00123,2025-06-05,79.0,Successful,Debit Card
PAY0000884,INV0000912,CUST00123,2025-07-02,79.0,Successful,Credit Card
PAY0000885,INV0000913,CUST00123,2025-08-05,79.0,Successful,Debit Card
PAY0000886,INV0000914,CUST00123,2025-09-05,79.0,Successful,ACH
PAY0000887,INV0000915,CUST00123,2025-09-22,79.0,Successful,ACH
PAY0000888,INV0000916,CUST00123,2025-11-04,79.0,Successful,Credit Card
PAY0000889,INV0000917,CUST00123,2025-11-25,79.0,Successful,Bank Transfer
PAY0000890,INV0000918,CUST00123,2025-12-27,79.0,Successful,Bank Transfer
PAY0000891,INV0000919,CUST00124,2024-06-18,29.0,Successful,Debit Card
PAY0000892,INV0000920,CUST00124,2024-07-23,29.0,Successful,ACH
PAY0000893,INV0000921,CUST00124,2024-08-25,29.0,Successful,Credit Card
PAY0000894,INV0000922,CUST00124,2024-09-25,29.0,Successful,Credit Card
PAY0000895,INV0000923,CUST00124,2024-10-31,29.0,Successful,Credit Card
PAY0000896,INV0000924,CUST00124,2024-11-24,29.0,Successful,ACH
PAY0000897,INV0000925,CUST00124,2024-12-21,79.0,Successful,Bank Transfer
PAY0000898,INV0000926,CUST00124,2025-01-27,79.0,Successful,Credit Card
PAY0000899,INV0000927,CUST00124,2025-02-24,79.0,Successful,Debit Card
PAY0000900,INV0000928,CUST00124,2025-03-24,79.0,Successful,ACH
PAY0000901,INV0000929,CUST00124,2025-04-30,79.0,Successful,Credit Card
PAY0000902,INV0000930,CUST00124,2025-05-23,79.0,Refunded,Debit Card
PAY0000903,INV0000931,CUST00125,2025-08-23,79.0,Successful,Debit Card
PAY0000904,INV0000932,CUST00125,2025-09-19,79.0,Successful,Credit Card
PAY0000905,INV0000933,CUST00125,2025-10-15,79.0,Successful,Credit Card
PAY0000906,INV0000934,CUST00125,2025-11-22,79.0,Successful,ACH
PAY0000907,INV0000935,CUST00125,2025-12-24,79.0,Successful,Bank Transfer
PAY0000908,INV0000936,CUST00126,2024-04-01,79.0,Successful,ACH
PAY0000909,INV0000937,CUST00126,2024-04-23,79.0,Successful,Bank Transfer
PAY0000910,INV0000938,CUST00126,2024-05-19,79.0,Successful,ACH
PAY0000911,INV0000939,CUST00126,2024-06-28,79.0,Successful,ACH
PAY0000912,INV0000940,CUST00126,2024-07-26,79.0,Successful,ACH
PAY0000913,INV0000941,CUST00126,2024-09-01,79.0,Successful,ACH
PAY0000914,INV0000942,CUST00126,2024-09-27,79.0,Successful,Credit Card
PAY0000915,INV0000943,CUST00126,2024-10-31,79.0,Successful,Bank Transfer
PAY0000916,INV0000944,CUST00126,2024-11-29,79.0,Successful,Credit Card
PAY0000917,INV0000945,CUST00126,2024-12-23,79.0,Successful,Bank Transfer
PAY0000918,INV0000946,CUST00126,2025-01-30,79.0,Failed,Debit Card
PAY0000919,INV0000947,CUST00126,2025-03-02,199.0,Successful,Bank Transfer
PAY0000920,INV0000948,CUST00127,2025-12-25,199.0,Successful,ACH
PAY0000921,INV0000949,CUST00128,2025-08-16,805.8,Successful,Debit Card
PAY0000922,INV0000950,CUST00129,2024-03-19,79.0,Successful,ACH
PAY0000923,INV0000951,CUST00129,2024-04-20,79.0,Successful,Debit Card
PAY0000924,INV0000952,CUST00129,2024-05-26,79.0,Successful,Credit Card
PAY0000925,INV0000953,CUST00129,2024-06-15,79.0,Successful,ACH
PAY0000926,INV0000954,CUST00129,2024-07-26,79.0,Successful,ACH
PAY0000927,INV0000955,CUST00129,2024-08-19,79.0,Successful,Bank Transfer
PAY0000928,INV0000956,CUST00129,2024-09-26,79.0,Successful,Credit Card
PAY0000929,INV0000957,CUST00129,2024-10-15,79.0,Successful,Bank Transfer
PAY0000930,INV0000958,CUST00129,2024-11-18,79.0,Successful,Debit Card
PAY0000931,INV0000959,CUST00129,2024-12-15,79.0,Successful,Bank Transfer
PAY0000932,INV0000960,CUST00129,2025-01-25,79.0,Successful,Credit Card
PAY0000933,INV0000961,CUST00129,2025-02-22,79.0,Successful,ACH
PAY0000934,INV0000962,CUST00129,2025-03-12,79.0,Successful,Debit Card
PAY0000935,INV0000963,CUST00129,2025-04-14,79.0,Successful,Debit Card
PAY0000936,INV0000964,CUST00129,2025-05-24,79.0,Successful,Debit Card
PAY0000937,INV0000965,CUST00129,2025-06-22,79.0,Successful,Bank Transfer
PAY0000938,INV0000966,CUST00129,2025-07-18,79.0,Failed,Debit Card
PAY0000939,INV0000967,CUST00129,2025-08-12,79.0,Successful,Debit Card
PAY0000940,INV0000968,CUST00129,2025-09-26,79.0,Failed,Debit Card
PAY0000941,INV0000969,CUST00129,2025-10-26,79.0,Successful,Debit Card
PAY0000942,INV0000970,CUST00129,2025-11-20,79.0,Successful,Debit Card
PAY0000943,INV0000972,CUST00130,2025-05-31,295.8,Successful,Bank Transfer
PAY0000944,INV0000973,CUST00131,2026-01-04,79.0,Successful,Bank Transfer
PAY0000945,INV0000974,CUST00132,2025-09-25,79.0,Successful,Bank Transfer
PAY0000946,INV0000975,CUST00132,2025-10-26,79.0,Successful,Bank Transfer
PAY0000947,INV0000976,CUST00132,2025-12-07,79.0,Successful,Debit Card
PAY0000948,INV0000977,CUST00132,2025-12-23,79.0,Successful,Debit Card
PAY0000949,INV0000978,CUST00133,2025-04-03,79.0,Successful,Credit Card
PAY0000950,INV0000979,CUST00133,2025-05-03,79.0,Successful,Credit Card
PAY0000951,INV0000980,CUST00133,2025-05-23,79.0,Successful,Credit Card
PAY0000952,INV0000981,CUST00133,2025-07-07,79.0,Successful,Bank Transfer
PAY0000953,INV0000982,CUST00133,2025-07-31,79.0,Successful,Debit Card
PAY0000954,INV0000983,CUST00133,2025-09-02,79.0,Successful,ACH
PAY0000955,INV0000984,CUST00133,2025-09-24,79.0,Successful,ACH
PAY0000956,INV0000985,CUST00133,2025-11-03,79.0,Successful,Credit Card
PAY0000957,INV0000986,CUST00133,2025-12-02,79.0,Successful,Credit Card
PAY0000958,INV0000987,CUST00133,2025-12-30,79.0,Successful,Debit Card
PAY0000959,INV0000988,CUST00134,2024-04-12,29.0,Successful,Debit Card
PAY0000960,INV0000989,CUST00134,2024-05-06,29.0,Successful,Credit Card
PAY0000961,INV0000990,CUST00134,2024-06-13,29.0,Successful,Bank Transfer
PAY0000962,INV0000991,CUST00134,2024-06-30,29.0,Failed,Credit Card
PAY0000963,INV0000992,CUST00134,2024-08-12,29.0,Successful,Bank Transfer
PAY0000964,INV0000993,CUST00134,2024-08-31,29.0,Successful,Credit Card
PAY0000965,INV0000994,CUST00134,2024-10-01,29.0,Successful,Debit Card
PAY0000966,INV0000995,CUST00134,2024-11-03,29.0,Successful,Credit Card
PAY0000967,INV0000996,CUST00134,2024-12-02,29.0,Successful,ACH
PAY0000968,INV0000997,CUST00134,2025-01-09,29.0,Successful,Credit Card
PAY0000969,INV0000998,CUST00134,2025-02-11,29.0,Successful,Credit Card
PAY0000970,INV0000999,CUST00134,2025-03-11,29.0,Successful,ACH
PAY0000971,INV0001000,CUST00134,2025-04-05,29.0,Successful,ACH
PAY0000972,INV0001001,CUST00134,2025-04-30,29.0,Successful,ACH
PAY0000973,INV0001002,CUST00134,2025-06-04,29.0,Successful,Bank Transfer
PAY0000974,INV0001003,CUST00134,2025-07-05,29.0,Successful,Bank Transfer
PAY0000975,INV0001004,CUST00134,2025-08-08,29.0,Successful,Debit Card
PAY0000976,INV0001005,CUST00134,2025-09-09,29.0,Successful,Debit Card
PAY0000977,INV0001006,CUST00135,2025-08-21,29.0,Successful,Bank Transfer
PAY0000978,INV0001007,CUST00135,2025-09-13,29.0,Successful,Credit Card
PAY0000979,INV0001008,CUST00135,2025-10-21,29.0,Successful,Debit Card
PAY0000980,INV0001009,CUST00136,2024-12-06,29.0,Successful,Bank Transfer
PAY0000981,INV0001010,CUST00136,2024-12-30,29.0,Successful,ACH
PAY0000982,INV0001011,CUST00136,2025-02-12,29.0,Successful,Debit Card
PAY0000983,INV0001012,CUST00136,2025-03-11,29.0,Successful,Credit Card
PAY0000984,INV0001013,CUST00136,2025-04-09,29.0,Successful,ACH
PAY0000985,INV0001014,CUST00136,2025-05-09,29.0,Successful,Credit Card
PAY0000986,INV0001015,CUST00136,2025-06-12,29.0,Successful,Bank Transfer
PAY0000987,INV0001016,CUST00136,2025-07-12,29.0,Successful,Bank Transfer
PAY0000988,INV0001017,CUST00136,2025-08-03,29.0,Successful,Credit Card
PAY0000989,INV0001018,CUST00136,2025-09-06,29.0,Successful,Bank Transfer
PAY0000990,INV0001019,CUST00136,2025-09-30,29.0,Successful,Bank Transfer
PAY0000991,INV0001021,CUST00136,2025-12-04,29.0,Successful,Bank Transfer
PAY0000992,INV0001022,CUST00136,2025-12-29,29.0,Successful,Bank Transfer
PAY0000993,INV0001023,CUST00137,2024-12-29,29.0,Successful,Credit Card
PAY0000994,INV0001024,CUST00137,2025-01-24,29.0,Successful,Debit Card
PAY0000995,INV0001025,CUST00137,2025-02-22,29.0,Successful,ACH
PAY0000996,INV0001026,CUST00137,2025-03-28,29.0,Successful,Bank Transfer
PAY0000997,INV0001027,CUST00137,2025-04-27,29.0,Successful,Bank Transfer
PAY0000998,INV0001028,CUST00137,2025-05-20,29.0,Successful,Credit Card
PAY0000999,INV0001029,CUST00137,2025-06-25,29.0,Successful,ACH
PAY0001000,INV0001030,CUST00137,2025-07-25,29.0,Successful,ACH
PAY0001001,INV0001031,CUST00137,2025-08-20,29.0,Successful,Credit Card
PAY0001002,INV0001032,CUST00137,2025-09-22,29.0,Successful,Bank Transfer
PAY0001003,INV0001033,CUST00137,2025-10-24,29.0,Successful,Credit Card
PAY0001004,INV0001034,CUST00137,2025-11-21,29.0,Successful,Debit Card
PAY0001005,INV0001035,CUST00137,2025-12-16,29.0,Successful,Credit Card
PAY0001006,INV0001036,CUST00138,2025-08-06,79.0,Successful,Credit Card
PAY0001007,INV0001037,CUST00138,2025-08-31,79.0,Successful,Debit Card
PAY0001008,INV0001038,CUST00138,2025-09-24,79.0,Successful,Credit Card
PAY0001009,INV0001039,CUST00138,2025-10-30,79.0,Successful,Bank Transfer
PAY0001010,INV0001040,CUST00138,2025-12-06,79.0,Successful,Debit Card
PAY0001011,INV0001041,CUST00138,2025-12-26,79.0,Successful,Debit Card
PAY0001012,INV0001042,CUST00139,2025-05-26,29.0,Successful,ACH
PAY0001013,INV0001043,CUST00139,2025-06-22,29.0,Successful,Debit Card
PAY0001014,INV0001044,CUST00139,2025-07-21,29.0,Successful,Bank Transfer
PAY0001015,INV0001045,CUST00139,2025-08-18,29.0,Successful,ACH
PAY0001016,INV0001046,CUST00139,2025-09-24,29.0,Successful,Debit Card
PAY0001017,INV0001047,CUST00139,2025-10-25,29.0,Successful,ACH
PAY0001018,INV0001048,CUST00140,2025-04-06,199.0,Successful,Debit Card
PAY0001019,INV0001049,CUST00140,2025-05-15,199.0,Successful,Credit Card
PAY0001020,INV0001050,CUST00140,2025-06-12,199.0,Successful,Bank Transfer
PAY0001021,INV0001051,CUST00140,2025-07-18,199.0,Successful,ACH
PAY0001022,INV0001052,CUST00140,2025-08-10,199.0,Successful,Credit Card
PAY0001023,INV0001053,CUST00140,2025-09-18,199.0,Successful,Credit Card
PAY0001024,INV0001054,CUST00140,2025-10-16,199.0,Successful,ACH
PAY0001025,INV0001055,CUST00140,2025-11-06,199.0,Successful,ACH
PAY0001026,INV0001056,CUST00140,2025-12-12,199.0,Failed,Bank Transfer
PAY0001027,INV0001057,CUST00141,2025-12-23,805.8,Successful,Debit Card
PAY0001028,INV0001058,CUST00142,2025-07-29,79.0,Successful,ACH
PAY0001029,INV0001059,CUST00142,2025-08-21,79.0,Successful,Bank Transfer
PAY0001030,INV0001060,CUST00142,2025-10-03,79.0,Successful,ACH
PAY0001031,INV0001061,CUST00142,2025-10-21,79.0,Failed,ACH
PAY0001032,INV0001062,CUST00142,2025-12-04,79.0,Successful,Bank Transfer
PAY0001033,INV0001063,CUST00142,2026-01-04,79.0,Successful,ACH
PAY0001034,INV0001064,CUST00143,2025-01-04,2029.8,Successful,Debit Card
PAY0001035,INV0001065,CUST00144,2024-05-07,29.0,Successful,Debit Card
PAY0001036,INV0001066,CUST00144,2024-06-05,29.0,Successful,Debit Card
PAY0001037,INV0001067,CUST00144,2024-07-05,29.0,Successful,Bank Transfer
PAY0001038,INV0001068,CUST00144,2024-08-08,29.0,Successful,ACH
PAY0001039,INV0001069,CUST00144,2024-09-18,29.0,Successful,Debit Card
PAY0001040,INV0001070,CUST00144,2024-10-18,29.0,Successful,Credit Card
PAY0001041,INV0001071,CUST00145,2024-07-26,29.0,Successful,ACH
PAY0001042,INV0001072,CUST00145,2024-08-25,29.0,Successful,Credit Card
PAY0001043,INV0001073,CUST00145,2024-09-21,29.0,Successful,Debit Card
PAY0001044,INV0001074,CUST00145,2024-10-28,29.0,Successful,Bank Transfer
PAY0001045,INV0001075,CUST00145,2024-11-22,29.0,Successful,Debit Card
PAY0001046,INV0001076,CUST00145,2024-12-26,29.0,Successful,ACH
PAY0001047,INV0001077,CUST00145,2025-01-28,29.0,Successful,Bank Transfer
PAY0001048,INV0001078,CUST00145,2025-03-01,29.0,Successful,Credit Card
PAY0001049,INV0001079,CUST00145,2025-03-21,29.0,Successful,Debit Card
PAY0001050,INV0001080,CUST00145,2025-04-26,29.0,Successful,Bank Transfer
PAY0001051,INV0001081,CUST00145,2025-05-17,29.0,Successful,ACH
PAY0001052,INV0001082,CUST00145,2025-06-30,29.0,Successful,ACH
PAY0001053,INV0001083,CUST00146,2024-04-21,29.0,Successful,Credit Card
PAY0001054,INV0001084,CUST00146,2024-05-23,29.0,Successful,Credit Card
PAY0001055,INV0001085,CUST00146,2024-06-15,29.0,Successful,Credit Card
PAY0001056,INV0001086,CUST00146,2024-07-16,29.0,Successful,Debit Card
PAY0001057,INV0001087,CUST00146,2024-08-19,29.0,Successful,Debit Card
PAY0001058,INV0001088,CUST00146,2024-09-24,29.0,Successful,Bank Transfer
PAY0001059,INV0001089,CUST00146,2024-10-14,29.0,Successful,Debit Card
PAY0001060,INV0001090,CUST00146,2024-11-27,29.0,Successful,Credit Card
PAY0001061,INV0001092,CUST00146,2025-01-27,29.0,Successful,Credit Card
PAY0001062,INV0001093,CUST00146,2025-02-16,29.0,Successful,Bank Transfer
PAY0001063,INV0001094,CUST00146,2025-03-23,29.0,Successful,ACH
PAY0001064,INV0001095,CUST00147,2024-11-20,29.0,Successful,Credit Card
PAY0001065,INV0001096,CUST00147,2024-12-15,29.0,Successful,Credit Card
PAY0001066,INV0001097,CUST00147,2025-01-07,29.0,Successful,Credit Card
PAY0001067,INV0001098,CUST00147,2025-02-16,29.0,Successful,Credit Card
PAY0001068,INV0001099,CUST00147,2025-03-20,29.0,Successful,Bank Transfer
PAY0001069,INV0001100,CUST00147,2025-04-06,29.0,Successful,Debit Card
PAY0001070,INV0001101,CUST00147,2025-05-12,29.0,Successful,ACH
PAY0001071,INV0001102,CUST00147,2025-06-08,29.0,Successful,ACH
PAY0001072,INV0001103,CUST00147,2025-07-06,29.0,Successful,Debit Card
PAY0001073,INV0001104,CUST00147,2025-08-06,29.0,Successful,Bank Transfer
PAY0001074,INV0001105,CUST00147,2025-09-07,29.0,Successful,ACH
PAY0001075,INV0001106,CUST00147,2025-10-20,29.0,Successful,Debit Card
PAY0001076,INV0001107,CUST00148,2024-02-29,29.0,Successful,ACH
PAY0001077,INV0001108,CUST00148,2024-03-28,29.0,Successful,Credit Card
PAY0001078,INV0001109,CUST00148,2024-05-10,29.0,Successful,Bank Transfer
PAY0001079,INV0001110,CUST00148,2024-05-27,29.0,Successful,Credit Card
PAY0001080,INV0001111,CUST00148,2024-06-29,29.0,Successful,Bank Transfer
PAY0001081,INV0001112,CUST00148,2024-07-31,29.0,Successful,Debit Card
PAY0001082,INV0001113,CUST00149,2024-04-25,79.0,Successful,Debit Card
PAY0001083,INV0001114,CUST00149,2024-05-23,79.0,Successful,ACH
PAY0001084,INV0001115,CUST00149,2024-06-18,79.0,Successful,ACH
PAY0001085,INV0001116,CUST00149,2024-07-22,79.0,Successful,ACH
PAY0001086,INV0001117,CUST00149,2024-08-19,79.0,Successful,Bank Transfer
PAY0001087,INV0001118,CUST00149,2024-09-21,79.0,Successful,ACH
PAY0001088,INV0001119,CUST00150,2025-04-04,79.0,Successful,ACH
PAY0001089,INV0001120,CUST00150,2025-04-29,79.0,Successful,Credit Card
PAY0001090,INV0001121,CUST00150,2025-06-10,79.0,Successful,Debit Card
PAY0001091,INV0001122,CUST00150,2025-07-12,79.0,Successful,Credit Card
PAY0001092,INV0001123,CUST00150,2025-08-10,79.0,Successful,Credit Card
PAY0001093,INV0001124,CUST00150,2025-09-06,79.0,Successful,Debit Card
PAY0001094,INV0001125,CUST00150,2025-10-06,79.0,Successful,Bank Transfer
PAY0001095,INV0001126,CUST00150,2025-10-30,79.0,Successful,Debit Card
PAY0001096,INV0001127,CUST00150,2025-12-07,79.0,Successful,ACH
PAY0001097,INV0001128,CUST00150,2026-01-05,79.0,Successful,Bank Transfer
PAY0001098,INV0001129,CUST00151,2024-04-27,79.0,Successful,Debit Card
PAY0001099,INV0001130,CUST00151,2024-05-29,79.0,Successful,Debit Card
PAY0001100,INV0001131,CUST00151,2024-07-06,79.0,Successful,Debit Card
PAY0001101,INV0001132,CUST00151,2024-08-03,79.0,Successful,Credit Card
PAY0001102,INV0001133,CUST00151,2024-09-03,79.0,Successful,ACH
PAY0001103,INV0001134,CUST00151,2024-09-27,79.0,Successful,ACH
PAY0001104,INV0001135,CUST00152,2024-06-19,295.8,Successful,Credit Card
PAY0001105,INV0001136,CUST00153,2024-09-26,199.0,Successful,Credit Card
PAY0001106,INV0001137,CUST00153,2024-10-20,199.0,Successful,ACH
PAY0001107,INV0001138,CUST00153,2024-11-16,199.0,Successful,Debit Card
PAY0001108,INV0001139,CUST00153,2024-12-18,199.0,Successful,Credit Card
PAY0001109,INV0001140,CUST00153,2025-01-18,199.0,Successful,Debit Card
PAY0001110,INV0001141,CUST00153,2025-02-17,199.0,Successful,ACH
PAY0001111,INV0001142,CUST00153,2025-03-19,199.0,Successful,Credit Card
PAY0001112,INV0001143,CUST00153,2025-04-14,199.0,Successful,Debit Card
PAY0001113,INV0001145,CUST00153,2025-06-15,199.0,Successful,Debit Card
PAY0001114,INV0001146,CUST00153,2025-07-23,199.0,Successful,Debit Card
PAY0001115,INV0001147,CUST00153,2025-08-17,199.0,Successful,Bank Transfer
PAY0001116,INV0001148,CUST00153,2025-09-19,199.0,Successful,Debit Card
PAY0001117,INV0001149,CUST00153,2025-10-18,199.0,Failed,Credit Card
PAY0001118,INV0001150,CUST00153,2025-11-21,199.0,Successful,Credit Card
PAY0001119,INV0001151,CUST00153,2025-12-14,199.0,Successful,ACH
PAY0001120,INV0001152,CUST00154,2025-06-28,79.0,Successful,Credit Card
PAY0001121,INV0001153,CUST00154,2025-07-31,79.0,Successful,ACH
PAY0001122,INV0001154,CUST00154,2025-08-23,79.0,Successful,Bank Transfer
PAY0001123,INV0001155,CUST00155,2024-11-11,29.0,Successful,Bank Transfer
PAY0001124,INV0001156,CUST00155,2024-12-21,29.0,Successful,Debit Card
PAY0001125,INV0001157,CUST00155,2025-01-17,29.0,Successful,ACH
PAY0001126,INV0001158,CUST00155,2025-02-18,29.0,Successful,Debit Card
PAY0001127,INV0001159,CUST00155,2025-03-11,29.0,Successful,Debit Card
PAY0001128,INV0001160,CUST00155,2025-04-23,29.0,Successful,Bank Transfer
PAY0001129,INV0001161,CUST00155,2025-05-18,29.0,Successful,Bank Transfer
PAY0001130,INV0001162,CUST00155,2025-06-18,29.0,Failed,Credit Card
PAY0001131,INV0001163,CUST00155,2025-07-19,29.0,Successful,Credit Card
PAY0001132,INV0001164,CUST00155,2025-08-21,29.0,Successful,Bank Transfer
PAY0001133,INV0001165,CUST00155,2025-09-14,29.0,Successful,Bank Transfer
PAY0001134,INV0001166,CUST00155,2025-10-21,29.0,Successful,Bank Transfer
PAY0001135,INV0001167,CUST00155,2025-11-21,29.0,Successful,Credit Card
PAY0001136,INV0001168,CUST00155,2025-12-13,29.0,Successful,Debit Card
PAY0001137,INV0001169,CUST00156,2024-08-02,79.0,Successful,Bank Transfer
PAY0001138,INV0001170,CUST00156,2024-09-01,79.0,Successful,Credit Card
PAY0001139,INV0001171,CUST00156,2024-10-02,79.0,Successful,Bank Transfer
PAY0001140,INV0001172,CUST00156,2024-11-11,79.0,Successful,Bank Transfer
PAY0001141,INV0001173,CUST00156,2024-12-03,79.0,Successful,ACH
PAY0001142,INV0001174,CUST00156,2025-01-08,79.0,Successful,ACH
PAY0001143,INV0001175,CUST00156,2025-02-10,79.0,Successful,Debit Card
PAY0001144,INV0001176,CUST00156,2025-03-13,79.0,Successful,Debit Card
PAY0001145,INV0001177,CUST00156,2025-04-06,79.0,Successful,ACH
PAY0001146,INV0001178,CUST00156,2025-05-11,79.0,Successful,Debit Card
PAY0001147,INV0001179,CUST00156,2025-06-08,79.0,Successful,Debit Card
PAY0001148,INV0001180,CUST00156,2025-07-10,79.0,Successful,Credit Card
PAY0001149,INV0001181,CUST00156,2025-08-04,79.0,Successful,Credit Card
PAY0001150,INV0001182,CUST00156,2025-09-08,79.0,Failed,Credit Card
PAY0001151,INV0001183,CUST00156,2025-10-06,79.0,Successful,Bank Transfer
PAY0001152,INV0001185,CUST00156,2025-12-04,79.0,Successful,Credit Card
PAY0001153,INV0001186,CUST00156,2026-01-12,79.0,Successful,ACH
PAY0001154,INV0001187,CUST00157,2024-09-12,29.0,Successful,Debit Card
PAY0001155,INV0001188,CUST00157,2024-10-10,29.0,Failed,ACH
PAY0001156,INV0001189,CUST00157,2024-11-15,29.0,Successful,Debit Card
PAY0001157,INV0001190,CUST00157,2024-12-13,29.0,Failed,Debit Card
PAY0001158,INV0001191,CUST00157,2025-01-05,29.0,Successful,ACH
PAY0001159,INV0001192,CUST00157,2025-02-08,29.0,Successful,Bank Transfer
PAY0001160,INV0001193,CUST00157,2025-03-11,29.0,Failed,Credit Card
PAY0001161,INV0001194,CUST00157,2025-04-11,29.0,Successful,ACH
PAY0001162,INV0001195,CUST00157,2025-05-16,29.0,Successful,Debit Card
PAY0001163,INV0001196,CUST00157,2025-06-09,29.0,Successful,ACH
PAY0001164,INV0001197,CUST00157,2025-07-11,29.0,Successful,Credit Card
PAY0001165,INV0001198,CUST00157,2025-08-08,29.0,Successful,ACH
PAY0001166,INV0001199,CUST00157,2025-09-16,29.0,Successful,ACH
PAY0001167,INV0001200,CUST00157,2025-10-09,29.0,Successful,Debit Card
PAY0001168,INV0001201,CUST00157,2025-11-15,29.0,Successful,Bank Transfer
PAY0001169,INV0001202,CUST00157,2025-12-16,29.0,Failed,Credit Card
PAY0001170,INV0001203,CUST00158,2025-04-13,295.8,Successful,Debit Card
PAY0001171,INV0001204,CUST00159,2024-10-26,29.0,Successful,Bank Transfer
PAY0001172,INV0001205,CUST00159,2024-12-01,29.0,Successful,ACH
PAY0001173,INV0001206,CUST00159,2024-12-24,29.0,Successful,ACH
PAY0001174,INV0001208,CUST00159,2025-03-02,29.0,Successful,Debit Card
PAY0001175,INV0001209,CUST00159,2025-03-27,29.0,Successful,Debit Card
PAY0001176,INV0001210,CUST00159,2025-04-26,29.0,Successful,Debit Card
PAY0001177,INV0001211,CUST00159,2025-05-26,29.0,Successful,Debit Card
PAY0001178,INV0001212,CUST00159,2025-06-28,29.0,Successful,Credit Card
PAY0001179,INV0001213,CUST00159,2025-07-24,29.0,Successful,Bank Transfer
PAY0001180,INV0001214,CUST00159,2025-09-04,29.0,Successful,Credit Card
PAY0001181,INV0001215,CUST00159,2025-09-28,29.0,Successful,Bank Transfer
PAY0001182,INV0001216,CUST00160,2025-12-19,79.0,Successful,ACH
PAY0001183,INV0001217,CUST00161,2025-03-24,29.0,Successful,ACH
PAY0001184,INV0001218,CUST00161,2025-04-24,29.0,Successful,Credit Card
PAY0001185,INV0001219,CUST00161,2025-05-18,29.0,Successful,Credit Card
PAY0001186,INV0001220,CUST00161,2025-06-18,29.0,Successful,Debit Card
PAY0001187,INV0001221,CUST00161,2025-07-13,29.0,Successful,Bank Transfer
PAY0001188,INV0001222,CUST00161,2025-08-12,29.0,Failed,Debit Card
PAY0001189,INV0001223,CUST00161,2025-09-13,29.0,Successful,ACH
PAY0001190,INV0001224,CUST00161,2025-10-16,29.0,Successful,Bank Transfer
PAY0001191,INV0001225,CUST00161,2025-11-17,29.0,Successful,Bank Transfer
PAY0001192,INV0001226,CUST00161,2025-12-18,29.0,Successful,ACH
PAY0001193,INV0001227,CUST00162,2024-06-01,295.8,Successful,Debit Card
PAY0001194,INV0001228,CUST00162,2025-06-04,295.8,Successful,Credit Card
PAY0001195,INV0001229,CUST00163,2025-04-07,79.0,Successful,Bank Transfer
PAY0001196,INV0001230,CUST00163,2025-04-29,79.0,Successful,Debit Card
PAY0001197,INV0001231,CUST00163,2025-05-26,79.0,Successful,Bank Transfer
PAY0001198,INV0001232,CUST00163,2025-07-10,79.0,Successful,ACH
PAY0001199,INV0001233,CUST00163,2025-07-30,79.0,Successful,Credit Card
PAY0001200,INV0001234,CUST00163,2025-09-06,79.0,Successful,Debit Card
PAY0001201,INV0001235,CUST00163,2025-10-03,79.0,Successful,Credit Card
PAY0001202,INV0001236,CUST00163,2025-10-31,79.0,Successful,ACH
PAY0001203,INV0001237,CUST00163,2025-12-10,79.0,Successful,ACH
PAY0001204,INV0001238,CUST00163,2026-01-09,79.0,Successful,Debit Card
PAY0001205,INV0001239,CUST00164,2024-10-16,79.0,Successful,Debit Card
PAY0001206,INV0001240,CUST00164,2024-11-10,79.0,Successful,Bank Transfer
PAY0001207,INV0001241,CUST00164,2024-12-13,79.0,Successful,Bank Transfer
PAY0001208,INV0001242,CUST00164,2025-01-13,79.0,Successful,Debit Card
PAY0001209,INV0001243,CUST00164,2025-02-16,79.0,Successful,ACH
PAY0001210,INV0001244,CUST00164,2025-03-15,79.0,Successful,Credit Card
PAY0001211,INV0001246,CUST00164,2025-05-11,79.0,Successful,ACH
PAY0001212,INV0001247,CUST00164,2025-06-15,79.0,Successful,ACH
PAY0001213,INV0001248,CUST00164,2025-07-18,79.0,Successful,ACH
PAY0001214,INV0001249,CUST00164,2025-08-14,79.0,Successful,Bank Transfer
PAY0001215,INV0001250,CUST00164,2025-09-19,79.0,Failed,Debit Card
PAY0001216,INV0001251,CUST00165,2025-03-30,79.0,Successful,Credit Card
PAY0001217,INV0001252,CUST00165,2025-04-25,79.0,Successful,Credit Card
PAY0001218,INV0001253,CUST00165,2025-05-26,79.0,Successful,Credit Card
PAY0001219,INV0001254,CUST00165,2025-06-27,79.0,Successful,Credit Card
PAY0001220,INV0001255,CUST00165,2025-07-28,79.0,Successful,Bank Transfer
PAY0001221,INV0001256,CUST00165,2025-08-22,79.0,Successful,Bank Transfer
PAY0001222,INV0001257,CUST00165,2025-09-21,79.0,Successful,Debit Card
PAY0001223,INV0001258,CUST00165,2025-11-02,79.0,Successful,ACH
PAY0001224,INV0001259,CUST00165,2025-11-26,79.0,Successful,ACH
PAY0001225,INV0001260,CUST00165,2025-12-21,79.0,Successful,Debit Card
PAY0001226,INV0001261,CUST00166,2024-08-30,29.0,Successful,Bank Transfer
PAY0001227,INV0001262,CUST00166,2024-10-03,29.0,Successful,ACH
PAY0001228,INV0001263,CUST00166,2024-10-26,29.0,Successful,Bank Transfer
PAY0001229,INV0001264,CUST00166,2024-11-29,29.0,Successful,ACH
PAY0001230,INV0001265,CUST00166,2025-01-06,29.0,Successful,Debit Card
PAY0001231,INV0001266,CUST00166,2025-01-30,29.0,Successful,Bank Transfer
PAY0001232,INV0001267,CUST00166,2025-03-02,29.0,Successful,Bank Transfer
PAY0001233,INV0001268,CUST00166,2025-04-01,29.0,Successful,Credit Card
PAY0001234,INV0001269,CUST00166,2025-04-26,29.0,Successful,Bank Transfer
PAY0001235,INV0001270,CUST00166,2025-05-25,29.0,Successful,Bank Transfer
PAY0001236,INV0001271,CUST00166,2025-06-26,29.0,Successful,Bank Transfer
PAY0001237,INV0001272,CUST00166,2025-07-31,29.0,Successful,ACH
PAY0001238,INV0001273,CUST00166,2025-09-03,29.0,Successful,ACH
PAY0001239,INV0001274,CUST00166,2025-10-06,29.0,Successful,Debit Card
PAY0001240,INV0001275,CUST00166,2025-11-02,29.0,Successful,Bank Transfer
PAY0001241,INV0001276,CUST00166,2025-12-02,29.0,Successful,ACH
PAY0001242,INV0001277,CUST00166,2026-01-06,29.0,Refunded,Credit Card
PAY0001243,INV0001278,CUST00167,2025-11-21,2029.8,Successful,Debit Card
PAY0001244,INV0001279,CUST00168,2025-05-08,79.0,Failed,Credit Card
PAY0001245,INV0001280,CUST00168,2025-06-03,79.0,Successful,Bank Transfer
PAY0001246,INV0001281,CUST00168,2025-07-09,79.0,Successful,ACH
PAY0001247,INV0001282,CUST00168,2025-08-08,79.0,Failed,Credit Card
PAY0001248,INV0001283,CUST00168,2025-08-29,79.0,Successful,Bank Transfer
PAY0001249,INV0001285,CUST00168,2025-10-30,79.0,Successful,ACH
PAY0001250,INV0001286,CUST00168,2025-12-10,79.0,Failed,Debit Card
PAY0001251,INV0001287,CUST00168,2026-01-03,79.0,Successful,Credit Card
PAY0001252,INV0001288,CUST00169,2025-09-03,805.8,Successful,Debit Card
PAY0001253,INV0001289,CUST00170,2025-05-07,29.0,Successful,ACH
PAY0001254,INV0001290,CUST00170,2025-06-07,29.0,Refunded,Credit Card
PAY0001255,INV0001291,CUST00170,2025-07-07,29.0,Successful,ACH
PAY0001256,INV0001292,CUST00170,2025-08-09,29.0,Successful,Credit Card
PAY0001257,INV0001293,CUST00170,2025-09-02,29.0,Successful,Debit Card
PAY0001258,INV0001294,CUST00170,2025-10-06,29.0,Successful,Debit Card
PAY0001259,INV0001295,CUST00170,2025-11-10,29.0,Refunded,Bank Transfer
PAY0001260,INV0001296,CUST00170,2025-11-29,29.0,Successful,Credit Card
PAY0001261,INV0001297,CUST00170,2026-01-03,29.0,Successful,ACH
PAY0001262,INV0001298,CUST00171,2024-06-26,805.8,Successful,Credit Card
PAY0001263,INV0001299,CUST00171,2025-06-16,805.8,Successful,Credit Card
PAY0001264,INV0001300,CUST00172,2025-07-21,295.8,Successful,ACH
PAY0001265,INV0001301,CUST00173,2024-05-06,29.0,Successful,Credit Card
PAY0001266,INV0001302,CUST00173,2024-06-03,29.0,Successful,ACH
PAY0001267,INV0001303,CUST00173,2024-07-06,29.0,Successful,ACH
PAY0001268,INV0001304,CUST00173,2024-08-05,29.0,Successful,Debit Card
PAY0001269,INV0001305,CUST00173,2024-09-03,29.0,Successful,ACH
PAY0001270,INV0001306,CUST00173,2024-10-08,79.0,Successful,Debit Card
PAY0001271,INV0001308,CUST00173,2024-12-03,79.0,Successful,ACH
PAY0001272,INV0001309,CUST00173,2025-01-10,79.0,Successful,Bank Transfer
PAY0001273,INV0001310,CUST00173,2025-02-12,79.0,Failed,ACH
PAY0001274,INV0001311,CUST00173,2025-03-04,79.0,Successful,Credit Card
PAY0001275,INV0001312,CUST00173,2025-04-06,79.0,Successful,Debit Card
PAY0001276,INV0001313,CUST00174,2025-11-12,199.0,Successful,Debit Card
PAY0001277,INV0001314,CUST00174,2025-12-10,199.0,Successful,ACH
PAY0001278,INV0001315,CUST00175,2025-06-23,79.0,Successful,Credit Card
PAY0001279,INV0001316,CUST00175,2025-07-17,79.0,Successful,Credit Card
PAY0001280,INV0001317,CUST00175,2025-08-22,79.0,Successful,Credit Card
PAY0001281,INV0001318,CUST00175,2025-09-28,79.0,Successful,Bank Transfer
PAY0001282,INV0001319,CUST00175,2025-10-26,79.0,Successful,Credit Card
PAY0001283,INV0001320,CUST00175,2025-11-24,79.0,Successful,Credit Card
PAY0001284,INV0001321,CUST00175,2025-12-18,79.0,Successful,Credit Card
PAY0001285,INV0001322,CUST00176,2024-03-04,79.0,Successful,Bank Transfer
PAY0001286,INV0001323,CUST00176,2024-04-04,79.0,Successful,ACH
PAY0001287,INV0001324,CUST00176,2024-05-04,79.0,Successful,ACH
PAY0001288,INV0001326,CUST00177,2025-04-02,29.0,Successful,Debit Card
PAY0001289,INV0001327,CUST00177,2025-04-28,29.0,Successful,Debit Card
PAY0001290,INV0001328,CUST00177,2025-05-27,29.0,Successful,Bank Transfer
PAY0001291,INV0001329,CUST00177,2025-07-07,29.0,Successful,ACH
PAY0001292,INV0001330,CUST00177,2025-08-05,29.0,Successful,Credit Card
PAY0001293,INV0001331,CUST00177,2025-08-27,29.0,Successful,ACH
PAY0001294,INV0001332,CUST00177,2025-10-03,29.0,Successful,Bank Transfer
PAY0001295,INV0001333,CUST00177,2025-11-08,29.0,Successful,ACH
PAY0001296,INV0001334,CUST00177,2025-12-01,29.0,Successful,Bank Transfer
PAY0001297,INV0001335,CUST00177,2025-12-30,29.0,Successful,Debit Card
PAY0001298,INV0001336,CUST00178,2026-01-05,79.0,Successful,ACH
PAY0001299,INV0001337,CUST00179,2024-04-13,295.8,Successful,Bank Transfer
PAY0001300,INV0001338,CUST00180,2024-05-15,199.0,Failed,ACH
PAY0001301,INV0001339,CUST00180,2024-06-08,199.0,Successful,ACH
PAY0001302,INV0001340,CUST00180,2024-07-15,199.0,Successful,Debit Card
PAY0001303,INV0001341,CUST00180,2024-07-31,199.0,Successful,ACH
PAY0001304,INV0001342,CUST00180,2024-09-08,199.0,Successful,Debit Card
PAY0001305,INV0001343,CUST00180,2024-10-08,199.0,Successful,Debit Card
PAY0001306,INV0001344,CUST00180,2024-11-14,199.0,Successful,Debit Card
PAY0001307,INV0001345,CUST00180,2024-12-05,199.0,Successful,Bank Transfer
PAY0001308,INV0001346,CUST00180,2025-01-03,199.0,Successful,ACH
PAY0001309,INV0001347,CUST00180,2025-02-02,199.0,Successful,Credit Card
PAY0001310,INV0001348,CUST00180,2025-03-05,199.0,Failed,Bank Transfer
PAY0001311,INV0001350,CUST00180,2025-05-13,199.0,Successful,ACH
PAY0001312,INV0001351,CUST00180,2025-06-04,199.0,Successful,Credit Card
PAY0001313,INV0001352,CUST00180,2025-07-02,199.0,Successful,Credit Card
PAY0001314,INV0001353,CUST00180,2025-08-08,199.0,Successful,ACH
PAY0001315,INV0001354,CUST00180,2025-09-03,199.0,Successful,Debit Card
PAY0001316,INV0001355,CUST00180,2025-10-10,199.0,Successful,Credit Card
PAY0001317,INV0001356,CUST00181,2025-06-12,79.0,Successful,Credit Card
PAY0001318,INV0001357,CUST00181,2025-07-10,79.0,Successful,Debit Card
PAY0001319,INV0001358,CUST00181,2025-08-07,79.0,Successful,Credit Card
PAY0001320,INV0001359,CUST00181,2025-09-10,79.0,Successful,Bank Transfer
PAY0001321,INV0001360,CUST00181,2025-10-08,79.0,Successful,Bank Transfer
PAY0001322,INV0001361,CUST00181,2025-11-13,79.0,Successful,Debit Card
PAY0001323,INV0001362,CUST00181,2025-12-17,79.0,Successful,Debit Card
PAY0001324,INV0001364,CUST00182,2024-10-12,79.0,Successful,Credit Card
PAY0001325,INV0001365,CUST00182,2024-11-13,79.0,Successful,ACH
PAY0001326,INV0001366,CUST00182,2024-12-12,79.0,Successful,Credit Card
PAY0001327,INV0001367,CUST00182,2025-01-09,79.0,Successful,Bank Transfer
PAY0001328,INV0001368,CUST00182,2025-02-14,79.0,Refunded,Debit Card
PAY0001329,INV0001369,CUST00182,2025-03-12,79.0,Successful,Credit Card
PAY0001330,INV0001370,CUST00182,2025-04-07,79.0,Successful,Debit Card
PAY0001331,INV0001371,CUST00182,2025-05-20,79.0,Successful,ACH
PAY0001332,INV0001372,CUST00182,2025-06-08,79.0,Successful,Bank Transfer
PAY0001333,INV0001373,CUST00182,2025-07-21,79.0,Successful,Debit Card
PAY0001334,INV0001374,CUST00182,2025-08-15,79.0,Successful,Bank Transfer
PAY0001335,INV0001375,CUST00183,2024-03-15,29.0,Successful,Credit Card
PAY0001336,INV0001376,CUST00183,2024-04-27,29.0,Successful,Credit Card
PAY0001337,INV0001377,CUST00183,2024-05-13,29.0,Successful,ACH
PAY0001338,INV0001378,CUST00183,2024-06-27,79.0,Successful,Credit Card
PAY0001339,INV0001380,CUST00183,2024-08-23,79.0,Successful,ACH
PAY0001340,INV0001381,CUST00184,2025-06-04,199.0,Successful,Bank Transfer
PAY0001341,INV0001382,CUST00184,2025-07-10,199.0,Successful,Credit Card
PAY0001342,INV0001383,CUST00184,2025-08-11,199.0,Successful,Credit Card
PAY0001343,INV0001384,CUST00184,2025-09-12,199.0,Successful,Credit Card
PAY0001344,INV0001385,CUST00184,2025-10-18,199.0,Successful,ACH
PAY0001345,INV0001386,CUST00184,2025-11-10,199.0,Successful,Credit Card
PAY0001346,INV0001387,CUST00185,2025-08-30,2029.8,Successful,ACH
PAY0001347,INV0001388,CUST00186,2025-04-11,29.0,Successful,Credit Card
PAY0001348,INV0001389,CUST00186,2025-05-17,29.0,Successful,Credit Card
PAY0001349,INV0001390,CUST00186,2025-06-07,29.0,Successful,ACH
PAY0001350,INV0001391,CUST00186,2025-07-13,29.0,Successful,Bank Transfer
PAY0001351,INV0001392,CUST00186,2025-08-13,29.0,Successful,Debit Card
PAY0001352,INV0001393,CUST00186,2025-09-12,29.0,Successful,ACH
PAY0001353,INV0001394,CUST00187,2025-04-17,79.0,Successful,Debit Card
PAY0001354,INV0001395,CUST00187,2025-05-14,79.0,Successful,Debit Card
PAY0001355,INV0001396,CUST00187,2025-06-16,79.0,Successful,Debit Card
PAY0001356,INV0001397,CUST00187,2025-07-26,79.0,Successful,Debit Card
PAY0001357,INV0001398,CUST00187,2025-08-21,79.0,Successful,ACH
PAY0001358,INV0001400,CUST00187,2025-10-23,79.0,Successful,ACH
PAY0001359,INV0001401,CUST00187,2025-11-14,79.0,Successful,ACH
PAY0001360,INV0001402,CUST00187,2025-12-18,79.0,Successful,ACH
PAY0001361,INV0001403,CUST00188,2025-08-23,295.8,Successful,ACH
PAY0001362,INV0001404,CUST00189,2024-11-25,79.0,Successful,Debit Card
PAY0001363,INV0001405,CUST00189,2025-01-05,79.0,Successful,ACH
PAY0001364,INV0001406,CUST00189,2025-01-31,79.0,Successful,Debit Card
PAY0001365,INV0001407,CUST00189,2025-02-22,79.0,Successful,Bank Transfer
PAY0001366,INV0001408,CUST00189,2025-04-04,79.0,Successful,ACH
PAY0001367,INV0001409,CUST00189,2025-04-28,79.0,Successful,Debit Card
PAY0001368,INV0001410,CUST00189,2025-05-25,79.0,Failed,Credit Card
PAY0001369,INV0001411,CUST00189,2025-06-28,79.0,Successful,Debit Card
PAY0001370,INV0001412,CUST00189,2025-07-23,79.0,Successful,Bank Transfer
PAY0001371,INV0001413,CUST00189,2025-08-29,79.0,Successful,Bank Transfer
PAY0001372,INV0001414,CUST00189,2025-09-28,79.0,Successful,Credit Card
PAY0001373,INV0001415,CUST00189,2025-11-04,79.0,Successful,ACH
PAY0001374,INV0001416,CUST00189,2025-12-03,79.0,Successful,Credit Card
PAY0001375,INV0001417,CUST00189,2025-12-29,79.0,Successful,Credit Card
PAY0001376,INV0001418,CUST00190,2025-02-03,2029.8,Successful,Bank Transfer
PAY0001377,INV0001419,CUST00191,2025-05-23,79.0,Successful,Credit Card
PAY0001378,INV0001420,CUST00191,2025-06-30,79.0,Successful,ACH
PAY0001379,INV0001421,CUST00191,2025-07-27,29.0,Successful,Bank Transfer
PAY0001380,INV0001422,CUST00191,2025-09-06,29.0,Successful,Debit Card
PAY0001381,INV0001423,CUST00191,2025-10-03,29.0,Successful,Credit Card
PAY0001382,INV0001424,CUST00191,2025-11-01,29.0,Successful,Debit Card
PAY0001383,INV0001425,CUST00192,2024-04-18,79.0,Successful,Debit Card
PAY0001384,INV0001426,CUST00192,2024-05-27,79.0,Successful,Debit Card
PAY0001385,INV0001427,CUST00192,2024-06-14,79.0,Successful,Debit Card
PAY0001386,INV0001428,CUST00192,2024-07-14,79.0,Successful,Bank Transfer
PAY0001387,INV0001429,CUST00192,2024-08-14,79.0,Successful,Bank Transfer
PAY0001388,INV0001430,CUST00192,2024-09-21,79.0,Successful,Debit Card
PAY0001389,INV0001431,CUST00192,2024-10-19,79.0,Refunded,Debit Card
PAY0001390,INV0001432,CUST00192,2024-11-22,79.0,Successful,Debit Card
PAY0001391,INV0001433,CUST00192,2024-12-15,79.0,Successful,Credit Card
PAY0001392,INV0001434,CUST00192,2025-01-17,79.0,Successful,Bank Transfer
PAY0001393,INV0001435,CUST00192,2025-02-15,79.0,Successful,Debit Card
PAY0001394,INV0001436,CUST00192,2025-03-13,79.0,Successful,ACH
PAY0001395,INV0001437,CUST00192,2025-04-27,79.0,Successful,Bank Transfer
PAY0001396,INV0001438,CUST00192,2025-05-13,79.0,Successful,Bank Transfer
PAY0001397,INV0001439,CUST00192,2025-06-22,79.0,Successful,Bank Transfer
PAY0001398,INV0001440,CUST00192,2025-07-14,79.0,Successful,Credit Card
PAY0001399,INV0001441,CUST00192,2025-08-21,79.0,Successful,Debit Card
PAY0001400,INV0001442,CUST00192,2025-09-27,79.0,Successful,ACH
PAY0001401,INV0001443,CUST00192,2025-10-27,79.0,Successful,ACH
PAY0001402,INV0001444,CUST00192,2025-11-14,79.0,Refunded,Bank Transfer
PAY0001403,INV0001445,CUST00192,2025-12-15,79.0,Successful,Debit Card
PAY0001404,INV0001446,CUST00193,2024-01-28,29.0,Successful,Credit Card
PAY0001405,INV0001447,CUST00193,2024-02-21,29.0,Successful,Bank Transfer
PAY0001406,INV0001448,CUST00193,2024-03-29,29.0,Successful,Credit Card
PAY0001407,INV0001449,CUST00193,2024-04-19,29.0,Successful,ACH
PAY0001408,INV0001450,CUST00193,2024-05-23,29.0,Successful,Debit Card
PAY0001409,INV0001451,CUST00193,2024-06-18,29.0,Successful,Credit Card
PAY0001410,INV0001452,CUST00193,2024-07-28,29.0,Successful,ACH
PAY0001411,INV0001453,CUST00193,2024-08-30,29.0,Successful,ACH
PAY0001412,INV0001454,CUST00193,2024-09-26,29.0,Successful,Bank Transfer
PAY0001413,INV0001455,CUST00193,2024-10-19,29.0,Successful,Debit Card
PAY0001414,INV0001456,CUST00193,2024-11-20,29.0,Failed,Credit Card
PAY0001415,INV0001457,CUST00193,2024-12-29,29.0,Successful,Debit Card
PAY0001416,INV0001458,CUST00193,2025-01-23,29.0,Successful,ACH
PAY0001417,INV0001459,CUST00193,2025-03-01,29.0,Successful,Credit Card
PAY0001418,INV0001460,CUST00193,2025-03-28,29.0,Successful,Credit Card
PAY0001419,INV0001461,CUST00193,2025-04-25,29.0,Successful,Credit Card
PAY0001420,INV0001462,CUST00193,2025-05-22,29.0,Successful,Credit Card
PAY0001421,INV0001463,CUST00193,2025-06-20,29.0,Successful,ACH
PAY0001422,INV0001464,CUST00194,2024-03-25,79.0,Successful,Credit Card
PAY0001423,INV0001465,CUST00194,2024-04-25,79.0,Successful,Bank Transfer
PAY0001424,INV0001466,CUST00194,2024-05-26,79.0,Successful,Bank Transfer
PAY0001425,INV0001467,CUST00194,2024-06-24,79.0,Successful,Credit Card
PAY0001426,INV0001468,CUST00194,2024-07-22,79.0,Successful,ACH
PAY0001427,INV0001469,CUST00194,2024-08-18,79.0,Successful,ACH
PAY0001428,INV0001470,CUST00194,2024-10-02,29.0,Successful,Credit Card
PAY0001429,INV0001471,CUST00194,2024-10-22,29.0,Successful,ACH
PAY0001430,INV0001472,CUST00194,2024-11-28,29.0,Successful,Debit Card
PAY0001431,INV0001473,CUST00194,2024-12-24,29.0,Successful,Credit Card
PAY0001432,INV0001474,CUST00194,2025-01-30,29.0,Successful,ACH
PAY0001433,INV0001475,CUST00194,2025-02-22,29.0,Successful,Bank Transfer
PAY0001434,INV0001476,CUST00195,2025-11-02,295.8,Successful,ACH
PAY0001435,INV0001477,CUST00196,2024-11-25,199.0,Successful,ACH
PAY0001436,INV0001478,CUST00196,2025-01-02,199.0,Successful,Credit Card
PAY0001437,INV0001479,CUST00196,2025-01-21,199.0,Successful,Debit Card
PAY0001438,INV0001480,CUST00196,2025-03-07,199.0,Successful,ACH
PAY0001439,INV0001481,CUST00196,2025-03-23,199.0,Successful,Credit Card
PAY0001440,INV0001482,CUST00196,2025-04-29,199.0,Successful,Debit Card
PAY0001441,INV0001483,CUST00196,2025-05-21,199.0,Successful,Credit Card
PAY0001442,INV0001484,CUST00196,2025-07-05,199.0,Successful,Credit Card
PAY0001443,INV0001485,CUST00196,2025-08-04,199.0,Refunded,ACH
PAY0001444,INV0001486,CUST00196,2025-09-04,199.0,Successful,Debit Card
PAY0001445,INV0001487,CUST00196,2025-09-24,199.0,Successful,ACH
PAY0001446,INV0001488,CUST00196,2025-10-31,199.0,Successful,Debit Card
PAY0001447,INV0001489,CUST00197,2025-09-26,295.8,Failed,Credit Card
PAY0001448,INV0001490,CUST00198,2024-08-26,29.0,Successful,ACH
PAY0001449,INV0001491,CUST00198,2024-10-02,29.0,Successful,Debit Card
PAY0001450,INV0001492,CUST00198,2024-10-25,29.0,Successful,ACH
PAY0001451,INV0001493,CUST00198,2024-11-21,29.0,Successful,Bank Transfer
PAY0001452,INV0001494,CUST00198,2024-12-21,29.0,Successful,Credit Card
PAY0001453,INV0001496,CUST00198,2025-03-04,29.0,Successful,Bank Transfer
PAY0001454,INV0001497,CUST00198,2025-03-25,29.0,Successful,Debit Card
PAY0001455,INV0001498,CUST00198,2025-05-01,29.0,Successful,Credit Card
PAY0001456,INV0001499,CUST00198,2025-06-02,29.0,Successful,Debit Card
PAY0001457,INV0001500,CUST00198,2025-07-03,29.0,Successful,Bank Transfer
PAY0001458,INV0001501,CUST00198,2025-07-25,29.0,Successful,Bank Transfer
PAY0001459,INV0001502,CUST00198,2025-08-24,29.0,Successful,ACH
PAY0001460,INV0001503,CUST00198,2025-09-27,29.0,Successful,ACH
PAY0001461,INV0001504,CUST00198,2025-11-04,29.0,Successful,Bank Transfer
PAY0001462,INV0001505,CUST00198,2025-12-05,29.0,Successful,ACH
PAY0001463,INV0001506,CUST00198,2026-01-03,29.0,Successful,ACH
PAY0001464,INV0001507,CUST00199,2025-04-02,2029.8,Successful,Bank Transfer
PAY0001465,INV0001508,CUST00200,2024-12-11,199.0,Successful,Credit Card
PAY0001466,INV0001509,CUST00200,2025-01-06,199.0,Successful,Bank Transfer
PAY0001467,INV0001510,CUST00200,2025-02-01,199.0,Successful,Bank Transfer
PAY0001468,INV0001511,CUST00200,2025-03-06,199.0,Successful,Bank Transfer
PAY0001469,INV0001512,CUST00200,2025-04-04,199.0,Successful,ACH
PAY0001470,INV0001513,CUST00200,2025-05-02,199.0,Successful,Credit Card
PAY0001471,INV0001514,CUST00201,2024-06-10,29.0,Successful,Bank Transfer
PAY0001472,INV0001515,CUST00201,2024-07-09,29.0,Successful,Credit Card
PAY0001473,INV0001516,CUST00201,2024-08-01,29.0,Successful,Bank Transfer
PAY0001474,INV0001518,CUST00201,2024-10-13,29.0,Successful,Bank Transfer
PAY0001475,INV0001519,CUST00201,2024-11-09,79.0,Successful,Credit Card
PAY0001476,INV0001520,CUST00201,2024-12-02,79.0,Successful,Credit Card
PAY0001477,INV0001521,CUST00201,2025-01-09,79.0,Successful,ACH
PAY0001478,INV0001522,CUST00201,2025-02-08,79.0,Successful,Debit Card
PAY0001479,INV0001523,CUST00201,2025-03-06,79.0,Successful,ACH
PAY0001480,INV0001524,CUST00201,2025-04-12,79.0,Successful,ACH
PAY0001481,INV0001525,CUST00201,2025-05-08,79.0,Failed,Bank Transfer
PAY0001482,INV0001526,CUST00201,2025-06-11,79.0,Successful,ACH
PAY0001483,INV0001527,CUST00201,2025-06-29,79.0,Failed,ACH
PAY0001484,INV0001528,CUST00201,2025-08-02,79.0,Successful,Debit Card
PAY0001485,INV0001529,CUST00201,2025-09-07,79.0,Successful,ACH
PAY0001486,INV0001530,CUST00201,2025-10-05,79.0,Successful,Debit Card
PAY0001487,INV0001531,CUST00201,2025-11-05,79.0,Successful,Bank Transfer
PAY0001488,INV0001532,CUST00202,2024-06-29,29.0,Successful,Debit Card
PAY0001489,INV0001533,CUST00202,2024-08-06,29.0,Successful,Debit Card
PAY0001490,INV0001534,CUST00202,2024-09-07,29.0,Successful,Debit Card
PAY0001491,INV0001535,CUST00202,2024-10-01,29.0,Successful,Debit Card
PAY0001492,INV0001537,CUST00202,2024-11-30,29.0,Successful,Bank Transfer
PAY0001493,INV0001538,CUST00202,2024-12-31,29.0,Successful,Bank Transfer
PAY0001494,INV0001539,CUST00202,2025-01-27,29.0,Successful,Credit Card
PAY0001495,INV0001540,CUST00202,2025-03-09,29.0,Successful,ACH
PAY0001496,INV0001541,CUST00202,2025-04-01,29.0,Successful,Credit Card
PAY0001497,INV0001542,CUST00202,2025-05-03,29.0,Successful,ACH
PAY0001498,INV0001543,CUST00202,2025-05-31,29.0,Successful,Credit Card
PAY0001499,INV0001544,CUST00202,2025-07-05,29.0,Successful,ACH
PAY0001500,INV0001545,CUST00202,2025-07-25,29.0,Successful,Credit Card
PAY0001501,INV0001546,CUST00202,2025-09-03,29.0,Successful,Credit Card
PAY0001502,INV0001547,CUST00202,2025-10-02,29.0,Successful,ACH
PAY0001503,INV0001548,CUST00202,2025-11-07,29.0,Successful,Credit Card
PAY0001504,INV0001549,CUST00202,2025-12-02,29.0,Successful,ACH
PAY0001505,INV0001550,CUST00203,2025-06-06,2029.8,Successful,Debit Card
PAY0001506,INV0001551,CUST00204,2025-04-30,79.0,Successful,ACH
PAY0001507,INV0001552,CUST00204,2025-05-25,79.0,Successful,Bank Transfer
PAY0001508,INV0001553,CUST00204,2025-06-25,79.0,Successful,ACH
PAY0001509,INV0001554,CUST00204,2025-07-25,79.0,Failed,Bank Transfer
PAY0001510,INV0001556,CUST00204,2025-09-29,79.0,Successful,ACH
PAY0001511,INV0001557,CUST00204,2025-10-20,79.0,Successful,ACH
PAY0001512,INV0001558,CUST00204,2025-11-30,79.0,Successful,Debit Card
PAY0001513,INV0001559,CUST00204,2025-12-27,79.0,Successful,Bank Transfer
PAY0001514,INV0001560,CUST00205,2024-10-24,199.0,Successful,Debit Card
PAY0001515,INV0001561,CUST00205,2024-12-04,199.0,Successful,Credit Card
PAY0001516,INV0001562,CUST00205,2024-12-23,199.0,Successful,Debit Card
PAY0001517,INV0001563,CUST00205,2025-02-03,199.0,Successful,Bank Transfer
PAY0001518,INV0001564,CUST00205,2025-03-01,199.0,Successful,Debit Card
PAY0001519,INV0001565,CUST00205,2025-04-02,199.0,Successful,Credit Card
PAY0001520,INV0001566,CUST00205,2025-05-04,199.0,Successful,Credit Card
PAY0001521,INV0001567,CUST00205,2025-05-28,199.0,Successful,Bank Transfer
PAY0001522,INV0001568,CUST00205,2025-07-04,199.0,Successful,Debit Card
PAY0001523,INV0001569,CUST00205,2025-08-02,199.0,Successful,ACH
PAY0001524,INV0001570,CUST00205,2025-09-04,199.0,Successful,ACH
PAY0001525,INV0001571,CUST00205,2025-09-29,199.0,Successful,ACH
PAY0001526,INV0001572,CUST00205,2025-11-01,199.0,Successful,Credit Card
PAY0001527,INV0001573,CUST00205,2025-12-02,199.0,Successful,Bank Transfer
PAY0001528,INV0001574,CUST00205,2026-01-01,199.0,Successful,ACH
PAY0001529,INV0001575,CUST00206,2025-09-06,805.8,Successful,Bank Transfer
PAY0001530,INV0001576,CUST00207,2024-11-16,79.0,Successful,Debit Card
PAY0001531,INV0001577,CUST00207,2024-12-16,79.0,Successful,Debit Card
PAY0001532,INV0001578,CUST00207,2025-01-06,79.0,Successful,Credit Card
PAY0001533,INV0001579,CUST00207,2025-02-20,79.0,Successful,Credit Card
PAY0001534,INV0001580,CUST00207,2025-03-11,79.0,Successful,ACH
PAY0001535,INV0001581,CUST00207,2025-04-06,79.0,Failed,Credit Card
PAY0001536,INV0001582,CUST00207,2025-05-20,79.0,Successful,Debit Card
PAY0001537,INV0001583,CUST00207,2025-06-16,79.0,Successful,Credit Card
PAY0001538,INV0001585,CUST00207,2025-08-12,79.0,Successful,Debit Card
PAY0001539,INV0001586,CUST00207,2025-09-17,79.0,Successful,ACH
PAY0001540,INV0001587,CUST00207,2025-10-20,79.0,Successful,Bank Transfer
PAY0001541,INV0001588,CUST00207,2025-11-10,79.0,Successful,ACH
PAY0001542,INV0001589,CUST00207,2025-12-18,79.0,Successful,Credit Card
PAY0001543,INV0001590,CUST00208,2024-09-05,199.0,Successful,ACH
PAY0001544,INV0001591,CUST00208,2024-10-05,199.0,Successful,Credit Card
PAY0001545,INV0001592,CUST00208,2024-11-14,199.0,Successful,Bank Transfer
PAY0001546,INV0001593,CUST00208,2024-12-08,199.0,Successful,Bank Transfer
PAY0001547,INV0001594,CUST00208,2025-01-10,199.0,Successful,Bank Transfer
PAY0001548,INV0001595,CUST00208,2025-02-01,199.0,Failed,Credit Card
PAY0001549,INV0001596,CUST00208,2025-03-05,199.0,Successful,Credit Card
PAY0001550,INV0001597,CUST00208,2025-03-31,199.0,Successful,Credit Card
PAY0001551,INV0001598,CUST00208,2025-05-09,199.0,Successful,Debit Card
PAY0001552,INV0001599,CUST00208,2025-06-12,199.0,Successful,Credit Card
PAY0001553,INV0001600,CUST00208,2025-07-11,199.0,Successful,Bank Transfer
PAY0001554,INV0001601,CUST00208,2025-08-09,199.0,Successful,Credit Card
PAY0001555,INV0001602,CUST00208,2025-08-29,199.0,Successful,Bank Transfer
PAY0001556,INV0001603,CUST00208,2025-10-07,199.0,Successful,ACH
PAY0001557,INV0001604,CUST00208,2025-11-02,199.0,Successful,Credit Card
PAY0001558,INV0001605,CUST00208,2025-12-12,199.0,Successful,Credit Card
PAY0001559,INV0001606,CUST00208,2026-01-10,199.0,Successful,Debit Card
PAY0001560,INV0001607,CUST00209,2024-01-24,805.8,Successful,Debit Card
PAY0001561,INV0001608,CUST00210,2025-08-09,29.0,Successful,ACH
PAY0001562,INV0001609,CUST00210,2025-09-17,29.0,Successful,Debit Card
PAY0001563,INV0001610,CUST00210,2025-10-06,29.0,Failed,Debit Card
PAY0001564,INV0001611,CUST00210,2025-11-04,29.0,Successful,ACH
PAY0001565,INV0001612,CUST00210,2025-12-16,29.0,Successful,Credit Card
PAY0001566,INV0001613,CUST00211,2025-09-27,29.0,Successful,Credit Card
PAY0001567,INV0001614,CUST00211,2025-10-16,29.0,Successful,Bank Transfer
PAY0001568,INV0001615,CUST00211,2025-11-26,29.0,Successful,Debit Card
PAY0001569,INV0001616,CUST00211,2025-12-16,29.0,Successful,Credit Card
PAY0001570,INV0001617,CUST00212,2024-08-31,2029.8,Successful,Bank Transfer
PAY0001571,INV0001618,CUST00212,2025-09-02,2029.8,Refunded,Debit Card
PAY0001572,INV0001619,CUST00213,2025-10-12,805.8,Successful,ACH
PAY0001573,INV0001620,CUST00214,2025-10-07,199.0,Successful,Debit Card
PAY0001574,INV0001621,CUST00214,2025-11-07,199.0,Successful,Credit Card
PAY0001575,INV0001622,CUST00214,2025-12-15,199.0,Successful,Debit Card
PAY0001576,INV0001624,CUST00215,2025-05-03,79.0,Successful,Bank Transfer
PAY0001577,INV0001625,CUST00215,2025-06-07,79.0,Successful,Debit Card
PAY0001578,INV0001626,CUST00215,2025-07-10,79.0,Successful,Credit Card
PAY0001579,INV0001627,CUST00215,2025-08-02,79.0,Successful,ACH
PAY0001580,INV0001628,CUST00215,2025-09-03,79.0,Successful,ACH
PAY0001581,INV0001629,CUST00215,2025-10-05,79.0,Successful,Credit Card
PAY0001582,INV0001630,CUST00215,2025-11-09,79.0,Successful,Bank Transfer
PAY0001583,INV0001631,CUST00215,2025-11-28,79.0,Successful,Credit Card
PAY0001584,INV0001632,CUST00215,2026-01-11,79.0,Successful,Credit Card
PAY0001585,INV0001633,CUST00216,2024-11-08,29.0,Successful,Bank Transfer
PAY0001586,INV0001634,CUST00216,2024-12-12,29.0,Successful,Debit Card
PAY0001587,INV0001635,CUST00216,2025-01-09,29.0,Successful,Bank Transfer
PAY0001588,INV0001636,CUST00216,2025-02-01,29.0,Successful,Credit Card
PAY0001589,INV0001637,CUST00216,2025-03-12,29.0,Successful,Credit Card
PAY0001590,INV0001638,CUST00216,2025-04-10,29.0,Successful,Bank Transfer
PAY0001591,INV0001639,CUST00216,2025-05-13,29.0,Successful,Credit Card
PAY0001592,INV0001640,CUST00216,2025-05-30,29.0,Successful,Debit Card
PAY0001593,INV0001641,CUST00216,2025-07-09,29.0,Successful,ACH
PAY0001594,INV0001642,CUST00216,2025-08-12,29.0,Successful,Debit Card
PAY0001595,INV0001643,CUST00216,2025-09-12,29.0,Successful,Debit Card
PAY0001596,INV0001644,CUST00216,2025-10-13,29.0,Refunded,ACH
PAY0001597,INV0001645,CUST00216,2025-11-04,29.0,Successful,Bank Transfer
PAY0001598,INV0001646,CUST00216,2025-12-13,29.0,Successful,Debit Card
PAY0001599,INV0001647,CUST00216,2025-12-29,29.0,Successful,Credit Card
PAY0001600,INV0001649,CUST00217,2025-08-14,29.0,Successful,ACH
PAY0001601,INV0001650,CUST00217,2025-09-18,29.0,Successful,ACH
PAY0001602,INV0001651,CUST00217,2025-10-08,29.0,Successful,Credit Card
PAY0001603,INV0001652,CUST00217,2025-11-13,29.0,Successful,Bank Transfer
PAY0001604,INV0001653,CUST00217,2025-12-08,29.0,Successful,Bank Transfer
PAY0001605,INV0001654,CUST00218,2024-07-02,29.0,Successful,Debit Card
PAY0001606,INV0001655,CUST00218,2024-07-25,29.0,Successful,ACH
PAY0001607,INV0001656,CUST00218,2024-08-29,29.0,Successful,ACH
PAY0001608,INV0001657,CUST00218,2024-09-21,29.0,Successful,Credit Card
PAY0001609,INV0001658,CUST00218,2024-10-18,29.0,Successful,Credit Card
PAY0001610,INV0001659,CUST00218,2024-11-25,29.0,Successful,ACH
PAY0001611,INV0001660,CUST00218,2024-12-22,29.0,Successful,Debit Card
PAY0001612,INV0001661,CUST00218,2025-01-26,29.0,Successful,Credit Card
PAY0001613,INV0001662,CUST00218,2025-02-26,29.0,Successful,Debit Card
PAY0001614,INV0001663,CUST00218,2025-03-31,29.0,Successful,Credit Card
PAY0001615,INV0001664,CUST00218,2025-04-29,29.0,Successful,Debit Card
PAY0001616,INV0001665,CUST00218,2025-05-27,29.0,Successful,Debit Card
PAY0001617,INV0001666,CUST00218,2025-07-02,29.0,Failed,Credit Card
PAY0001618,INV0001667,CUST00218,2025-08-01,29.0,Successful,Credit Card
PAY0001619,INV0001668,CUST00218,2025-08-24,29.0,Successful,Credit Card
PAY0001620,INV0001669,CUST00218,2025-09-21,29.0,Successful,Credit Card
PAY0001621,INV0001670,CUST00218,2025-10-24,29.0,Successful,Debit Card
PAY0001622,INV0001671,CUST00218,2025-11-21,29.0,Successful,Credit Card
PAY0001623,INV0001672,CUST00218,2026-01-01,29.0,Successful,Debit Card
PAY0001624,INV0001673,CUST00219,2024-12-26,79.0,Successful,Credit Card
PAY0001625,INV0001674,CUST00219,2025-01-20,79.0,Successful,Bank Transfer
PAY0001626,INV0001675,CUST00219,2025-02-26,79.0,Successful,Bank Transfer
PAY0001627,INV0001676,CUST00219,2025-03-13,79.0,Successful,Credit Card
PAY0001628,INV0001677,CUST00219,2025-04-24,79.0,Successful,Credit Card
PAY0001629,INV0001678,CUST00219,2025-05-25,79.0,Successful,Debit Card
PAY0001630,INV0001679,CUST00219,2025-06-14,79.0,Successful,ACH
PAY0001631,INV0001680,CUST00219,2025-07-13,79.0,Successful,ACH
PAY0001632,INV0001681,CUST00219,2025-08-14,79.0,Successful,Bank Transfer
PAY0001633,INV0001682,CUST00219,2025-09-18,79.0,Successful,Credit Card
PAY0001634,INV0001683,CUST00219,2025-10-25,79.0,Successful,ACH
PAY0001635,INV0001684,CUST00219,2025-11-14,79.0,Successful,Debit Card
PAY0001636,INV0001685,CUST00220,2024-09-01,199.0,Successful,ACH
PAY0001637,INV0001686,CUST00220,2024-09-28,199.0,Successful,ACH
PAY0001638,INV0001687,CUST00220,2024-11-03,199.0,Successful,Bank Transfer
PAY0001639,INV0001688,CUST00220,2024-11-28,199.0,Successful,Bank Transfer
PAY0001640,INV0001689,CUST00220,2024-12-30,199.0,Successful,ACH
PAY0001641,INV0001690,CUST00220,2025-01-25,199.0,Successful,Credit Card
PAY0001642,INV0001691,CUST00220,2025-03-06,199.0,Successful,Credit Card
PAY0001643,INV0001692,CUST00220,2025-03-22,199.0,Successful,Credit Card
PAY0001644,INV0001693,CUST00220,2025-04-24,199.0,Successful,Debit Card
PAY0001645,INV0001694,CUST00220,2025-06-02,199.0,Successful,Credit Card
PAY0001646,INV0001695,CUST00220,2025-06-30,199.0,Successful,Debit Card
PAY0001647,INV0001696,CUST00220,2025-07-26,199.0,Successful,Credit Card
PAY0001648,INV0001697,CUST00221,2025-07-26,295.8,Failed,Debit Card
PAY0001649,INV0001698,CUST00222,2025-07-12,295.8,Successful,Bank Transfer
PAY0001650,INV0001699,CUST00223,2025-09-01,79.0,Successful,ACH
PAY0001651,INV0001700,CUST00223,2025-10-02,79.0,Successful,Bank Transfer
PAY0001652,INV0001701,CUST00223,2025-10-31,79.0,Successful,ACH
PAY0001653,INV0001702,CUST00223,2025-11-26,79.0,Successful,ACH
PAY0001654,INV0001703,CUST00223,2026-01-03,79.0,Successful,Debit Card
PAY0001655,INV0001704,CUST00224,2025-11-30,2029.8,Successful,Debit Card
PAY0001656,INV0001705,CUST00225,2025-09-21,199.0,Successful,Debit Card
PAY0001657,INV0001706,CUST00225,2025-10-28,199.0,Successful,Debit Card
PAY0001658,INV0001707,CUST00225,2025-11-18,199.0,Refunded,ACH
PAY0001659,INV0001708,CUST00225,2025-12-24,199.0,Successful,Debit Card
PAY0001660,INV0001709,CUST00226,2025-12-30,79.0,Failed,ACH
PAY0001661,INV0001710,CUST00227,2024-02-11,295.8,Successful,Debit Card
PAY0001662,INV0001711,CUST00227,2025-02-10,295.8,Successful,Bank Transfer
PAY0001663,INV0001712,CUST00228,2025-07-17,29.0,Successful,Bank Transfer
PAY0001664,INV0001713,CUST00228,2025-08-07,29.0,Failed,ACH
PAY0001665,INV0001714,CUST00228,2025-09-09,29.0,Successful,ACH
PAY0001666,INV0001715,CUST00228,2025-10-17,29.0,Successful,Debit Card
PAY0001667,INV0001716,CUST00228,2025-11-16,29.0,Successful,Bank Transfer
PAY0001668,INV0001717,CUST00228,2025-12-06,29.0,Successful,Credit Card
PAY0001669,INV0001718,CUST00229,2025-09-02,295.8,Successful,Credit Card
PAY0001670,INV0001719,CUST00230,2025-05-30,79.0,Successful,ACH
PAY0001671,INV0001720,CUST00230,2025-06-17,79.0,Successful,Debit Card
PAY0001672,INV0001721,CUST00230,2025-07-20,79.0,Successful,ACH
PAY0001673,INV0001722,CUST00230,2025-08-18,79.0,Successful,Bank Transfer
PAY0001674,INV0001723,CUST00230,2025-09-18,79.0,Successful,Bank Transfer
PAY0001675,INV0001724,CUST00230,2025-10-22,79.0,Successful,Credit Card
PAY0001676,INV0001725,CUST00230,2025-11-22,79.0,Successful,Bank Transfer
PAY0001677,INV0001726,CUST00230,2025-12-22,79.0,Failed,ACH
PAY0001678,INV0001727,CUST00231,2024-08-18,29.0,Successful,Credit Card
PAY0001679,INV0001728,CUST00231,2024-09-25,29.0,Successful,Bank Transfer
PAY0001680,INV0001729,CUST00231,2024-10-15,29.0,Successful,Bank Transfer
PAY0001681,INV0001730,CUST00231,2024-11-17,29.0,Successful,Credit Card
PAY0001682,INV0001731,CUST00231,2024-12-15,29.0,Successful,ACH
PAY0001683,INV0001733,CUST00231,2025-02-23,29.0,Successful,Credit Card
PAY0001684,INV0001734,CUST00231,2025-03-25,29.0,Successful,Debit Card
PAY0001685,INV0001735,CUST00231,2025-04-22,29.0,Successful,Debit Card
PAY0001686,INV0001736,CUST00231,2025-05-24,29.0,Successful,Bank Transfer
PAY0001687,INV0001737,CUST00231,2025-06-25,29.0,Successful,ACH
PAY0001688,INV0001738,CUST00231,2025-07-22,29.0,Successful,Credit Card
PAY0001689,INV0001739,CUST00232,2025-12-06,2029.8,Successful,Bank Transfer
PAY0001690,INV0001740,CUST00233,2024-10-20,29.0,Successful,Bank Transfer
PAY0001691,INV0001741,CUST00233,2024-11-24,29.0,Successful,Debit Card
PAY0001692,INV0001742,CUST00233,2024-12-24,29.0,Successful,Bank Transfer
PAY0001693,INV0001743,CUST00233,2025-01-11,29.0,Successful,ACH
PAY0001694,INV0001744,CUST00233,2025-02-19,29.0,Successful,ACH
PAY0001695,INV0001745,CUST00233,2025-03-17,29.0,Successful,Credit Card
PAY0001696,INV0001746,CUST00233,2025-04-21,29.0,Successful,ACH
PAY0001697,INV0001747,CUST00233,2025-05-10,29.0,Successful,Bank Transfer
PAY0001698,INV0001748,CUST00233,2025-06-12,29.0,Successful,Credit Card
PAY0001699,INV0001749,CUST00233,2025-07-16,29.0,Successful,ACH
PAY0001700,INV0001750,CUST00233,2025-08-24,29.0,Successful,Credit Card
PAY0001701,INV0001751,CUST00233,2025-09-22,29.0,Successful,Credit Card
PAY0001702,INV0001752,CUST00233,2025-10-12,29.0,Successful,ACH
PAY0001703,INV0001753,CUST00233,2025-11-20,29.0,Successful,ACH
PAY0001704,INV0001754,CUST00233,2025-12-21,29.0,Successful,ACH
PAY0001705,INV0001755,CUST00234,2024-04-04,2029.8,Successful,ACH
PAY0001706,INV0001756,CUST00234,2025-04-11,2029.8,Successful,Debit Card
PAY0001707,INV0001757,CUST00235,2024-02-24,805.8,Successful,Debit Card
PAY0001708,INV0001758,CUST00236,2024-03-20,2029.8,Successful,Credit Card
PAY0001709,INV0001759,CUST00237,2024-09-10,295.8,Successful,Debit Card
PAY0001710,INV0001760,CUST00238,2024-10-18,79.0,Successful,ACH
PAY0001711,INV0001761,CUST00238,2024-11-18,79.0,Successful,ACH
PAY0001712,INV0001762,CUST00238,2024-12-15,79.0,Failed,Credit Card
PAY0001713,INV0001763,CUST00238,2025-01-24,79.0,Successful,Debit Card
PAY0001714,INV0001764,CUST00238,2025-02-14,79.0,Successful,Credit Card
PAY0001715,INV0001765,CUST00238,2025-03-23,79.0,Successful,Credit Card
PAY0001716,INV0001766,CUST00238,2025-04-25,79.0,Successful,Bank Transfer
PAY0001717,INV0001767,CUST00238,2025-05-25,79.0,Successful,Credit Card
PAY0001718,INV0001768,CUST00238,2025-06-25,79.0,Successful,Credit Card
PAY0001719,INV0001769,CUST00238,2025-07-11,79.0,Successful,Credit Card
PAY0001720,INV0001770,CUST00238,2025-08-14,79.0,Successful,Debit Card
PAY0001721,INV0001771,CUST00238,2025-09-16,79.0,Failed,Debit Card
PAY0001722,INV0001772,CUST00238,2025-10-15,79.0,Successful,ACH
PAY0001723,INV0001773,CUST00238,2025-11-24,79.0,Successful,Debit Card
PAY0001724,INV0001774,CUST00238,2025-12-12,79.0,Successful,Credit Card
PAY0001725,INV0001775,CUST00239,2024-07-09,199.0,Successful,ACH
PAY0001726,INV0001776,CUST00239,2024-08-09,199.0,Successful,Credit Card
PAY0001727,INV0001777,CUST00239,2024-09-11,199.0,Successful,Bank Transfer
PAY0001728,INV0001778,CUST00239,2024-10-07,199.0,Successful,Credit Card
PAY0001729,INV0001779,CUST00239,2024-11-02,199.0,Successful,Bank Transfer
PAY0001730,INV0001780,CUST00239,2024-12-01,199.0,Successful,ACH
PAY0001731,INV0001781,CUST00239,2024-12-29,199.0,Successful,Bank Transfer
PAY0001732,INV0001782,CUST00239,2025-02-08,199.0,Successful,Credit Card
PAY0001733,INV0001784,CUST00239,2025-04-03,199.0,Successful,ACH
PAY0001734,INV0001785,CUST00239,2025-05-11,199.0,Successful,Bank Transfer
PAY0001735,INV0001786,CUST00239,2025-06-10,199.0,Successful,Credit Card
PAY0001736,INV0001787,CUST00240,2025-01-14,79.0,Successful,ACH
PAY0001737,INV0001788,CUST00240,2025-02-12,79.0,Successful,Credit Card
PAY0001738,INV0001789,CUST00240,2025-03-10,79.0,Successful,Credit Card
PAY0001739,INV0001790,CUST00240,2025-04-08,199.0,Successful,Credit Card
PAY0001740,INV0001791,CUST00240,2025-05-16,199.0,Successful,Credit Card
PAY0001741,INV0001792,CUST00240,2025-06-05,199.0,Successful,Bank Transfer
PAY0001742,INV0001793,CUST00240,2025-07-15,199.0,Successful,Bank Transfer
PAY0001743,INV0001794,CUST00240,2025-08-13,199.0,Successful,ACH
PAY0001744,INV0001795,CUST00240,2025-09-14,199.0,Successful,Bank Transfer
PAY0001745,INV0001796,CUST00240,2025-10-12,199.0,Successful,Bank Transfer
PAY0001746,INV0001797,CUST00240,2025-11-10,199.0,Successful,Bank Transfer
PAY0001747,INV0001798,CUST00240,2025-12-06,199.0,Successful,Debit Card
PAY0001748,INV0001799,CUST00241,2024-06-30,29.0,Failed,Credit Card
PAY0001749,INV0001800,CUST00241,2024-08-04,29.0,Successful,Debit Card
PAY0001750,INV0001801,CUST00241,2024-09-07,29.0,Successful,ACH
PAY0001751,INV0001802,CUST00241,2024-09-29,29.0,Successful,Bank Transfer
PAY0001752,INV0001803,CUST00241,2024-10-31,29.0,Successful,Bank Transfer
PAY0001753,INV0001804,CUST00241,2024-12-02,29.0,Successful,Credit Card
PAY0001754,INV0001805,CUST00241,2024-12-28,29.0,Successful,Credit Card
PAY0001755,INV0001806,CUST00241,2025-02-02,29.0,Successful,Bank Transfer
PAY0001756,INV0001807,CUST00241,2025-02-28,29.0,Successful,ACH
PAY0001757,INV0001808,CUST00241,2025-03-30,29.0,Successful,Debit Card
PAY0001758,INV0001809,CUST00241,2025-05-04,29.0,Successful,Credit Card
PAY0001759,INV0001810,CUST00241,2025-06-04,29.0,Successful,Bank Transfer
PAY0001760,INV0001811,CUST00241,2025-07-11,29.0,Successful,Credit Card
PAY0001761,INV0001812,CUST00241,2025-08-04,29.0,Successful,Bank Transfer
PAY0001762,INV0001813,CUST00241,2025-09-02,29.0,Successful,ACH
PAY0001763,INV0001814,CUST00241,2025-09-28,29.0,Successful,Debit Card
PAY0001764,INV0001815,CUST00241,2025-11-02,29.0,Successful,Credit Card
PAY0001765,INV0001816,CUST00241,2025-12-08,29.0,Successful,Credit Card
PAY0001766,INV0001817,CUST00242,2024-03-12,199.0,Successful,Credit Card
PAY0001767,INV0001818,CUST00242,2024-04-10,199.0,Successful,ACH
PAY0001768,INV0001819,CUST00242,2024-05-21,199.0,Successful,ACH
PAY0001769,INV0001820,CUST00242,2024-06-09,199.0,Failed,ACH
PAY0001770,INV0001821,CUST00242,2024-07-21,199.0,Successful,Bank Transfer
PAY0001771,INV0001822,CUST00242,2024-08-21,199.0,Successful,Credit Card
PAY0001772,INV0001823,CUST00242,2024-09-16,199.0,Failed,ACH
PAY0001773,INV0001824,CUST00242,2024-10-13,199.0,Successful,Credit Card
PAY0001774,INV0001825,CUST00242,2024-11-08,199.0,Successful,Debit Card
PAY0001775,INV0001826,CUST00242,2024-12-15,199.0,Successful,ACH
PAY0001776,INV0001827,CUST00242,2025-01-11,199.0,Successful,Bank Transfer
PAY0001777,INV0001828,CUST00242,2025-02-17,199.0,Successful,Credit Card
PAY0001778,INV0001829,CUST00242,2025-03-15,199.0,Successful,ACH
PAY0001779,INV0001830,CUST00242,2025-04-21,199.0,Successful,Bank Transfer
PAY0001780,INV0001831,CUST00242,2025-05-16,199.0,Successful,Credit Card
PAY0001781,INV0001832,CUST00242,2025-06-16,199.0,Successful,ACH
PAY0001782,INV0001833,CUST00242,2025-07-16,199.0,Successful,Bank Transfer
PAY0001783,INV0001834,CUST00242,2025-08-12,199.0,Successful,ACH
PAY0001784,INV0001835,CUST00242,2025-09-11,199.0,Successful,ACH
PAY0001785,INV0001836,CUST00242,2025-10-13,199.0,Successful,Bank Transfer
PAY0001786,INV0001837,CUST00242,2025-11-15,199.0,Successful,Credit Card
PAY0001787,INV0001838,CUST00242,2025-12-15,199.0,Successful,Bank Transfer
PAY0001788,INV0001839,CUST00243,2025-04-21,199.0,Successful,Bank Transfer
PAY0001789,INV0001840,CUST00243,2025-05-18,199.0,Successful,Bank Transfer
PAY0001790,INV0001841,CUST00243,2025-06-19,199.0,Successful,Debit Card
PAY0001791,INV0001842,CUST00244,2025-04-17,295.8,Successful,ACH
PAY0001792,INV0001843,CUST00245,2025-02-22,29.0,Successful,Credit Card
PAY0001793,INV0001844,CUST00245,2025-03-29,29.0,Successful,ACH
PAY0001794,INV0001845,CUST00245,2025-04-20,29.0,Successful,Debit Card
PAY0001795,INV0001846,CUST00245,2025-05-17,29.0,Successful,Credit Card
PAY0001796,INV0001847,CUST00245,2025-06-29,29.0,Successful,Bank Transfer
PAY0001797,INV0001848,CUST00245,2025-07-22,29.0,Successful,Credit Card
PAY0001798,INV0001849,CUST00245,2025-08-20,29.0,Successful,ACH
PAY0001799,INV0001850,CUST00245,2025-09-20,29.0,Successful,Debit Card
PAY0001800,INV0001851,CUST00245,2025-10-16,29.0,Successful,Bank Transfer
PAY0001801,INV0001852,CUST00245,2025-11-16,29.0,Successful,Credit Card
PAY0001802,INV0001853,CUST00245,2025-12-20,29.0,Successful,Bank Transfer
PAY0001803,INV0001854,CUST00246,2024-03-27,79.0,Successful,Credit Card
PAY0001804,INV0001855,CUST00246,2024-04-30,79.0,Successful,Debit Card
PAY0001805,INV0001856,CUST00246,2024-05-26,79.0,Successful,Credit Card
PAY0001806,INV0001857,CUST00246,2024-06-30,79.0,Successful,ACH
PAY0001807,INV0001858,CUST00246,2024-07-18,79.0,Successful,Credit Card
PAY0001808,INV0001859,CUST00246,2024-08-22,79.0,Successful,Bank Transfer
PAY0001809,INV0001860,CUST00246,2024-09-28,79.0,Successful,Bank Transfer
PAY0001810,INV0001861,CUST00246,2024-10-18,79.0,Successful,ACH
PAY0001811,INV0001862,CUST00246,2024-11-21,79.0,Successful,Credit Card
PAY0001812,INV0001863,CUST00246,2024-12-22,79.0,Successful,Credit Card
PAY0001813,INV0001864,CUST00246,2025-01-23,79.0,Successful,Debit Card
PAY0001814,INV0001865,CUST00246,2025-03-03,79.0,Successful,Debit Card
PAY0001815,INV0001866,CUST00246,2025-03-28,79.0,Successful,ACH
PAY0001816,INV0001867,CUST00246,2025-05-01,79.0,Successful,Credit Card
PAY0001817,INV0001868,CUST00246,2025-05-27,79.0,Successful,Credit Card
PAY0001818,INV0001869,CUST00246,2025-06-29,79.0,Successful,ACH
PAY0001819,INV0001870,CUST00246,2025-07-21,79.0,Successful,ACH
PAY0001820,INV0001871,CUST00246,2025-08-27,79.0,Successful,Debit Card
PAY0001821,INV0001872,CUST00247,2024-05-16,805.8,Failed,Bank Transfer
PAY0001822,INV0001873,CUST00248,2025-02-09,295.8,Successful,Credit Card
PAY0001823,INV0001874,CUST00249,2024-04-24,79.0,Successful,Debit Card
PAY0001824,INV0001875,CUST00249,2024-05-14,79.0,Successful,ACH
PAY0001825,INV0001876,CUST00249,2024-06-24,79.0,Successful,Credit Card
PAY0001826,INV0001877,CUST00249,2024-07-13,79.0,Successful,Bank Transfer
PAY0001827,INV0001878,CUST00249,2024-08-18,79.0,Successful,ACH
PAY0001828,INV0001879,CUST00249,2024-09-26,79.0,Successful,Credit Card
PAY0001829,INV0001880,CUST00249,2024-10-23,79.0,Successful,Credit Card
PAY0001830,INV0001881,CUST00249,2024-11-21,79.0,Successful,ACH
PAY0001831,INV0001882,CUST00249,2024-12-12,79.0,Successful,Debit Card
PAY0001832,INV0001883,CUST00249,2025-01-24,79.0,Successful,Credit Card
PAY0001833,INV0001884,CUST00249,2025-02-22,79.0,Successful,Credit Card
PAY0001834,INV0001885,CUST00249,2025-03-15,79.0,Successful,Debit Card
PAY0001835,INV0001886,CUST00250,2025-03-27,2029.8,Successful,ACH
PAY0001836,INV0001887,CUST00251,2025-02-26,805.8,Successful,ACH
PAY0001837,INV0001888,CUST00252,2025-11-22,79.0,Successful,ACH
PAY0001838,INV0001889,CUST00252,2025-12-19,79.0,Successful,Bank Transfer
PAY0001839,INV0001890,CUST00253,2024-03-23,805.8,Successful,Debit Card
PAY0001840,INV0001891,CUST00254,2025-01-31,79.0,Failed,Debit Card
PAY0001841,INV0001892,CUST00254,2025-02-24,79.0,Successful,Debit Card
PAY0001842,INV0001893,CUST00254,2025-03-31,79.0,Successful,ACH
PAY0001843,INV0001894,CUST00254,2025-04-22,79.0,Successful,Credit Card
PAY0001844,INV0001895,CUST00254,2025-05-31,79.0,Successful,Bank Transfer
PAY0001845,INV0001896,CUST00254,2025-06-24,79.0,Successful,Debit Card
PAY0001846,INV0001897,CUST00254,2025-07-30,79.0,Successful,ACH
PAY0001847,INV0001898,CUST00254,2025-08-24,79.0,Successful,Bank Transfer
PAY0001848,INV0001899,CUST00254,2025-09-26,79.0,Successful,ACH
PAY0001849,INV0001900,CUST00254,2025-10-20,79.0,Successful,Bank Transfer
PAY0001850,INV0001901,CUST00254,2025-11-17,79.0,Successful,ACH
PAY0001851,INV0001902,CUST00254,2025-12-24,79.0,Successful,ACH
PAY0001852,INV0001903,CUST00255,2025-11-28,29.0,Successful,Credit Card
PAY0001853,INV0001904,CUST00255,2025-12-31,29.0,Successful,Bank Transfer
PAY0001854,INV0001905,CUST00256,2024-03-05,199.0,Successful,Bank Transfer
PAY0001855,INV0001906,CUST00256,2024-03-27,199.0,Successful,Credit Card
PAY0001856,INV0001907,CUST00256,2024-05-07,199.0,Successful,Bank Transfer
PAY0001857,INV0001908,CUST00256,2024-06-01,199.0,Successful,Credit Card
PAY0001858,INV0001909,CUST00256,2024-07-07,79.0,Successful,Bank Transfer
PAY0001859,INV0001910,CUST00256,2024-07-29,79.0,Successful,Debit Card
PAY0001860,INV0001911,CUST00256,2024-08-31,79.0,Refunded,Debit Card
PAY0001861,INV0001912,CUST00256,2024-10-01,79.0,Successful,ACH
PAY0001862,INV0001913,CUST00256,2024-10-25,79.0,Successful,Bank Transfer
PAY0001863,INV0001914,CUST00256,2024-11-24,79.0,Successful,Debit Card
PAY0001864,INV0001915,CUST00256,2025-01-05,79.0,Successful,ACH
PAY0001865,INV0001916,CUST00256,2025-01-27,79.0,Successful,ACH
PAY0001866,INV0001917,CUST00256,2025-03-07,79.0,Successful,ACH
PAY0001867,INV0001918,CUST00256,2025-03-25,79.0,Successful,Bank Transfer
PAY0001868,INV0001919,CUST00256,2025-04-25,79.0,Successful,Bank Transfer
PAY0001869,INV0001920,CUST00256,2025-06-06,79.0,Successful,Debit Card
PAY0001870,INV0001921,CUST00256,2025-06-30,79.0,Successful,Bank Transfer
PAY0001871,INV0001922,CUST00256,2025-08-06,79.0,Successful,Credit Card
PAY0001872,INV0001923,CUST00257,2025-08-26,295.8,Successful,Bank Transfer
PAY0001873,INV0001924,CUST00258,2024-05-04,295.8,Successful,Debit Card
PAY0001874,INV0001925,CUST00259,2025-08-12,29.0,Successful,ACH
PAY0001875,INV0001926,CUST00259,2025-09-13,29.0,Successful,ACH
PAY0001876,INV0001927,CUST00259,2025-10-21,29.0,Successful,Credit Card
PAY0001877,INV0001928,CUST00260,2025-09-25,199.0,Successful,Credit Card
PAY0001878,INV0001929,CUST00260,2025-10-23,199.0,Successful,ACH
PAY0001879,INV0001930,CUST00260,2025-11-30,199.0,Successful,Credit Card
PAY0001880,INV0001931,CUST00260,2025-12-25,199.0,Successful,Credit Card
PAY0001881,INV0001932,CUST00261,2024-07-06,79.0,Failed,Bank Transfer
PAY0001882,INV0001933,CUST00261,2024-08-14,79.0,Successful,ACH
PAY0001883,INV0001934,CUST00261,2024-09-04,79.0,Successful,Credit Card
PAY0001884,INV0001935,CUST00261,2024-10-11,79.0,Successful,Debit Card
PAY0001885,INV0001936,CUST00261,2024-11-04,79.0,Successful,ACH
PAY0001886,INV0001937,CUST00261,2024-12-04,79.0,Successful,Bank Transfer
PAY0001887,INV0001938,CUST00261,2025-01-08,79.0,Successful,Bank Transfer
PAY0001888,INV0001940,CUST00261,2025-03-06,79.0,Successful,Bank Transfer
PAY0001889,INV0001941,CUST00261,2025-04-16,29.0,Successful,Debit Card
PAY0001890,INV0001942,CUST00261,2025-05-11,29.0,Successful,ACH
PAY0001891,INV0001943,CUST00261,2025-06-13,29.0,Successful,Credit Card
PAY0001892,INV0001944,CUST00261,2025-07-12,29.0,Successful,Bank Transfer
PAY0001893,INV0001945,CUST00261,2025-08-11,29.0,Successful,Bank Transfer
PAY0001894,INV0001946,CUST00261,2025-09-10,29.0,Successful,Debit Card
PAY0001895,INV0001947,CUST00261,2025-10-10,29.0,Successful,ACH
PAY0001896,INV0001948,CUST00261,2025-11-14,29.0,Successful,Debit Card
PAY0001897,INV0001949,CUST00261,2025-12-12,29.0,Successful,Credit Card
PAY0001898,INV0001950,CUST00262,2025-01-01,29.0,Successful,Bank Transfer
PAY0001899,INV0001951,CUST00262,2025-01-28,29.0,Successful,ACH
PAY0001900,INV0001952,CUST00262,2025-03-06,29.0,Successful,Credit Card
PAY0001901,INV0001953,CUST00262,2025-04-09,29.0,Refunded,Credit Card
PAY0001902,INV0001954,CUST00262,2025-05-02,29.0,Successful,ACH
PAY0001903,INV0001955,CUST00262,2025-06-04,29.0,Successful,Credit Card
PAY0001904,INV0001956,CUST00262,2025-07-06,29.0,Successful,Debit Card
PAY0001905,INV0001957,CUST00262,2025-07-26,29.0,Successful,ACH
PAY0001906,INV0001958,CUST00262,2025-09-06,29.0,Successful,Bank Transfer
PAY0001907,INV0001959,CUST00262,2025-09-30,29.0,Successful,Debit Card
PAY0001908,INV0001960,CUST00262,2025-10-27,29.0,Successful,ACH
PAY0001909,INV0001961,CUST00262,2025-11-27,29.0,Successful,Credit Card
PAY0001910,INV0001962,CUST00262,2026-01-09,29.0,Successful,Debit Card
PAY0001911,INV0001963,CUST00263,2024-03-20,29.0,Successful,Bank Transfer
PAY0001912,INV0001964,CUST00263,2024-04-26,29.0,Successful,ACH
PAY0001913,INV0001965,CUST00263,2024-05-24,29.0,Successful,ACH
PAY0001914,INV0001967,CUST00263,2024-07-16,29.0,Successful,Credit Card
PAY0001915,INV0001968,CUST00263,2024-08-16,29.0,Successful,Debit Card
PAY0001916,INV0001969,CUST00263,2024-09-15,29.0,Successful,Bank Transfer
PAY0001917,INV0001970,CUST00263,2024-10-26,29.0,Successful,Debit Card
PAY0001918,INV0001972,CUST00263,2024-12-15,29.0,Successful,Credit Card
PAY0001919,INV0001973,CUST00263,2025-01-27,29.0,Successful,Bank Transfer
PAY0001920,INV0001974,CUST00263,2025-02-20,29.0,Failed,Bank Transfer
PAY0001921,INV0001975,CUST00264,2025-07-01,199.0,Successful,Bank Transfer
PAY0001922,INV0001976,CUST00264,2025-08-11,199.0,Failed,Bank Transfer
PAY0001923,INV0001977,CUST00264,2025-09-10,199.0,Successful,ACH
PAY0001924,INV0001978,CUST00264,2025-10-12,199.0,Successful,Bank Transfer
PAY0001925,INV0001979,CUST00264,2025-10-28,199.0,Successful,Bank Transfer
PAY0001926,INV0001980,CUST00264,2025-12-06,199.0,Successful,Bank Transfer
PAY0001927,INV0001981,CUST00264,2025-12-29,199.0,Successful,ACH
PAY0001928,INV0001982,CUST00265,2025-01-20,295.8,Failed,ACH
PAY0001929,INV0001983,CUST00266,2024-03-02,79.0,Successful,Debit Card
PAY0001930,INV0001984,CUST00266,2024-04-02,79.0,Successful,ACH
PAY0001931,INV0001985,CUST00266,2024-05-07,29.0,Successful,Bank Transfer
PAY0001932,INV0001986,CUST00266,2024-05-28,29.0,Successful,Bank Transfer
PAY0001933,INV0001987,CUST00266,2024-07-07,29.0,Successful,ACH
PAY0001934,INV0001988,CUST00266,2024-08-05,29.0,Successful,Debit Card
PAY0001935,INV0001989,CUST00266,2024-08-28,29.0,Successful,Credit Card
PAY0001936,INV0001990,CUST00266,2024-09-26,29.0,Successful,Debit Card
PAY0001937,INV0001991,CUST00266,2024-10-25,29.0,Successful,Bank Transfer
PAY0001938,INV0001992,CUST00266,2024-11-27,29.0,Successful,Credit Card
PAY0001939,INV0001993,CUST00266,2024-12-28,29.0,Successful,Debit Card
PAY0001940,INV0001994,CUST00266,2025-02-06,29.0,Successful,Credit Card
PAY0001941,INV0001995,CUST00266,2025-03-01,29.0,Successful,Debit Card
PAY0001942,INV0001996,CUST00266,2025-03-27,29.0,Successful,ACH
PAY0001943,INV0001997,CUST00266,2025-05-06,29.0,Refunded,ACH
PAY0001944,INV0001998,CUST00266,2025-06-06,29.0,Successful,Credit Card
PAY0001945,INV0001999,CUST00266,2025-07-08,29.0,Successful,Bank Transfer
PAY0001946,INV0002000,CUST00266,2025-08-05,29.0,Successful,Credit Card
PAY0001947,INV0002001,CUST00267,2024-10-15,29.0,Successful,Credit Card
PAY0001948,INV0002002,CUST00267,2024-11-06,29.0,Successful,Debit Card
PAY0001949,INV0002003,CUST00267,2024-12-19,29.0,Successful,ACH
PAY0001950,INV0002004,CUST00267,2025-01-10,29.0,Successful,Bank Transfer
PAY0001951,INV0002005,CUST00267,2025-02-07,29.0,Successful,ACH
PAY0001952,INV0002006,CUST00267,2025-03-08,29.0,Successful,Debit Card
PAY0001953,INV0002007,CUST00267,2025-04-12,29.0,Successful,Credit Card
PAY0001954,INV0002008,CUST00267,2025-05-18,29.0,Successful,ACH
PAY0001955,INV0002009,CUST00267,2025-06-07,29.0,Successful,Bank Transfer
PAY0001956,INV0002010,CUST00267,2025-07-16,29.0,Successful,Bank Transfer
PAY0001957,INV0002011,CUST00267,2025-08-08,29.0,Successful,Bank Transfer
PAY0001958,INV0002012,CUST00267,2025-09-20,29.0,Successful,ACH
PAY0001959,INV0002013,CUST00268,2025-03-08,295.8,Successful,Credit Card
PAY0001960,INV0002014,CUST00269,2025-03-25,29.0,Successful,Credit Card
PAY0001961,INV0002015,CUST00269,2025-04-23,29.0,Successful,Debit Card
PAY0001962,INV0002016,CUST00269,2025-05-23,29.0,Successful,Debit Card
PAY0001963,INV0002017,CUST00269,2025-06-17,29.0,Successful,ACH
PAY0001964,INV0002018,CUST00269,2025-07-31,29.0,Successful,ACH
PAY0001965,INV0002019,CUST00269,2025-08-22,29.0,Successful,Credit Card
PAY0001966,INV0002020,CUST00269,2025-10-01,29.0,Successful,Debit Card
PAY0001967,INV0002021,CUST00269,2025-10-24,29.0,Successful,Bank Transfer
PAY0001968,INV0002022,CUST00269,2025-12-01,29.0,Successful,Bank Transfer
PAY0001969,INV0002023,CUST00269,2025-12-31,29.0,Successful,Credit Card
PAY0001970,INV0002024,CUST00270,2025-06-30,79.0,Successful,Debit Card
PAY0001971,INV0002025,CUST00270,2025-08-01,79.0,Successful,Credit Card
PAY0001972,INV0002026,CUST00270,2025-08-28,79.0,Successful,Debit Card
PAY0001973,INV0002027,CUST00270,2025-10-08,79.0,Successful,ACH
PAY0001974,INV0002028,CUST00270,2025-11-05,79.0,Successful,Bank Transfer
PAY0001975,INV0002029,CUST00270,2025-11-25,79.0,Successful,ACH
PAY0001976,INV0002030,CUST00270,2026-01-01,79.0,Successful,Credit Card
PAY0001977,INV0002031,CUST00271,2024-01-10,79.0,Successful,Credit Card
PAY0001978,INV0002032,CUST00271,2024-02-12,79.0,Successful,Debit Card
PAY0001979,INV0002033,CUST00271,2024-03-13,79.0,Successful,Debit Card
PAY0001980,INV0002034,CUST00271,2024-04-17,79.0,Successful,Credit Card
PAY0001981,INV0002035,CUST00271,2024-05-18,79.0,Successful,ACH
PAY0001982,INV0002036,CUST00271,2024-06-11,79.0,Successful,Bank Transfer
PAY0001983,INV0002039,CUST00271,2024-09-16,79.0,Successful,Credit Card
PAY0001984,INV0002040,CUST00271,2024-10-17,79.0,Successful,Bank Transfer
PAY0001985,INV0002041,CUST00271,2024-11-18,79.0,Successful,Bank Transfer
PAY0001986,INV0002042,CUST00271,2024-12-20,79.0,Successful,Bank Transfer
PAY0001987,INV0002043,CUST00271,2025-01-15,79.0,Successful,Debit Card
PAY0001988,INV0002044,CUST00271,2025-02-16,79.0,Successful,Debit Card
PAY0001989,INV0002045,CUST00271,2025-03-17,79.0,Successful,Credit Card
PAY0001990,INV0002046,CUST00271,2025-04-16,79.0,Successful,Debit Card
PAY0001991,INV0002047,CUST00271,2025-05-14,79.0,Successful,Credit Card
PAY0001992,INV0002048,CUST00271,2025-06-15,79.0,Successful,ACH
PAY0001993,INV0002049,CUST00271,2025-07-09,79.0,Successful,Credit Card
PAY0001994,INV0002050,CUST00271,2025-08-14,79.0,Successful,Bank Transfer
PAY0001995,INV0002051,CUST00271,2025-09-23,79.0,Successful,Bank Transfer
PAY0001996,INV0002052,CUST00271,2025-10-23,79.0,Successful,ACH
PAY0001997,INV0002053,CUST00271,2025-11-22,79.0,Successful,Credit Card
PAY0001998,INV0002054,CUST00271,2025-12-14,79.0,Successful,Credit Card
PAY0001999,INV0002055,CUST00272,2024-11-02,199.0,Successful,Bank Transfer
PAY0002000,INV0002056,CUST00272,2024-12-06,199.0,Successful,Debit Card
PAY0002001,INV0002057,CUST00272,2025-01-01,199.0,Successful,Bank Transfer
PAY0002002,INV0002058,CUST00272,2025-01-26,199.0,Successful,ACH
PAY0002003,INV0002060,CUST00272,2025-04-02,199.0,Successful,Debit Card
PAY0002004,INV0002061,CUST00272,2025-04-29,199.0,Successful,Bank Transfer
PAY0002005,INV0002062,CUST00272,2025-06-03,199.0,Successful,Debit Card
PAY0002006,INV0002063,CUST00272,2025-07-03,199.0,Successful,ACH
PAY0002007,INV0002064,CUST00272,2025-07-25,199.0,Successful,Credit Card
PAY0002008,INV0002065,CUST00272,2025-09-02,199.0,Successful,Credit Card
PAY0002009,INV0002066,CUST00272,2025-10-02,199.0,Successful,Bank Transfer
PAY0002010,INV0002067,CUST00272,2025-10-24,199.0,Successful,Debit Card
PAY0002011,INV0002068,CUST00272,2025-11-28,199.0,Successful,Debit Card
PAY0002012,INV0002069,CUST00272,2026-01-06,199.0,Successful,Bank Transfer
PAY0002013,INV0002071,CUST00273,2024-08-03,79.0,Successful,Credit Card
PAY0002014,INV0002072,CUST00273,2024-09-12,79.0,Failed,Bank Transfer
PAY0002015,INV0002073,CUST00273,2024-09-29,79.0,Successful,ACH
PAY0002016,INV0002074,CUST00273,2024-10-30,79.0,Successful,Credit Card
PAY0002017,INV0002075,CUST00273,2024-12-03,79.0,Successful,ACH
PAY0002018,INV0002076,CUST00273,2024-12-31,79.0,Successful,Bank Transfer
PAY0002019,INV0002077,CUST00273,2025-01-29,79.0,Successful,ACH
PAY0002020,INV0002078,CUST00273,2025-03-12,79.0,Successful,Bank Transfer
PAY0002021,INV0002079,CUST00273,2025-03-31,79.0,Successful,ACH
PAY0002022,INV0002080,CUST00273,2025-05-12,79.0,Successful,Credit Card
PAY0002023,INV0002081,CUST00273,2025-06-10,79.0,Successful,Debit Card
PAY0002024,INV0002082,CUST00274,2024-03-27,29.0,Successful,Credit Card
PAY0002025,INV0002083,CUST00274,2024-04-20,29.0,Successful,Bank Transfer
PAY0002026,INV0002085,CUST00274,2024-06-29,29.0,Successful,Credit Card
PAY0002027,INV0002086,CUST00274,2024-07-24,29.0,Successful,Debit Card
PAY0002028,INV0002087,CUST00274,2024-08-25,29.0,Successful,ACH
PAY0002029,INV0002088,CUST00274,2024-09-22,29.0,Successful,Debit Card
PAY0002030,INV0002089,CUST00274,2024-10-17,29.0,Successful,Debit Card
PAY0002031,INV0002090,CUST00274,2024-11-23,29.0,Successful,Bank Transfer
PAY0002032,INV0002091,CUST00274,2024-12-29,29.0,Successful,ACH
PAY0002033,INV0002092,CUST00274,2025-01-17,29.0,Failed,Bank Transfer
PAY0002034,INV0002093,CUST00274,2025-02-19,29.0,Successful,Bank Transfer
PAY0002035,INV0002094,CUST00274,2025-03-28,29.0,Successful,ACH
PAY0002036,INV0002095,CUST00274,2025-04-29,29.0,Successful,Credit Card
PAY0002037,INV0002096,CUST00274,2025-05-21,29.0,Successful,Debit Card
PAY0002038,INV0002097,CUST00274,2025-06-19,29.0,Successful,Debit Card
PAY0002039,INV0002098,CUST00274,2025-07-27,29.0,Successful,ACH
PAY0002040,INV0002099,CUST00274,2025-08-27,29.0,Successful,ACH
PAY0002041,INV0002100,CUST00275,2025-04-21,295.8,Successful,Bank Transfer
PAY0002042,INV0002101,CUST00276,2025-08-16,295.8,Failed,Debit Card
PAY0002043,INV0002102,CUST00277,2025-02-19,29.0,Successful,Credit Card
PAY0002044,INV0002103,CUST00277,2025-03-29,29.0,Successful,Bank Transfer
PAY0002045,INV0002104,CUST00277,2025-04-27,29.0,Successful,Credit Card
PAY0002046,INV0002105,CUST00277,2025-06-02,29.0,Successful,Bank Transfer
PAY0002047,INV0002106,CUST00277,2025-06-24,29.0,Successful,Bank Transfer
PAY0002048,INV0002107,CUST00277,2025-07-24,29.0,Successful,Credit Card
PAY0002049,INV0002108,CUST00277,2025-08-24,29.0,Successful,Bank Transfer
PAY0002050,INV0002109,CUST00277,2025-10-03,29.0,Successful,ACH
PAY0002051,INV0002110,CUST00277,2025-10-30,29.0,Successful,Credit Card
PAY0002052,INV0002111,CUST00277,2025-11-29,29.0,Successful,Debit Card
PAY0002053,INV0002112,CUST00277,2025-12-26,29.0,Successful,Credit Card
PAY0002054,INV0002113,CUST00278,2025-12-22,295.8,Successful,Debit Card
PAY0002055,INV0002114,CUST00279,2024-09-21,805.8,Successful,Bank Transfer
PAY0002056,INV0002115,CUST00279,2025-09-11,805.8,Successful,Bank Transfer
PAY0002057,INV0002116,CUST00280,2024-11-17,805.8,Successful,Debit Card
PAY0002058,INV0002118,CUST00281,2024-03-21,295.8,Successful,Debit Card
PAY0002059,INV0002119,CUST00282,2025-01-04,29.0,Successful,Debit Card
PAY0002060,INV0002120,CUST00282,2025-01-24,29.0,Successful,ACH
PAY0002061,INV0002121,CUST00282,2025-03-10,29.0,Successful,Bank Transfer
PAY0002062,INV0002122,CUST00282,2025-04-03,29.0,Successful,ACH
PAY0002063,INV0002123,CUST00282,2025-04-30,29.0,Successful,Bank Transfer
PAY0002064,INV0002124,CUST00282,2025-06-01,29.0,Successful,Debit Card
PAY0002065,INV0002125,CUST00282,2025-07-08,29.0,Successful,Bank Transfer
PAY0002066,INV0002126,CUST00282,2025-07-30,29.0,Successful,Credit Card
PAY0002067,INV0002127,CUST00282,2025-09-05,29.0,Failed,Debit Card
PAY0002068,INV0002128,CUST00282,2025-09-30,29.0,Successful,Debit Card
PAY0002069,INV0002129,CUST00282,2025-10-29,29.0,Successful,Credit Card
PAY0002070,INV0002130,CUST00282,2025-12-08,29.0,Successful,Credit Card
PAY0002071,INV0002131,CUST00282,2026-01-03,29.0,Successful,ACH
PAY0002072,INV0002132,CUST00283,2024-09-06,295.8,Successful,ACH
PAY0002073,INV0002133,CUST00283,2025-09-12,295.8,Successful,Debit Card
PAY0002074,INV0002134,CUST00284,2025-11-15,29.0,Successful,Bank Transfer
PAY0002075,INV0002135,CUST00284,2025-12-13,29.0,Successful,Credit Card
PAY0002076,INV0002138,CUST00285,2025-10-15,199.0,Successful,Credit Card
PAY0002077,INV0002139,CUST00285,2025-10-31,199.0,Successful,Bank Transfer
PAY0002078,INV0002140,CUST00285,2025-12-15,199.0,Successful,Bank Transfer
PAY0002079,INV0002142,CUST00286,2025-10-13,79.0,Successful,Bank Transfer
PAY0002080,INV0002143,CUST00286,2025-11-14,79.0,Successful,Debit Card
PAY0002081,INV0002144,CUST00286,2025-12-17,79.0,Successful,Credit Card
PAY0002082,INV0002145,CUST00287,2025-10-16,79.0,Successful,Credit Card
PAY0002083,INV0002146,CUST00287,2025-11-19,79.0,Successful,Bank Transfer
PAY0002084,INV0002147,CUST00287,2025-12-18,79.0,Successful,Credit Card
PAY0002085,INV0002148,CUST00288,2025-06-18,295.8,Successful,Debit Card
PAY0002086,INV0002149,CUST00289,2025-01-15,79.0,Successful,ACH
PAY0002087,INV0002150,CUST00289,2025-02-20,79.0,Successful,Bank Transfer
PAY0002088,INV0002151,CUST00289,2025-03-15,79.0,Successful,Credit Card
PAY0002089,INV0002152,CUST00289,2025-04-22,79.0,Successful,ACH
PAY0002090,INV0002153,CUST00289,2025-05-27,79.0,Successful,Debit Card
PAY0002091,INV0002154,CUST00289,2025-06-17,79.0,Successful,ACH
PAY0002092,INV0002155,CUST00289,2025-07-13,79.0,Successful,Debit Card
PAY0002093,INV0002156,CUST00289,2025-08-27,79.0,Successful,Credit Card
PAY0002094,INV0002157,CUST00289,2025-09-16,79.0,Successful,Debit Card
PAY0002095,INV0002158,CUST00289,2025-10-18,79.0,Successful,Bank Transfer
PAY0002096,INV0002159,CUST00289,2025-11-20,79.0,Successful,ACH
PAY0002097,INV0002160,CUST00289,2025-12-22,79.0,Successful,ACH
PAY0002098,INV0002161,CUST00290,2025-09-24,29.0,Successful,Credit Card
PAY0002099,INV0002162,CUST00290,2025-11-05,29.0,Failed,Debit Card
PAY0002100,INV0002163,CUST00290,2025-11-29,29.0,Successful,Debit Card
PAY0002101,INV0002164,CUST00290,2026-01-03,29.0,Successful,ACH
PAY0002102,INV0002165,CUST00291,2025-04-12,805.8,Successful,Debit Card
PAY0002103,INV0002166,CUST00292,2025-09-12,199.0,Successful,Credit Card
PAY0002104,INV0002167,CUST00292,2025-10-20,199.0,Successful,ACH
PAY0002105,INV0002168,CUST00292,2025-11-22,199.0,Successful,ACH
PAY0002106,INV0002169,CUST00292,2025-12-26,199.0,Failed,Debit Card
PAY0002107,INV0002170,CUST00293,2024-04-19,79.0,Successful,Debit Card
PAY0002108,INV0002171,CUST00293,2024-05-24,79.0,Successful,Debit Card
PAY0002109,INV0002172,CUST00293,2024-06-30,79.0,Successful,Credit Card
PAY0002110,INV0002173,CUST00293,2024-07-30,79.0,Successful,Bank Transfer
PAY0002111,INV0002174,CUST00293,2024-08-30,79.0,Successful,Debit Card
PAY0002112,INV0002175,CUST00293,2024-09-19,79.0,Successful,ACH
PAY0002113,INV0002176,CUST00293,2024-10-24,79.0,Successful,Bank Transfer
PAY0002114,INV0002177,CUST00293,2024-11-17,79.0,Successful,Debit Card
PAY0002115,INV0002178,CUST00293,2024-12-19,79.0,Successful,ACH
PAY0002116,INV0002179,CUST00293,2025-01-22,79.0,Successful,Debit Card
PAY0002117,INV0002180,CUST00293,2025-02-28,79.0,Successful,Debit Card
PAY0002118,INV0002181,CUST00293,2025-03-20,79.0,Successful,ACH
PAY0002119,INV0002182,CUST00294,2025-06-11,29.0,Successful,Debit Card
PAY0002120,INV0002183,CUST00294,2025-07-10,29.0,Successful,Debit Card
PAY0002121,INV0002184,CUST00294,2025-08-12,29.0,Successful,Credit Card
PAY0002122,INV0002185,CUST00294,2025-09-06,29.0,Successful,ACH
PAY0002123,INV0002186,CUST00294,2025-10-08,29.0,Successful,ACH
PAY0002124,INV0002187,CUST00294,2025-11-07,29.0,Successful,Bank Transfer
PAY0002125,INV0002188,CUST00294,2025-12-10,29.0,Successful,Credit Card
PAY0002126,INV0002189,CUST00294,2026-01-14,29.0,Successful,Debit Card
PAY0002127,INV0002190,CUST00295,2025-03-30,805.8,Successful,Bank Transfer
PAY0002128,INV0002191,CUST00296,2024-10-31,295.8,Successful,ACH
PAY0002129,INV0002192,CUST00297,2025-10-11,29.0,Successful,ACH
PAY0002130,INV0002193,CUST00297,2025-11-14,29.0,Successful,Credit Card
PAY0002131,INV0002194,CUST00297,2025-12-18,29.0,Successful,Bank Transfer
PAY0002132,INV0002195,CUST00298,2024-10-24,29.0,Successful,Bank Transfer
PAY0002133,INV0002196,CUST00298,2024-11-24,29.0,Failed,Bank Transfer
PAY0002134,INV0002197,CUST00298,2024-12-28,29.0,Successful,Credit Card
PAY0002135,INV0002198,CUST00298,2025-01-26,29.0,Successful,Credit Card
PAY0002136,INV0002199,CUST00298,2025-03-04,29.0,Successful,Credit Card
PAY0002137,INV0002201,CUST00298,2025-05-02,29.0,Successful,Debit Card
PAY0002138,INV0002202,CUST00298,2025-05-22,29.0,Successful,ACH
PAY0002139,INV0002203,CUST00298,2025-06-27,29.0,Successful,ACH
PAY0002140,INV0002204,CUST00298,2025-08-01,29.0,Successful,ACH
PAY0002141,INV0002205,CUST00298,2025-08-24,29.0,Successful,Credit Card
PAY0002142,INV0002206,CUST00298,2025-09-26,29.0,Successful,Debit Card
PAY0002143,INV0002207,CUST00298,2025-10-21,29.0,Successful,Debit Card
PAY0002144,INV0002208,CUST00298,2025-11-26,29.0,Successful,Bank Transfer
PAY0002145,INV0002209,CUST00298,2025-12-25,29.0,Successful,Credit Card
PAY0002146,INV0002210,CUST00299,2024-12-11,29.0,Successful,Bank Transfer
PAY0002147,INV0002211,CUST00299,2025-01-15,29.0,Successful,Credit Card
PAY0002148,INV0002212,CUST00299,2025-02-17,29.0,Successful,ACH
PAY0002149,INV0002213,CUST00299,2025-03-08,29.0,Successful,ACH
PAY0002150,INV0002214,CUST00299,2025-04-14,29.0,Successful,Bank Transfer
PAY0002151,INV0002215,CUST00299,2025-05-19,29.0,Successful,ACH
PAY0002152,INV0002216,CUST00299,2025-06-17,29.0,Successful,Debit Card
PAY0002153,INV0002217,CUST00299,2025-07-13,29.0,Successful,Bank Transfer
PAY0002154,INV0002218,CUST00299,2025-08-11,29.0,Successful,Credit Card
PAY0002155,INV0002219,CUST00299,2025-09-11,29.0,Successful,ACH
PAY0002156,INV0002220,CUST00299,2025-10-15,29.0,Successful,ACH
PAY0002157,INV0002221,CUST00299,2025-11-09,29.0,Successful,Debit Card
PAY0002158,INV0002222,CUST00299,2025-12-22,29.0,Successful,Bank Transfer
PAY0002159,INV0002223,CUST00300,2024-11-28,29.0,Successful,Bank Transfer
PAY0002160,INV0002224,CUST00300,2024-12-17,29.0,Successful,Credit Card
PAY0002161,INV0002225,CUST00300,2025-01-19,29.0,Successful,Debit Card
PAY0002162,INV0002226,CUST00300,2025-02-28,29.0,Successful,Debit Card
PAY0002163,INV0002227,CUST00300,2025-03-16,29.0,Successful,Bank Transfer
PAY0002164,INV0002228,CUST00300,2025-04-20,29.0,Successful,Debit Card
PAY0002165,INV0002229,CUST00300,2025-05-17,29.0,Successful,Bank Transfer
PAY0002166,INV0002230,CUST00300,2025-06-23,29.0,Successful,Debit Card
PAY0002167,INV0002231,CUST00300,2025-07-24,29.0,Successful,Debit Card
PAY0002168,INV0002232,CUST00300,2025-08-28,29.0,Successful,Credit Card
PAY0002169,INV0002233,CUST00300,2025-09-23,29.0,Successful,ACH
PAY0002170,INV0002234,CUST00300,2025-10-28,29.0,Successful,Bank Transfer
PAY0002171,INV0002235,CUST00300,2025-11-25,29.0,Successful,Bank Transfer
PAY0002172,INV0002236,CUST00300,2025-12-27,29.0,Successful,ACH
PAY0002173,INV0002237,CUST00301,2025-09-15,295.8,Successful,Debit Card
PAY0002174,INV0002238,CUST00302,2025-10-23,805.8,Successful,Bank Transfer
PAY0002175,INV0002239,CUST00303,2025-11-07,295.8,Successful,Credit Card
PAY0002176,INV0002240,CUST00304,2024-11-13,79.0,Successful,Debit Card
PAY0002177,INV0002241,CUST00304,2024-12-23,79.0,Successful,Credit Card
PAY0002178,INV0002242,CUST00304,2025-01-24,79.0,Successful,Bank Transfer
PAY0002179,INV0002243,CUST00304,2025-02-25,79.0,Successful,ACH
PAY0002180,INV0002245,CUST00304,2025-04-25,199.0,Successful,Bank Transfer
PAY0002181,INV0002246,CUST00305,2024-07-20,29.0,Successful,Credit Card
PAY0002182,INV0002247,CUST00305,2024-08-17,29.0,Successful,Bank Transfer
PAY0002183,INV0002248,CUST00305,2024-09-27,29.0,Successful,Debit Card
PAY0002184,INV0002249,CUST00306,2024-04-14,79.0,Successful,Debit Card
PAY0002185,INV0002250,CUST00306,2024-05-25,79.0,Successful,Bank Transfer
PAY0002186,INV0002252,CUST00306,2024-07-17,79.0,Successful,Bank Transfer
PAY0002187,INV0002253,CUST00306,2024-08-27,79.0,Successful,Debit Card
PAY0002188,INV0002254,CUST00306,2024-09-14,79.0,Successful,Debit Card
PAY0002189,INV0002255,CUST00306,2024-10-22,79.0,Successful,Debit Card
PAY0002190,INV0002257,CUST00306,2024-12-24,79.0,Successful,Bank Transfer
PAY0002191,INV0002258,CUST00306,2025-01-17,79.0,Successful,Debit Card
PAY0002192,INV0002259,CUST00306,2025-02-14,79.0,Successful,Credit Card
PAY0002193,INV0002260,CUST00306,2025-03-18,79.0,Successful,Credit Card
PAY0002194,INV0002261,CUST00307,2025-11-23,29.0,Successful,Debit Card
PAY0002195,INV0002262,CUST00307,2025-12-14,29.0,Successful,Debit Card
PAY0002196,INV0002263,CUST00308,2024-06-13,79.0,Failed,Credit Card
PAY0002197,INV0002264,CUST00308,2024-07-10,79.0,Successful,Credit Card
PAY0002198,INV0002265,CUST00308,2024-08-21,79.0,Successful,Debit Card
PAY0002199,INV0002266,CUST00308,2024-09-07,79.0,Successful,Credit Card
PAY0002200,INV0002267,CUST00308,2024-10-12,79.0,Successful,Debit Card
PAY0002201,INV0002268,CUST00308,2024-11-21,79.0,Successful,Bank Transfer
PAY0002202,INV0002269,CUST00308,2024-12-10,79.0,Successful,ACH
PAY0002203,INV0002270,CUST00308,2025-01-13,79.0,Successful,Credit Card
PAY0002204,INV0002271,CUST00308,2025-02-14,79.0,Successful,ACH
PAY0002205,INV0002272,CUST00308,2025-03-12,79.0,Refunded,Debit Card
PAY0002206,INV0002273,CUST00308,2025-04-19,79.0,Successful,Credit Card
PAY0002207,INV0002274,CUST00308,2025-05-19,79.0,Successful,Debit Card
PAY0002208,INV0002275,CUST00308,2025-06-08,79.0,Successful,Bank Transfer
PAY0002209,INV0002276,CUST00308,2025-07-19,79.0,Successful,ACH
PAY0002210,INV0002277,CUST00308,2025-08-19,79.0,Successful,ACH
PAY0002211,INV0002278,CUST00308,2025-09-17,79.0,Successful,ACH
PAY0002212,INV0002279,CUST00308,2025-10-21,79.0,Successful,Bank Transfer
PAY0002213,INV0002280,CUST00308,2025-11-17,79.0,Successful,Credit Card
PAY0002214,INV0002281,CUST00309,2025-04-03,29.0,Successful,Credit Card
PAY0002215,INV0002282,CUST00309,2025-05-06,29.0,Successful,Debit Card
PAY0002216,INV0002283,CUST00309,2025-05-25,29.0,Successful,Bank Transfer
PAY0002217,INV0002284,CUST00309,2025-06-27,29.0,Successful,Credit Card
PAY0002218,INV0002285,CUST00309,2025-08-05,29.0,Successful,Bank Transfer
PAY0002219,INV0002286,CUST00309,2025-08-30,29.0,Successful,ACH
PAY0002220,INV0002287,CUST00309,2025-10-07,29.0,Failed,Bank Transfer
PAY0002221,INV0002288,CUST00309,2025-10-29,29.0,Successful,Debit Card
PAY0002222,INV0002289,CUST00309,2025-11-30,29.0,Successful,Debit Card
PAY0002223,INV0002290,CUST00309,2026-01-08,29.0,Successful,Debit Card
PAY0002224,INV0002291,CUST00310,2025-04-11,295.8,Successful,Bank Transfer
PAY0002225,INV0002292,CUST00311,2024-08-30,79.0,Successful,Credit Card
PAY0002226,INV0002294,CUST00311,2024-10-31,79.0,Successful,Debit Card
PAY0002227,INV0002295,CUST00311,2024-11-30,79.0,Successful,Debit Card
PAY0002228,INV0002296,CUST00311,2024-12-29,79.0,Successful,Bank Transfer
PAY0002229,INV0002297,CUST00311,2025-02-08,79.0,Successful,Bank Transfer
PAY0002230,INV0002298,CUST00311,2025-03-03,79.0,Successful,Bank Transfer
PAY0002231,INV0002299,CUST00311,2025-03-31,79.0,Successful,Bank Transfer
PAY0002232,INV0002301,CUST00311,2025-06-03,79.0,Successful,Bank Transfer
PAY0002233,INV0002302,CUST00311,2025-07-06,79.0,Successful,Bank Transfer
PAY0002234,INV0002303,CUST00311,2025-08-10,79.0,Successful,Bank Transfer
PAY0002235,INV0002304,CUST00311,2025-09-11,79.0,Successful,Credit Card
PAY0002236,INV0002305,CUST00311,2025-10-12,79.0,Successful,Debit Card
PAY0002237,INV0002306,CUST00311,2025-10-30,79.0,Successful,Bank Transfer
PAY0002238,INV0002307,CUST00311,2025-12-02,79.0,Successful,Bank Transfer
PAY0002239,INV0002309,CUST00312,2024-07-25,79.0,Successful,Debit Card
PAY0002240,INV0002310,CUST00312,2024-09-01,79.0,Successful,ACH
PAY0002241,INV0002311,CUST00312,2024-10-02,79.0,Successful,Bank Transfer
PAY0002242,INV0002312,CUST00312,2024-10-23,79.0,Successful,ACH
PAY0002243,INV0002313,CUST00312,2024-11-27,79.0,Successful,Credit Card
PAY0002244,INV0002314,CUST00312,2024-12-19,79.0,Successful,Debit Card
PAY0002245,INV0002315,CUST00312,2025-01-24,79.0,Successful,ACH
PAY0002246,INV0002316,CUST00312,2025-02-25,79.0,Successful,ACH
PAY0002247,INV0002317,CUST00312,2025-03-28,79.0,Successful,Bank Transfer
PAY0002248,INV0002318,CUST00312,2025-04-21,79.0,Successful,ACH
PAY0002249,INV0002319,CUST00312,2025-05-28,79.0,Failed,Debit Card
PAY0002250,INV0002320,CUST00312,2025-06-25,79.0,Successful,Debit Card
PAY0002251,INV0002321,CUST00313,2024-10-25,2029.8,Successful,Debit Card
PAY0002252,INV0002322,CUST00314,2024-08-07,29.0,Successful,Bank Transfer
PAY0002253,INV0002323,CUST00314,2024-09-02,29.0,Successful,Credit Card
PAY0002254,INV0002324,CUST00314,2024-09-27,29.0,Successful,Debit Card
PAY0002255,INV0002325,CUST00314,2024-10-28,29.0,Successful,Bank Transfer
PAY0002256,INV0002326,CUST00314,2024-12-05,29.0,Successful,Credit Card
PAY0002257,INV0002327,CUST00314,2025-01-02,29.0,Successful,ACH
PAY0002258,INV0002328,CUST00314,2025-01-28,29.0,Successful,Bank Transfer
PAY0002259,INV0002329,CUST00314,2025-02-24,29.0,Successful,Bank Transfer
PAY0002260,INV0002330,CUST00314,2025-04-07,29.0,Successful,Bank Transfer
PAY0002261,INV0002331,CUST00314,2025-05-04,29.0,Successful,Bank Transfer
PAY0002262,INV0002332,CUST00314,2025-05-29,29.0,Successful,Debit Card
PAY0002263,INV0002333,CUST00314,2025-06-26,29.0,Successful,Credit Card
PAY0002264,INV0002334,CUST00315,2025-11-01,79.0,Successful,Debit Card
PAY0002265,INV0002335,CUST00315,2025-12-03,79.0,Successful,Debit Card
PAY0002266,INV0002336,CUST00315,2026-01-02,79.0,Successful,Bank Transfer
PAY0002267,INV0002337,CUST00316,2026-01-08,79.0,Successful,Debit Card
PAY0002268,INV0002340,CUST00317,2024-08-15,29.0,Successful,Debit Card
PAY0002269,INV0002341,CUST00317,2024-09-24,29.0,Successful,Credit Card
PAY0002270,INV0002343,CUST00317,2024-11-14,29.0,Successful,Credit Card
PAY0002271,INV0002344,CUST00317,2024-12-22,29.0,Successful,Bank Transfer
PAY0002272,INV0002345,CUST00317,2025-01-26,29.0,Successful,Bank Transfer
PAY0002273,INV0002346,CUST00317,2025-02-19,29.0,Successful,ACH
PAY0002274,INV0002347,CUST00317,2025-03-28,29.0,Successful,ACH
PAY0002275,INV0002348,CUST00317,2025-04-19,29.0,Successful,Bank Transfer
PAY0002276,INV0002349,CUST00317,2025-05-19,29.0,Successful,Credit Card
PAY0002277,INV0002350,CUST00317,2025-06-28,29.0,Successful,Bank Transfer
PAY0002278,INV0002351,CUST00317,2025-07-28,29.0,Successful,Credit Card
PAY0002279,INV0002352,CUST00317,2025-08-27,29.0,Successful,Debit Card
PAY0002280,INV0002353,CUST00317,2025-09-23,29.0,Successful,Bank Transfer
PAY0002281,INV0002354,CUST00317,2025-10-24,29.0,Successful,ACH
PAY0002282,INV0002355,CUST00317,2025-11-28,29.0,Successful,Credit Card
PAY0002283,INV0002356,CUST00317,2025-12-25,29.0,Successful,Bank Transfer
PAY0002284,INV0002357,CUST00318,2024-04-11,805.8,Successful,Credit Card
PAY0002285,INV0002358,CUST00318,2025-04-18,805.8,Successful,Bank Transfer
PAY0002286,INV0002359,CUST00319,2024-02-11,79.0,Successful,Credit Card
PAY0002287,INV0002360,CUST00319,2024-03-04,79.0,Successful,Debit Card
PAY0002288,INV0002361,CUST00319,2024-04-12,79.0,Successful,Credit Card
PAY0002289,INV0002362,CUST00319,2024-05-11,79.0,Successful,Bank Transfer
PAY0002290,INV0002363,CUST00319,2024-06-05,79.0,Successful,Bank Transfer
PAY0002291,INV0002364,CUST00319,2024-07-02,79.0,Successful,Debit Card
PAY0002292,INV0002365,CUST00319,2024-08-08,79.0,Successful,Credit Card
PAY0002293,INV0002366,CUST00319,2024-09-09,79.0,Failed,ACH
PAY0002294,INV0002367,CUST00319,2024-10-11,79.0,Successful,ACH
PAY0002295,INV0002368,CUST00319,2024-11-12,79.0,Successful,Debit Card
PAY0002296,INV0002369,CUST00319,2024-12-09,79.0,Successful,Credit Card
PAY0002297,INV0002370,CUST00319,2025-01-03,79.0,Successful,Credit Card
PAY0002298,INV0002371,CUST00320,2025-02-06,29.0,Successful,Bank Transfer
PAY0002299,INV0002372,CUST00320,2025-03-13,29.0,Successful,Bank Transfer
PAY0002300,INV0002373,CUST00320,2025-04-01,29.0,Successful,ACH
PAY0002301,INV0002376,CUST00320,2025-07-13,29.0,Successful,Credit Card
PAY0002302,INV0002377,CUST00320,2025-07-31,29.0,Successful,Bank Transfer
PAY0002303,INV0002378,CUST00320,2025-08-29,29.0,Successful,Debit Card
PAY0002304,INV0002379,CUST00320,2025-10-05,29.0,Successful,ACH
PAY0002305,INV0002380,CUST00320,2025-11-12,29.0,Successful,Debit Card
PAY0002306,INV0002381,CUST00320,2025-11-29,29.0,Successful,Bank Transfer
PAY0002307,INV0002382,CUST00320,2026-01-11,29.0,Successful,Debit Card
PAY0002308,INV0002383,CUST00321,2024-04-19,79.0,Successful,ACH
PAY0002309,INV0002384,CUST00321,2024-05-22,79.0,Successful,Credit Card
PAY0002310,INV0002385,CUST00321,2024-06-16,79.0,Successful,Credit Card
PAY0002311,INV0002386,CUST00321,2024-07-25,79.0,Successful,Bank Transfer
PAY0002312,INV0002387,CUST00321,2024-08-15,79.0,Successful,Bank Transfer
PAY0002313,INV0002388,CUST00321,2024-09-26,79.0,Successful,Debit Card
PAY0002314,INV0002389,CUST00322,2024-05-24,295.8,Successful,Debit Card
PAY0002315,INV0002390,CUST00323,2025-12-24,805.8,Successful,Debit Card
PAY0002316,INV0002391,CUST00324,2024-02-01,29.0,Successful,Debit Card
PAY0002317,INV0002392,CUST00324,2024-02-29,29.0,Successful,Bank Transfer
PAY0002318,INV0002393,CUST00324,2024-03-26,29.0,Successful,Bank Transfer
PAY0002319,INV0002395,CUST00324,2024-05-25,29.0,Successful,Debit Card
PAY0002320,INV0002396,CUST00324,2024-06-29,29.0,Successful,Debit Card
PAY0002321,INV0002397,CUST00324,2024-08-02,29.0,Successful,Credit Card
PAY0002322,INV0002398,CUST00324,2024-09-01,29.0,Successful,Debit Card
PAY0002323,INV0002399,CUST00324,2024-09-28,29.0,Successful,ACH
PAY0002324,INV0002400,CUST00324,2024-10-24,29.0,Successful,Debit Card
PAY0002325,INV0002401,CUST00324,2024-11-21,29.0,Successful,Credit Card
PAY0002326,INV0002402,CUST00324,2025-01-03,29.0,Successful,Bank Transfer
PAY0002327,INV0002403,CUST00325,2024-04-26,29.0,Successful,Credit Card
PAY0002328,INV0002404,CUST00325,2024-05-31,29.0,Successful,Credit Card
PAY0002329,INV0002405,CUST00325,2024-07-02,29.0,Successful,Bank Transfer
PAY0002330,INV0002406,CUST00325,2024-08-03,29.0,Successful,Debit Card
PAY0002331,INV0002407,CUST00325,2024-09-07,29.0,Successful,Bank Transfer
PAY0002332,INV0002408,CUST00325,2024-10-03,29.0,Successful,Bank Transfer
PAY0002333,INV0002409,CUST00325,2024-11-05,29.0,Successful,Credit Card
PAY0002334,INV0002410,CUST00325,2024-12-07,29.0,Successful,Bank Transfer
PAY0002335,INV0002411,CUST00325,2025-01-03,29.0,Successful,Credit Card
PAY0002336,INV0002412,CUST00325,2025-01-25,79.0,Successful,Debit Card
PAY0002337,INV0002413,CUST00325,2025-03-10,79.0,Successful,Bank Transfer
PAY0002338,INV0002414,CUST00325,2025-04-04,79.0,Successful,Debit Card
PAY0002339,INV0002415,CUST00325,2025-05-04,79.0,Successful,ACH
PAY0002340,INV0002416,CUST00325,2025-05-25,79.0,Successful,Debit Card
PAY0002341,INV0002417,CUST00325,2025-07-05,79.0,Failed,Bank Transfer
PAY0002342,INV0002419,CUST00325,2025-09-01,79.0,Successful,Credit Card
PAY0002343,INV0002420,CUST00325,2025-09-27,79.0,Successful,Credit Card
PAY0002344,INV0002421,CUST00326,2024-09-11,805.8,Successful,Credit Card
PAY0002345,INV0002422,CUST00326,2025-09-14,805.8,Successful,Credit Card
PAY0002346,INV0002423,CUST00327,2024-04-27,79.0,Successful,Credit Card
PAY0002347,INV0002424,CUST00327,2024-06-06,79.0,Successful,Credit Card
PAY0002348,INV0002425,CUST00327,2024-07-02,79.0,Successful,Debit Card
PAY0002349,INV0002426,CUST00327,2024-08-03,79.0,Failed,ACH
PAY0002350,INV0002427,CUST00327,2024-09-07,79.0,Successful,ACH
PAY0002351,INV0002428,CUST00327,2024-10-01,79.0,Successful,Bank Transfer
PAY0002352,INV0002429,CUST00328,2025-10-18,29.0,Successful,ACH
PAY0002353,INV0002430,CUST00328,2025-11-18,29.0,Successful,Credit Card
PAY0002354,INV0002431,CUST00328,2025-12-10,29.0,Successful,Debit Card
PAY0002355,INV0002432,CUST00329,2025-03-29,805.8,Successful,Debit Card
PAY0002356,INV0002433,CUST00330,2024-07-14,805.8,Successful,ACH
PAY0002357,INV0002434,CUST00330,2025-07-20,805.8,Successful,ACH
PAY0002358,INV0002435,CUST00331,2024-03-21,79.0,Successful,Bank Transfer
PAY0002359,INV0002436,CUST00331,2024-04-15,79.0,Successful,Debit Card
PAY0002360,INV0002437,CUST00331,2024-05-12,79.0,Successful,ACH
PAY0002361,INV0002438,CUST00331,2024-06-22,79.0,Successful,ACH
PAY0002362,INV0002439,CUST00331,2024-07-21,79.0,Successful,Debit Card
PAY0002363,INV0002440,CUST00331,2024-08-13,79.0,Successful,Bank Transfer
PAY0002364,INV0002441,CUST00331,2024-09-20,79.0,Successful,ACH
PAY0002365,INV0002442,CUST00331,2024-10-12,79.0,Successful,Bank Transfer
PAY0002366,INV0002444,CUST00331,2024-12-16,79.0,Successful,ACH
PAY0002367,INV0002445,CUST00331,2025-01-23,79.0,Successful,Credit Card
PAY0002368,INV0002446,CUST00331,2025-02-14,79.0,Successful,Credit Card
PAY0002369,INV0002447,CUST00331,2025-03-12,79.0,Successful,ACH
PAY0002370,INV0002448,CUST00331,2025-04-23,79.0,Successful,ACH
PAY0002371,INV0002449,CUST00331,2025-05-24,79.0,Successful,ACH
PAY0002372,INV0002450,CUST00331,2025-06-25,79.0,Refunded,ACH
PAY0002373,INV0002451,CUST00331,2025-07-17,79.0,Successful,Bank Transfer
PAY0002374,INV0002452,CUST00331,2025-08-13,79.0,Successful,Debit Card
PAY0002375,INV0002453,CUST00332,2025-02-06,805.8,Successful,ACH
PAY0002376,INV0002454,CUST00333,2024-10-01,29.0,Successful,ACH
PAY0002377,INV0002455,CUST00333,2024-10-20,29.0,Successful,Bank Transfer
PAY0002378,INV0002456,CUST00333,2024-11-19,29.0,Successful,ACH
PAY0002379,INV0002457,CUST00333,2024-12-25,29.0,Successful,Bank Transfer
PAY0002380,INV0002458,CUST00333,2025-01-28,29.0,Successful,Debit Card
PAY0002381,INV0002459,CUST00333,2025-03-02,29.0,Successful,ACH
PAY0002382,INV0002460,CUST00333,2025-03-22,29.0,Successful,Credit Card
PAY0002383,INV0002462,CUST00333,2025-05-18,29.0,Successful,Credit Card
PAY0002384,INV0002464,CUST00333,2025-07-31,29.0,Successful,Credit Card
PAY0002385,INV0002465,CUST00333,2025-08-23,29.0,Successful,Debit Card
PAY0002386,INV0002466,CUST00334,2024-09-12,295.8,Successful,Credit Card
PAY0002387,INV0002467,CUST00334,2025-09-13,295.8,Successful,Credit Card
PAY0002388,INV0002468,CUST00335,2024-05-28,29.0,Successful,ACH
PAY0002389,INV0002469,CUST00335,2024-06-28,29.0,Successful,Credit Card
PAY0002390,INV0002470,CUST00335,2024-07-19,29.0,Successful,Debit Card
PAY0002391,INV0002471,CUST00335,2024-08-22,29.0,Successful,ACH
PAY0002392,INV0002472,CUST00335,2024-09-23,29.0,Successful,Debit Card
PAY0002393,INV0002473,CUST00335,2024-10-18,29.0,Successful,Debit Card
PAY0002394,INV0002474,CUST00335,2024-11-30,29.0,Successful,Credit Card
PAY0002395,INV0002475,CUST00335,2024-12-24,29.0,Successful,Debit Card
PAY0002396,INV0002476,CUST00335,2025-01-31,29.0,Successful,Bank Transfer
PAY0002397,INV0002477,CUST00335,2025-02-21,29.0,Successful,Credit Card
PAY0002398,INV0002478,CUST00335,2025-03-31,29.0,Successful,Bank Transfer
PAY0002399,INV0002479,CUST00335,2025-05-01,29.0,Failed,Bank Transfer
PAY0002400,INV0002480,CUST00335,2025-05-22,29.0,Successful,ACH
PAY0002401,INV0002481,CUST00335,2025-06-19,29.0,Successful,Credit Card
PAY0002402,INV0002482,CUST00335,2025-07-24,29.0,Successful,Debit Card
PAY0002403,INV0002483,CUST00335,2025-08-31,29.0,Successful,Debit Card
PAY0002404,INV0002484,CUST00335,2025-09-21,29.0,Successful,Bank Transfer
PAY0002405,INV0002485,CUST00335,2025-10-22,29.0,Successful,Debit Card
PAY0002406,INV0002486,CUST00336,2025-12-07,79.0,Successful,Bank Transfer
PAY0002407,INV0002487,CUST00337,2024-05-26,29.0,Successful,ACH
PAY0002408,INV0002488,CUST00337,2024-06-19,29.0,Successful,Debit Card
PAY0002409,INV0002489,CUST00337,2024-07-23,29.0,Refunded,Bank Transfer
PAY0002410,INV0002490,CUST00337,2024-08-24,29.0,Successful,Debit Card
PAY0002411,INV0002491,CUST00337,2024-09-26,29.0,Successful,ACH
PAY0002412,INV0002492,CUST00337,2024-10-26,29.0,Successful,Debit Card
PAY0002413,INV0002493,CUST00337,2024-12-01,29.0,Successful,Bank Transfer
PAY0002414,INV0002494,CUST00337,2025-01-02,29.0,Successful,Bank Transfer
PAY0002415,INV0002495,CUST00337,2025-01-20,29.0,Successful,Debit Card
PAY0002416,INV0002496,CUST00337,2025-02-27,29.0,Failed,Debit Card
PAY0002417,INV0002497,CUST00337,2025-04-02,29.0,Successful,Bank Transfer
PAY0002418,INV0002498,CUST00337,2025-04-30,29.0,Failed,Bank Transfer
PAY0002419,INV0002499,CUST00337,2025-05-26,29.0,Successful,Bank Transfer
PAY0002420,INV0002500,CUST00337,2025-06-21,29.0,Successful,Debit Card
PAY0002421,INV0002501,CUST00337,2025-07-31,29.0,Successful,ACH
PAY0002422,INV0002502,CUST00337,2025-08-22,29.0,Successful,Bank Transfer
PAY0002423,INV0002503,CUST00337,2025-09-30,29.0,Successful,Credit Card
PAY0002424,INV0002504,CUST00337,2025-10-27,29.0,Successful,Debit Card
PAY0002425,INV0002505,CUST00338,2024-11-06,199.0,Successful,Debit Card
PAY0002426,INV0002506,CUST00338,2024-11-30,199.0,Successful,ACH
PAY0002427,INV0002507,CUST00338,2025-01-11,199.0,Successful,Credit Card
PAY0002428,INV0002508,CUST00339,2024-11-21,29.0,Successful,Bank Transfer
PAY0002429,INV0002509,CUST00339,2024-12-24,29.0,Successful,Debit Card
PAY0002430,INV0002510,CUST00339,2025-01-26,29.0,Successful,Bank Transfer
PAY0002431,INV0002511,CUST00339,2025-02-24,29.0,Successful,ACH
PAY0002432,INV0002512,CUST00339,2025-03-25,29.0,Successful,Debit Card
PAY0002433,INV0002513,CUST00339,2025-04-20,29.0,Successful,Credit Card
PAY0002434,INV0002514,CUST00339,2025-06-03,29.0,Successful,Debit Card
PAY0002435,INV0002515,CUST00339,2025-06-24,29.0,Successful,Credit Card
PAY0002436,INV0002516,CUST00339,2025-07-24,29.0,Successful,ACH
PAY0002437,INV0002517,CUST00339,2025-08-21,29.0,Successful,Credit Card
PAY0002438,INV0002518,CUST00339,2025-10-02,29.0,Successful,ACH
PAY0002439,INV0002519,CUST00339,2025-11-01,29.0,Successful,ACH
PAY0002440,INV0002520,CUST00340,2024-09-21,29.0,Successful,Bank Transfer
PAY0002441,INV0002522,CUST00340,2024-11-27,29.0,Successful,Credit Card
PAY0002442,INV0002523,CUST00340,2024-12-31,29.0,Successful,Debit Card
PAY0002443,INV0002524,CUST00340,2025-01-24,29.0,Successful,Credit Card
PAY0002444,INV0002525,CUST00340,2025-02-26,29.0,Successful,Bank Transfer
PAY0002445,INV0002526,CUST00340,2025-03-20,29.0,Successful,Debit Card
PAY0002446,INV0002527,CUST00340,2025-05-01,29.0,Successful,ACH
PAY0002447,INV0002528,CUST00340,2025-05-29,29.0,Successful,ACH
PAY0002448,INV0002529,CUST00340,2025-06-24,29.0,Successful,Credit Card
PAY0002449,INV0002530,CUST00340,2025-07-18,29.0,Successful,Credit Card
PAY0002450,INV0002531,CUST00340,2025-08-21,29.0,Successful,Debit Card
PAY0002451,INV0002532,CUST00341,2024-02-28,29.0,Successful,Debit Card
PAY0002452,INV0002533,CUST00341,2024-03-25,29.0,Successful,Credit Card
PAY0002453,INV0002534,CUST00341,2024-05-01,29.0,Successful,Bank Transfer
PAY0002454,INV0002535,CUST00341,2024-05-23,29.0,Successful,Credit Card
PAY0002455,INV0002536,CUST00341,2024-06-22,29.0,Successful,Credit Card
PAY0002456,INV0002537,CUST00341,2024-07-31,29.0,Successful,ACH
PAY0002457,INV0002538,CUST00341,2024-08-22,29.0,Successful,ACH
PAY0002458,INV0002539,CUST00341,2024-09-21,29.0,Successful,Debit Card
PAY0002459,INV0002540,CUST00341,2024-10-29,29.0,Successful,ACH
PAY0002460,INV0002541,CUST00341,2024-11-23,29.0,Successful,Credit Card
PAY0002461,INV0002542,CUST00341,2024-12-22,29.0,Successful,Debit Card
PAY0002462,INV0002543,CUST00341,2025-01-19,29.0,Successful,ACH
PAY0002463,INV0002544,CUST00342,2025-04-04,29.0,Successful,ACH
PAY0002464,INV0002545,CUST00342,2025-04-30,29.0,Successful,ACH
PAY0002465,INV0002546,CUST00342,2025-05-24,29.0,Successful,Credit Card
PAY0002466,INV0002547,CUST00343,2024-12-17,29.0,Successful,ACH
PAY0002467,INV0002548,CUST00343,2025-01-14,29.0,Successful,Credit Card
PAY0002468,INV0002549,CUST00343,2025-02-25,29.0,Successful,ACH
PAY0002469,INV0002550,CUST00343,2025-03-24,29.0,Successful,Debit Card
PAY0002470,INV0002551,CUST00343,2025-04-17,29.0,Successful,Debit Card
PAY0002471,INV0002552,CUST00343,2025-05-26,29.0,Successful,Bank Transfer
PAY0002472,INV0002553,CUST00343,2025-06-17,29.0,Successful,Bank Transfer
PAY0002473,INV0002554,CUST00343,2025-07-28,29.0,Successful,Bank Transfer
PAY0002474,INV0002555,CUST00343,2025-08-16,29.0,Successful,Debit Card
PAY0002475,INV0002556,CUST00343,2025-09-21,29.0,Successful,Debit Card
PAY0002476,INV0002557,CUST00343,2025-10-14,29.0,Successful,Debit Card
PAY0002477,INV0002558,CUST00343,2025-11-24,29.0,Successful,Credit Card
PAY0002478,INV0002559,CUST00344,2025-06-22,79.0,Successful,Bank Transfer
PAY0002479,INV0002560,CUST00344,2025-07-24,79.0,Successful,Credit Card
PAY0002480,INV0002561,CUST00344,2025-08-22,79.0,Successful,Credit Card
PAY0002481,INV0002562,CUST00344,2025-09-28,79.0,Successful,Credit Card
PAY0002482,INV0002563,CUST00344,2025-10-28,79.0,Successful,Debit Card
PAY0002483,INV0002564,CUST00344,2025-11-25,79.0,Failed,Credit Card
PAY0002484,INV0002565,CUST00344,2025-12-17,79.0,Successful,ACH
PAY0002485,INV0002566,CUST00345,2025-03-18,29.0,Successful,Bank Transfer
PAY0002486,INV0002567,CUST00345,2025-05-01,29.0,Successful,Debit Card
PAY0002487,INV0002568,CUST00345,2025-05-24,29.0,Successful,Credit Card
PAY0002488,INV0002569,CUST00345,2025-06-21,29.0,Successful,Credit Card
PAY0002489,INV0002570,CUST00345,2025-07-31,29.0,Refunded,ACH
PAY0002490,INV0002571,CUST00345,2025-08-31,29.0,Successful,Debit Card
PAY0002491,INV0002572,CUST00346,2024-12-09,199.0,Successful,Debit Card
PAY0002492,INV0002573,CUST00346,2024-12-27,199.0,Successful,ACH
PAY0002493,INV0002574,CUST00346,2025-02-08,199.0,Successful,Credit Card
PAY0002494,INV0002575,CUST00346,2025-02-26,199.0,Successful,ACH
PAY0002495,INV0002576,CUST00346,2025-04-03,199.0,Successful,ACH
PAY0002496,INV0002577,CUST00346,2025-05-09,199.0,Successful,Credit Card
PAY0002497,INV0002578,CUST00346,2025-05-27,199.0,Successful,ACH
PAY0002498,INV0002579,CUST00346,2025-07-05,199.0,Successful,ACH
PAY0002499,INV0002580,CUST00346,2025-07-29,199.0,Successful,Credit Card
PAY0002500,INV0002581,CUST00346,2025-09-01,199.0,Successful,ACH
PAY0002501,INV0002582,CUST00346,2025-10-06,199.0,Successful,Credit Card
PAY0002502,INV0002583,CUST00346,2025-10-27,199.0,Successful,Debit Card
PAY0002503,INV0002584,CUST00346,2025-12-01,199.0,Successful,Bank Transfer
PAY0002504,INV0002585,CUST00346,2025-12-26,199.0,Successful,ACH
PAY0002505,INV0002586,CUST00347,2025-04-07,79.0,Successful,Debit Card
PAY0002506,INV0002587,CUST00347,2025-05-07,79.0,Successful,Bank Transfer
PAY0002507,INV0002588,CUST00347,2025-06-08,79.0,Successful,ACH
PAY0002508,INV0002589,CUST00347,2025-07-12,79.0,Successful,Bank Transfer
PAY0002509,INV0002590,CUST00347,2025-08-09,79.0,Successful,Bank Transfer
PAY0002510,INV0002591,CUST00347,2025-09-15,79.0,Successful,Credit Card
PAY0002511,INV0002592,CUST00347,2025-10-08,79.0,Successful,Debit Card
PAY0002512,INV0002593,CUST00347,2025-11-05,79.0,Successful,Debit Card
PAY0002513,INV0002594,CUST00347,2025-12-02,79.0,Successful,Bank Transfer
PAY0002514,INV0002595,CUST00348,2025-01-09,79.0,Successful,ACH
PAY0002515,INV0002596,CUST00348,2025-02-08,79.0,Successful,Debit Card
PAY0002516,INV0002597,CUST00348,2025-02-28,79.0,Successful,Bank Transfer
PAY0002517,INV0002598,CUST00348,2025-04-08,79.0,Successful,Debit Card
PAY0002518,INV0002599,CUST00348,2025-05-07,79.0,Successful,Bank Transfer
PAY0002519,INV0002600,CUST00348,2025-06-06,79.0,Successful,ACH
PAY0002520,INV0002601,CUST00348,2025-07-10,79.0,Successful,Credit Card
PAY0002521,INV0002602,CUST00348,2025-08-04,79.0,Successful,Credit Card
PAY0002522,INV0002603,CUST00348,2025-08-28,79.0,Successful,Credit Card
PAY0002523,INV0002604,CUST00348,2025-10-10,79.0,Successful,Bank Transfer
PAY0002524,INV0002605,CUST00348,2025-10-28,79.0,Successful,Debit Card
PAY0002525,INV0002606,CUST00348,2025-12-07,79.0,Successful,Bank Transfer
PAY0002526,INV0002607,CUST00348,2025-12-31,79.0,Successful,Credit Card
PAY0002527,INV0002608,CUST00349,2025-09-24,199.0,Successful,Credit Card
PAY0002528,INV0002609,CUST00349,2025-10-24,199.0,Successful,Credit Card
PAY0002529,INV0002610,CUST00349,2025-11-28,199.0,Successful,Bank Transfer
PAY0002530,INV0002611,CUST00349,2026-01-04,199.0,Successful,ACH
PAY0002531,INV0002612,CUST00350,2024-03-24,79.0,Successful,ACH
PAY0002532,INV0002613,CUST00350,2024-04-26,79.0,Successful,Debit Card
PAY0002533,INV0002614,CUST00350,2024-05-24,79.0,Successful,Debit Card
PAY0002534,INV0002615,CUST00350,2024-07-01,79.0,Successful,Credit Card
PAY0002535,INV0002616,CUST00350,2024-07-25,79.0,Successful,Bank Transfer
PAY0002536,INV0002617,CUST00350,2024-08-20,199.0,Successful,ACH
PAY0002537,INV0002618,CUST00351,2024-02-05,295.8,Successful,Credit Card
PAY0002538,INV0002620,CUST00352,2024-02-19,199.0,Successful,Debit Card
PAY0002539,INV0002621,CUST00352,2024-03-14,199.0,Successful,Debit Card
PAY0002540,INV0002622,CUST00352,2024-04-18,199.0,Successful,Debit Card
PAY0002541,INV0002623,CUST00352,2024-05-16,199.0,Successful,Debit Card
PAY0002542,INV0002624,CUST00352,2024-06-15,199.0,Successful,Bank Transfer
PAY0002543,INV0002625,CUST00352,2024-07-20,199.0,Successful,ACH
PAY0002544,INV0002626,CUST00352,2024-08-20,199.0,Successful,ACH
PAY0002545,INV0002627,CUST00352,2024-09-14,199.0,Successful,Bank Transfer
PAY0002546,INV0002628,CUST00352,2024-10-08,199.0,Successful,Credit Card
PAY0002547,INV0002629,CUST00352,2024-11-20,199.0,Successful,Credit Card
PAY0002548,INV0002630,CUST00352,2024-12-18,199.0,Successful,Bank Transfer
PAY0002549,INV0002631,CUST00352,2025-01-19,199.0,Successful,ACH
PAY0002550,INV0002632,CUST00352,2025-02-16,199.0,Successful,Credit Card
PAY0002551,INV0002633,CUST00352,2025-03-09,199.0,Successful,Debit Card
PAY0002552,INV0002634,CUST00352,2025-04-08,199.0,Successful,ACH
PAY0002553,INV0002635,CUST00352,2025-05-08,199.0,Successful,ACH
PAY0002554,INV0002636,CUST00352,2025-06-12,199.0,Refunded,Bank Transfer
PAY0002555,INV0002637,CUST00352,2025-07-15,199.0,Successful,Debit Card
PAY0002556,INV0002638,CUST00352,2025-08-13,199.0,Successful,Credit Card
PAY0002557,INV0002639,CUST00352,2025-09-19,199.0,Successful,Credit Card
PAY0002558,INV0002640,CUST00352,2025-10-13,199.0,Successful,ACH
PAY0002559,INV0002641,CUST00352,2025-11-10,199.0,Successful,ACH
PAY0002560,INV0002643,CUST00353,2025-01-18,29.0,Successful,Bank Transfer
PAY0002561,INV0002644,CUST00353,2025-02-18,29.0,Successful,Debit Card
PAY0002562,INV0002645,CUST00353,2025-03-15,29.0,Successful,ACH
PAY0002563,INV0002646,CUST00353,2025-04-12,29.0,Successful,Debit Card
PAY0002564,INV0002647,CUST00353,2025-05-14,29.0,Successful,ACH
PAY0002565,INV0002648,CUST00353,2025-06-16,29.0,Successful,Bank Transfer
PAY0002566,INV0002649,CUST00353,2025-07-20,29.0,Successful,Credit Card
PAY0002567,INV0002650,CUST00353,2025-08-16,29.0,Successful,Debit Card
PAY0002568,INV0002651,CUST00353,2025-09-14,29.0,Failed,Credit Card
PAY0002569,INV0002652,CUST00353,2025-10-08,29.0,Successful,Credit Card
PAY0002570,INV0002653,CUST00353,2025-11-19,29.0,Successful,Credit Card
PAY0002571,INV0002654,CUST00353,2025-12-13,29.0,Successful,Bank Transfer
PAY0002572,INV0002655,CUST00354,2025-11-29,79.0,Successful,Bank Transfer
PAY0002573,INV0002656,CUST00354,2025-12-30,79.0,Successful,Credit Card
PAY0002574,INV0002657,CUST00355,2025-08-20,29.0,Successful,Bank Transfer
PAY0002575,INV0002658,CUST00355,2025-09-18,29.0,Failed,Debit Card
PAY0002576,INV0002659,CUST00355,2025-10-13,29.0,Successful,ACH
PAY0002577,INV0002660,CUST00355,2025-11-20,29.0,Successful,Credit Card
PAY0002578,INV0002661,CUST00355,2025-12-16,29.0,Successful,Bank Transfer
PAY0002579,INV0002662,CUST00356,2024-09-16,29.0,Successful,Bank Transfer
PAY0002580,INV0002663,CUST00356,2024-10-23,29.0,Successful,Debit Card
PAY0002581,INV0002665,CUST00356,2024-12-17,29.0,Successful,Bank Transfer
PAY0002582,INV0002666,CUST00356,2025-01-21,29.0,Successful,ACH
PAY0002583,INV0002667,CUST00356,2025-02-13,29.0,Successful,Bank Transfer
PAY0002584,INV0002668,CUST00356,2025-03-25,29.0,Successful,Debit Card
PAY0002585,INV0002669,CUST00356,2025-04-19,29.0,Successful,Debit Card
PAY0002586,INV0002670,CUST00356,2025-05-19,29.0,Successful,Bank Transfer
PAY0002587,INV0002671,CUST00356,2025-06-21,29.0,Successful,Debit Card
PAY0002588,INV0002673,CUST00356,2025-08-22,29.0,Successful,ACH
PAY0002589,INV0002674,CUST00356,2025-09-27,29.0,Successful,Debit Card
PAY0002590,INV0002675,CUST00356,2025-10-18,29.0,Successful,Bank Transfer
PAY0002591,INV0002676,CUST00356,2025-11-24,29.0,Failed,Bank Transfer
PAY0002592,INV0002677,CUST00356,2025-12-26,29.0,Successful,Bank Transfer
PAY0002593,INV0002678,CUST00357,2025-06-24,79.0,Successful,Debit Card
PAY0002594,INV0002679,CUST00357,2025-07-18,79.0,Successful,Debit Card
PAY0002595,INV0002680,CUST00357,2025-08-18,79.0,Successful,Debit Card
PAY0002596,INV0002681,CUST00357,2025-09-24,79.0,Successful,ACH
PAY0002597,INV0002682,CUST00357,2025-10-15,79.0,Successful,ACH
PAY0002598,INV0002683,CUST00357,2025-11-28,79.0,Successful,Bank Transfer
PAY0002599,INV0002684,CUST00357,2025-12-22,79.0,Successful,ACH
PAY0002600,INV0002685,CUST00358,2025-12-30,79.0,Successful,ACH
PAY0002601,INV0002686,CUST00359,2024-07-26,29.0,Successful,ACH
PAY0002602,INV0002687,CUST00359,2024-09-02,29.0,Successful,Bank Transfer
PAY0002603,INV0002688,CUST00359,2024-10-07,29.0,Successful,Bank Transfer
PAY0002604,INV0002689,CUST00359,2024-11-04,29.0,Successful,Credit Card
PAY0002605,INV0002690,CUST00359,2024-12-06,29.0,Successful,Credit Card
PAY0002606,INV0002691,CUST00359,2025-01-02,29.0,Successful,Credit Card
PAY0002607,INV0002692,CUST00359,2025-02-05,29.0,Successful,Credit Card
PAY0002608,INV0002693,CUST00359,2025-03-04,29.0,Successful,Credit Card
PAY0002609,INV0002694,CUST00359,2025-04-06,29.0,Successful,Debit Card
PAY0002610,INV0002695,CUST00359,2025-05-02,29.0,Successful,Debit Card
PAY0002611,INV0002696,CUST00359,2025-05-25,29.0,Successful,Bank Transfer
PAY0002612,INV0002697,CUST00359,2025-07-07,29.0,Successful,Bank Transfer
PAY0002613,INV0002698,CUST00359,2025-08-07,29.0,Successful,Debit Card
PAY0002614,INV0002699,CUST00359,2025-08-28,29.0,Successful,ACH
PAY0002615,INV0002700,CUST00359,2025-10-08,29.0,Successful,Bank Transfer
PAY0002616,INV0002701,CUST00359,2025-10-24,29.0,Successful,Bank Transfer
PAY0002617,INV0002702,CUST00359,2025-12-08,29.0,Failed,ACH
PAY0002618,INV0002703,CUST00359,2026-01-01,29.0,Successful,ACH
PAY0002619,INV0002704,CUST00360,2026-01-10,79.0,Successful,Debit Card
PAY0002620,INV0002705,CUST00361,2025-11-21,2029.8,Successful,Bank Transfer
PAY0002621,INV0002706,CUST00362,2024-11-16,295.8,Successful,Bank Transfer
PAY0002622,INV0002707,CUST00362,2025-11-14,295.8,Successful,Debit Card
PAY0002623,INV0002708,CUST00363,2025-01-11,79.0,Successful,Bank Transfer
PAY0002624,INV0002709,CUST00363,2025-02-17,79.0,Successful,Credit Card
PAY0002625,INV0002710,CUST00363,2025-03-18,79.0,Successful,ACH
PAY0002626,INV0002711,CUST00363,2025-04-08,79.0,Successful,Debit Card
PAY0002627,INV0002712,CUST00363,2025-05-06,79.0,Successful,Debit Card
PAY0002628,INV0002713,CUST00363,2025-06-20,79.0,Successful,Credit Card
PAY0002629,INV0002714,CUST00363,2025-07-06,79.0,Successful,Debit Card
PAY0002630,INV0002715,CUST00363,2025-08-16,79.0,Successful,ACH
PAY0002631,INV0002716,CUST00363,2025-09-16,79.0,Successful,ACH
PAY0002632,INV0002717,CUST00363,2025-10-19,79.0,Successful,Bank Transfer
PAY0002633,INV0002718,CUST00363,2025-11-16,79.0,Successful,Credit Card
PAY0002634,INV0002719,CUST00363,2025-12-16,79.0,Failed,Credit Card
PAY0002635,INV0002720,CUST00364,2024-09-14,199.0,Successful,Credit Card
PAY0002636,INV0002721,CUST00364,2024-10-05,199.0,Successful,Credit Card
PAY0002637,INV0002723,CUST00365,2025-05-08,29.0,Successful,Bank Transfer
PAY0002638,INV0002724,CUST00365,2025-06-05,29.0,Failed,Credit Card
PAY0002639,INV0002725,CUST00365,2025-07-04,29.0,Successful,Bank Transfer
PAY0002640,INV0002726,CUST00366,2024-03-14,29.0,Successful,Bank Transfer
PAY0002641,INV0002727,CUST00366,2024-04-11,29.0,Successful,Debit Card
PAY0002642,INV0002728,CUST00366,2024-05-19,29.0,Successful,Credit Card
PAY0002643,INV0002729,CUST00367,2025-03-01,295.8,Successful,Bank Transfer
PAY0002644,INV0002730,CUST00368,2025-10-29,29.0,Successful,Debit Card
PAY0002645,INV0002731,CUST00368,2025-11-24,29.0,Successful,Debit Card
PAY0002646,INV0002732,CUST00368,2025-12-28,29.0,Failed,Debit Card
PAY0002647,INV0002733,CUST00369,2024-05-17,805.8,Successful,Debit Card
PAY0002648,INV0002734,CUST00369,2025-05-26,805.8,Successful,Credit Card
PAY0002649,INV0002735,CUST00370,2024-05-15,805.8,Successful,Bank Transfer
PAY0002650,INV0002736,CUST00370,2025-05-14,805.8,Successful,ACH
PAY0002651,INV0002737,CUST00371,2025-06-27,29.0,Successful,Bank Transfer
PAY0002652,INV0002738,CUST00371,2025-07-19,29.0,Successful,ACH
PAY0002653,INV0002739,CUST00371,2025-08-16,29.0,Successful,ACH
PAY0002654,INV0002740,CUST00372,2024-12-24,79.0,Successful,Bank Transfer
PAY0002655,INV0002741,CUST00372,2025-01-28,79.0,Successful,ACH
PAY0002656,INV0002742,CUST00372,2025-03-02,79.0,Successful,Bank Transfer
PAY0002657,INV0002743,CUST00372,2025-03-30,79.0,Successful,Credit Card
PAY0002658,INV0002744,CUST00372,2025-05-05,79.0,Failed,ACH
PAY0002659,INV0002745,CUST00372,2025-05-25,79.0,Successful,ACH
PAY0002660,INV0002746,CUST00372,2025-06-22,79.0,Successful,ACH
PAY0002661,INV0002747,CUST00372,2025-07-23,79.0,Successful,Credit Card
PAY0002662,INV0002748,CUST00372,2025-08-26,79.0,Successful,ACH
PAY0002663,INV0002749,CUST00372,2025-09-26,79.0,Successful,ACH
PAY0002664,INV0002750,CUST00372,2025-10-30,79.0,Successful,Debit Card
PAY0002665,INV0002751,CUST00372,2025-11-27,79.0,Successful,Debit Card
PAY0002666,INV0002752,CUST00372,2025-12-22,79.0,Successful,Credit Card
PAY0002667,INV0002753,CUST00373,2024-09-24,199.0,Successful,Bank Transfer
PAY0002668,INV0002754,CUST00373,2024-10-19,199.0,Successful,Credit Card
PAY0002669,INV0002755,CUST00373,2024-11-21,199.0,Refunded,ACH
PAY0002670,INV0002756,CUST00373,2024-12-15,199.0,Successful,ACH
PAY0002671,INV0002757,CUST00373,2025-01-17,199.0,Successful,ACH
PAY0002672,INV0002758,CUST00373,2025-02-28,199.0,Successful,Credit Card
PAY0002673,INV0002759,CUST00373,2025-03-18,199.0,Successful,Bank Transfer
PAY0002674,INV0002760,CUST00373,2025-04-28,199.0,Successful,Credit Card
PAY0002675,INV0002761,CUST00373,2025-05-14,199.0,Successful,Credit Card
PAY0002676,INV0002762,CUST00373,2025-06-20,199.0,Successful,ACH
PAY0002677,INV0002763,CUST00373,2025-07-19,199.0,Successful,ACH
PAY0002678,INV0002764,CUST00373,2025-08-14,199.0,Successful,Bank Transfer
PAY0002679,INV0002765,CUST00374,2025-10-02,29.0,Successful,Credit Card
PAY0002680,INV0002766,CUST00374,2025-10-31,29.0,Successful,Debit Card
PAY0002681,INV0002767,CUST00374,2025-12-06,29.0,Failed,Credit Card
PAY0002682,INV0002768,CUST00374,2026-01-04,29.0,Successful,Bank Transfer
PAY0002683,INV0002769,CUST00375,2024-06-26,79.0,Successful,ACH
PAY0002684,INV0002770,CUST00375,2024-08-02,79.0,Successful,Credit Card
PAY0002685,INV0002771,CUST00375,2024-09-06,79.0,Refunded,Credit Card
PAY0002686,INV0002772,CUST00375,2024-09-26,79.0,Successful,Bank Transfer
PAY0002687,INV0002773,CUST00375,2024-10-27,79.0,Successful,Bank Transfer
PAY0002688,INV0002774,CUST00375,2024-11-30,79.0,Successful,Bank Transfer
PAY0002689,INV0002775,CUST00375,2025-01-04,79.0,Successful,Debit Card
PAY0002690,INV0002776,CUST00375,2025-02-04,79.0,Successful,ACH
PAY0002691,INV0002777,CUST00375,2025-03-08,199.0,Successful,Credit Card
PAY0002692,INV0002778,CUST00375,2025-03-29,199.0,Successful,ACH
PAY0002693,INV0002779,CUST00375,2025-05-08,199.0,Successful,Debit Card
PAY0002694,INV0002780,CUST00375,2025-05-26,199.0,Successful,Credit Card
PAY0002695,INV0002781,CUST00376,2025-08-11,2029.8,Successful,Bank Transfer
PAY0002696,INV0002782,CUST00377,2025-10-20,29.0,Successful,ACH
PAY0002697,INV0002783,CUST00377,2025-11-23,29.0,Successful,Debit Card
PAY0002698,INV0002784,CUST00377,2025-12-20,29.0,Successful,Debit Card
PAY0002699,INV0002785,CUST00378,2025-10-01,79.0,Successful,Debit Card
PAY0002700,INV0002786,CUST00378,2025-10-28,79.0,Successful,Bank Transfer
PAY0002701,INV0002787,CUST00378,2025-11-29,79.0,Successful,Credit Card
PAY0002702,INV0002788,CUST00378,2026-01-08,79.0,Successful,Credit Card
PAY0002703,INV0002789,CUST00379,2025-11-03,2029.8,Successful,ACH
PAY0002704,INV0002790,CUST00380,2024-11-15,29.0,Successful,Bank Transfer
PAY0002705,INV0002791,CUST00380,2024-12-02,29.0,Successful,Credit Card
PAY0002706,INV0002792,CUST00380,2025-01-03,29.0,Successful,Bank Transfer
PAY0002707,INV0002793,CUST00380,2025-01-31,29.0,Successful,ACH
PAY0002708,INV0002794,CUST00380,2025-03-11,29.0,Successful,Bank Transfer
PAY0002709,INV0002795,CUST00380,2025-04-01,29.0,Successful,ACH
PAY0002710,INV0002796,CUST00380,2025-05-06,29.0,Successful,Credit Card
PAY0002711,INV0002797,CUST00380,2025-06-08,29.0,Successful,Credit Card
PAY0002712,INV0002798,CUST00380,2025-06-29,29.0,Successful,ACH
PAY0002713,INV0002799,CUST00380,2025-08-06,29.0,Successful,Debit Card
PAY0002714,INV0002800,CUST00380,2025-09-09,29.0,Successful,Bank Transfer
PAY0002715,INV0002801,CUST00380,2025-10-02,29.0,Successful,ACH
PAY0002716,INV0002802,CUST00381,2025-03-04,79.0,Successful,ACH
PAY0002717,INV0002803,CUST00381,2025-04-13,79.0,Successful,Credit Card
PAY0002718,INV0002804,CUST00381,2025-05-10,79.0,Successful,Bank Transfer
PAY0002719,INV0002805,CUST00381,2025-06-15,79.0,Successful,Debit Card
PAY0002720,INV0002806,CUST00381,2025-07-12,79.0,Successful,Debit Card
PAY0002721,INV0002807,CUST00381,2025-08-09,79.0,Successful,Credit Card
PAY0002722,INV0002808,CUST00381,2025-09-08,79.0,Successful,Debit Card
PAY0002723,INV0002809,CUST00381,2025-10-16,79.0,Successful,Credit Card
PAY0002724,INV0002810,CUST00381,2025-11-09,79.0,Successful,Bank Transfer
PAY0002725,INV0002811,CUST00381,2025-12-09,79.0,Successful,Credit Card
PAY0002726,INV0002812,CUST00382,2024-11-21,79.0,Successful,Debit Card
PAY0002727,INV0002813,CUST00382,2024-12-29,79.0,Successful,ACH
PAY0002728,INV0002814,CUST00382,2025-01-22,79.0,Successful,ACH
PAY0002729,INV0002815,CUST00382,2025-02-21,79.0,Successful,ACH
PAY0002730,INV0002816,CUST00382,2025-03-17,79.0,Successful,ACH
PAY0002731,INV0002817,CUST00382,2025-05-01,79.0,Successful,Bank Transfer
PAY0002732,INV0002818,CUST00382,2025-05-27,79.0,Successful,Credit Card
PAY0002733,INV0002819,CUST00382,2025-06-23,79.0,Successful,Debit Card
PAY0002734,INV0002820,CUST00382,2025-07-17,79.0,Successful,Bank Transfer
PAY0002735,INV0002821,CUST00382,2025-08-28,79.0,Successful,Bank Transfer
PAY0002736,INV0002822,CUST00382,2025-09-21,79.0,Successful,Bank Transfer
PAY0002737,INV0002823,CUST00382,2025-10-31,79.0,Successful,ACH
PAY0002738,INV0002824,CUST00383,2025-02-18,79.0,Successful,Bank Transfer
PAY0002739,INV0002825,CUST00383,2025-03-17,79.0,Successful,Credit Card
PAY0002740,INV0002826,CUST00383,2025-04-24,79.0,Successful,Credit Card
PAY0002741,INV0002827,CUST00383,2025-05-20,79.0,Successful,ACH
PAY0002742,INV0002828,CUST00383,2025-06-13,79.0,Successful,Debit Card
PAY0002743,INV0002829,CUST00383,2025-07-15,79.0,Successful,ACH
PAY0002744,INV0002830,CUST00383,2025-08-23,79.0,Successful,Bank Transfer
PAY0002745,INV0002831,CUST00383,2025-09-25,79.0,Successful,Bank Transfer
PAY0002746,INV0002832,CUST00383,2025-10-27,79.0,Successful,Credit Card
PAY0002747,INV0002833,CUST00383,2025-11-27,79.0,Successful,Bank Transfer
PAY0002748,INV0002834,CUST00383,2025-12-26,79.0,Failed,ACH
PAY0002749,INV0002835,CUST00384,2024-12-07,79.0,Successful,Debit Card
PAY0002750,INV0002836,CUST00384,2025-01-03,79.0,Successful,Debit Card
PAY0002751,INV0002837,CUST00384,2025-02-06,79.0,Successful,Debit Card
PAY0002752,INV0002838,CUST00384,2025-03-09,79.0,Successful,Debit Card
PAY0002753,INV0002839,CUST00384,2025-04-02,79.0,Successful,Bank Transfer
PAY0002754,INV0002840,CUST00384,2025-04-24,79.0,Successful,ACH
PAY0002755,INV0002841,CUST00384,2025-05-25,79.0,Successful,ACH
PAY0002756,INV0002842,CUST00384,2025-06-25,79.0,Successful,Debit Card
PAY0002757,INV0002843,CUST00384,2025-07-29,79.0,Successful,ACH
PAY0002758,INV0002844,CUST00384,2025-08-27,199.0,Successful,Bank Transfer
PAY0002759,INV0002845,CUST00384,2025-09-29,199.0,Successful,Bank Transfer
PAY0002760,INV0002846,CUST00384,2025-10-31,199.0,Successful,ACH
PAY0002761,INV0002847,CUST00385,2024-06-04,29.0,Successful,Bank Transfer
PAY0002762,INV0002848,CUST00385,2024-07-02,29.0,Successful,Bank Transfer
PAY0002763,INV0002849,CUST00385,2024-08-08,29.0,Successful,Bank Transfer
PAY0002764,INV0002851,CUST00385,2024-10-09,29.0,Successful,Debit Card
PAY0002765,INV0002852,CUST00385,2024-10-30,29.0,Successful,ACH
PAY0002766,INV0002853,CUST00385,2024-12-09,29.0,Successful,Debit Card
PAY0002767,INV0002854,CUST00385,2024-12-25,79.0,Successful,Bank Transfer
PAY0002768,INV0002855,CUST00385,2025-01-26,79.0,Successful,Credit Card
PAY0002769,INV0002856,CUST00385,2025-02-26,79.0,Successful,Bank Transfer
PAY0002770,INV0002857,CUST00385,2025-04-07,79.0,Successful,Credit Card
PAY0002771,INV0002858,CUST00385,2025-05-03,79.0,Successful,Bank Transfer
PAY0002772,INV0002859,CUST00386,2024-09-26,805.8,Successful,Debit Card
PAY0002773,INV0002860,CUST00387,2024-07-18,29.0,Successful,Credit Card
PAY0002774,INV0002861,CUST00387,2024-08-23,29.0,Successful,Credit Card
PAY0002775,INV0002863,CUST00387,2024-10-28,29.0,Successful,Credit Card
PAY0002776,INV0002864,CUST00387,2024-11-15,29.0,Successful,Bank Transfer
PAY0002777,INV0002865,CUST00387,2024-12-28,29.0,Successful,Bank Transfer
PAY0002778,INV0002866,CUST00387,2025-01-16,29.0,Successful,ACH
PAY0002779,INV0002867,CUST00387,2025-02-24,29.0,Successful,Credit Card
PAY0002780,INV0002868,CUST00387,2025-03-24,29.0,Failed,Debit Card
PAY0002781,INV0002869,CUST00387,2025-04-24,29.0,Successful,Debit Card
PAY0002782,INV0002870,CUST00387,2025-05-18,29.0,Successful,Credit Card
PAY0002783,INV0002871,CUST00387,2025-06-21,29.0,Successful,ACH
PAY0002784,INV0002872,CUST00387,2025-07-25,29.0,Successful,Bank Transfer
PAY0002785,INV0002873,CUST00387,2025-08-20,29.0,Successful,ACH
PAY0002786,INV0002874,CUST00387,2025-09-23,29.0,Successful,ACH
PAY0002787,INV0002875,CUST00387,2025-10-28,29.0,Successful,Bank Transfer
PAY0002788,INV0002876,CUST00387,2025-11-28,29.0,Successful,Debit Card
PAY0002789,INV0002877,CUST00387,2025-12-25,29.0,Successful,Credit Card
PAY0002790,INV0002878,CUST00388,2025-05-31,805.8,Successful,Debit Card
PAY0002791,INV0002879,CUST00389,2025-06-13,79.0,Successful,Credit Card
PAY0002792,INV0002880,CUST00389,2025-07-04,79.0,Successful,ACH
PAY0002793,INV0002881,CUST00389,2025-08-15,79.0,Successful,ACH
PAY0002794,INV0002882,CUST00389,2025-09-12,79.0,Successful,Bank Transfer
PAY0002795,INV0002884,CUST00389,2025-11-09,79.0,Successful,Bank Transfer
PAY0002796,INV0002885,CUST00389,2025-12-04,79.0,Successful,ACH
PAY0002797,INV0002886,CUST00390,2024-02-25,79.0,Successful,ACH
PAY0002798,INV0002887,CUST00390,2024-04-02,79.0,Successful,Credit Card
PAY0002799,INV0002888,CUST00390,2024-05-04,79.0,Successful,Debit Card
PAY0002800,INV0002889,CUST00390,2024-05-21,79.0,Successful,Bank Transfer
PAY0002801,INV0002890,CUST00390,2024-06-23,79.0,Successful,Debit Card
PAY0002802,INV0002891,CUST00390,2024-08-03,79.0,Successful,Bank Transfer
PAY0002803,INV0002892,CUST00390,2024-08-26,79.0,Successful,Credit Card
PAY0002804,INV0002893,CUST00390,2024-09-21,79.0,Failed,Credit Card
PAY0002805,INV0002894,CUST00390,2024-10-25,79.0,Successful,Credit Card
PAY0002806,INV0002895,CUST00390,2024-11-25,79.0,Successful,Bank Transfer
PAY0002807,INV0002896,CUST00390,2024-12-30,79.0,Successful,Debit Card
PAY0002808,INV0002897,CUST00390,2025-01-27,79.0,Successful,ACH
PAY0002809,INV0002898,CUST00391,2024-10-31,805.8,Successful,Debit Card
PAY0002810,INV0002900,CUST00392,2024-10-12,29.0,Successful,Credit Card
PAY0002811,INV0002901,CUST00392,2024-11-09,29.0,Successful,Credit Card
PAY0002812,INV0002902,CUST00392,2024-12-04,29.0,Successful,Credit Card
PAY0002813,INV0002903,CUST00392,2025-01-07,29.0,Successful,Bank Transfer
PAY0002814,INV0002904,CUST00392,2025-01-31,29.0,Successful,Bank Transfer
PAY0002815,INV0002905,CUST00392,2025-03-05,29.0,Successful,Debit Card
PAY0002816,INV0002906,CUST00392,2025-04-04,29.0,Successful,Bank Transfer
PAY0002817,INV0002907,CUST00392,2025-05-07,29.0,Successful,ACH
PAY0002818,INV0002908,CUST00392,2025-06-04,29.0,Successful,ACH
PAY0002819,INV0002909,CUST00392,2025-07-12,29.0,Successful,ACH
PAY0002820,INV0002910,CUST00392,2025-08-01,29.0,Successful,ACH
PAY0002821,INV0002912,CUST00393,2025-02-19,79.0,Successful,Debit Card
PAY0002822,INV0002913,CUST00393,2025-03-29,79.0,Successful,ACH
PAY0002823,INV0002914,CUST00393,2025-04-15,79.0,Successful,Credit Card
PAY0002824,INV0002915,CUST00393,2025-05-29,79.0,Successful,ACH
PAY0002825,INV0002916,CUST00393,2025-06-15,79.0,Successful,ACH
PAY0002826,INV0002917,CUST00393,2025-07-29,79.0,Successful,Debit Card
PAY0002827,INV0002918,CUST00393,2025-08-28,79.0,Successful,Credit Card
PAY0002828,INV0002919,CUST00393,2025-09-16,79.0,Successful,Credit Card
PAY0002829,INV0002920,CUST00393,2025-10-16,79.0,Successful,Credit Card
PAY0002830,INV0002921,CUST00393,2025-11-22,79.0,Successful,ACH
PAY0002831,INV0002922,CUST00393,2025-12-16,79.0,Failed,Debit Card
PAY0002832,INV0002923,CUST00394,2024-03-23,79.0,Successful,Debit Card
PAY0002833,INV0002924,CUST00394,2024-05-01,79.0,Successful,Debit Card
PAY0002834,INV0002925,CUST00394,2024-05-30,79.0,Successful,Credit Card
PAY0002835,INV0002926,CUST00394,2024-06-17,79.0,Successful,Bank Transfer
PAY0002836,INV0002927,CUST00394,2024-07-23,79.0,Successful,Debit Card
PAY0002837,INV0002928,CUST00394,2024-08-18,79.0,Successful,ACH
PAY0002838,INV0002929,CUST00394,2024-09-22,79.0,Successful,Credit Card
PAY0002839,INV0002930,CUST00394,2024-10-18,79.0,Successful,Debit Card
PAY0002840,INV0002931,CUST00394,2024-11-29,79.0,Successful,Credit Card
PAY0002841,INV0002932,CUST00394,2024-12-17,79.0,Successful,Debit Card
PAY0002842,INV0002933,CUST00394,2025-01-18,79.0,Successful,Bank Transfer
PAY0002843,INV0002934,CUST00394,2025-02-17,79.0,Successful,Debit Card
PAY0002844,INV0002935,CUST00394,2025-03-19,79.0,Successful,Bank Transfer
PAY0002845,INV0002936,CUST00394,2025-04-27,79.0,Successful,ACH
PAY0002846,INV0002937,CUST00394,2025-05-20,79.0,Successful,ACH
PAY0002847,INV0002938,CUST00394,2025-06-30,79.0,Successful,ACH
PAY0002848,INV0002939,CUST00394,2025-07-29,79.0,Successful,Debit Card
PAY0002849,INV0002940,CUST00394,2025-08-21,79.0,Successful,Credit Card
PAY0002850,INV0002941,CUST00395,2025-10-15,199.0,Successful,Bank Transfer
PAY0002851,INV0002942,CUST00395,2025-11-03,199.0,Successful,Debit Card
PAY0002852,INV0002943,CUST00395,2025-12-09,199.0,Successful,ACH
PAY0002853,INV0002944,CUST00395,2026-01-12,199.0,Successful,Debit Card
PAY0002854,INV0002945,CUST00396,2025-02-18,295.8,Successful,Credit Card
PAY0002855,INV0002946,CUST00397,2024-06-11,79.0,Successful,ACH
PAY0002856,INV0002947,CUST00397,2024-07-04,79.0,Successful,Credit Card
PAY0002857,INV0002948,CUST00397,2024-08-11,79.0,Successful,Bank Transfer
PAY0002858,INV0002949,CUST00397,2024-09-10,79.0,Successful,Bank Transfer
PAY0002859,INV0002950,CUST00397,2024-10-12,79.0,Successful,Debit Card
PAY0002860,INV0002951,CUST00397,2024-11-05,79.0,Successful,ACH
PAY0002861,INV0002952,CUST00397,2024-12-12,79.0,Successful,Credit Card
PAY0002862,INV0002953,CUST00397,2025-01-09,79.0,Successful,ACH
PAY0002863,INV0002954,CUST00397,2025-02-06,79.0,Successful,Credit Card
PAY0002864,INV0002955,CUST00397,2025-03-13,79.0,Successful,Bank Transfer
PAY0002865,INV0002956,CUST00397,2025-04-11,79.0,Successful,Credit Card
PAY0002866,INV0002957,CUST00397,2025-05-06,79.0,Successful,ACH
PAY0002867,INV0002958,CUST00398,2024-02-25,2029.8,Successful,ACH
PAY0002868,INV0002959,CUST00398,2025-02-23,2029.8,Successful,Debit Card
PAY0002869,INV0002960,CUST00399,2025-06-16,29.0,Successful,ACH
PAY0002870,INV0002962,CUST00399,2025-08-24,29.0,Successful,Bank Transfer
PAY0002871,INV0002963,CUST00399,2025-09-30,29.0,Successful,ACH
PAY0002872,INV0002964,CUST00399,2025-10-28,29.0,Successful,Credit Card
PAY0002873,INV0002965,CUST00399,2025-11-25,29.0,Successful,ACH
PAY0002874,INV0002966,CUST00399,2025-12-23,29.0,Successful,Bank Transfer
PAY0002875,INV0002967,CUST00400,2024-12-16,199.0,Failed,ACH
PAY0002876,INV0002968,CUST00400,2025-01-15,199.0,Successful,Bank Transfer
PAY0002877,INV0002969,CUST00400,2025-02-16,199.0,Successful,ACH
PAY0002878,INV0002970,CUST00400,2025-03-10,199.0,Successful,Credit Card
PAY0002879,INV0002971,CUST00400,2025-04-06,199.0,Successful,ACH
PAY0002880,INV0002972,CUST00400,2025-05-09,199.0,Successful,Debit Card
PAY0002881,INV0002973,CUST00401,2025-09-09,199.0,Successful,Debit Card
PAY0002882,INV0002974,CUST00401,2025-10-01,199.0,Successful,Bank Transfer
PAY0002883,INV0002975,CUST00401,2025-10-31,199.0,Successful,Debit Card
PAY0002884,INV0002977,CUST00401,2026-01-04,199.0,Successful,Credit Card
PAY0002885,INV0002978,CUST00402,2026-01-09,295.8,Successful,Credit Card
PAY0002886,INV0002979,CUST00403,2024-12-11,805.8,Successful,Bank Transfer
PAY0002887,INV0002980,CUST00404,2025-09-05,79.0,Successful,ACH
PAY0002888,INV0002981,CUST00404,2025-10-17,79.0,Successful,Bank Transfer
PAY0002889,INV0002983,CUST00405,2024-02-27,295.8,Successful,ACH
PAY0002890,INV0002984,CUST00406,2024-06-06,805.8,Successful,Bank Transfer
PAY0002891,INV0002985,CUST00406,2025-06-06,805.8,Successful,ACH
PAY0002892,INV0002986,CUST00407,2024-07-17,79.0,Successful,ACH
PAY0002893,INV0002987,CUST00407,2024-08-29,79.0,Successful,Credit Card
PAY0002894,INV0002988,CUST00407,2024-09-27,79.0,Successful,ACH
PAY0002895,INV0002989,CUST00407,2024-10-21,79.0,Successful,Credit Card
PAY0002896,INV0002990,CUST00407,2024-11-17,79.0,Successful,Credit Card
PAY0002897,INV0002991,CUST00407,2024-12-29,79.0,Successful,Bank Transfer
PAY0002898,INV0002992,CUST00407,2025-01-16,79.0,Successful,Credit Card
PAY0002899,INV0002993,CUST00407,2025-02-25,79.0,Successful,Bank Transfer
PAY0002900,INV0002994,CUST00407,2025-03-18,79.0,Successful,ACH
PAY0002901,INV0002995,CUST00407,2025-04-20,79.0,Successful,ACH
PAY0002902,INV0002996,CUST00407,2025-05-20,79.0,Successful,Credit Card
PAY0002903,INV0002997,CUST00407,2025-06-22,79.0,Successful,Bank Transfer
PAY0002904,INV0002998,CUST00407,2025-07-20,79.0,Successful,Credit Card
PAY0002905,INV0002999,CUST00407,2025-08-25,79.0,Successful,Debit Card
PAY0002906,INV0003000,CUST00407,2025-09-21,79.0,Successful,Debit Card
PAY0002907,INV0003001,CUST00407,2025-10-18,79.0,Successful,Bank Transfer
PAY0002908,INV0003002,CUST00407,2025-11-25,79.0,Successful,ACH
PAY0002909,INV0003003,CUST00407,2025-12-20,79.0,Successful,Credit Card
PAY0002910,INV0003004,CUST00408,2025-12-17,79.0,Successful,Bank Transfer
PAY0002911,INV0003005,CUST00409,2024-03-17,79.0,Successful,Debit Card
PAY0002912,INV0003006,CUST00409,2024-04-05,79.0,Successful,Bank Transfer
PAY0002913,INV0003007,CUST00409,2024-05-13,79.0,Successful,Bank Transfer
PAY0002914,INV0003008,CUST00410,2025-11-12,79.0,Successful,Bank Transfer
PAY0002915,INV0003009,CUST00410,2025-12-24,79.0,Successful,Credit Card
PAY0002916,INV0003010,CUST00411,2025-04-29,29.0,Successful,Bank Transfer
PAY0002917,INV0003011,CUST00411,2025-05-21,29.0,Successful,Debit Card
PAY0002918,INV0003012,CUST00411,2025-06-17,29.0,Successful,ACH
PAY0002919,INV0003013,CUST00411,2025-07-25,29.0,Successful,Credit Card
PAY0002920,INV0003015,CUST00411,2025-09-23,29.0,Successful,Bank Transfer
PAY0002921,INV0003016,CUST00411,2025-10-22,29.0,Successful,Bank Transfer
PAY0002922,INV0003017,CUST00411,2025-11-27,29.0,Successful,Credit Card
PAY0002923,INV0003018,CUST00411,2025-12-16,29.0,Successful,ACH
PAY0002924,INV0003019,CUST00412,2025-09-24,29.0,Successful,Bank Transfer
PAY0002925,INV0003020,CUST00412,2025-10-28,29.0,Successful,Credit Card
PAY0002926,INV0003021,CUST00412,2025-11-24,29.0,Successful,Bank Transfer
PAY0002927,INV0003022,CUST00412,2025-12-23,29.0,Successful,Debit Card
PAY0002928,INV0003023,CUST00413,2024-08-19,79.0,Successful,Debit Card
PAY0002929,INV0003024,CUST00413,2024-09-23,79.0,Successful,ACH
PAY0002930,INV0003025,CUST00413,2024-10-23,79.0,Successful,ACH
PAY0002931,INV0003026,CUST00413,2024-11-26,79.0,Successful,Debit Card
PAY0002932,INV0003027,CUST00413,2025-01-02,79.0,Successful,Credit Card
PAY0002933,INV0003028,CUST00413,2025-01-29,79.0,Successful,Credit Card
PAY0002934,INV0003029,CUST00414,2025-12-21,79.0,Successful,Debit Card
PAY0002935,INV0003030,CUST00415,2024-11-05,29.0,Successful,Debit Card
PAY0002936,INV0003031,CUST00415,2024-12-06,29.0,Successful,Credit Card
PAY0002937,INV0003032,CUST00415,2024-12-26,29.0,Successful,Bank Transfer
PAY0002938,INV0003033,CUST00415,2025-01-30,29.0,Successful,Bank Transfer
PAY0002939,INV0003034,CUST00415,2025-02-23,29.0,Successful,Credit Card
PAY0002940,INV0003035,CUST00415,2025-03-28,29.0,Successful,Credit Card
PAY0002941,INV0003036,CUST00415,2025-04-26,29.0,Successful,Credit Card
PAY0002942,INV0003037,CUST00415,2025-06-03,29.0,Successful,Debit Card
PAY0002943,INV0003038,CUST00415,2025-06-27,29.0,Successful,ACH
PAY0002944,INV0003039,CUST00415,2025-08-01,29.0,Successful,Credit Card
PAY0002945,INV0003040,CUST00415,2025-08-27,29.0,Successful,Credit Card
PAY0002946,INV0003041,CUST00415,2025-10-06,29.0,Successful,ACH
PAY0002947,INV0003042,CUST00416,2024-12-28,29.0,Successful,Credit Card
PAY0002948,INV0003043,CUST00416,2025-01-30,29.0,Failed,Debit Card
PAY0002949,INV0003044,CUST00416,2025-03-05,29.0,Successful,Debit Card
PAY0002950,INV0003045,CUST00416,2025-03-22,29.0,Successful,Debit Card
PAY0002951,INV0003046,CUST00416,2025-04-24,29.0,Successful,Credit Card
PAY0002952,INV0003047,CUST00416,2025-06-02,29.0,Successful,Debit Card
PAY0002953,INV0003048,CUST00416,2025-07-04,29.0,Successful,Debit Card
PAY0002954,INV0003049,CUST00416,2025-07-20,29.0,Successful,ACH
PAY0002955,INV0003050,CUST00416,2025-08-30,29.0,Successful,ACH
PAY0002956,INV0003051,CUST00416,2025-09-30,29.0,Successful,ACH
PAY0002957,INV0003052,CUST00416,2025-11-03,29.0,Successful,Bank Transfer
PAY0002958,INV0003053,CUST00416,2025-11-30,29.0,Successful,ACH
PAY0002959,INV0003054,CUST00416,2025-12-24,29.0,Successful,Credit Card
PAY0002960,INV0003055,CUST00417,2024-11-05,295.8,Successful,ACH
PAY0002961,INV0003056,CUST00418,2025-11-10,295.8,Successful,Bank Transfer
PAY0002962,INV0003057,CUST00419,2025-08-06,29.0,Successful,Credit Card
PAY0002963,INV0003058,CUST00419,2025-09-05,29.0,Successful,Bank Transfer
PAY0002964,INV0003059,CUST00419,2025-10-13,29.0,Successful,Bank Transfer
PAY0002965,INV0003060,CUST00419,2025-10-30,29.0,Successful,Debit Card
PAY0002966,INV0003061,CUST00419,2025-12-12,29.0,Successful,ACH
PAY0002967,INV0003062,CUST00419,2026-01-04,29.0,Successful,Bank Transfer
PAY0002968,INV0003063,CUST00420,2024-09-10,199.0,Successful,ACH
PAY0002969,INV0003064,CUST00420,2024-10-09,199.0,Successful,Credit Card
PAY0002970,INV0003065,CUST00420,2024-11-12,199.0,Successful,Debit Card
PAY0002971,INV0003066,CUST00421,2024-03-07,29.0,Successful,ACH
PAY0002972,INV0003067,CUST00421,2024-04-01,29.0,Failed,Credit Card
PAY0002973,INV0003068,CUST00421,2024-04-25,29.0,Successful,ACH
PAY0002974,INV0003069,CUST00421,2024-06-05,29.0,Successful,Credit Card
PAY0002975,INV0003070,CUST00421,2024-07-02,29.0,Successful,Debit Card
PAY0002976,INV0003071,CUST00421,2024-08-06,29.0,Successful,Debit Card
PAY0002977,INV0003072,CUST00421,2024-08-26,29.0,Successful,ACH
PAY0002978,INV0003073,CUST00421,2024-10-02,29.0,Successful,Credit Card
PAY0002979,INV0003074,CUST00421,2024-11-07,29.0,Failed,Credit Card
PAY0002980,INV0003075,CUST00421,2024-12-06,29.0,Successful,Debit Card
PAY0002981,INV0003076,CUST00421,2024-12-24,29.0,Successful,Debit Card
PAY0002982,INV0003077,CUST00421,2025-02-07,29.0,Successful,Bank Transfer
PAY0002983,INV0003078,CUST00421,2025-02-26,29.0,Successful,ACH
PAY0002984,INV0003079,CUST00421,2025-03-25,29.0,Successful,Bank Transfer
PAY0002985,INV0003080,CUST00421,2025-05-08,29.0,Successful,Debit Card
PAY0002986,INV0003081,CUST00421,2025-06-02,29.0,Successful,Debit Card
PAY0002987,INV0003082,CUST00421,2025-07-07,29.0,Successful,ACH
PAY0002988,INV0003083,CUST00421,2025-08-04,29.0,Failed,ACH
PAY0002989,INV0003084,CUST00422,2025-11-30,79.0,Successful,Bank Transfer
PAY0002990,INV0003085,CUST00422,2026-01-04,79.0,Successful,Bank Transfer
PAY0002991,INV0003086,CUST00423,2025-02-28,2029.8,Successful,Debit Card
PAY0002992,INV0003087,CUST00424,2024-10-29,29.0,Successful,ACH
PAY0002993,INV0003088,CUST00424,2024-12-03,29.0,Successful,Debit Card
PAY0002994,INV0003089,CUST00424,2024-12-22,29.0,Successful,Debit Card
PAY0002995,INV0003090,CUST00424,2025-01-29,29.0,Successful,ACH
PAY0002996,INV0003091,CUST00424,2025-03-06,29.0,Successful,Credit Card
PAY0002997,INV0003092,CUST00424,2025-03-24,29.0,Successful,Bank Transfer
PAY0002998,INV0003093,CUST00424,2025-04-23,29.0,Successful,Bank Transfer
PAY0002999,INV0003094,CUST00424,2025-06-04,29.0,Successful,Debit Card
PAY0003000,INV0003095,CUST00424,2025-07-06,29.0,Successful,Bank Transfer
PAY0003001,INV0003096,CUST00424,2025-07-27,29.0,Successful,Credit Card
PAY0003002,INV0003097,CUST00424,2025-08-31,29.0,Successful,Credit Card
PAY0003003,INV0003098,CUST00424,2025-09-25,29.0,Successful,Bank Transfer
PAY0003004,INV0003099,CUST00424,2025-10-27,29.0,Successful,Debit Card
PAY0003005,INV0003100,CUST00424,2025-12-03,29.0,Successful,Credit Card
PAY0003006,INV0003101,CUST00424,2025-12-28,29.0,Successful,Bank Transfer
PAY0003007,INV0003102,CUST00425,2025-10-30,199.0,Successful,Credit Card
PAY0003008,INV0003103,CUST00425,2025-12-07,199.0,Successful,Credit Card
PAY0003009,INV0003104,CUST00425,2026-01-13,199.0,Successful,Debit Card
PAY0003010,INV0003105,CUST00426,2024-07-07,79.0,Successful,Bank Transfer
PAY0003011,INV0003106,CUST00426,2024-08-02,79.0,Successful,ACH
PAY0003012,INV0003107,CUST00426,2024-09-12,79.0,Successful,ACH
PAY0003013,INV0003108,CUST00427,2025-02-16,805.8,Successful,Debit Card
PAY0003014,INV0003109,CUST00428,2024-02-17,199.0,Successful,ACH
PAY0003015,INV0003110,CUST00428,2024-03-13,199.0,Successful,Debit Card
PAY0003016,INV0003111,CUST00428,2024-04-23,199.0,Successful,Debit Card
PAY0003017,INV0003112,CUST00428,2024-05-20,199.0,Successful,Credit Card
PAY0003018,INV0003113,CUST00428,2024-06-11,199.0,Successful,Credit Card
PAY0003019,INV0003114,CUST00428,2024-07-09,199.0,Successful,Debit Card
PAY0003020,INV0003115,CUST00428,2024-08-10,199.0,Successful,ACH
PAY0003021,INV0003116,CUST00428,2024-09-18,199.0,Successful,Debit Card
PAY0003022,INV0003118,CUST00428,2024-11-23,199.0,Successful,Credit Card
PAY0003023,INV0003119,CUST00428,2024-12-13,199.0,Successful,Bank Transfer
PAY0003024,INV0003120,CUST00428,2025-01-13,199.0,Successful,Bank Transfer
PAY0003025,INV0003121,CUST00429,2024-10-27,29.0,Successful,Debit Card
PAY0003026,INV0003123,CUST00429,2024-12-30,29.0,Successful,Debit Card
PAY0003027,INV0003124,CUST00429,2025-01-20,29.0,Successful,Bank Transfer
PAY0003028,INV0003125,CUST00429,2025-03-03,29.0,Successful,ACH
PAY0003029,INV0003126,CUST00429,2025-03-30,29.0,Successful,Bank Transfer
PAY0003030,INV0003127,CUST00429,2025-04-19,29.0,Successful,Debit Card
PAY0003031,INV0003128,CUST00429,2025-05-31,29.0,Successful,Debit Card
PAY0003032,INV0003129,CUST00429,2025-07-02,29.0,Failed,Credit Card
PAY0003033,INV0003130,CUST00429,2025-07-19,29.0,Successful,Bank Transfer
PAY0003034,INV0003131,CUST00429,2025-08-26,29.0,Successful,Credit Card
PAY0003035,INV0003132,CUST00429,2025-09-25,29.0,Successful,Bank Transfer
PAY0003036,INV0003133,CUST00429,2025-10-24,29.0,Successful,ACH
PAY0003037,INV0003134,CUST00429,2025-12-03,29.0,Successful,Debit Card
PAY0003038,INV0003135,CUST00429,2025-12-29,29.0,Successful,Debit Card
PAY0003039,INV0003136,CUST00430,2024-05-26,79.0,Successful,ACH
PAY0003040,INV0003137,CUST00430,2024-06-26,79.0,Successful,ACH
PAY0003041,INV0003138,CUST00430,2024-07-31,79.0,Successful,Bank Transfer
PAY0003042,INV0003139,CUST00430,2024-08-23,79.0,Successful,Debit Card
PAY0003043,INV0003140,CUST00430,2024-10-02,79.0,Successful,Debit Card
PAY0003044,INV0003141,CUST00430,2024-10-20,79.0,Successful,Credit Card
PAY0003045,INV0003142,CUST00431,2024-12-10,79.0,Successful,Credit Card
PAY0003046,INV0003143,CUST00431,2025-01-10,79.0,Successful,ACH
PAY0003047,INV0003144,CUST00431,2025-02-13,79.0,Successful,ACH
PAY0003048,INV0003145,CUST00431,2025-03-19,79.0,Successful,Bank Transfer
PAY0003049,INV0003146,CUST00431,2025-04-16,79.0,Successful,ACH
PAY0003050,INV0003147,CUST00431,2025-05-14,79.0,Successful,Bank Transfer
PAY0003051,INV0003148,CUST00431,2025-06-15,79.0,Successful,Debit Card
PAY0003052,INV0003149,CUST00431,2025-07-18,79.0,Successful,Credit Card
PAY0003053,INV0003150,CUST00431,2025-08-19,79.0,Failed,Debit Card
PAY0003054,INV0003151,CUST00431,2025-09-07,79.0,Successful,Debit Card
PAY0003055,INV0003153,CUST00431,2025-11-06,79.0,Successful,Credit Card
PAY0003056,INV0003154,CUST00431,2025-12-18,79.0,Successful,Debit Card
PAY0003057,INV0003155,CUST00432,2024-01-27,805.8,Failed,ACH
PAY0003058,INV0003156,CUST00433,2024-07-01,199.0,Successful,ACH
PAY0003059,INV0003157,CUST00433,2024-08-08,199.0,Successful,Credit Card
PAY0003060,INV0003159,CUST00433,2024-10-07,199.0,Successful,ACH
PAY0003061,INV0003161,CUST00433,2024-12-03,199.0,Successful,Bank Transfer
PAY0003062,INV0003162,CUST00433,2025-01-09,199.0,Successful,Credit Card
PAY0003063,INV0003163,CUST00433,2025-02-06,199.0,Successful,ACH
PAY0003064,INV0003164,CUST00433,2025-03-14,199.0,Successful,Bank Transfer
PAY0003065,INV0003166,CUST00433,2025-05-01,199.0,Successful,Debit Card
PAY0003066,INV0003167,CUST00433,2025-06-08,199.0,Successful,Debit Card
PAY0003067,INV0003168,CUST00433,2025-07-02,199.0,Successful,Bank Transfer
PAY0003068,INV0003170,CUST00433,2025-09-01,199.0,Successful,Debit Card
PAY0003069,INV0003171,CUST00433,2025-10-10,199.0,Successful,Credit Card
PAY0003070,INV0003172,CUST00433,2025-11-02,199.0,Successful,Debit Card
PAY0003071,INV0003173,CUST00433,2025-12-05,199.0,Successful,Debit Card
PAY0003072,INV0003174,CUST00433,2026-01-01,199.0,Successful,ACH
PAY0003073,INV0003175,CUST00434,2025-06-19,199.0,Successful,Bank Transfer
PAY0003074,INV0003176,CUST00434,2025-07-17,199.0,Successful,Bank Transfer
PAY0003075,INV0003177,CUST00434,2025-08-22,199.0,Successful,Credit Card
PAY0003076,INV0003178,CUST00434,2025-09-21,199.0,Successful,Debit Card
PAY0003077,INV0003179,CUST00434,2025-10-18,199.0,Successful,ACH
PAY0003078,INV0003180,CUST00434,2025-11-23,199.0,Successful,ACH
PAY0003079,INV0003181,CUST00434,2025-12-24,199.0,Successful,Debit Card
PAY0003080,INV0003182,CUST00435,2024-05-24,79.0,Successful,Debit Card
PAY0003081,INV0003183,CUST00435,2024-07-01,79.0,Successful,ACH
PAY0003082,INV0003184,CUST00435,2024-08-03,79.0,Successful,Credit Card
PAY0003083,INV0003185,CUST00435,2024-08-25,79.0,Successful,Credit Card
PAY0003084,INV0003186,CUST00435,2024-10-01,79.0,Successful,Credit Card
PAY0003085,INV0003187,CUST00435,2024-10-29,79.0,Successful,Bank Transfer
PAY0003086,INV0003188,CUST00435,2024-12-06,79.0,Failed,Bank Transfer
PAY0003087,INV0003189,CUST00435,2025-01-04,79.0,Successful,Bank Transfer
PAY0003088,INV0003190,CUST00435,2025-01-27,79.0,Successful,ACH
PAY0003089,INV0003191,CUST00435,2025-03-03,79.0,Successful,ACH
PAY0003090,INV0003192,CUST00435,2025-04-07,79.0,Successful,Debit Card
PAY0003091,INV0003193,CUST00435,2025-05-08,79.0,Successful,Credit Card
PAY0003092,INV0003194,CUST00436,2024-09-11,79.0,Successful,Bank Transfer
PAY0003093,INV0003195,CUST00436,2024-10-02,79.0,Successful,ACH
PAY0003094,INV0003196,CUST00436,2024-11-10,79.0,Successful,Debit Card
PAY0003095,INV0003197,CUST00436,2024-12-09,79.0,Successful,Debit Card
PAY0003096,INV0003198,CUST00436,2025-01-11,79.0,Successful,Credit Card
PAY0003097,INV0003199,CUST00436,2025-02-11,79.0,Successful,ACH
PAY0003098,INV0003200,CUST00436,2025-03-03,79.0,Successful,Debit Card
PAY0003099,INV0003201,CUST00436,2025-03-31,79.0,Successful,Credit Card
PAY0003100,INV0003202,CUST00436,2025-05-12,79.0,Successful,Credit Card
PAY0003101,INV0003203,CUST00436,2025-05-31,79.0,Successful,ACH
PAY0003102,INV0003204,CUST00436,2025-07-13,79.0,Successful,Credit Card
PAY0003103,INV0003205,CUST00436,2025-08-08,79.0,Successful,Debit Card
PAY0003104,INV0003206,CUST00436,2025-09-08,79.0,Successful,Bank Transfer
PAY0003105,INV0003207,CUST00436,2025-10-11,79.0,Successful,Bank Transfer
PAY0003106,INV0003208,CUST00436,2025-11-10,79.0,Successful,Bank Transfer
PAY0003107,INV0003209,CUST00436,2025-12-13,79.0,Successful,Bank Transfer
PAY0003108,INV0003210,CUST00436,2026-01-06,79.0,Successful,Bank Transfer
PAY0003109,INV0003211,CUST00437,2025-08-29,199.0,Failed,Debit Card
PAY0003110,INV0003212,CUST00437,2025-09-25,199.0,Successful,Credit Card
PAY0003111,INV0003213,CUST00437,2025-11-01,199.0,Successful,Credit Card
PAY0003112,INV0003214,CUST00437,2025-11-22,199.0,Successful,Credit Card
PAY0003113,INV0003215,CUST00437,2025-12-26,199.0,Successful,Bank Transfer
PAY0003114,INV0003216,CUST00438,2025-12-17,295.8,Successful,ACH
PAY0003115,INV0003217,CUST00439,2024-06-26,199.0,Successful,ACH
PAY0003116,INV0003218,CUST00439,2024-07-19,199.0,Successful,Bank Transfer
PAY0003117,INV0003219,CUST00439,2024-08-26,199.0,Successful,Credit Card
PAY0003118,INV0003220,CUST00439,2024-09-24,199.0,Successful,Bank Transfer
PAY0003119,INV0003221,CUST00439,2024-10-13,199.0,Successful,Debit Card
PAY0003120,INV0003222,CUST00439,2024-11-19,199.0,Successful,Credit Card
PAY0003121,INV0003223,CUST00439,2024-12-23,199.0,Successful,Credit Card
PAY0003122,INV0003224,CUST00439,2025-01-17,199.0,Successful,Credit Card
PAY0003123,INV0003225,CUST00439,2025-02-25,199.0,Successful,ACH
PAY0003124,INV0003226,CUST00439,2025-03-24,199.0,Successful,ACH
PAY0003125,INV0003227,CUST00439,2025-04-15,199.0,Successful,Bank Transfer
PAY0003126,INV0003228,CUST00439,2025-05-14,199.0,Successful,ACH
PAY0003127,INV0003229,CUST00439,2025-06-24,199.0,Successful,Debit Card
PAY0003128,INV0003230,CUST00439,2025-07-22,199.0,Successful,Bank Transfer
PAY0003129,INV0003231,CUST00439,2025-08-20,199.0,Successful,Credit Card
PAY0003130,INV0003232,CUST00439,2025-09-20,199.0,Successful,ACH
PAY0003131,INV0003233,CUST00439,2025-10-18,199.0,Successful,Credit Card
PAY0003132,INV0003234,CUST00439,2025-11-15,199.0,Successful,Bank Transfer
PAY0003133,INV0003235,CUST00439,2025-12-27,199.0,Successful,Credit Card
PAY0003134,INV0003236,CUST00440,2025-12-13,199.0,Successful,Bank Transfer
PAY0003135,INV0003237,CUST00441,2024-08-14,295.8,Successful,Debit Card
PAY0003136,INV0003238,CUST00441,2025-08-23,295.8,Successful,ACH
PAY0003137,INV0003239,CUST00442,2025-03-09,199.0,Successful,Debit Card
PAY0003138,INV0003240,CUST00442,2025-04-16,199.0,Successful,Bank Transfer
PAY0003139,INV0003241,CUST00442,2025-05-16,199.0,Successful,Credit Card
PAY0003140,INV0003242,CUST00442,2025-06-13,199.0,Successful,Credit Card
PAY0003141,INV0003243,CUST00442,2025-07-13,199.0,Successful,ACH
PAY0003142,INV0003244,CUST00442,2025-08-02,199.0,Successful,ACH
PAY0003143,INV0003245,CUST00442,2025-09-13,199.0,Successful,Bank Transfer
PAY0003144,INV0003246,CUST00442,2025-10-14,199.0,Successful,ACH
PAY0003145,INV0003247,CUST00442,2025-11-11,199.0,Successful,Debit Card
PAY0003146,INV0003248,CUST00442,2025-12-02,199.0,Successful,Bank Transfer
PAY0003147,INV0003249,CUST00443,2024-09-25,79.0,Successful,Debit Card
PAY0003148,INV0003250,CUST00443,2024-10-21,79.0,Refunded,Bank Transfer
PAY0003149,INV0003251,CUST00443,2024-11-21,79.0,Successful,Credit Card
PAY0003150,INV0003252,CUST00444,2025-06-23,199.0,Successful,Debit Card
PAY0003151,INV0003253,CUST00444,2025-07-30,199.0,Successful,ACH
PAY0003152,INV0003254,CUST00444,2025-08-26,199.0,Failed,ACH
PAY0003153,INV0003255,CUST00444,2025-10-02,199.0,Successful,Bank Transfer
PAY0003154,INV0003256,CUST00444,2025-11-02,199.0,Successful,Bank Transfer
PAY0003155,INV0003257,CUST00444,2025-12-01,199.0,Failed,ACH
PAY0003156,INV0003258,CUST00444,2026-01-05,199.0,Successful,Bank Transfer
PAY0003157,INV0003259,CUST00445,2024-03-12,79.0,Successful,Debit Card
PAY0003158,INV0003260,CUST00445,2024-04-09,79.0,Successful,Credit Card
PAY0003159,INV0003261,CUST00445,2024-05-13,79.0,Successful,Credit Card
PAY0003160,INV0003262,CUST00445,2024-06-13,79.0,Successful,ACH
PAY0003161,INV0003263,CUST00445,2024-07-12,79.0,Successful,Credit Card
PAY0003162,INV0003264,CUST00445,2024-08-14,79.0,Successful,ACH
PAY0003163,INV0003265,CUST00445,2024-09-11,79.0,Successful,Credit Card
PAY0003164,INV0003266,CUST00445,2024-10-09,79.0,Successful,Bank Transfer
PAY0003165,INV0003267,CUST00445,2024-11-11,79.0,Successful,Debit Card
PAY0003166,INV0003268,CUST00445,2024-12-18,79.0,Successful,Bank Transfer
PAY0003167,INV0003269,CUST00445,2025-01-06,79.0,Successful,Debit Card
PAY0003168,INV0003270,CUST00445,2025-02-17,79.0,Successful,Bank Transfer
PAY0003169,INV0003271,CUST00445,2025-03-10,79.0,Successful,Bank Transfer
PAY0003170,INV0003272,CUST00445,2025-04-09,79.0,Successful,ACH
PAY0003171,INV0003273,CUST00445,2025-05-15,79.0,Successful,ACH
PAY0003172,INV0003274,CUST00445,2025-06-13,79.0,Successful,Bank Transfer
PAY0003173,INV0003275,CUST00445,2025-07-12,79.0,Successful,Bank Transfer
PAY0003174,INV0003276,CUST00445,2025-08-18,79.0,Successful,ACH
PAY0003175,INV0003277,CUST00445,2025-09-19,79.0,Successful,Bank Transfer
PAY0003176,INV0003278,CUST00445,2025-10-15,79.0,Successful,Bank Transfer
PAY0003177,INV0003279,CUST00445,2025-11-11,79.0,Successful,Bank Transfer
PAY0003178,INV0003280,CUST00445,2025-12-05,79.0,Successful,Debit Card
PAY0003179,INV0003281,CUST00446,2024-06-26,295.8,Successful,Bank Transfer
PAY0003180,INV0003282,CUST00446,2025-06-23,295.8,Successful,Debit Card
PAY0003181,INV0003283,CUST00447,2025-08-28,29.0,Successful,ACH
PAY0003182,INV0003284,CUST00447,2025-10-05,29.0,Successful,Bank Transfer
PAY0003183,INV0003285,CUST00447,2025-11-03,29.0,Successful,Debit Card
PAY0003184,INV0003286,CUST00447,2025-12-02,29.0,Successful,Debit Card
PAY0003185,INV0003287,CUST00447,2026-01-01,29.0,Successful,ACH
PAY0003186,INV0003288,CUST00448,2025-04-11,29.0,Successful,Debit Card
PAY0003187,INV0003289,CUST00448,2025-05-17,29.0,Successful,Bank Transfer
PAY0003188,INV0003290,CUST00448,2025-06-22,29.0,Successful,Bank Transfer
PAY0003189,INV0003291,CUST00448,2025-07-11,29.0,Successful,ACH
PAY0003190,INV0003292,CUST00448,2025-08-24,29.0,Successful,Bank Transfer
PAY0003191,INV0003293,CUST00448,2025-09-11,29.0,Failed,Credit Card
PAY0003192,INV0003294,CUST00448,2025-10-16,29.0,Successful,Bank Transfer
PAY0003193,INV0003295,CUST00448,2025-11-11,29.0,Successful,ACH
PAY0003194,INV0003296,CUST00448,2025-12-18,29.0,Successful,Credit Card
PAY0003195,INV0003297,CUST00449,2025-08-09,79.0,Successful,ACH
PAY0003196,INV0003298,CUST00449,2025-09-09,79.0,Successful,Credit Card
PAY0003197,INV0003299,CUST00449,2025-10-08,79.0,Successful,Bank Transfer
PAY0003198,INV0003300,CUST00449,2025-10-28,79.0,Successful,ACH
PAY0003199,INV0003301,CUST00449,2025-12-06,79.0,Successful,Credit Card
PAY0003200,INV0003302,CUST00449,2026-01-01,79.0,Successful,ACH
PAY0003201,INV0003303,CUST00450,2025-02-13,79.0,Successful,Debit Card
PAY0003202,INV0003304,CUST00450,2025-03-15,79.0,Successful,Credit Card
PAY0003203,INV0003305,CUST00450,2025-04-21,79.0,Successful,Debit Card
PAY0003204,INV0003306,CUST00450,2025-05-15,79.0,Successful,Bank Transfer
PAY0003205,INV0003307,CUST00450,2025-06-17,79.0,Successful,ACH
PAY0003206,INV0003308,CUST00450,2025-07-22,79.0,Successful,ACH
PAY0003207,INV0003309,CUST00450,2025-08-24,79.0,Successful,ACH
PAY0003208,INV0003310,CUST00450,2025-09-14,79.0,Successful,Debit Card
PAY0003209,INV0003311,CUST00450,2025-10-14,79.0,Successful,Bank Transfer
PAY0003210,INV0003312,CUST00450,2025-11-12,79.0,Successful,Debit Card
PAY0003211,INV0003313,CUST00450,2025-12-14,79.0,Successful,ACH
PAY0003212,INV0003314,CUST00451,2024-02-17,805.8,Successful,ACH
PAY0003213,INV0003315,CUST00452,2024-03-12,199.0,Successful,Bank Transfer
PAY0003214,INV0003316,CUST00452,2024-04-26,199.0,Successful,ACH
PAY0003215,INV0003317,CUST00452,2024-05-21,199.0,Successful,ACH
PAY0003216,INV0003318,CUST00452,2024-06-18,199.0,Successful,Bank Transfer
PAY0003217,INV0003319,CUST00452,2024-07-25,199.0,Successful,Debit Card
PAY0003218,INV0003320,CUST00452,2024-08-18,199.0,Failed,Credit Card
PAY0003219,INV0003321,CUST00452,2024-09-16,199.0,Successful,Debit Card
PAY0003220,INV0003322,CUST00452,2024-10-24,199.0,Successful,Credit Card
PAY0003221,INV0003323,CUST00452,2024-11-17,199.0,Successful,Credit Card
PAY0003222,INV0003324,CUST00452,2024-12-25,199.0,Successful,Debit Card
PAY0003223,INV0003325,CUST00452,2025-01-17,199.0,Successful,Bank Transfer
PAY0003224,INV0003326,CUST00452,2025-02-17,199.0,Successful,ACH
PAY0003225,INV0003327,CUST00452,2025-03-20,199.0,Successful,Credit Card
PAY0003226,INV0003328,CUST00452,2025-04-12,199.0,Successful,Debit Card
PAY0003227,INV0003329,CUST00452,2025-05-24,199.0,Successful,Debit Card
PAY0003228,INV0003330,CUST00452,2025-06-23,199.0,Successful,Credit Card
PAY0003229,INV0003331,CUST00452,2025-07-16,199.0,Successful,Credit Card
PAY0003230,INV0003332,CUST00452,2025-08-23,199.0,Successful,Credit Card
PAY0003231,INV0003333,CUST00452,2025-09-14,199.0,Successful,Credit Card
PAY0003232,INV0003334,CUST00452,2025-10-15,199.0,Successful,Bank Transfer
PAY0003233,INV0003335,CUST00452,2025-11-20,199.0,Successful,Credit Card
PAY0003234,INV0003336,CUST00452,2025-12-22,199.0,Successful,Bank Transfer
PAY0003235,INV0003337,CUST00453,2024-07-05,29.0,Successful,Credit Card
PAY0003236,INV0003338,CUST00453,2024-08-07,29.0,Successful,ACH
PAY0003237,INV0003339,CUST00453,2024-09-13,29.0,Successful,Credit Card
PAY0003238,INV0003340,CUST00453,2024-10-11,29.0,Successful,Debit Card
PAY0003239,INV0003341,CUST00453,2024-11-14,29.0,Successful,Bank Transfer
PAY0003240,INV0003342,CUST00453,2024-12-08,29.0,Successful,ACH
PAY0003241,INV0003343,CUST00453,2025-01-06,29.0,Successful,Bank Transfer
PAY0003242,INV0003344,CUST00453,2025-02-14,29.0,Successful,Debit Card
PAY0003243,INV0003345,CUST00453,2025-03-14,29.0,Successful,ACH
PAY0003244,INV0003346,CUST00453,2025-04-05,29.0,Successful,Debit Card
PAY0003245,INV0003347,CUST00453,2025-05-09,29.0,Successful,Bank Transfer
PAY0003246,INV0003348,CUST00453,2025-06-06,29.0,Successful,Bank Transfer
PAY0003247,INV0003349,CUST00453,2025-07-05,29.0,Successful,Bank Transfer
PAY0003248,INV0003350,CUST00453,2025-08-14,29.0,Successful,Debit Card
PAY0003249,INV0003351,CUST00453,2025-09-05,29.0,Successful,Debit Card
PAY0003250,INV0003352,CUST00453,2025-10-08,29.0,Successful,Bank Transfer
PAY0003251,INV0003353,CUST00453,2025-11-08,29.0,Successful,Debit Card
PAY0003252,INV0003354,CUST00453,2025-12-06,29.0,Successful,Debit Card
PAY0003253,INV0003355,CUST00454,2025-01-31,79.0,Successful,Debit Card
PAY0003254,INV0003356,CUST00454,2025-02-21,79.0,Successful,Bank Transfer
PAY0003255,INV0003357,CUST00454,2025-03-31,79.0,Successful,ACH
PAY0003256,INV0003358,CUST00455,2025-01-24,805.8,Successful,ACH
PAY0003257,INV0003359,CUST00456,2025-11-05,199.0,Successful,ACH
PAY0003258,INV0003360,CUST00456,2025-12-06,199.0,Successful,Bank Transfer
PAY0003259,INV0003361,CUST00456,2026-01-12,199.0,Successful,Bank Transfer
PAY0003260,INV0003362,CUST00457,2025-07-10,29.0,Successful,Debit Card
PAY0003261,INV0003363,CUST00457,2025-08-07,29.0,Successful,Debit Card
PAY0003262,INV0003364,CUST00457,2025-09-06,29.0,Successful,ACH
PAY0003263,INV0003365,CUST00457,2025-10-10,29.0,Successful,Bank Transfer
PAY0003264,INV0003366,CUST00457,2025-11-03,29.0,Successful,Debit Card
PAY0003265,INV0003367,CUST00457,2025-12-03,29.0,Successful,Credit Card
PAY0003266,INV0003369,CUST00458,2024-12-13,199.0,Successful,Bank Transfer
PAY0003267,INV0003370,CUST00458,2025-01-02,199.0,Successful,Bank Transfer
PAY0003268,INV0003371,CUST00458,2025-02-16,199.0,Successful,Debit Card
PAY0003269,INV0003372,CUST00458,2025-03-11,199.0,Successful,Credit Card
PAY0003270,INV0003373,CUST00458,2025-04-12,199.0,Successful,ACH
PAY0003271,INV0003374,CUST00458,2025-05-06,199.0,Successful,Debit Card
PAY0003272,INV0003375,CUST00458,2025-06-03,199.0,Successful,Bank Transfer
PAY0003273,INV0003376,CUST00458,2025-07-15,199.0,Successful,ACH
PAY0003274,INV0003377,CUST00458,2025-08-10,199.0,Successful,Debit Card
PAY0003275,INV0003378,CUST00458,2025-09-10,199.0,Successful,ACH
PAY0003276,INV0003379,CUST00458,2025-10-15,199.0,Successful,Credit Card
PAY0003277,INV0003380,CUST00458,2025-11-14,199.0,Successful,ACH
PAY0003278,INV0003381,CUST00458,2025-12-07,199.0,Successful,Bank Transfer
PAY0003279,INV0003382,CUST00459,2024-08-27,295.8,Successful,Bank Transfer
PAY0003280,INV0003383,CUST00459,2025-08-29,295.8,Successful,ACH
PAY0003281,INV0003384,CUST00460,2024-05-07,29.0,Successful,Debit Card
PAY0003282,INV0003385,CUST00460,2024-06-01,29.0,Successful,Bank Transfer
PAY0003283,INV0003386,CUST00460,2024-07-09,29.0,Successful,ACH
PAY0003284,INV0003387,CUST00460,2024-08-09,29.0,Successful,Credit Card
PAY0003285,INV0003388,CUST00460,2024-09-08,29.0,Successful,Bank Transfer
PAY0003286,INV0003389,CUST00460,2024-10-01,29.0,Successful,Credit Card
PAY0003287,INV0003390,CUST00460,2024-11-03,29.0,Successful,Debit Card
PAY0003288,INV0003391,CUST00460,2024-12-09,29.0,Successful,Bank Transfer
PAY0003289,INV0003392,CUST00460,2024-12-29,29.0,Successful,Bank Transfer
PAY0003290,INV0003393,CUST00460,2025-02-02,29.0,Successful,Debit Card
PAY0003291,INV0003394,CUST00460,2025-02-27,29.0,Successful,ACH
PAY0003292,INV0003395,CUST00460,2025-04-07,29.0,Successful,Bank Transfer
PAY0003293,INV0003396,CUST00461,2024-09-10,199.0,Successful,Credit Card
PAY0003294,INV0003397,CUST00461,2024-10-10,199.0,Failed,Debit Card
PAY0003295,INV0003398,CUST00461,2024-11-06,199.0,Successful,Debit Card
PAY0003296,INV0003399,CUST00461,2024-12-16,199.0,Successful,Bank Transfer
PAY0003297,INV0003400,CUST00461,2025-01-07,199.0,Successful,ACH
PAY0003298,INV0003401,CUST00461,2025-02-15,199.0,Successful,Debit Card
PAY0003299,INV0003402,CUST00461,2025-03-06,199.0,Successful,Debit Card
PAY0003300,INV0003403,CUST00461,2025-04-12,199.0,Successful,Credit Card
PAY0003301,INV0003404,CUST00461,2025-05-12,199.0,Successful,Credit Card
PAY0003302,INV0003405,CUST00461,2025-06-09,199.0,Successful,Debit Card
PAY0003303,INV0003406,CUST00461,2025-07-06,199.0,Successful,ACH
PAY0003304,INV0003407,CUST00461,2025-08-18,199.0,Successful,ACH
PAY0003305,INV0003408,CUST00461,2025-09-18,199.0,Successful,Bank Transfer
PAY0003306,INV0003409,CUST00461,2025-10-10,199.0,Failed,Debit Card
PAY0003307,INV0003410,CUST00461,2025-11-11,199.0,Successful,Debit Card
PAY0003308,INV0003411,CUST00461,2025-12-10,199.0,Successful,Credit Card
PAY0003309,INV0003412,CUST00462,2025-09-07,79.0,Successful,Credit Card
PAY0003310,INV0003413,CUST00462,2025-10-08,79.0,Successful,Bank Transfer
PAY0003311,INV0003414,CUST00462,2025-11-10,79.0,Successful,ACH
PAY0003312,INV0003415,CUST00462,2025-12-08,79.0,Successful,ACH
PAY0003313,INV0003416,CUST00463,2025-02-24,29.0,Successful,Bank Transfer
PAY0003314,INV0003417,CUST00463,2025-03-30,29.0,Successful,Bank Transfer
PAY0003315,INV0003418,CUST00463,2025-04-29,29.0,Successful,ACH
PAY0003316,INV0003419,CUST00463,2025-05-29,29.0,Successful,ACH
PAY0003317,INV0003420,CUST00463,2025-06-27,29.0,Successful,Bank Transfer
PAY0003318,INV0003421,CUST00463,2025-07-16,29.0,Successful,ACH
PAY0003319,INV0003422,CUST00463,2025-08-30,29.0,Successful,Debit Card
PAY0003320,INV0003423,CUST00463,2025-09-18,29.0,Successful,Debit Card
PAY0003321,INV0003424,CUST00463,2025-10-18,29.0,Successful,Credit Card
PAY0003322,INV0003426,CUST00463,2025-12-29,29.0,Successful,ACH
PAY0003323,INV0003427,CUST00464,2024-05-30,295.8,Successful,Bank Transfer
PAY0003324,INV0003428,CUST00464,2025-06-07,805.8,Successful,Debit Card
PAY0003325,INV0003429,CUST00465,2025-08-27,295.8,Successful,ACH
PAY0003326,INV0003430,CUST00466,2024-11-07,199.0,Successful,Credit Card
PAY0003327,INV0003431,CUST00466,2024-12-10,199.0,Successful,ACH
PAY0003328,INV0003432,CUST00466,2025-01-10,199.0,Successful,Credit Card
PAY0003329,INV0003433,CUST00466,2025-02-11,199.0,Failed,Bank Transfer
PAY0003330,INV0003434,CUST00466,2025-03-20,199.0,Successful,Bank Transfer
PAY0003331,INV0003435,CUST00466,2025-04-20,199.0,Successful,Debit Card
PAY0003332,INV0003436,CUST00467,2024-11-04,29.0,Successful,Debit Card
PAY0003333,INV0003437,CUST00467,2024-12-05,29.0,Successful,Bank Transfer
PAY0003334,INV0003438,CUST00467,2025-01-10,29.0,Successful,Bank Transfer
PAY0003335,INV0003439,CUST00467,2025-02-13,29.0,Successful,Credit Card
PAY0003336,INV0003440,CUST00467,2025-03-11,29.0,Successful,ACH
PAY0003337,INV0003441,CUST00467,2025-04-14,29.0,Successful,Credit Card
PAY0003338,INV0003442,CUST00467,2025-05-15,29.0,Successful,Debit Card
PAY0003339,INV0003443,CUST00467,2025-06-12,29.0,Successful,Debit Card
PAY0003340,INV0003444,CUST00467,2025-07-05,29.0,Successful,Bank Transfer
PAY0003341,INV0003445,CUST00467,2025-08-13,29.0,Successful,Debit Card
PAY0003342,INV0003446,CUST00467,2025-09-15,29.0,Successful,ACH
PAY0003343,INV0003447,CUST00467,2025-10-11,29.0,Successful,ACH
PAY0003344,INV0003448,CUST00467,2025-11-06,29.0,Successful,ACH
PAY0003345,INV0003449,CUST00467,2025-12-13,29.0,Successful,Credit Card
PAY0003346,INV0003450,CUST00468,2025-10-16,805.8,Successful,Credit Card
PAY0003347,INV0003451,CUST00469,2025-10-23,79.0,Failed,Credit Card
PAY0003348,INV0003452,CUST00469,2025-11-24,79.0,Successful,ACH
PAY0003349,INV0003453,CUST00469,2026-01-04,79.0,Successful,ACH
PAY0003350,INV0003454,CUST00470,2025-03-08,29.0,Successful,Bank Transfer
PAY0003351,INV0003455,CUST00470,2025-03-26,29.0,Successful,ACH
PAY0003352,INV0003456,CUST00470,2025-04-24,29.0,Successful,ACH
PAY0003353,INV0003457,CUST00470,2025-06-06,29.0,Successful,ACH
PAY0003354,INV0003458,CUST00470,2025-06-30,29.0,Successful,Bank Transfer
PAY0003355,INV0003459,CUST00470,2025-08-02,29.0,Successful,ACH
PAY0003356,INV0003461,CUST00470,2025-10-03,29.0,Failed,Debit Card
PAY0003357,INV0003462,CUST00470,2025-10-30,29.0,Successful,Credit Card
PAY0003358,INV0003463,CUST00470,2025-11-27,29.0,Successful,ACH
PAY0003359,INV0003464,CUST00470,2025-12-29,29.0,Successful,Credit Card
PAY0003360,INV0003465,CUST00471,2024-09-12,29.0,Successful,Debit Card
PAY0003361,INV0003466,CUST00471,2024-10-14,29.0,Successful,Credit Card
PAY0003362,INV0003467,CUST00471,2024-11-15,29.0,Successful,Debit Card
PAY0003363,INV0003468,CUST00471,2024-12-12,29.0,Successful,ACH
PAY0003364,INV0003469,CUST00471,2025-01-15,29.0,Successful,Debit Card
PAY0003365,INV0003470,CUST00471,2025-02-05,29.0,Successful,Debit Card
PAY0003366,INV0003471,CUST00472,2025-05-02,199.0,Successful,Bank Transfer
PAY0003367,INV0003472,CUST00472,2025-05-24,199.0,Refunded,Bank Transfer
PAY0003368,INV0003473,CUST00472,2025-07-04,199.0,Successful,Bank Transfer
PAY0003369,INV0003474,CUST00472,2025-07-27,199.0,Successful,ACH
PAY0003370,INV0003475,CUST00472,2025-09-03,199.0,Successful,ACH
PAY0003371,INV0003476,CUST00472,2025-10-01,199.0,Successful,Credit Card
PAY0003372,INV0003477,CUST00472,2025-11-03,199.0,Successful,Debit Card
PAY0003373,INV0003478,CUST00472,2025-11-22,199.0,Successful,Debit Card
PAY0003374,INV0003479,CUST00472,2025-12-22,199.0,Successful,Bank Transfer
PAY0003375,INV0003480,CUST00473,2025-07-28,805.8,Successful,Credit Card
PAY0003376,INV0003481,CUST00474,2024-12-09,79.0,Successful,Bank Transfer
PAY0003377,INV0003482,CUST00474,2025-01-16,79.0,Successful,Debit Card
PAY0003378,INV0003483,CUST00474,2025-02-07,79.0,Successful,ACH
PAY0003379,INV0003484,CUST00475,2025-07-17,199.0,Successful,ACH
PAY0003380,INV0003485,CUST00475,2025-08-15,199.0,Successful,Bank Transfer
PAY0003381,INV0003486,CUST00475,2025-09-10,199.0,Successful,Credit Card
PAY0003382,INV0003487,CUST00475,2025-10-12,199.0,Successful,Credit Card
PAY0003383,INV0003488,CUST00475,2025-11-15,199.0,Successful,ACH
PAY0003384,INV0003489,CUST00475,2025-12-03,199.0,Successful,ACH
PAY0003385,INV0003490,CUST00476,2025-11-28,29.0,Successful,Debit Card
PAY0003386,INV0003491,CUST00476,2026-01-01,29.0,Successful,Bank Transfer
PAY0003387,INV0003492,CUST00477,2025-08-28,199.0,Successful,Credit Card
PAY0003388,INV0003493,CUST00477,2025-10-04,199.0,Successful,ACH
PAY0003389,INV0003494,CUST00477,2025-11-07,199.0,Successful,Bank Transfer
PAY0003390,INV0003495,CUST00477,2025-12-05,199.0,Successful,ACH
PAY0003391,INV0003496,CUST00477,2026-01-05,199.0,Successful,ACH
PAY0003392,INV0003497,CUST00478,2024-12-12,295.8,Successful,ACH
PAY0003393,INV0003498,CUST00478,2025-12-08,295.8,Failed,Bank Transfer
PAY0003394,INV0003499,CUST00479,2024-05-08,29.0,Successful,Bank Transfer
PAY0003395,INV0003500,CUST00479,2024-06-01,29.0,Successful,Bank Transfer
PAY0003396,INV0003501,CUST00479,2024-07-14,29.0,Successful,Bank Transfer
PAY0003397,INV0003502,CUST00480,2025-12-28,29.0,Successful,Credit Card
PAY0003398,INV0003503,CUST00481,2025-07-21,29.0,Successful,Debit Card
PAY0003399,INV0003504,CUST00481,2025-08-30,29.0,Successful,Bank Transfer
PAY0003400,INV0003505,CUST00481,2025-10-01,29.0,Successful,ACH
PAY0003401,INV0003506,CUST00481,2025-10-27,29.0,Successful,Credit Card
PAY0003402,INV0003507,CUST00481,2025-12-03,29.0,Successful,Bank Transfer
PAY0003403,INV0003508,CUST00481,2025-12-20,29.0,Successful,Debit Card
PAY0003404,INV0003509,CUST00482,2024-11-26,805.8,Successful,Credit Card
PAY0003405,INV0003510,CUST00483,2024-04-17,199.0,Successful,Bank Transfer
PAY0003406,INV0003511,CUST00483,2024-05-15,199.0,Successful,ACH
PAY0003407,INV0003512,CUST00483,2024-06-14,199.0,Successful,Credit Card
PAY0003408,INV0003513,CUST00483,2024-07-22,199.0,Successful,ACH
PAY0003409,INV0003514,CUST00483,2024-08-13,199.0,Successful,ACH
PAY0003410,INV0003515,CUST00483,2024-09-23,199.0,Successful,Debit Card
PAY0003411,INV0003516,CUST00483,2024-10-24,199.0,Successful,ACH
PAY0003412,INV0003517,CUST00483,2024-11-22,199.0,Successful,Debit Card
PAY0003413,INV0003518,CUST00483,2024-12-15,199.0,Successful,Credit Card
PAY0003414,INV0003519,CUST00483,2025-01-16,199.0,Successful,Debit Card
PAY0003415,INV0003520,CUST00483,2025-02-14,199.0,Successful,Bank Transfer
PAY0003416,INV0003521,CUST00483,2025-03-23,199.0,Successful,ACH
PAY0003417,INV0003522,CUST00484,2024-07-30,29.0,Successful,Credit Card
PAY0003418,INV0003523,CUST00484,2024-09-01,29.0,Successful,ACH
PAY0003419,INV0003524,CUST00484,2024-10-06,29.0,Successful,Credit Card
PAY0003420,INV0003525,CUST00484,2024-10-29,29.0,Successful,Bank Transfer
PAY0003421,INV0003526,CUST00484,2024-11-30,79.0,Successful,ACH
PAY0003422,INV0003527,CUST00484,2025-01-11,79.0,Successful,ACH
PAY0003423,INV0003528,CUST00484,2025-01-29,79.0,Successful,Debit Card
PAY0003424,INV0003529,CUST00484,2025-02-28,79.0,Successful,Debit Card
PAY0003425,INV0003530,CUST00484,2025-04-01,79.0,Failed,Debit Card
PAY0003426,INV0003531,CUST00484,2025-05-01,79.0,Successful,Debit Card
PAY0003427,INV0003532,CUST00484,2025-06-09,79.0,Successful,Credit Card
PAY0003428,INV0003533,CUST00484,2025-06-28,79.0,Successful,Bank Transfer
PAY0003429,INV0003534,CUST00485,2024-06-05,29.0,Successful,Debit Card
PAY0003430,INV0003535,CUST00485,2024-07-13,29.0,Successful,Bank Transfer
PAY0003431,INV0003536,CUST00485,2024-08-13,29.0,Successful,Bank Transfer
PAY0003432,INV0003537,CUST00485,2024-09-10,29.0,Successful,ACH
PAY0003433,INV0003538,CUST00485,2024-10-04,29.0,Successful,ACH
PAY0003434,INV0003539,CUST00485,2024-11-13,29.0,Successful,ACH
PAY0003435,INV0003541,CUST00485,2025-01-04,29.0,Successful,Debit Card
PAY0003436,INV0003542,CUST00485,2025-02-08,29.0,Successful,Bank Transfer
PAY0003437,INV0003543,CUST00485,2025-03-02,29.0,Successful,Debit Card
PAY0003438,INV0003544,CUST00485,2025-04-09,29.0,Successful,Debit Card
PAY0003439,INV0003545,CUST00485,2025-05-08,29.0,Successful,Bank Transfer
PAY0003440,INV0003546,CUST00485,2025-06-05,29.0,Successful,Credit Card
PAY0003441,INV0003547,CUST00485,2025-07-01,29.0,Failed,Bank Transfer
PAY0003442,INV0003548,CUST00485,2025-07-29,29.0,Successful,Bank Transfer
PAY0003443,INV0003549,CUST00485,2025-08-31,29.0,Successful,ACH
PAY0003444,INV0003551,CUST00485,2025-11-07,29.0,Successful,Credit Card
PAY0003445,INV0003552,CUST00485,2025-12-06,29.0,Successful,Debit Card
PAY0003446,INV0003553,CUST00485,2026-01-01,29.0,Successful,ACH
PAY0003447,INV0003554,CUST00486,2024-11-09,199.0,Successful,Debit Card
PAY0003448,INV0003555,CUST00486,2024-12-14,199.0,Successful,Bank Transfer
PAY0003449,INV0003556,CUST00486,2025-01-07,199.0,Successful,ACH
PAY0003450,INV0003557,CUST00486,2025-02-08,199.0,Successful,ACH
PAY0003451,INV0003558,CUST00486,2025-03-13,199.0,Successful,Credit Card
PAY0003452,INV0003559,CUST00486,2025-04-09,199.0,Successful,Debit Card
PAY0003453,INV0003560,CUST00486,2025-05-08,199.0,Successful,Debit Card
PAY0003454,INV0003561,CUST00486,2025-05-29,199.0,Successful,Bank Transfer
PAY0003455,INV0003562,CUST00486,2025-07-04,199.0,Successful,Bank Transfer
PAY0003456,INV0003563,CUST00486,2025-08-08,199.0,Successful,Bank Transfer
PAY0003457,INV0003564,CUST00486,2025-09-05,199.0,Successful,ACH
PAY0003458,INV0003565,CUST00486,2025-10-03,199.0,Successful,Bank Transfer
PAY0003459,INV0003566,CUST00486,2025-11-05,199.0,Successful,ACH
PAY0003460,INV0003567,CUST00486,2025-12-02,199.0,Successful,Credit Card
PAY0003461,INV0003568,CUST00486,2026-01-10,199.0,Successful,ACH
PAY0003462,INV0003569,CUST00487,2025-06-10,805.8,Successful,Credit Card
PAY0003463,INV0003570,CUST00488,2025-10-21,29.0,Successful,Credit Card
PAY0003464,INV0003571,CUST00488,2025-12-04,29.0,Successful,Credit Card
PAY0003465,INV0003572,CUST00488,2025-12-29,29.0,Successful,Credit Card
PAY0003466,INV0003573,CUST00489,2024-06-26,295.8,Successful,Bank Transfer
PAY0003467,INV0003574,CUST00490,2025-06-24,29.0,Successful,Credit Card
PAY0003468,INV0003575,CUST00490,2025-08-04,29.0,Successful,ACH
PAY0003469,INV0003576,CUST00490,2025-09-04,29.0,Successful,Debit Card
PAY0003470,INV0003577,CUST00491,2024-01-21,79.0,Successful,Credit Card
PAY0003471,INV0003578,CUST00491,2024-02-22,79.0,Successful,Credit Card
PAY0003472,INV0003579,CUST00491,2024-03-12,79.0,Successful,Credit Card
PAY0003473,INV0003580,CUST00491,2024-04-10,79.0,Successful,Debit Card
PAY0003474,INV0003581,CUST00491,2024-05-15,79.0,Successful,Debit Card
PAY0003475,INV0003582,CUST00491,2024-06-22,79.0,Successful,Bank Transfer
PAY0003476,INV0003583,CUST00491,2024-07-16,79.0,Successful,Bank Transfer
PAY0003477,INV0003584,CUST00491,2024-08-18,79.0,Successful,ACH
PAY0003478,INV0003585,CUST00491,2024-09-10,79.0,Successful,Bank Transfer
PAY0003479,INV0003586,CUST00491,2024-10-14,79.0,Refunded,Credit Card
PAY0003480,INV0003587,CUST00491,2024-11-22,79.0,Successful,Credit Card
PAY0003481,INV0003588,CUST00491,2024-12-09,79.0,Successful,ACH
PAY0003482,INV0003589,CUST00492,2026-01-04,199.0,Successful,Bank Transfer
PAY0003483,INV0003590,CUST00493,2024-03-13,805.8,Successful,ACH
PAY0003484,INV0003591,CUST00494,2025-11-19,199.0,Successful,Bank Transfer
PAY0003485,INV0003592,CUST00494,2025-12-13,199.0,Successful,Credit Card
PAY0003486,INV0003593,CUST00495,2024-01-19,29.0,Successful,Bank Transfer
PAY0003487,INV0003594,CUST00495,2024-02-26,29.0,Successful,Credit Card
PAY0003488,INV0003595,CUST00495,2024-03-14,29.0,Successful,Credit Card
PAY0003489,INV0003596,CUST00495,2024-04-23,29.0,Successful,Debit Card
PAY0003490,INV0003597,CUST00495,2024-05-25,29.0,Refunded,Credit Card
PAY0003491,INV0003598,CUST00495,2024-06-28,29.0,Successful,Debit Card
PAY0003492,INV0003599,CUST00495,2024-07-22,29.0,Successful,Bank Transfer
PAY0003493,INV0003600,CUST00495,2024-08-22,29.0,Successful,ACH
PAY0003494,INV0003601,CUST00495,2024-09-14,29.0,Successful,Credit Card
PAY0003495,INV0003602,CUST00495,2024-10-16,29.0,Successful,ACH
PAY0003496,INV0003604,CUST00495,2024-12-17,29.0,Successful,Credit Card
PAY0003497,INV0003605,CUST00495,2025-01-28,29.0,Successful,Credit Card
PAY0003498,INV0003606,CUST00495,2025-02-14,29.0,Successful,ACH
PAY0003499,INV0003607,CUST00495,2025-03-20,29.0,Successful,ACH
PAY0003500,INV0003608,CUST00495,2025-04-20,29.0,Refunded,Debit Card
PAY0003501,INV0003609,CUST00495,2025-05-23,29.0,Successful,Bank Transfer
PAY0003502,INV0003610,CUST00495,2025-06-25,29.0,Successful,ACH
PAY0003503,INV0003611,CUST00496,2024-02-02,199.0,Successful,ACH
PAY0003504,INV0003612,CUST00496,2024-02-19,199.0,Successful,Bank Transfer
PAY0003505,INV0003613,CUST00496,2024-04-01,199.0,Successful,Bank Transfer
PAY0003506,INV0003614,CUST00496,2024-04-19,199.0,Successful,Bank Transfer
PAY0003507,INV0003615,CUST00496,2024-06-02,199.0,Successful,Debit Card
PAY0003508,INV0003616,CUST00496,2024-06-22,199.0,Successful,Credit Card
PAY0003509,INV0003617,CUST00497,2024-05-04,805.8,Successful,Credit Card
PAY0003510,INV0003618,CUST00498,2025-10-02,79.0,Successful,ACH
PAY0003511,INV0003619,CUST00498,2025-11-07,79.0,Successful,Bank Transfer
PAY0003512,INV0003620,CUST00498,2025-12-01,79.0,Successful,ACH
PAY0003513,INV0003621,CUST00498,2025-12-28,79.0,Successful,Debit Card
PAY0003514,INV0003622,CUST00499,2024-03-30,29.0,Successful,Debit Card
PAY0003515,INV0003623,CUST00499,2024-04-22,29.0,Successful,Credit Card
PAY0003516,INV0003624,CUST00499,2024-05-22,79.0,Successful,Debit Card
PAY0003517,INV0003626,CUST00499,2024-07-23,79.0,Successful,ACH
PAY0003518,INV0003627,CUST00499,2024-08-24,79.0,Successful,Credit Card
PAY0003519,INV0003628,CUST00500,2025-12-23,29.0,Successful,Debit Card
PAY0003520,INV0003629,CUST00501,2025-11-12,79.0,Successful,Credit Card
PAY0003521,INV0003630,CUST00501,2025-12-06,79.0,Successful,ACH
PAY0003522,INV0003631,CUST00501,2026-01-05,79.0,Successful,Credit Card
PAY0003523,INV0003632,CUST00502,2025-02-22,805.8,Successful,Credit Card
PAY0003524,INV0003633,CUST00503,2025-12-31,29.0,Successful,Bank Transfer
PAY0003525,INV0003634,CUST00504,2025-08-17,79.0,Successful,Debit Card
PAY0003526,INV0003635,CUST00504,2025-09-07,79.0,Successful,Debit Card
PAY0003527,INV0003636,CUST00504,2025-10-08,79.0,Successful,Credit Card
PAY0003528,INV0003637,CUST00504,2025-11-11,79.0,Failed,Debit Card
PAY0003529,INV0003638,CUST00504,2025-12-08,79.0,Successful,Debit Card
PAY0003530,INV0003639,CUST00505,2024-09-03,199.0,Successful,Bank Transfer
PAY0003531,INV0003640,CUST00505,2024-10-08,199.0,Successful,Bank Transfer
PAY0003532,INV0003641,CUST00505,2024-10-25,199.0,Successful,Credit Card
PAY0003533,INV0003642,CUST00505,2024-11-25,199.0,Failed,Bank Transfer
PAY0003534,INV0003643,CUST00505,2025-01-03,199.0,Successful,Bank Transfer
PAY0003535,INV0003644,CUST00505,2025-02-04,199.0,Successful,Bank Transfer
PAY0003536,INV0003645,CUST00505,2025-03-01,199.0,Successful,Bank Transfer
PAY0003537,INV0003646,CUST00505,2025-04-07,199.0,Successful,ACH
PAY0003538,INV0003647,CUST00505,2025-04-28,199.0,Successful,Debit Card
PAY0003539,INV0003648,CUST00505,2025-05-30,199.0,Successful,Debit Card
PAY0003540,INV0003649,CUST00505,2025-06-24,199.0,Successful,ACH
PAY0003541,INV0003650,CUST00505,2025-07-31,199.0,Successful,Debit Card
PAY0003542,INV0003651,CUST00505,2025-08-26,199.0,Successful,ACH
PAY0003543,INV0003652,CUST00505,2025-09-30,199.0,Successful,Bank Transfer
PAY0003544,INV0003653,CUST00505,2025-10-31,199.0,Successful,Bank Transfer
PAY0003545,INV0003654,CUST00505,2025-11-29,199.0,Successful,Bank Transfer
PAY0003546,INV0003655,CUST00505,2026-01-01,199.0,Successful,Debit Card
PAY0003547,INV0003656,CUST00506,2024-10-14,199.0,Successful,ACH
PAY0003548,INV0003657,CUST00506,2024-11-13,199.0,Successful,Bank Transfer
PAY0003549,INV0003658,CUST00506,2024-12-09,199.0,Successful,Debit Card
PAY0003550,INV0003659,CUST00506,2025-01-13,199.0,Successful,ACH
PAY0003551,INV0003660,CUST00506,2025-02-17,199.0,Successful,Bank Transfer
PAY0003552,INV0003661,CUST00506,2025-03-19,199.0,Successful,Debit Card
PAY0003553,INV0003662,CUST00506,2025-04-19,199.0,Successful,Debit Card
PAY0003554,INV0003663,CUST00506,2025-05-05,199.0,Successful,Bank Transfer
PAY0003555,INV0003664,CUST00506,2025-06-07,199.0,Successful,Debit Card
PAY0003556,INV0003665,CUST00506,2025-07-14,199.0,Successful,Debit Card
PAY0003557,INV0003666,CUST00506,2025-08-10,199.0,Successful,Debit Card
PAY0003558,INV0003667,CUST00506,2025-09-12,199.0,Successful,Credit Card
PAY0003559,INV0003668,CUST00506,2025-10-17,199.0,Successful,Credit Card
PAY0003560,INV0003669,CUST00506,2025-11-19,199.0,Successful,Credit Card
PAY0003561,INV0003670,CUST00506,2025-12-06,199.0,Successful,ACH
PAY0003562,INV0003671,CUST00507,2025-07-13,79.0,Successful,ACH
PAY0003563,INV0003672,CUST00507,2025-08-16,79.0,Successful,ACH
PAY0003564,INV0003673,CUST00507,2025-09-24,79.0,Successful,ACH
PAY0003565,INV0003674,CUST00508,2024-01-22,805.8,Successful,Debit Card
PAY0003566,INV0003675,CUST00508,2025-01-20,805.8,Successful,Credit Card
PAY0003567,INV0003676,CUST00509,2024-03-29,79.0,Successful,Bank Transfer
PAY0003568,INV0003677,CUST00509,2024-04-24,79.0,Successful,Debit Card
PAY0003569,INV0003678,CUST00509,2024-05-30,79.0,Successful,Bank Transfer
PAY0003570,INV0003679,CUST00509,2024-06-20,79.0,Successful,Bank Transfer
PAY0003571,INV0003680,CUST00509,2024-07-27,79.0,Successful,Credit Card
PAY0003572,INV0003681,CUST00509,2024-09-02,79.0,Successful,Bank Transfer
PAY0003573,INV0003682,CUST00510,2025-11-27,295.8,Successful,Credit Card
PAY0003574,INV0003683,CUST00511,2025-12-17,199.0,Successful,ACH
PAY0003575,INV0003684,CUST00512,2024-03-10,29.0,Successful,Debit Card
PAY0003576,INV0003685,CUST00512,2024-03-29,29.0,Successful,Debit Card
PAY0003577,INV0003686,CUST00512,2024-05-09,29.0,Successful,Debit Card
PAY0003578,INV0003687,CUST00512,2024-05-30,29.0,Successful,Credit Card
PAY0003579,INV0003688,CUST00512,2024-07-07,29.0,Successful,Bank Transfer
PAY0003580,INV0003689,CUST00512,2024-07-30,29.0,Successful,Debit Card
PAY0003581,INV0003690,CUST00512,2024-09-02,29.0,Successful,Credit Card
PAY0003582,INV0003691,CUST00512,2024-10-09,29.0,Successful,Debit Card
PAY0003583,INV0003692,CUST00512,2024-10-29,29.0,Successful,Bank Transfer
PAY0003584,INV0003693,CUST00512,2024-11-29,29.0,Successful,Bank Transfer
PAY0003585,INV0003694,CUST00512,2024-12-30,29.0,Successful,Debit Card
PAY0003586,INV0003695,CUST00512,2025-02-08,29.0,Successful,Credit Card
PAY0003587,INV0003696,CUST00513,2025-09-15,79.0,Successful,Bank Transfer
PAY0003588,INV0003697,CUST00513,2025-10-23,79.0,Successful,Bank Transfer
PAY0003589,INV0003698,CUST00513,2025-11-24,79.0,Successful,Bank Transfer
PAY0003590,INV0003699,CUST00513,2025-12-17,79.0,Successful,ACH
PAY0003591,INV0003700,CUST00514,2024-02-09,805.8,Successful,ACH
PAY0003592,INV0003701,CUST00514,2025-02-15,295.8,Successful,Credit Card
PAY0003593,INV0003702,CUST00515,2024-09-05,79.0,Successful,Credit Card
PAY0003594,INV0003703,CUST00515,2024-10-06,79.0,Successful,Credit Card
PAY0003595,INV0003704,CUST00515,2024-10-24,79.0,Successful,Debit Card
PAY0003596,INV0003705,CUST00515,2024-11-25,79.0,Successful,Credit Card
PAY0003597,INV0003706,CUST00515,2025-01-05,79.0,Failed,ACH
PAY0003598,INV0003707,CUST00515,2025-01-31,79.0,Successful,Bank Transfer
PAY0003599,INV0003708,CUST00515,2025-02-27,79.0,Successful,Credit Card
PAY0003600,INV0003709,CUST00515,2025-03-22,79.0,Successful,Debit Card
PAY0003601,INV0003710,CUST00515,2025-05-06,79.0,Successful,Credit Card
PAY0003602,INV0003711,CUST00515,2025-05-23,79.0,Failed,Debit Card
PAY0003603,INV0003712,CUST00515,2025-07-03,79.0,Successful,ACH
PAY0003604,INV0003713,CUST00515,2025-07-25,79.0,Successful,Debit Card
PAY0003605,INV0003714,CUST00516,2024-04-05,29.0,Successful,Debit Card
PAY0003606,INV0003715,CUST00516,2024-05-10,29.0,Successful,Credit Card
PAY0003607,INV0003716,CUST00516,2024-06-06,79.0,Failed,Debit Card
PAY0003608,INV0003717,CUST00516,2024-07-03,79.0,Successful,Debit Card
PAY0003609,INV0003718,CUST00516,2024-08-09,79.0,Successful,Debit Card
PAY0003610,INV0003719,CUST00516,2024-09-03,79.0,Successful,Debit Card
PAY0003611,INV0003720,CUST00517,2024-04-05,79.0,Successful,ACH
PAY0003612,INV0003721,CUST00517,2024-05-04,79.0,Successful,Debit Card
PAY0003613,INV0003722,CUST00517,2024-06-08,79.0,Successful,Debit Card
PAY0003614,INV0003723,CUST00517,2024-07-06,199.0,Successful,ACH
PAY0003615,INV0003724,CUST00517,2024-07-28,199.0,Successful,Credit Card
PAY0003616,INV0003725,CUST00517,2024-09-09,199.0,Successful,Bank Transfer
PAY0003617,INV0003727,CUST00517,2024-11-06,199.0,Successful,Credit Card
PAY0003618,INV0003728,CUST00517,2024-12-08,199.0,Successful,ACH
PAY0003619,INV0003729,CUST00517,2025-01-04,199.0,Successful,Credit Card
PAY0003620,INV0003730,CUST00517,2025-02-06,199.0,Successful,Bank Transfer
PAY0003621,INV0003731,CUST00517,2025-03-10,199.0,Successful,Bank Transfer
PAY0003622,INV0003732,CUST00517,2025-04-02,199.0,Successful,Debit Card
PAY0003623,INV0003733,CUST00517,2025-04-28,199.0,Refunded,ACH
PAY0003624,INV0003734,CUST00517,2025-06-09,199.0,Successful,Bank Transfer
PAY0003625,INV0003735,CUST00517,2025-07-10,199.0,Successful,Debit Card
PAY0003626,INV0003736,CUST00517,2025-08-07,199.0,Successful,Credit Card
PAY0003627,INV0003737,CUST00517,2025-09-07,199.0,Successful,Debit Card
PAY0003628,INV0003738,CUST00518,2025-02-03,199.0,Successful,Debit Card
PAY0003629,INV0003739,CUST00518,2025-03-05,199.0,Successful,Credit Card
PAY0003630,INV0003740,CUST00518,2025-04-05,199.0,Successful,Debit Card
PAY0003631,INV0003741,CUST00518,2025-05-17,199.0,Successful,ACH
PAY0003632,INV0003742,CUST00518,2025-06-16,199.0,Successful,Debit Card
PAY0003633,INV0003743,CUST00518,2025-07-12,199.0,Successful,Bank Transfer
PAY0003634,INV0003744,CUST00518,2025-08-16,199.0,Successful,Credit Card
PAY0003635,INV0003745,CUST00518,2025-09-04,199.0,Successful,ACH
PAY0003636,INV0003746,CUST00518,2025-10-12,199.0,Successful,Debit Card
PAY0003637,INV0003747,CUST00518,2025-11-10,199.0,Successful,Bank Transfer
PAY0003638,INV0003748,CUST00518,2025-12-07,199.0,Successful,ACH
PAY0003639,INV0003749,CUST00519,2025-04-11,29.0,Successful,Credit Card
PAY0003640,INV0003750,CUST00519,2025-05-09,29.0,Successful,ACH
PAY0003641,INV0003751,CUST00519,2025-06-13,29.0,Successful,Bank Transfer
PAY0003642,INV0003753,CUST00519,2025-08-06,29.0,Successful,ACH
PAY0003643,INV0003754,CUST00519,2025-09-14,29.0,Successful,ACH
PAY0003644,INV0003755,CUST00519,2025-10-15,29.0,Successful,ACH
PAY0003645,INV0003756,CUST00519,2025-11-09,29.0,Successful,Debit Card
PAY0003646,INV0003757,CUST00519,2025-12-06,29.0,Successful,Debit Card
PAY0003647,INV0003758,CUST00519,2026-01-09,29.0,Successful,Debit Card
PAY0003648,INV0003759,CUST00520,2024-07-18,295.8,Successful,ACH
PAY0003649,INV0003760,CUST00521,2024-04-17,29.0,Successful,Debit Card
PAY0003650,INV0003761,CUST00521,2024-05-17,29.0,Successful,Bank Transfer
PAY0003651,INV0003762,CUST00521,2024-06-30,29.0,Successful,ACH
PAY0003652,INV0003764,CUST00521,2024-08-19,29.0,Successful,ACH
PAY0003653,INV0003765,CUST00521,2024-09-21,29.0,Successful,Credit Card
PAY0003654,INV0003766,CUST00521,2024-10-19,79.0,Successful,ACH
PAY0003655,INV0003767,CUST00521,2024-11-25,79.0,Successful,Debit Card
PAY0003656,INV0003768,CUST00521,2024-12-21,79.0,Successful,ACH
PAY0003657,INV0003769,CUST00521,2025-01-24,79.0,Successful,Debit Card
PAY0003658,INV0003770,CUST00521,2025-02-25,79.0,Successful,ACH
PAY0003659,INV0003771,CUST00521,2025-03-27,79.0,Successful,ACH
PAY0003660,INV0003772,CUST00522,2025-02-05,2029.8,Successful,Credit Card
PAY0003661,INV0003773,CUST00523,2025-07-30,29.0,Successful,Credit Card
PAY0003662,INV0003774,CUST00523,2025-09-10,29.0,Successful,Bank Transfer
PAY0003663,INV0003776,CUST00523,2025-11-10,29.0,Successful,Bank Transfer
PAY0003664,INV0003777,CUST00523,2025-12-05,29.0,Successful,Bank Transfer
PAY0003665,INV0003778,CUST00523,2025-12-28,29.0,Successful,Bank Transfer
PAY0003666,INV0003779,CUST00524,2025-12-14,2029.8,Successful,ACH
PAY0003667,INV0003780,CUST00525,2025-05-22,79.0,Successful,Credit Card
PAY0003668,INV0003781,CUST00525,2025-07-03,79.0,Successful,Bank Transfer
PAY0003669,INV0003782,CUST00525,2025-07-25,79.0,Successful,Bank Transfer
PAY0003670,INV0003783,CUST00525,2025-08-30,79.0,Successful,ACH
PAY0003671,INV0003784,CUST00525,2025-09-25,79.0,Successful,Credit Card
PAY0003672,INV0003785,CUST00525,2025-10-25,79.0,Successful,Credit Card
PAY0003673,INV0003786,CUST00525,2025-11-20,79.0,Successful,Debit Card
PAY0003674,INV0003787,CUST00525,2026-01-03,79.0,Successful,Debit Card
PAY0003675,INV0003788,CUST00526,2024-11-05,79.0,Successful,Debit Card
PAY0003676,INV0003789,CUST00526,2024-12-08,79.0,Successful,ACH
PAY0003677,INV0003791,CUST00526,2025-02-04,79.0,Successful,Credit Card
PAY0003678,INV0003792,CUST00526,2025-03-13,79.0,Successful,Debit Card
PAY0003679,INV0003793,CUST00526,2025-04-04,79.0,Successful,Bank Transfer
PAY0003680,INV0003794,CUST00526,2025-05-15,79.0,Successful,ACH
PAY0003681,INV0003795,CUST00526,2025-06-03,79.0,Successful,Credit Card
PAY0003682,INV0003796,CUST00526,2025-07-17,79.0,Successful,Debit Card
PAY0003683,INV0003797,CUST00526,2025-08-03,79.0,Successful,Debit Card
PAY0003684,INV0003798,CUST00526,2025-09-16,79.0,Successful,ACH
PAY0003685,INV0003799,CUST00526,2025-10-15,79.0,Successful,Bank Transfer
PAY0003686,INV0003800,CUST00527,2025-10-17,29.0,Successful,Bank Transfer
PAY0003687,INV0003801,CUST00527,2025-11-17,29.0,Successful,Bank Transfer
PAY0003688,INV0003802,CUST00527,2025-12-03,29.0,Successful,Credit Card
PAY0003689,INV0003803,CUST00528,2024-05-28,79.0,Successful,ACH
PAY0003690,INV0003804,CUST00528,2024-06-28,79.0,Successful,Debit Card
PAY0003691,INV0003805,CUST00528,2024-07-21,79.0,Successful,ACH
PAY0003692,INV0003806,CUST00528,2024-08-24,79.0,Successful,Debit Card
PAY0003693,INV0003807,CUST00528,2024-10-01,79.0,Successful,ACH
PAY0003694,INV0003808,CUST00528,2024-11-02,79.0,Successful,Credit Card
PAY0003695,INV0003809,CUST00529,2024-12-11,29.0,Failed,Bank Transfer
PAY0003696,INV0003810,CUST00529,2025-01-05,29.0,Refunded,Credit Card
PAY0003697,INV0003811,CUST00529,2025-02-17,29.0,Successful,ACH
PAY0003698,INV0003812,CUST00529,2025-03-14,29.0,Successful,ACH
PAY0003699,INV0003813,CUST00529,2025-04-04,29.0,Successful,Debit Card
PAY0003700,INV0003814,CUST00529,2025-05-18,29.0,Successful,Debit Card
PAY0003701,INV0003815,CUST00529,2025-06-08,29.0,Failed,Debit Card
PAY0003702,INV0003816,CUST00529,2025-07-07,29.0,Successful,Bank Transfer
PAY0003703,INV0003817,CUST00529,2025-08-11,29.0,Successful,Debit Card
PAY0003704,INV0003818,CUST00529,2025-09-11,29.0,Successful,ACH
PAY0003705,INV0003819,CUST00529,2025-10-14,29.0,Successful,Debit Card
PAY0003706,INV0003821,CUST00529,2025-12-04,29.0,Successful,Credit Card
PAY0003707,INV0003822,CUST00530,2024-11-08,79.0,Successful,ACH
PAY0003708,INV0003823,CUST00530,2024-12-15,79.0,Successful,Debit Card
PAY0003709,INV0003824,CUST00530,2025-01-09,79.0,Successful,Debit Card
PAY0003710,INV0003825,CUST00531,2024-07-12,79.0,Successful,Credit Card
PAY0003711,INV0003826,CUST00531,2024-08-10,79.0,Failed,Credit Card
PAY0003712,INV0003827,CUST00531,2024-09-04,79.0,Successful,Bank Transfer
PAY0003713,INV0003828,CUST00531,2024-10-15,79.0,Successful,Debit Card
PAY0003714,INV0003829,CUST00531,2024-11-10,79.0,Successful,Credit Card
PAY0003715,INV0003830,CUST00531,2024-12-15,79.0,Successful,Credit Card
PAY0003716,INV0003831,CUST00531,2025-01-11,79.0,Successful,ACH
PAY0003717,INV0003832,CUST00531,2025-02-11,79.0,Successful,Credit Card
PAY0003718,INV0003833,CUST00531,2025-03-03,79.0,Successful,Bank Transfer
PAY0003719,INV0003834,CUST00531,2025-03-29,79.0,Failed,Bank Transfer
PAY0003720,INV0003835,CUST00531,2025-05-05,79.0,Successful,Credit Card
PAY0003721,INV0003836,CUST00531,2025-05-29,79.0,Successful,ACH
PAY0003722,INV0003837,CUST00531,2025-07-10,79.0,Successful,ACH
PAY0003723,INV0003838,CUST00531,2025-08-12,79.0,Successful,Debit Card
PAY0003724,INV0003839,CUST00531,2025-09-05,79.0,Successful,Credit Card
PAY0003725,INV0003840,CUST00531,2025-10-12,79.0,Successful,Bank Transfer
PAY0003726,INV0003841,CUST00531,2025-11-09,79.0,Successful,Credit Card
PAY0003727,INV0003842,CUST00531,2025-11-30,79.0,Successful,Bank Transfer
PAY0003728,INV0003843,CUST00532,2025-08-21,295.8,Successful,ACH
PAY0003729,INV0003844,CUST00533,2025-01-17,805.8,Successful,ACH
PAY0003730,INV0003845,CUST00534,2025-12-09,295.8,Successful,Bank Transfer
PAY0003731,INV0003846,CUST00535,2026-01-08,2029.8,Successful,Bank Transfer
PAY0003732,INV0003847,CUST00536,2025-03-01,79.0,Successful,Bank Transfer
PAY0003733,INV0003849,CUST00536,2025-04-25,79.0,Successful,ACH
PAY0003734,INV0003850,CUST00536,2025-05-30,79.0,Successful,Debit Card
PAY0003735,INV0003851,CUST00536,2025-06-28,79.0,Successful,Debit Card
PAY0003736,INV0003852,CUST00536,2025-07-31,79.0,Successful,Debit Card
PAY0003737,INV0003853,CUST00536,2025-09-01,79.0,Successful,Debit Card
PAY0003738,INV0003854,CUST00536,2025-09-29,79.0,Successful,Bank Transfer
PAY0003739,INV0003855,CUST00536,2025-10-31,79.0,Successful,Credit Card
PAY0003740,INV0003856,CUST00536,2025-11-27,79.0,Successful,Debit Card
PAY0003741,INV0003857,CUST00536,2026-01-02,79.0,Successful,ACH
PAY0003742,INV0003858,CUST00537,2024-09-21,2029.8,Successful,ACH
PAY0003743,INV0003859,CUST00538,2024-03-23,295.8,Successful,Bank Transfer
PAY0003744,INV0003860,CUST00538,2025-03-22,295.8,Successful,Credit Card
PAY0003745,INV0003861,CUST00539,2025-07-12,29.0,Successful,Debit Card
PAY0003746,INV0003862,CUST00539,2025-08-16,29.0,Successful,Credit Card
PAY0003747,INV0003863,CUST00539,2025-09-16,29.0,Successful,ACH
PAY0003748,INV0003864,CUST00539,2025-10-08,29.0,Successful,Debit Card
PAY0003749,INV0003865,CUST00539,2025-11-03,29.0,Successful,Debit Card
PAY0003750,INV0003866,CUST00539,2025-12-16,29.0,Failed,Credit Card
PAY0003751,INV0003867,CUST00540,2025-01-17,2029.8,Successful,Credit Card
PAY0003752,INV0003869,CUST00541,2024-05-23,29.0,Successful,ACH
PAY0003753,INV0003870,CUST00541,2024-06-22,29.0,Successful,ACH
PAY0003754,INV0003871,CUST00541,2024-07-27,29.0,Successful,Bank Transfer
PAY0003755,INV0003872,CUST00541,2024-09-05,79.0,Successful,Credit Card
PAY0003756,INV0003873,CUST00541,2024-09-22,79.0,Successful,ACH
PAY0003757,INV0003874,CUST00542,2025-11-08,805.8,Successful,Bank Transfer
PAY0003758,INV0003875,CUST00543,2024-12-18,2029.8,Successful,ACH
PAY0003759,INV0003876,CUST00543,2025-12-16,2029.8,Successful,Credit Card
PAY0003760,INV0003877,CUST00544,2024-09-29,29.0,Successful,Credit Card
PAY0003761,INV0003878,CUST00544,2024-10-30,29.0,Successful,Debit Card
PAY0003762,INV0003879,CUST00544,2024-12-03,29.0,Successful,Credit Card
PAY0003763,INV0003880,CUST00544,2025-01-02,29.0,Successful,Bank Transfer
PAY0003764,INV0003881,CUST00544,2025-02-05,29.0,Successful,Bank Transfer
PAY0003765,INV0003882,CUST00544,2025-02-28,79.0,Successful,Debit Card
PAY0003766,INV0003883,CUST00545,2025-04-12,29.0,Successful,Bank Transfer
PAY0003767,INV0003885,CUST00545,2025-06-06,29.0,Successful,Bank Transfer
PAY0003768,INV0003886,CUST00545,2025-07-10,29.0,Successful,Credit Card
PAY0003769,INV0003887,CUST00545,2025-08-03,29.0,Successful,Bank Transfer
PAY0003770,INV0003888,CUST00545,2025-09-09,29.0,Successful,Debit Card
PAY0003771,INV0003889,CUST00546,2025-01-03,79.0,Successful,Bank Transfer
PAY0003772,INV0003890,CUST00546,2025-01-22,79.0,Successful,Credit Card
PAY0003773,INV0003891,CUST00546,2025-02-27,79.0,Successful,Bank Transfer
PAY0003774,INV0003892,CUST00546,2025-04-01,79.0,Successful,Debit Card
PAY0003775,INV0003893,CUST00546,2025-04-20,79.0,Successful,Debit Card
PAY0003776,INV0003894,CUST00546,2025-05-30,79.0,Successful,Bank Transfer
PAY0003777,INV0003895,CUST00546,2025-06-27,79.0,Successful,Credit Card
PAY0003778,INV0003896,CUST00546,2025-07-22,79.0,Successful,Credit Card
PAY0003779,INV0003897,CUST00546,2025-08-25,79.0,Successful,Bank Transfer
PAY0003780,INV0003898,CUST00546,2025-10-04,79.0,Successful,ACH
PAY0003781,INV0003899,CUST00546,2025-10-21,79.0,Successful,Credit Card
PAY0003782,INV0003900,CUST00546,2025-11-28,79.0,Successful,Credit Card
PAY0003783,INV0003902,CUST00547,2024-04-08,805.8,Successful,Bank Transfer
PAY0003784,INV0003903,CUST00547,2025-04-01,805.8,Successful,Debit Card
PAY0003785,INV0003904,CUST00548,2024-12-20,79.0,Successful,Debit Card
PAY0003786,INV0003905,CUST00548,2025-01-25,79.0,Successful,ACH
PAY0003787,INV0003906,CUST00548,2025-02-25,79.0,Successful,Debit Card
PAY0003788,INV0003907,CUST00548,2025-03-19,79.0,Successful,Debit Card
PAY0003789,INV0003908,CUST00548,2025-04-22,79.0,Successful,Bank Transfer
PAY0003790,INV0003909,CUST00548,2025-06-01,79.0,Successful,Credit Card
PAY0003791,INV0003910,CUST00549,2025-05-13,29.0,Successful,Credit Card
PAY0003792,INV0003911,CUST00549,2025-06-15,29.0,Successful,Debit Card
PAY0003793,INV0003912,CUST00549,2025-07-15,29.0,Successful,Bank Transfer
PAY0003794,INV0003913,CUST00549,2025-08-06,29.0,Successful,Bank Transfer
PAY0003795,INV0003914,CUST00549,2025-09-13,29.0,Successful,Credit Card
PAY0003796,INV0003915,CUST00549,2025-10-05,29.0,Successful,Debit Card
PAY0003797,INV0003916,CUST00549,2025-11-04,29.0,Successful,Credit Card
PAY0003798,INV0003917,CUST00549,2025-12-06,29.0,Successful,Bank Transfer
PAY0003799,INV0003918,CUST00550,2024-03-15,29.0,Successful,ACH
PAY0003800,INV0003919,CUST00550,2024-04-22,29.0,Successful,ACH
PAY0003801,INV0003920,CUST00550,2024-05-10,29.0,Successful,ACH
PAY0003802,INV0003921,CUST00550,2024-06-19,29.0,Successful,Debit Card
PAY0003803,INV0003922,CUST00550,2024-07-12,29.0,Successful,Bank Transfer
PAY0003804,INV0003923,CUST00550,2024-08-22,29.0,Successful,Debit Card
PAY0003805,INV0003924,CUST00550,2024-09-14,29.0,Successful,Credit Card
PAY0003806,INV0003925,CUST00550,2024-10-10,29.0,Successful,Credit Card
PAY0003807,INV0003926,CUST00550,2024-11-22,29.0,Successful,Credit Card
PAY0003808,INV0003927,CUST00550,2024-12-16,29.0,Successful,ACH
PAY0003809,INV0003928,CUST00550,2025-01-18,29.0,Successful,ACH
PAY0003810,INV0003929,CUST00550,2025-02-17,29.0,Successful,Bank Transfer
PAY0003811,INV0003930,CUST00551,2024-12-31,79.0,Successful,Debit Card
PAY0003812,INV0003931,CUST00551,2025-01-19,79.0,Successful,ACH
PAY0003813,INV0003932,CUST00551,2025-02-27,79.0,Successful,ACH
PAY0003814,INV0003933,CUST00551,2025-04-01,79.0,Successful,ACH
PAY0003815,INV0003934,CUST00551,2025-04-21,79.0,Successful,ACH
PAY0003816,INV0003935,CUST00551,2025-05-27,79.0,Successful,ACH
PAY0003817,INV0003936,CUST00551,2025-06-23,79.0,Successful,Bank Transfer
PAY0003818,INV0003937,CUST00551,2025-07-27,79.0,Successful,Debit Card
PAY0003819,INV0003938,CUST00551,2025-09-01,79.0,Successful,ACH
PAY0003820,INV0003939,CUST00551,2025-09-28,79.0,Successful,ACH
PAY0003821,INV0003940,CUST00551,2025-10-25,79.0,Successful,Debit Card
PAY0003822,INV0003941,CUST00551,2025-11-29,79.0,Successful,Debit Card
PAY0003823,INV0003942,CUST00551,2025-12-30,79.0,Successful,ACH
PAY0003824,INV0003943,CUST00552,2025-06-23,29.0,Successful,ACH
PAY0003825,INV0003944,CUST00552,2025-07-20,29.0,Successful,Bank Transfer
PAY0003826,INV0003945,CUST00552,2025-08-15,29.0,Successful,Credit Card
PAY0003827,INV0003946,CUST00552,2025-09-19,29.0,Successful,Bank Transfer
PAY0003828,INV0003947,CUST00552,2025-10-27,29.0,Successful,ACH
PAY0003829,INV0003948,CUST00552,2025-11-20,29.0,Successful,ACH
PAY0003830,INV0003949,CUST00552,2025-12-19,29.0,Successful,Credit Card
PAY0003831,INV0003950,CUST00553,2025-04-29,29.0,Successful,Credit Card
PAY0003832,INV0003951,CUST00553,2025-05-25,29.0,Successful,Debit Card
PAY0003833,INV0003952,CUST00553,2025-06-24,29.0,Successful,Credit Card
PAY0003834,INV0003953,CUST00553,2025-08-02,29.0,Successful,Credit Card
PAY0003835,INV0003954,CUST00553,2025-08-23,29.0,Successful,Credit Card
PAY0003836,INV0003955,CUST00553,2025-09-29,29.0,Successful,Credit Card
PAY0003837,INV0003956,CUST00553,2025-10-28,29.0,Successful,Credit Card
PAY0003838,INV0003957,CUST00553,2025-11-28,29.0,Successful,ACH
PAY0003839,INV0003958,CUST00553,2025-12-22,29.0,Successful,ACH
PAY0003840,INV0003959,CUST00554,2025-10-23,79.0,Successful,Debit Card
PAY0003841,INV0003960,CUST00554,2025-12-02,79.0,Successful,Debit Card
PAY0003842,INV0003961,CUST00554,2025-12-31,79.0,Successful,Credit Card
PAY0003843,INV0003962,CUST00555,2025-04-07,79.0,Successful,ACH
PAY0003844,INV0003963,CUST00555,2025-05-07,79.0,Successful,Bank Transfer
PAY0003845,INV0003964,CUST00555,2025-06-13,79.0,Successful,Debit Card
PAY0003846,INV0003965,CUST00555,2025-07-10,79.0,Successful,Debit Card
PAY0003847,INV0003966,CUST00555,2025-08-12,79.0,Successful,Bank Transfer
PAY0003848,INV0003967,CUST00555,2025-09-09,199.0,Successful,Credit Card
PAY0003849,INV0003968,CUST00556,2024-08-06,29.0,Successful,Bank Transfer
PAY0003850,INV0003969,CUST00556,2024-09-11,29.0,Successful,ACH
PAY0003851,INV0003970,CUST00556,2024-10-10,29.0,Successful,ACH
PAY0003852,INV0003971,CUST00556,2024-11-06,29.0,Successful,Bank Transfer
PAY0003853,INV0003972,CUST00556,2024-12-09,29.0,Successful,Debit Card
PAY0003854,INV0003973,CUST00556,2025-01-08,29.0,Successful,Bank Transfer
PAY0003855,INV0003974,CUST00557,2025-08-21,79.0,Successful,ACH
PAY0003856,INV0003975,CUST00557,2025-09-19,79.0,Successful,ACH
PAY0003857,INV0003976,CUST00557,2025-10-21,79.0,Successful,Bank Transfer
PAY0003858,INV0003977,CUST00557,2025-11-25,79.0,Successful,Debit Card
PAY0003859,INV0003978,CUST00557,2025-12-16,79.0,Successful,Credit Card
PAY0003860,INV0003979,CUST00558,2024-12-05,29.0,Successful,Credit Card
PAY0003861,INV0003980,CUST00558,2025-01-10,29.0,Successful,Bank Transfer
PAY0003862,INV0003982,CUST00558,2025-03-04,29.0,Successful,ACH
PAY0003863,INV0003983,CUST00558,2025-03-31,29.0,Successful,Debit Card
PAY0003864,INV0003984,CUST00558,2025-05-05,29.0,Successful,Debit Card
PAY0003865,INV0003986,CUST00558,2025-06-30,29.0,Successful,Credit Card
PAY0003866,INV0003987,CUST00558,2025-08-06,29.0,Successful,Bank Transfer
PAY0003867,INV0003988,CUST00558,2025-08-31,29.0,Successful,ACH
PAY0003868,INV0003989,CUST00558,2025-10-01,29.0,Successful,ACH
PAY0003869,INV0003990,CUST00558,2025-10-30,29.0,Successful,Credit Card
PAY0003870,INV0003991,CUST00559,2025-07-04,79.0,Successful,Debit Card
PAY0003871,INV0003992,CUST00559,2025-08-01,79.0,Successful,Debit Card
PAY0003872,INV0003993,CUST00559,2025-09-06,79.0,Successful,Credit Card
PAY0003873,INV0003995,CUST00559,2025-11-07,79.0,Successful,Credit Card
PAY0003874,INV0003996,CUST00559,2025-12-03,79.0,Successful,Debit Card
PAY0003875,INV0003997,CUST00559,2026-01-08,79.0,Successful,Credit Card
PAY0003876,INV0003998,CUST00560,2025-08-27,2029.8,Successful,Credit Card
PAY0003877,INV0003999,CUST00561,2025-12-05,29.0,Successful,Debit Card
PAY0003878,INV0004000,CUST00561,2025-12-28,29.0,Successful,Debit Card
PAY0003879,INV0004001,CUST00562,2025-11-29,199.0,Successful,ACH
PAY0003880,INV0004002,CUST00562,2025-12-27,199.0,Successful,Credit Card
PAY0003881,INV0004003,CUST00563,2024-07-09,29.0,Successful,Credit Card
PAY0003882,INV0004005,CUST00563,2024-09-07,29.0,Successful,Bank Transfer
PAY0003883,INV0004006,CUST00563,2024-10-13,29.0,Successful,Bank Transfer
PAY0003884,INV0004007,CUST00563,2024-11-14,29.0,Successful,ACH
PAY0003885,INV0004008,CUST00563,2024-12-16,29.0,Successful,Bank Transfer
PAY0003886,INV0004009,CUST00564,2025-09-11,29.0,Successful,Debit Card
PAY0003887,INV0004010,CUST00564,2025-10-10,29.0,Successful,Credit Card
PAY0003888,INV0004011,CUST00564,2025-11-12,29.0,Successful,ACH
PAY0003889,INV0004012,CUST00564,2025-12-17,29.0,Successful,Bank Transfer
PAY0003890,INV0004013,CUST00565,2025-10-13,29.0,Successful,Debit Card
PAY0003891,INV0004014,CUST00565,2025-11-16,29.0,Successful,Debit Card
PAY0003892,INV0004015,CUST00565,2025-12-22,29.0,Successful,Debit Card
PAY0003893,INV0004016,CUST00566,2025-07-27,199.0,Successful,Debit Card
PAY0003894,INV0004017,CUST00566,2025-09-06,199.0,Successful,Bank Transfer
PAY0003895,INV0004018,CUST00566,2025-09-29,199.0,Successful,Bank Transfer
PAY0003896,INV0004019,CUST00566,2025-10-26,199.0,Successful,Bank Transfer
PAY0003897,INV0004020,CUST00566,2025-11-26,199.0,Successful,Credit Card
PAY0003898,INV0004021,CUST00566,2025-12-23,199.0,Successful,Bank Transfer
PAY0003899,INV0004022,CUST00567,2025-04-20,29.0,Successful,ACH
PAY0003900,INV0004023,CUST00567,2025-05-15,29.0,Successful,Credit Card
PAY0003901,INV0004024,CUST00567,2025-06-20,29.0,Successful,Credit Card
PAY0003902,INV0004025,CUST00567,2025-07-10,29.0,Successful,Debit Card
PAY0003903,INV0004026,CUST00567,2025-08-21,29.0,Successful,ACH
PAY0003904,INV0004027,CUST00567,2025-09-21,29.0,Successful,ACH
PAY0003905,INV0004028,CUST00567,2025-10-21,29.0,Successful,Bank Transfer
PAY0003906,INV0004029,CUST00567,2025-11-12,29.0,Successful,Credit Card
PAY0003907,INV0004030,CUST00567,2025-12-16,29.0,Successful,Bank Transfer
PAY0003908,INV0004031,CUST00568,2025-05-18,199.0,Successful,Credit Card
PAY0003909,INV0004032,CUST00568,2025-06-20,199.0,Successful,Credit Card
PAY0003910,INV0004033,CUST00568,2025-07-14,199.0,Successful,Bank Transfer
PAY0003911,INV0004034,CUST00568,2025-08-23,199.0,Successful,ACH
PAY0003912,INV0004035,CUST00568,2025-09-24,199.0,Successful,Credit Card
PAY0003913,INV0004036,CUST00568,2025-10-16,199.0,Successful,Credit Card
PAY0003914,INV0004037,CUST00568,2025-11-26,199.0,Failed,Debit Card
PAY0003915,INV0004038,CUST00568,2025-12-21,199.0,Successful,Debit Card
PAY0003916,INV0004039,CUST00569,2025-03-04,79.0,Successful,Debit Card
PAY0003917,INV0004040,CUST00569,2025-04-06,79.0,Successful,Credit Card
PAY0003918,INV0004041,CUST00569,2025-04-30,79.0,Successful,Debit Card
PAY0003919,INV0004042,CUST00569,2025-05-25,79.0,Successful,Bank Transfer
PAY0003920,INV0004043,CUST00569,2025-07-03,79.0,Successful,ACH
PAY0003921,INV0004044,CUST00569,2025-07-28,79.0,Successful,ACH
PAY0003922,INV0004045,CUST00569,2025-08-31,79.0,Successful,ACH
PAY0003923,INV0004046,CUST00569,2025-09-28,79.0,Successful,ACH
PAY0003924,INV0004047,CUST00569,2025-11-04,79.0,Successful,Debit Card
PAY0003925,INV0004048,CUST00569,2025-11-29,79.0,Successful,ACH
PAY0003926,INV0004049,CUST00569,2025-12-27,79.0,Successful,Bank Transfer
PAY0003927,INV0004050,CUST00570,2025-05-30,29.0,Successful,ACH
PAY0003928,INV0004051,CUST00570,2025-06-18,29.0,Successful,Debit Card
PAY0003929,INV0004052,CUST00570,2025-07-19,29.0,Successful,Debit Card
PAY0003930,INV0004053,CUST00571,2024-11-07,79.0,Successful,ACH
PAY0003931,INV0004054,CUST00571,2024-12-03,79.0,Successful,ACH
PAY0003932,INV0004055,CUST00571,2024-12-30,79.0,Successful,Bank Transfer
PAY0003933,INV0004056,CUST00571,2025-02-06,79.0,Successful,ACH
PAY0003934,INV0004057,CUST00571,2025-02-27,79.0,Successful,Bank Transfer
PAY0003935,INV0004058,CUST00571,2025-04-03,79.0,Successful,ACH
PAY0003936,INV0004059,CUST00571,2025-04-28,79.0,Successful,Bank Transfer
PAY0003937,INV0004060,CUST00571,2025-06-03,79.0,Successful,Bank Transfer
PAY0003938,INV0004061,CUST00571,2025-07-03,79.0,Successful,Debit Card
PAY0003939,INV0004062,CUST00571,2025-08-05,79.0,Successful,ACH
PAY0003940,INV0004063,CUST00571,2025-09-01,79.0,Successful,Credit Card
PAY0003941,INV0004064,CUST00571,2025-09-28,79.0,Successful,Credit Card
PAY0003942,INV0004065,CUST00571,2025-11-02,79.0,Successful,Credit Card
PAY0003943,INV0004066,CUST00571,2025-12-09,79.0,Successful,Debit Card
PAY0003944,INV0004067,CUST00571,2025-12-27,79.0,Successful,Credit Card
PAY0003945,INV0004068,CUST00572,2025-04-27,29.0,Successful,ACH
PAY0003946,INV0004069,CUST00572,2025-05-15,29.0,Refunded,ACH
PAY0003947,INV0004070,CUST00572,2025-06-14,29.0,Successful,Credit Card
PAY0003948,INV0004071,CUST00572,2025-07-23,29.0,Failed,Debit Card
PAY0003949,INV0004072,CUST00572,2025-08-28,29.0,Successful,Bank Transfer
PAY0003950,INV0004073,CUST00572,2025-09-23,29.0,Successful,Credit Card
PAY0003951,INV0004074,CUST00572,2025-10-18,29.0,Successful,Bank Transfer
PAY0003952,INV0004075,CUST00572,2025-11-18,29.0,Successful,Credit Card
PAY0003953,INV0004076,CUST00572,2025-12-17,29.0,Successful,Credit Card
PAY0003954,INV0004077,CUST00573,2025-08-15,805.8,Successful,Bank Transfer
PAY0003955,INV0004078,CUST00574,2025-07-15,295.8,Successful,ACH
PAY0003956,INV0004079,CUST00575,2025-07-25,2029.8,Successful,Bank Transfer
PAY0003957,INV0004080,CUST00576,2024-11-04,79.0,Successful,ACH
PAY0003958,INV0004081,CUST00576,2024-12-04,79.0,Successful,Debit Card
PAY0003959,INV0004082,CUST00576,2024-12-31,79.0,Successful,Credit Card
PAY0003960,INV0004083,CUST00576,2025-02-07,79.0,Successful,Credit Card
PAY0003961,INV0004084,CUST00576,2025-03-06,79.0,Successful,Debit Card
PAY0003962,INV0004085,CUST00576,2025-04-04,79.0,Successful,ACH
PAY0003963,INV0004086,CUST00576,2025-05-02,79.0,Successful,Credit Card
PAY0003964,INV0004087,CUST00576,2025-06-04,79.0,Successful,Credit Card
PAY0003965,INV0004088,CUST00576,2025-07-13,79.0,Successful,ACH
PAY0003966,INV0004089,CUST00576,2025-08-11,79.0,Successful,Bank Transfer
PAY0003967,INV0004090,CUST00576,2025-09-11,79.0,Successful,Debit Card
PAY0003968,INV0004091,CUST00576,2025-10-10,79.0,Successful,Bank Transfer
PAY0003969,INV0004092,CUST00576,2025-11-12,79.0,Successful,Debit Card
PAY0003970,INV0004093,CUST00576,2025-12-13,79.0,Successful,ACH
PAY0003971,INV0004094,CUST00576,2026-01-05,79.0,Successful,ACH
PAY0003972,INV0004095,CUST00577,2024-04-14,79.0,Successful,Bank Transfer
PAY0003973,INV0004096,CUST00577,2024-05-15,79.0,Successful,Debit Card
PAY0003974,INV0004097,CUST00577,2024-06-12,79.0,Failed,ACH
PAY0003975,INV0004098,CUST00577,2024-07-13,79.0,Successful,ACH
PAY0003976,INV0004099,CUST00577,2024-08-14,79.0,Successful,Debit Card
PAY0003977,INV0004100,CUST00577,2024-09-05,79.0,Successful,ACH
PAY0003978,INV0004101,CUST00578,2024-08-17,79.0,Successful,Debit Card
PAY0003979,INV0004102,CUST00578,2024-09-14,79.0,Successful,Bank Transfer
PAY0003980,INV0004103,CUST00578,2024-10-12,79.0,Successful,Bank Transfer
PAY0003981,INV0004104,CUST00578,2024-11-17,79.0,Successful,Bank Transfer
PAY0003982,INV0004105,CUST00578,2024-12-15,79.0,Successful,Bank Transfer
PAY0003983,INV0004106,CUST00578,2025-01-17,79.0,Successful,Debit Card
PAY0003984,INV0004107,CUST00579,2024-07-02,29.0,Successful,Bank Transfer
PAY0003985,INV0004108,CUST00579,2024-08-02,29.0,Successful,Credit Card
PAY0003986,INV0004109,CUST00579,2024-08-29,29.0,Successful,ACH
PAY0003987,INV0004110,CUST00579,2024-09-19,29.0,Successful,Credit Card
PAY0003988,INV0004111,CUST00579,2024-11-01,29.0,Successful,Bank Transfer
PAY0003989,INV0004112,CUST00579,2024-12-03,29.0,Refunded,Credit Card
PAY0003990,INV0004113,CUST00579,2024-12-23,29.0,Successful,Bank Transfer
PAY0003991,INV0004114,CUST00579,2025-02-02,29.0,Successful,ACH
PAY0003992,INV0004115,CUST00579,2025-03-01,29.0,Successful,Debit Card
PAY0003993,INV0004116,CUST00579,2025-03-27,29.0,Successful,Credit Card
PAY0003994,INV0004117,CUST00579,2025-05-03,29.0,Successful,ACH
PAY0003995,INV0004118,CUST00579,2025-05-29,29.0,Successful,Bank Transfer
PAY0003996,INV0004120,CUST00579,2025-07-26,29.0,Failed,Debit Card
PAY0003997,INV0004121,CUST00579,2025-08-30,29.0,Successful,ACH
PAY0003998,INV0004122,CUST00579,2025-09-25,29.0,Successful,Bank Transfer
PAY0003999,INV0004123,CUST00579,2025-10-21,29.0,Successful,ACH
PAY0004000,INV0004124,CUST00579,2025-11-27,29.0,Successful,Credit Card
PAY0004001,INV0004126,CUST00581,2024-11-29,295.8,Successful,Credit Card
PAY0004002,INV0004127,CUST00581,2025-11-29,295.8,Successful,ACH
PAY0004003,INV0004128,CUST00582,2025-06-12,295.8,Successful,ACH
PAY0004004,INV0004129,CUST00583,2025-03-10,805.8,Successful,Bank Transfer
PAY0004005,INV0004130,CUST00584,2025-12-27,29.0,Successful,ACH
PAY0004006,INV0004131,CUST00585,2024-09-16,79.0,Successful,ACH
PAY0004007,INV0004132,CUST00585,2024-10-23,79.0,Successful,ACH
PAY0004008,INV0004133,CUST00585,2024-11-25,79.0,Successful,Credit Card
PAY0004009,INV0004134,CUST00585,2024-12-13,79.0,Successful,Debit Card
PAY0004010,INV0004135,CUST00585,2025-01-22,79.0,Successful,Bank Transfer
PAY0004011,INV0004136,CUST00585,2025-02-23,79.0,Successful,Credit Card
PAY0004012,INV0004137,CUST00585,2025-03-17,79.0,Successful,Bank Transfer
PAY0004013,INV0004138,CUST00585,2025-04-19,79.0,Successful,Bank Transfer
PAY0004014,INV0004139,CUST00585,2025-05-14,79.0,Successful,Bank Transfer
PAY0004015,INV0004140,CUST00585,2025-06-22,79.0,Successful,Debit Card
PAY0004016,INV0004141,CUST00585,2025-07-25,79.0,Successful,Bank Transfer
PAY0004017,INV0004142,CUST00585,2025-08-18,79.0,Successful,ACH
PAY0004018,INV0004143,CUST00585,2025-09-11,79.0,Failed,Debit Card
PAY0004019,INV0004144,CUST00585,2025-10-25,79.0,Successful,ACH
PAY0004020,INV0004145,CUST00585,2025-11-17,79.0,Successful,Credit Card
PAY0004021,INV0004146,CUST00585,2025-12-24,79.0,Successful,Debit Card
PAY0004022,INV0004147,CUST00586,2025-08-24,79.0,Successful,Credit Card
PAY0004023,INV0004148,CUST00586,2025-09-22,79.0,Successful,ACH
PAY0004024,INV0004149,CUST00586,2025-10-27,79.0,Failed,ACH
PAY0004025,INV0004150,CUST00586,2025-11-23,79.0,Successful,ACH
PAY0004026,INV0004151,CUST00586,2025-12-29,79.0,Successful,ACH
PAY0004027,INV0004152,CUST00587,2024-03-21,79.0,Successful,Bank Transfer
PAY0004028,INV0004153,CUST00587,2024-04-23,79.0,Successful,Bank Transfer
PAY0004029,INV0004154,CUST00587,2024-05-27,79.0,Successful,Bank Transfer
PAY0004030,INV0004155,CUST00587,2024-06-23,79.0,Successful,Credit Card
PAY0004031,INV0004156,CUST00587,2024-07-24,79.0,Successful,Credit Card
PAY0004032,INV0004157,CUST00587,2024-09-02,79.0,Successful,Credit Card
PAY0004033,INV0004158,CUST00587,2024-09-20,79.0,Successful,ACH
PAY0004034,INV0004159,CUST00587,2024-10-20,79.0,Successful,Debit Card
PAY0004035,INV0004160,CUST00587,2024-11-20,79.0,Successful,ACH
PAY0004036,INV0004161,CUST00587,2024-12-31,79.0,Successful,Credit Card
PAY0004037,INV0004162,CUST00587,2025-01-27,79.0,Successful,ACH
PAY0004038,INV0004163,CUST00587,2025-03-01,79.0,Successful,Bank Transfer
PAY0004039,INV0004164,CUST00588,2025-12-13,79.0,Successful,Bank Transfer
PAY0004040,INV0004165,CUST00589,2024-12-07,29.0,Successful,Credit Card
PAY0004041,INV0004166,CUST00589,2025-01-03,29.0,Successful,Credit Card
PAY0004042,INV0004167,CUST00589,2025-02-09,29.0,Refunded,ACH
PAY0004043,INV0004168,CUST00589,2025-03-03,29.0,Successful,Debit Card
PAY0004044,INV0004170,CUST00589,2025-05-12,29.0,Successful,Credit Card
PAY0004045,INV0004171,CUST00589,2025-06-02,29.0,Successful,Debit Card
PAY0004046,INV0004172,CUST00589,2025-07-15,29.0,Successful,Debit Card
PAY0004047,INV0004173,CUST00589,2025-08-02,29.0,Successful,ACH
PAY0004048,INV0004174,CUST00589,2025-09-13,29.0,Successful,Debit Card
PAY0004049,INV0004175,CUST00589,2025-10-05,29.0,Successful,Debit Card
PAY0004050,INV0004176,CUST00589,2025-11-08,29.0,Successful,ACH
PAY0004051,INV0004177,CUST00590,2025-04-21,29.0,Successful,Bank Transfer
PAY0004052,INV0004178,CUST00590,2025-05-19,29.0,Successful,Credit Card
PAY0004053,INV0004179,CUST00590,2025-06-19,29.0,Successful,Bank Transfer
PAY0004054,INV0004180,CUST00590,2025-07-29,29.0,Successful,Debit Card
PAY0004055,INV0004181,CUST00590,2025-08-26,29.0,Successful,Debit Card
PAY0004056,INV0004182,CUST00590,2025-09-24,29.0,Successful,Debit Card
PAY0004057,INV0004183,CUST00591,2025-07-02,295.8,Successful,Debit Card
PAY0004058,INV0004184,CUST00592,2024-10-13,199.0,Successful,Bank Transfer
PAY0004059,INV0004185,CUST00592,2024-11-05,199.0,Successful,Credit Card
PAY0004060,INV0004186,CUST00592,2024-12-12,199.0,Successful,Credit Card
PAY0004061,INV0004187,CUST00592,2025-01-02,199.0,Successful,ACH
PAY0004062,INV0004188,CUST00592,2025-02-04,199.0,Successful,Credit Card
PAY0004063,INV0004189,CUST00592,2025-03-07,199.0,Successful,Bank Transfer
PAY0004064,INV0004190,CUST00592,2025-04-12,199.0,Successful,Debit Card
PAY0004065,INV0004191,CUST00592,2025-05-04,199.0,Successful,ACH
PAY0004066,INV0004192,CUST00592,2025-06-12,199.0,Successful,Debit Card
PAY0004067,INV0004193,CUST00592,2025-07-06,199.0,Successful,ACH
PAY0004068,INV0004194,CUST00592,2025-08-16,79.0,Successful,Credit Card
PAY0004069,INV0004195,CUST00592,2025-09-15,79.0,Successful,Bank Transfer
PAY0004070,INV0004196,CUST00593,2025-08-06,2029.8,Successful,ACH
PAY0004071,INV0004197,CUST00594,2024-02-22,79.0,Successful,Credit Card
PAY0004072,INV0004198,CUST00594,2024-03-30,79.0,Successful,Bank Transfer
PAY0004073,INV0004199,CUST00594,2024-04-28,79.0,Successful,Debit Card
PAY0004074,INV0004200,CUST00594,2024-05-22,79.0,Successful,Bank Transfer
PAY0004075,INV0004201,CUST00594,2024-06-25,79.0,Successful,Debit Card
PAY0004076,INV0004202,CUST00594,2024-08-01,79.0,Successful,Bank Transfer
PAY0004077,INV0004203,CUST00594,2024-08-26,79.0,Successful,Debit Card
PAY0004078,INV0004204,CUST00594,2024-09-29,79.0,Successful,ACH
PAY0004079,INV0004205,CUST00594,2024-10-22,29.0,Successful,ACH
PAY0004080,INV0004206,CUST00594,2024-11-18,29.0,Successful,Credit Card
PAY0004081,INV0004207,CUST00594,2024-12-22,29.0,Successful,Debit Card
PAY0004082,INV0004208,CUST00594,2025-01-28,29.0,Successful,Debit Card
PAY0004083,INV0004209,CUST00595,2024-05-16,805.8,Failed,Credit Card
PAY0004084,INV0004210,CUST00596,2025-03-26,29.0,Successful,Bank Transfer
PAY0004085,INV0004211,CUST00596,2025-04-15,29.0,Successful,Debit Card
PAY0004086,INV0004212,CUST00596,2025-05-19,29.0,Successful,Bank Transfer
PAY0004087,INV0004213,CUST00596,2025-06-27,29.0,Successful,Debit Card
PAY0004088,INV0004214,CUST00596,2025-07-25,29.0,Successful,ACH
PAY0004089,INV0004215,CUST00596,2025-08-22,29.0,Successful,Debit Card
PAY0004090,INV0004216,CUST00596,2025-09-28,29.0,Successful,Bank Transfer
PAY0004091,INV0004217,CUST00596,2025-10-23,29.0,Successful,Debit Card
PAY0004092,INV0004218,CUST00596,2025-11-23,29.0,Failed,Credit Card
PAY0004093,INV0004219,CUST00596,2025-12-29,29.0,Successful,Bank Transfer
PAY0004094,INV0004220,CUST00597,2024-06-15,199.0,Successful,Credit Card
PAY0004095,INV0004221,CUST00597,2024-07-20,199.0,Successful,Debit Card
PAY0004096,INV0004222,CUST00597,2024-08-15,199.0,Successful,Credit Card
PAY0004097,INV0004223,CUST00597,2024-09-26,199.0,Failed,Bank Transfer
PAY0004098,INV0004224,CUST00597,2024-10-16,199.0,Successful,Bank Transfer
PAY0004099,INV0004225,CUST00597,2024-11-13,199.0,Successful,Debit Card
PAY0004100,INV0004226,CUST00597,2024-12-13,199.0,Successful,Debit Card
PAY0004101,INV0004227,CUST00597,2025-01-26,199.0,Successful,Debit Card
PAY0004102,INV0004228,CUST00597,2025-02-23,199.0,Successful,Bank Transfer
PAY0004103,INV0004229,CUST00597,2025-03-15,199.0,Successful,ACH
PAY0004104,INV0004230,CUST00597,2025-04-20,199.0,Successful,ACH
PAY0004105,INV0004231,CUST00597,2025-05-26,199.0,Successful,ACH
PAY0004106,INV0004232,CUST00597,2025-06-20,199.0,Successful,Credit Card
PAY0004107,INV0004233,CUST00597,2025-07-22,199.0,Successful,ACH
PAY0004108,INV0004234,CUST00597,2025-08-25,199.0,Successful,Credit Card
PAY0004109,INV0004235,CUST00597,2025-09-15,199.0,Successful,Debit Card
PAY0004110,INV0004236,CUST00597,2025-10-19,199.0,Successful,Bank Transfer
PAY0004111,INV0004237,CUST00597,2025-11-14,199.0,Failed,Debit Card
PAY0004112,INV0004238,CUST00597,2025-12-24,199.0,Successful,ACH
PAY0004113,INV0004239,CUST00598,2024-09-20,29.0,Successful,Credit Card
PAY0004114,INV0004240,CUST00598,2024-10-16,29.0,Successful,Credit Card
PAY0004115,INV0004241,CUST00598,2024-11-14,29.0,Successful,Bank Transfer
PAY0004116,INV0004242,CUST00598,2024-12-26,29.0,Successful,Credit Card
PAY0004117,INV0004243,CUST00598,2025-01-15,29.0,Successful,Debit Card
PAY0004118,INV0004244,CUST00598,2025-02-22,29.0,Successful,ACH
PAY0004119,INV0004245,CUST00598,2025-03-16,29.0,Successful,Debit Card
PAY0004120,INV0004246,CUST00598,2025-04-20,29.0,Successful,Bank Transfer
PAY0004121,INV0004247,CUST00598,2025-05-18,29.0,Successful,Credit Card
PAY0004122,INV0004248,CUST00598,2025-06-18,29.0,Successful,Bank Transfer
PAY0004123,INV0004249,CUST00598,2025-07-27,29.0,Successful,Debit Card
PAY0004124,INV0004250,CUST00598,2025-08-17,29.0,Successful,Credit Card
PAY0004125,INV0004251,CUST00599,2024-03-01,2029.8,Successful,Debit Card
PAY0004126,INV0004252,CUST00599,2025-03-10,2029.8,Successful,Debit Card
PAY0004127,INV0004253,CUST00600,2025-03-19,29.0,Successful,Credit Card
PAY0004128,INV0004254,CUST00600,2025-04-24,29.0,Successful,Credit Card
PAY0004129,INV0004255,CUST00600,2025-05-21,29.0,Successful,Debit Card
PAY0004130,INV0004256,CUST00600,2025-06-30,29.0,Successful,Debit Card
PAY0004131,INV0004257,CUST00600,2025-07-28,29.0,Successful,Credit Card
PAY0004132,INV0004258,CUST00600,2025-08-25,29.0,Successful,Bank Transfer
PAY0004133,INV0004259,CUST00601,2025-05-12,79.0,Successful,ACH
PAY0004134,INV0004260,CUST00601,2025-06-14,79.0,Successful,ACH
PAY0004135,INV0004261,CUST00601,2025-07-18,79.0,Successful,Credit Card
PAY0004136,INV0004262,CUST00601,2025-08-15,79.0,Failed,Credit Card
PAY0004137,INV0004264,CUST00601,2025-10-15,79.0,Successful,Credit Card
PAY0004138,INV0004266,CUST00601,2025-12-16,79.0,Successful,ACH
PAY0004139,INV0004267,CUST00602,2024-01-25,295.8,Successful,Credit Card
PAY0004140,INV0004268,CUST00602,2025-01-16,295.8,Successful,Credit Card
PAY0004141,INV0004269,CUST00603,2025-12-20,295.8,Successful,ACH
PAY0004142,INV0004270,CUST00604,2024-04-16,79.0,Successful,Debit Card
PAY0004143,INV0004271,CUST00604,2024-05-24,79.0,Successful,ACH
PAY0004144,INV0004272,CUST00604,2024-06-29,79.0,Successful,Debit Card
PAY0004145,INV0004273,CUST00604,2024-07-27,79.0,Successful,Credit Card
PAY0004146,INV0004274,CUST00604,2024-08-22,79.0,Refunded,Bank Transfer
PAY0004147,INV0004275,CUST00604,2024-09-15,79.0,Successful,Credit Card
PAY0004148,INV0004276,CUST00604,2024-10-29,79.0,Successful,ACH
PAY0004149,INV0004277,CUST00604,2024-11-16,79.0,Successful,ACH
PAY0004150,INV0004278,CUST00604,2024-12-21,79.0,Successful,Credit Card
PAY0004151,INV0004279,CUST00604,2025-01-17,79.0,Successful,Debit Card
PAY0004152,INV0004280,CUST00604,2025-02-20,79.0,Successful,ACH
PAY0004153,INV0004281,CUST00604,2025-03-17,79.0,Successful,Bank Transfer
PAY0004154,INV0004282,CUST00604,2025-04-23,79.0,Successful,Bank Transfer
PAY0004155,INV0004283,CUST00604,2025-05-29,79.0,Successful,Bank Transfer
PAY0004156,INV0004284,CUST00604,2025-06-24,79.0,Successful,ACH
PAY0004157,INV0004285,CUST00604,2025-07-15,79.0,Successful,Debit Card
PAY0004158,INV0004286,CUST00604,2025-08-15,79.0,Successful,Credit Card
PAY0004159,INV0004287,CUST00604,2025-09-28,79.0,Successful,Credit Card
PAY0004160,INV0004288,CUST00604,2025-10-29,79.0,Successful,Credit Card
PAY0004161,INV0004289,CUST00604,2025-11-26,79.0,Successful,Debit Card
PAY0004162,INV0004290,CUST00604,2025-12-22,79.0,Successful,Debit Card
PAY0004163,INV0004291,CUST00605,2025-02-02,199.0,Successful,Debit Card
PAY0004164,INV0004292,CUST00605,2025-02-28,199.0,Successful,Debit Card
PAY0004165,INV0004293,CUST00605,2025-03-28,199.0,Successful,Bank Transfer
PAY0004166,INV0004294,CUST00605,2025-05-01,199.0,Successful,ACH
PAY0004167,INV0004295,CUST00605,2025-05-29,199.0,Failed,Bank Transfer
PAY0004168,INV0004296,CUST00605,2025-06-29,199.0,Successful,Bank Transfer
PAY0004169,INV0004297,CUST00605,2025-07-31,199.0,Successful,ACH
PAY0004170,INV0004299,CUST00605,2025-10-10,199.0,Successful,Bank Transfer
PAY0004171,INV0004300,CUST00605,2025-11-08,199.0,Successful,ACH
PAY0004172,INV0004301,CUST00605,2025-11-27,199.0,Successful,Debit Card
PAY0004173,INV0004302,CUST00605,2026-01-01,199.0,Successful,Debit Card
PAY0004174,INV0004303,CUST00606,2024-03-25,199.0,Successful,Credit Card
PAY0004175,INV0004304,CUST00606,2024-04-19,199.0,Successful,Bank Transfer
PAY0004176,INV0004305,CUST00606,2024-05-25,199.0,Successful,Credit Card
PAY0004177,INV0004306,CUST00606,2024-06-23,199.0,Successful,Debit Card
PAY0004178,INV0004307,CUST00606,2024-07-20,199.0,Successful,ACH
PAY0004179,INV0004308,CUST00606,2024-08-14,199.0,Successful,Credit Card
PAY0004180,INV0004309,CUST00606,2024-09-17,199.0,Failed,Credit Card
PAY0004181,INV0004310,CUST00606,2024-10-16,199.0,Successful,Debit Card
PAY0004182,INV0004311,CUST00606,2024-11-24,199.0,Successful,Debit Card
PAY0004183,INV0004312,CUST00606,2024-12-16,199.0,Successful,Credit Card
PAY0004184,INV0004313,CUST00606,2025-01-15,199.0,Successful,Credit Card
PAY0004185,INV0004314,CUST00606,2025-02-23,199.0,Successful,Bank Transfer
PAY0004186,INV0004315,CUST00606,2025-03-24,199.0,Successful,Credit Card
PAY0004187,INV0004316,CUST00606,2025-04-15,199.0,Successful,Credit Card
PAY0004188,INV0004317,CUST00606,2025-05-15,199.0,Successful,Debit Card
PAY0004189,INV0004318,CUST00606,2025-06-17,199.0,Successful,Credit Card
PAY0004190,INV0004319,CUST00606,2025-07-25,199.0,Failed,Credit Card
PAY0004191,INV0004320,CUST00606,2025-08-26,199.0,Successful,Bank Transfer
PAY0004192,INV0004321,CUST00607,2025-04-01,199.0,Successful,Credit Card
PAY0004193,INV0004322,CUST00607,2025-05-05,199.0,Successful,Credit Card
PAY0004194,INV0004323,CUST00607,2025-06-10,199.0,Successful,Credit Card
PAY0004195,INV0004324,CUST00607,2025-06-27,199.0,Successful,ACH
PAY0004196,INV0004325,CUST00607,2025-07-28,199.0,Successful,Credit Card
PAY0004197,INV0004326,CUST00607,2025-09-02,199.0,Successful,Bank Transfer
PAY0004198,INV0004327,CUST00607,2025-10-01,199.0,Successful,Credit Card
PAY0004199,INV0004328,CUST00607,2025-11-10,199.0,Successful,Credit Card
PAY0004200,INV0004329,CUST00607,2025-12-07,199.0,Successful,ACH
PAY0004201,INV0004330,CUST00607,2026-01-01,199.0,Successful,Credit Card
PAY0004202,INV0004332,CUST00608,2025-04-07,199.0,Successful,ACH
PAY0004203,INV0004333,CUST00608,2025-04-30,199.0,Successful,Bank Transfer
PAY0004204,INV0004334,CUST00608,2025-05-31,199.0,Successful,Debit Card
PAY0004205,INV0004335,CUST00608,2025-07-02,199.0,Successful,Debit Card
PAY0004206,INV0004336,CUST00608,2025-08-04,199.0,Successful,Debit Card
PAY0004207,INV0004338,CUST00608,2025-10-01,199.0,Successful,Credit Card
PAY0004208,INV0004339,CUST00608,2025-11-09,199.0,Failed,ACH
PAY0004209,INV0004340,CUST00608,2025-12-04,199.0,Successful,Credit Card
PAY0004210,INV0004341,CUST00608,2026-01-05,199.0,Failed,ACH
PAY0004211,INV0004342,CUST00609,2024-04-27,79.0,Successful,Bank Transfer
PAY0004212,INV0004343,CUST00609,2024-05-24,79.0,Refunded,Credit Card
PAY0004213,INV0004344,CUST00609,2024-06-15,79.0,Successful,Credit Card
PAY0004214,INV0004345,CUST00609,2024-07-16,79.0,Successful,Credit Card
PAY0004215,INV0004346,CUST00609,2024-08-16,79.0,Successful,Bank Transfer
PAY0004216,INV0004347,CUST00609,2024-09-14,79.0,Successful,Credit Card
PAY0004217,INV0004348,CUST00609,2024-10-23,79.0,Successful,ACH
PAY0004218,INV0004349,CUST00609,2024-11-16,79.0,Successful,Debit Card
PAY0004219,INV0004350,CUST00609,2024-12-17,79.0,Successful,ACH
PAY0004220,INV0004351,CUST00609,2025-01-27,79.0,Successful,Debit Card
PAY0004221,INV0004352,CUST00609,2025-02-14,79.0,Successful,Bank Transfer
PAY0004222,INV0004353,CUST00609,2025-03-21,79.0,Successful,Debit Card
PAY0004223,INV0004354,CUST00610,2025-01-03,199.0,Successful,ACH
PAY0004224,INV0004355,CUST00610,2025-01-26,199.0,Successful,ACH
PAY0004225,INV0004356,CUST00610,2025-02-26,199.0,Successful,Bank Transfer
PAY0004226,INV0004357,CUST00610,2025-03-31,199.0,Successful,Bank Transfer
PAY0004227,INV0004358,CUST00610,2025-05-10,199.0,Successful,Debit Card
PAY0004228,INV0004359,CUST00610,2025-05-29,199.0,Successful,ACH
PAY0004229,INV0004360,CUST00610,2025-06-27,199.0,Successful,ACH
PAY0004230,INV0004361,CUST00610,2025-08-06,199.0,Failed,Credit Card
PAY0004231,INV0004362,CUST00610,2025-09-04,199.0,Successful,Credit Card
PAY0004232,INV0004363,CUST00610,2025-09-30,199.0,Successful,Credit Card
PAY0004233,INV0004364,CUST00610,2025-11-02,199.0,Successful,Debit Card
PAY0004234,INV0004365,CUST00610,2025-12-05,199.0,Successful,Bank Transfer
PAY0004235,INV0004366,CUST00610,2026-01-04,199.0,Successful,ACH
PAY0004236,INV0004367,CUST00611,2024-10-21,199.0,Successful,Bank Transfer
PAY0004237,INV0004369,CUST00611,2024-12-13,199.0,Successful,ACH
PAY0004238,INV0004370,CUST00611,2025-01-21,199.0,Successful,Debit Card
PAY0004239,INV0004371,CUST00611,2025-02-20,199.0,Successful,Credit Card
PAY0004240,INV0004372,CUST00611,2025-03-25,199.0,Successful,Debit Card
PAY0004241,INV0004373,CUST00611,2025-04-25,199.0,Successful,Debit Card
PAY0004242,INV0004374,CUST00611,2025-05-23,199.0,Successful,ACH
PAY0004243,INV0004375,CUST00611,2025-06-23,199.0,Successful,Bank Transfer
PAY0004244,INV0004376,CUST00611,2025-07-11,199.0,Successful,Credit Card
PAY0004245,INV0004377,CUST00611,2025-08-18,199.0,Successful,Credit Card
PAY0004246,INV0004378,CUST00611,2025-09-17,199.0,Successful,Credit Card
PAY0004247,INV0004379,CUST00612,2025-12-11,79.0,Successful,ACH
PAY0004248,INV0004380,CUST00613,2024-08-10,199.0,Successful,Debit Card
PAY0004249,INV0004381,CUST00613,2024-09-09,199.0,Successful,ACH
PAY0004250,INV0004382,CUST00613,2024-10-14,199.0,Successful,Debit Card
PAY0004251,INV0004383,CUST00613,2024-11-07,199.0,Successful,ACH
PAY0004252,INV0004384,CUST00613,2024-12-14,199.0,Successful,Bank Transfer
PAY0004253,INV0004385,CUST00613,2024-12-31,199.0,Successful,Bank Transfer
PAY0004254,INV0004386,CUST00613,2025-02-07,199.0,Successful,Debit Card
PAY0004255,INV0004387,CUST00613,2025-03-13,199.0,Successful,Debit Card
PAY0004256,INV0004388,CUST00613,2025-04-02,199.0,Successful,Bank Transfer
PAY0004257,INV0004389,CUST00613,2025-05-04,199.0,Successful,Credit Card
PAY0004258,INV0004390,CUST00613,2025-06-01,199.0,Failed,Bank Transfer
PAY0004259,INV0004391,CUST00613,2025-06-30,199.0,Successful,Debit Card
PAY0004260,INV0004392,CUST00614,2024-11-11,29.0,Successful,ACH
PAY0004261,INV0004393,CUST00614,2024-12-12,29.0,Successful,Debit Card
PAY0004262,INV0004394,CUST00614,2025-01-05,29.0,Successful,Debit Card
PAY0004263,INV0004395,CUST00614,2025-02-11,29.0,Successful,ACH
PAY0004264,INV0004396,CUST00614,2025-03-01,29.0,Successful,Debit Card
PAY0004265,INV0004397,CUST00614,2025-04-01,29.0,Failed,Bank Transfer
PAY0004266,INV0004398,CUST00614,2025-05-13,29.0,Successful,Credit Card
PAY0004267,INV0004399,CUST00614,2025-05-30,29.0,Successful,Bank Transfer
PAY0004268,INV0004400,CUST00614,2025-06-30,29.0,Successful,Debit Card
PAY0004269,INV0004401,CUST00614,2025-08-03,29.0,Successful,Credit Card
PAY0004270,INV0004402,CUST00614,2025-09-12,29.0,Successful,Credit Card
PAY0004271,INV0004403,CUST00614,2025-10-03,29.0,Successful,Credit Card
PAY0004272,INV0004404,CUST00614,2025-11-03,29.0,Successful,Bank Transfer
PAY0004273,INV0004405,CUST00614,2025-12-12,29.0,Successful,Debit Card
PAY0004274,INV0004406,CUST00614,2026-01-05,29.0,Successful,Debit Card
PAY0004275,INV0004407,CUST00615,2025-06-05,199.0,Successful,ACH
PAY0004276,INV0004408,CUST00615,2025-07-06,199.0,Successful,Bank Transfer
PAY0004277,INV0004409,CUST00615,2025-07-28,199.0,Successful,Bank Transfer
PAY0004278,INV0004410,CUST00615,2025-09-02,199.0,Successful,Bank Transfer
PAY0004279,INV0004411,CUST00615,2025-10-01,199.0,Successful,Credit Card
PAY0004280,INV0004412,CUST00615,2025-10-23,199.0,Successful,Bank Transfer
PAY0004281,INV0004413,CUST00615,2025-12-05,199.0,Successful,Bank Transfer
PAY0004282,INV0004414,CUST00615,2025-12-24,199.0,Successful,Credit Card
PAY0004283,INV0004415,CUST00616,2025-06-29,805.8,Failed,ACH
PAY0004284,INV0004417,CUST00617,2024-06-19,199.0,Successful,Credit Card
PAY0004285,INV0004418,CUST00617,2024-07-30,199.0,Successful,Debit Card
PAY0004286,INV0004419,CUST00617,2024-08-30,199.0,Successful,Credit Card
PAY0004287,INV0004420,CUST00617,2024-09-30,199.0,Successful,Credit Card
PAY0004288,INV0004421,CUST00617,2024-10-30,199.0,Successful,Credit Card
PAY0004289,INV0004423,CUST00618,2025-08-20,29.0,Successful,Bank Transfer
PAY0004290,INV0004424,CUST00618,2025-09-22,29.0,Successful,ACH
PAY0004291,INV0004425,CUST00618,2025-10-21,29.0,Successful,ACH
PAY0004292,INV0004426,CUST00618,2025-11-17,29.0,Successful,Credit Card
PAY0004293,INV0004427,CUST00618,2025-12-22,29.0,Successful,ACH
PAY0004294,INV0004428,CUST00619,2024-01-30,79.0,Successful,ACH
PAY0004295,INV0004429,CUST00619,2024-03-04,79.0,Successful,ACH
PAY0004296,INV0004430,CUST00619,2024-04-01,29.0,Successful,ACH
PAY0004297,INV0004431,CUST00619,2024-04-19,29.0,Successful,Debit Card
PAY0004298,INV0004432,CUST00619,2024-06-01,29.0,Successful,Bank Transfer
PAY0004299,INV0004433,CUST00619,2024-07-03,29.0,Successful,Bank Transfer
PAY0004300,INV0004434,CUST00619,2024-07-26,29.0,Successful,Debit Card
PAY0004301,INV0004435,CUST00619,2024-08-20,29.0,Failed,Debit Card
PAY0004302,INV0004436,CUST00619,2024-10-03,29.0,Successful,Debit Card
PAY0004303,INV0004437,CUST00619,2024-10-22,29.0,Successful,Bank Transfer
PAY0004304,INV0004438,CUST00619,2024-11-27,29.0,Successful,Bank Transfer
PAY0004305,INV0004439,CUST00619,2024-12-29,29.0,Successful,Debit Card
PAY0004306,INV0004440,CUST00619,2025-02-01,29.0,Successful,Debit Card
PAY0004307,INV0004441,CUST00619,2025-03-04,29.0,Successful,ACH
PAY0004308,INV0004442,CUST00619,2025-03-24,29.0,Successful,Bank Transfer
PAY0004309,INV0004443,CUST00619,2025-04-19,29.0,Successful,Bank Transfer
PAY0004310,INV0004444,CUST00619,2025-06-02,29.0,Successful,Bank Transfer
PAY0004311,INV0004445,CUST00619,2025-06-19,29.0,Successful,Bank Transfer
PAY0004312,INV0004446,CUST00620,2024-03-09,805.8,Successful,Debit Card
PAY0004313,INV0004447,CUST00620,2025-03-03,805.8,Successful,Credit Card
PAY0004314,INV0004448,CUST00621,2025-03-12,805.8,Successful,Debit Card
PAY0004315,INV0004449,CUST00622,2024-10-22,79.0,Successful,Debit Card
PAY0004316,INV0004451,CUST00622,2024-12-25,79.0,Successful,Credit Card
PAY0004317,INV0004452,CUST00622,2025-01-20,79.0,Successful,Credit Card
PAY0004318,INV0004453,CUST00622,2025-02-18,79.0,Successful,Credit Card
PAY0004319,INV0004454,CUST00622,2025-03-24,79.0,Successful,Credit Card
PAY0004320,INV0004455,CUST00622,2025-04-14,79.0,Successful,Bank Transfer
PAY0004321,INV0004456,CUST00622,2025-05-24,79.0,Successful,Credit Card
PAY0004322,INV0004457,CUST00622,2025-06-20,79.0,Successful,ACH
PAY0004323,INV0004458,CUST00622,2025-07-21,79.0,Successful,ACH
PAY0004324,INV0004459,CUST00622,2025-08-25,79.0,Failed,Debit Card
PAY0004325,INV0004460,CUST00622,2025-09-26,79.0,Failed,ACH
PAY0004326,INV0004461,CUST00622,2025-10-21,79.0,Successful,Debit Card
PAY0004327,INV0004462,CUST00622,2025-11-20,79.0,Successful,ACH
PAY0004328,INV0004463,CUST00622,2025-12-16,79.0,Successful,ACH
PAY0004329,INV0004464,CUST00623,2024-06-14,29.0,Successful,Credit Card
PAY0004330,INV0004465,CUST00623,2024-07-13,29.0,Successful,Bank Transfer
PAY0004331,INV0004466,CUST00623,2024-08-21,29.0,Successful,Bank Transfer
PAY0004332,INV0004467,CUST00623,2024-09-23,29.0,Successful,Bank Transfer
PAY0004333,INV0004468,CUST00623,2024-10-16,29.0,Successful,Debit Card
PAY0004334,INV0004469,CUST00623,2024-11-23,29.0,Successful,ACH
PAY0004335,INV0004470,CUST00623,2024-12-10,29.0,Successful,Credit Card
PAY0004336,INV0004471,CUST00623,2025-01-19,29.0,Successful,Bank Transfer
PAY0004337,INV0004472,CUST00623,2025-02-16,29.0,Successful,Debit Card
PAY0004338,INV0004473,CUST00623,2025-03-18,29.0,Successful,Bank Transfer
PAY0004339,INV0004474,CUST00623,2025-04-11,29.0,Successful,Debit Card
PAY0004340,INV0004475,CUST00623,2025-05-18,29.0,Successful,Credit Card
PAY0004341,INV0004476,CUST00624,2024-11-22,79.0,Successful,Credit Card
PAY0004342,INV0004477,CUST00624,2024-12-16,79.0,Successful,Debit Card
PAY0004343,INV0004478,CUST00624,2025-01-25,79.0,Successful,Credit Card
PAY0004344,INV0004479,CUST00624,2025-02-27,79.0,Successful,Bank Transfer
PAY0004345,INV0004480,CUST00624,2025-03-23,79.0,Successful,Bank Transfer
PAY0004346,INV0004481,CUST00624,2025-04-14,79.0,Successful,Debit Card
PAY0004347,INV0004482,CUST00624,2025-05-22,79.0,Successful,ACH
PAY0004348,INV0004483,CUST00624,2025-06-18,79.0,Successful,Bank Transfer
PAY0004349,INV0004484,CUST00624,2025-07-20,79.0,Successful,ACH
PAY0004350,INV0004485,CUST00624,2025-08-23,79.0,Successful,Debit Card
PAY0004351,INV0004486,CUST00624,2025-09-16,79.0,Successful,ACH
PAY0004352,INV0004487,CUST00624,2025-10-27,79.0,Successful,Debit Card
PAY0004353,INV0004488,CUST00625,2024-03-15,29.0,Successful,Credit Card
PAY0004354,INV0004489,CUST00625,2024-04-01,29.0,Successful,ACH
PAY0004355,INV0004490,CUST00625,2024-05-12,29.0,Successful,Bank Transfer
PAY0004356,INV0004491,CUST00626,2024-11-18,295.8,Successful,Debit Card
PAY0004357,INV0004492,CUST00627,2024-01-23,805.8,Successful,Debit Card
PAY0004358,INV0004493,CUST00627,2025-01-23,805.8,Successful,ACH
PAY0004359,INV0004494,CUST00628,2025-01-04,29.0,Successful,Credit Card
PAY0004360,INV0004495,CUST00628,2025-01-28,29.0,Successful,Credit Card
PAY0004361,INV0004496,CUST00628,2025-03-01,29.0,Successful,Bank Transfer
PAY0004362,INV0004497,CUST00628,2025-03-30,29.0,Successful,ACH
PAY0004363,INV0004498,CUST00628,2025-05-04,29.0,Successful,ACH
PAY0004364,INV0004499,CUST00628,2025-05-25,29.0,Successful,Credit Card
PAY0004365,INV0004500,CUST00629,2024-07-04,805.8,Successful,Credit Card
PAY0004366,INV0004501,CUST00630,2024-05-02,79.0,Successful,Bank Transfer
PAY0004367,INV0004502,CUST00630,2024-06-03,79.0,Successful,ACH
PAY0004368,INV0004503,CUST00630,2024-07-05,79.0,Successful,Credit Card
PAY0004369,INV0004504,CUST00630,2024-08-03,79.0,Successful,Credit Card
PAY0004370,INV0004505,CUST00630,2024-09-07,79.0,Successful,ACH
PAY0004371,INV0004506,CUST00630,2024-10-04,79.0,Successful,ACH
PAY0004372,INV0004507,CUST00630,2024-11-03,79.0,Successful,Bank Transfer
PAY0004373,INV0004508,CUST00630,2024-12-09,79.0,Successful,Bank Transfer
PAY0004374,INV0004509,CUST00630,2025-01-05,79.0,Refunded,ACH
PAY0004375,INV0004510,CUST00630,2025-02-02,79.0,Successful,Credit Card
PAY0004376,INV0004511,CUST00630,2025-03-13,79.0,Successful,Credit Card
PAY0004377,INV0004512,CUST00630,2025-03-31,79.0,Successful,Credit Card
PAY0004378,INV0004513,CUST00630,2025-05-07,79.0,Successful,Credit Card
PAY0004379,INV0004514,CUST00630,2025-06-11,79.0,Successful,Bank Transfer
PAY0004380,INV0004515,CUST00630,2025-07-13,79.0,Successful,Debit Card
PAY0004381,INV0004516,CUST00630,2025-08-06,79.0,Successful,ACH
PAY0004382,INV0004517,CUST00630,2025-09-12,79.0,Successful,ACH
PAY0004383,INV0004518,CUST00630,2025-10-13,79.0,Successful,Bank Transfer
PAY0004384,INV0004519,CUST00631,2024-10-11,29.0,Successful,Bank Transfer
PAY0004385,INV0004520,CUST00631,2024-11-13,29.0,Successful,ACH
PAY0004386,INV0004521,CUST00631,2024-12-08,29.0,Successful,ACH
PAY0004387,INV0004522,CUST00631,2025-01-17,29.0,Successful,ACH
PAY0004388,INV0004523,CUST00631,2025-02-11,29.0,Successful,Bank Transfer
PAY0004389,INV0004524,CUST00631,2025-03-18,29.0,Successful,ACH
PAY0004390,INV0004525,CUST00631,2025-04-08,29.0,Successful,Credit Card
PAY0004391,INV0004526,CUST00631,2025-05-18,29.0,Successful,ACH
PAY0004392,INV0004527,CUST00631,2025-06-20,29.0,Successful,Credit Card
PAY0004393,INV0004528,CUST00631,2025-07-06,29.0,Successful,ACH
PAY0004394,INV0004529,CUST00631,2025-08-09,29.0,Successful,Debit Card
PAY0004395,INV0004531,CUST00631,2025-10-16,29.0,Successful,Credit Card
PAY0004396,INV0004532,CUST00631,2025-11-19,29.0,Successful,Debit Card
PAY0004397,INV0004533,CUST00631,2025-12-20,29.0,Successful,Credit Card
PAY0004398,INV0004534,CUST00632,2025-06-03,805.8,Successful,Debit Card
PAY0004399,INV0004535,CUST00633,2025-01-16,29.0,Successful,Bank Transfer
PAY0004400,INV0004536,CUST00633,2025-02-21,29.0,Successful,Bank Transfer
PAY0004401,INV0004537,CUST00633,2025-03-25,29.0,Successful,Debit Card
PAY0004402,INV0004538,CUST00633,2025-04-26,29.0,Successful,Bank Transfer
PAY0004403,INV0004539,CUST00633,2025-05-16,29.0,Successful,Debit Card
PAY0004404,INV0004540,CUST00633,2025-06-14,29.0,Successful,Debit Card
PAY0004405,INV0004541,CUST00633,2025-07-16,29.0,Successful,Credit Card
PAY0004406,INV0004542,CUST00633,2025-08-24,29.0,Successful,Credit Card
PAY0004407,INV0004543,CUST00633,2025-09-15,29.0,Successful,Debit Card
PAY0004408,INV0004544,CUST00633,2025-10-14,29.0,Successful,Credit Card
PAY0004409,INV0004545,CUST00633,2025-11-21,29.0,Successful,Bank Transfer
PAY0004410,INV0004546,CUST00633,2025-12-26,29.0,Successful,Debit Card
PAY0004411,INV0004547,CUST00634,2024-08-29,29.0,Successful,Bank Transfer
PAY0004412,INV0004548,CUST00634,2024-09-30,29.0,Successful,Bank Transfer
PAY0004413,INV0004549,CUST00634,2024-11-02,29.0,Successful,Bank Transfer
PAY0004414,INV0004550,CUST00634,2024-11-24,29.0,Successful,Bank Transfer
PAY0004415,INV0004551,CUST00634,2024-12-26,29.0,Successful,ACH
PAY0004416,INV0004552,CUST00634,2025-01-26,29.0,Successful,Bank Transfer
PAY0004417,INV0004553,CUST00635,2024-09-17,295.8,Successful,ACH
PAY0004418,INV0004554,CUST00635,2025-09-09,295.8,Successful,Bank Transfer
PAY0004419,INV0004555,CUST00636,2024-07-13,79.0,Successful,Credit Card
PAY0004420,INV0004556,CUST00636,2024-08-11,79.0,Successful,Bank Transfer
PAY0004421,INV0004557,CUST00636,2024-09-13,79.0,Successful,Credit Card
PAY0004422,INV0004558,CUST00636,2024-10-06,79.0,Successful,Debit Card
PAY0004423,INV0004559,CUST00636,2024-11-13,79.0,Successful,Debit Card
PAY0004424,INV0004560,CUST00636,2024-12-17,79.0,Failed,Debit Card
PAY0004425,INV0004561,CUST00636,2025-01-12,79.0,Successful,Debit Card
PAY0004426,INV0004562,CUST00636,2025-02-17,79.0,Successful,Credit Card
PAY0004427,INV0004563,CUST00636,2025-03-15,79.0,Successful,Credit Card
PAY0004428,INV0004564,CUST00636,2025-04-06,79.0,Successful,Debit Card
PAY0004429,INV0004565,CUST00636,2025-05-05,79.0,Successful,ACH
PAY0004430,INV0004566,CUST00636,2025-06-06,79.0,Successful,Debit Card
PAY0004431,INV0004567,CUST00637,2024-08-22,295.8,Successful,Credit Card
PAY0004432,INV0004568,CUST00637,2025-08-28,295.8,Successful,Bank Transfer
PAY0004433,INV0004569,CUST00638,2024-10-17,199.0,Successful,Debit Card
PAY0004434,INV0004570,CUST00638,2024-11-14,199.0,Successful,ACH
PAY0004435,INV0004571,CUST00638,2024-12-17,199.0,Successful,Credit Card
PAY0004436,INV0004572,CUST00639,2024-07-10,79.0,Successful,Bank Transfer
PAY0004437,INV0004573,CUST00639,2024-08-17,79.0,Successful,Bank Transfer
PAY0004438,INV0004575,CUST00640,2024-03-26,805.8,Successful,Bank Transfer
PAY0004439,INV0004576,CUST00640,2025-03-26,805.8,Successful,Credit Card
PAY0004440,INV0004577,CUST00641,2024-12-13,79.0,Successful,ACH
PAY0004441,INV0004578,CUST00641,2025-01-10,79.0,Successful,Debit Card
PAY0004442,INV0004579,CUST00641,2025-02-02,79.0,Successful,Credit Card
PAY0004443,INV0004580,CUST00642,2024-10-31,295.8,Successful,Credit Card
PAY0004444,INV0004581,CUST00643,2025-04-23,805.8,Failed,Credit Card
PAY0004445,INV0004582,CUST00644,2025-07-22,199.0,Successful,Bank Transfer
PAY0004446,INV0004583,CUST00644,2025-08-22,199.0,Successful,Bank Transfer
PAY0004447,INV0004584,CUST00644,2025-09-17,199.0,Successful,ACH
PAY0004448,INV0004585,CUST00644,2025-10-19,199.0,Successful,Bank Transfer
PAY0004449,INV0004586,CUST00644,2025-11-26,199.0,Successful,Credit Card
PAY0004450,INV0004587,CUST00644,2025-12-18,199.0,Successful,Debit Card
PAY0004451,INV0004588,CUST00645,2024-02-05,29.0,Successful,ACH
PAY0004452,INV0004589,CUST00645,2024-02-27,29.0,Successful,Debit Card
PAY0004453,INV0004590,CUST00645,2024-04-08,29.0,Successful,Credit Card
PAY0004454,INV0004591,CUST00645,2024-05-10,29.0,Successful,Debit Card
PAY0004455,INV0004592,CUST00645,2024-06-06,29.0,Successful,ACH
PAY0004456,INV0004593,CUST00645,2024-06-27,29.0,Successful,Bank Transfer
PAY0004457,INV0004594,CUST00645,2024-08-08,29.0,Successful,Debit Card
PAY0004458,INV0004595,CUST00645,2024-09-09,29.0,Successful,Credit Card
PAY0004459,INV0004596,CUST00645,2024-10-03,29.0,Successful,Bank Transfer
PAY0004460,INV0004597,CUST00645,2024-10-27,29.0,Successful,Credit Card
PAY0004461,INV0004598,CUST00645,2024-12-07,29.0,Successful,Debit Card
PAY0004462,INV0004599,CUST00645,2025-01-08,29.0,Successful,Bank Transfer
PAY0004463,INV0004600,CUST00645,2025-02-07,29.0,Successful,Credit Card
PAY0004464,INV0004601,CUST00645,2025-03-10,29.0,Successful,Credit Card
PAY0004465,INV0004602,CUST00645,2025-04-01,29.0,Successful,Debit Card
PAY0004466,INV0004603,CUST00645,2025-04-26,29.0,Successful,Credit Card
PAY0004467,INV0004604,CUST00645,2025-06-06,29.0,Successful,Bank Transfer
PAY0004468,INV0004605,CUST00645,2025-06-29,29.0,Successful,Debit Card
PAY0004469,INV0004606,CUST00645,2025-08-09,29.0,Successful,Bank Transfer
PAY0004470,INV0004607,CUST00645,2025-08-29,29.0,Successful,Debit Card
PAY0004471,INV0004608,CUST00645,2025-10-10,29.0,Successful,ACH
PAY0004472,INV0004609,CUST00645,2025-10-27,29.0,Successful,ACH
PAY0004473,INV0004610,CUST00645,2025-11-27,29.0,Successful,Bank Transfer
PAY0004474,INV0004611,CUST00645,2025-12-28,29.0,Successful,Credit Card
PAY0004475,INV0004612,CUST00646,2024-12-15,805.8,Successful,Debit Card
PAY0004476,INV0004613,CUST00646,2025-12-16,805.8,Successful,Debit Card
PAY0004477,INV0004614,CUST00647,2024-04-22,295.8,Successful,ACH
PAY0004478,INV0004615,CUST00648,2024-06-08,199.0,Successful,Credit Card
PAY0004479,INV0004616,CUST00648,2024-06-29,199.0,Successful,ACH
PAY0004480,INV0004617,CUST00648,2024-08-06,199.0,Successful,Credit Card
PAY0004481,INV0004618,CUST00648,2024-08-29,199.0,Successful,Credit Card
PAY0004482,INV0004619,CUST00648,2024-09-29,199.0,Successful,ACH
PAY0004483,INV0004620,CUST00648,2024-11-03,199.0,Successful,ACH
PAY0004484,INV0004621,CUST00648,2024-11-28,199.0,Successful,Credit Card
PAY0004485,INV0004622,CUST00648,2024-12-27,199.0,Successful,Debit Card
PAY0004486,INV0004623,CUST00648,2025-02-09,199.0,Successful,Credit Card
PAY0004487,INV0004624,CUST00648,2025-03-03,199.0,Successful,Bank Transfer
PAY0004488,INV0004625,CUST00648,2025-04-02,199.0,Successful,Debit Card
PAY0004489,INV0004626,CUST00648,2025-04-26,199.0,Successful,Credit Card
PAY0004490,INV0004627,CUST00649,2025-06-30,29.0,Successful,Bank Transfer
PAY0004491,INV0004628,CUST00649,2025-07-19,29.0,Successful,Credit Card
PAY0004492,INV0004629,CUST00649,2025-08-21,29.0,Successful,Debit Card
PAY0004493,INV0004630,CUST00649,2025-09-27,29.0,Successful,Credit Card
PAY0004494,INV0004631,CUST00649,2025-10-28,29.0,Successful,Credit Card
PAY0004495,INV0004632,CUST00649,2025-11-18,29.0,Failed,ACH
PAY0004496,INV0004633,CUST00649,2025-12-23,29.0,Successful,Bank Transfer
PAY0004497,INV0004634,CUST00650,2025-09-01,29.0,Successful,Credit Card
PAY0004498,INV0004635,CUST00650,2025-09-27,29.0,Successful,ACH
PAY0004499,INV0004636,CUST00650,2025-10-24,29.0,Successful,Debit Card
PAY0004500,INV0004637,CUST00650,2025-12-01,29.0,Successful,ACH
PAY0004501,INV0004638,CUST00650,2025-12-18,29.0,Successful,Credit Card
PAY0004502,INV0004639,CUST00651,2024-03-30,79.0,Successful,Credit Card
PAY0004503,INV0004640,CUST00651,2024-05-02,79.0,Failed,Bank Transfer
PAY0004504,INV0004641,CUST00651,2024-05-19,79.0,Successful,ACH
PAY0004505,INV0004642,CUST00651,2024-06-19,79.0,Successful,Bank Transfer
PAY0004506,INV0004643,CUST00651,2024-07-26,79.0,Failed,Credit Card
PAY0004507,INV0004644,CUST00651,2024-08-28,79.0,Successful,Credit Card
PAY0004508,INV0004645,CUST00652,2024-08-31,29.0,Successful,Credit Card
PAY0004509,INV0004646,CUST00652,2024-10-12,29.0,Successful,Credit Card
PAY0004510,INV0004647,CUST00652,2024-10-31,29.0,Successful,Credit Card
PAY0004511,INV0004648,CUST00652,2024-12-08,29.0,Successful,ACH
PAY0004512,INV0004650,CUST00652,2025-02-14,29.0,Successful,ACH
PAY0004513,INV0004651,CUST00652,2025-03-05,29.0,Successful,Debit Card
PAY0004514,INV0004652,CUST00652,2025-03-31,29.0,Successful,Debit Card
PAY0004515,INV0004653,CUST00652,2025-05-13,29.0,Successful,Debit Card
PAY0004516,INV0004654,CUST00652,2025-06-11,29.0,Successful,ACH
PAY0004517,INV0004655,CUST00652,2025-07-10,29.0,Successful,ACH
PAY0004518,INV0004656,CUST00652,2025-08-01,29.0,Successful,Credit Card
PAY0004519,INV0004657,CUST00653,2025-12-29,29.0,Successful,Debit Card
PAY0004520,INV0004658,CUST00654,2024-08-30,29.0,Successful,Bank Transfer
PAY0004521,INV0004659,CUST00654,2024-10-11,29.0,Successful,Bank Transfer
PAY0004522,INV0004660,CUST00654,2024-10-30,79.0,Successful,Credit Card
PAY0004523,INV0004661,CUST00654,2024-12-11,79.0,Successful,Bank Transfer
PAY0004524,INV0004662,CUST00654,2025-01-11,79.0,Successful,ACH
PAY0004525,INV0004663,CUST00654,2025-02-03,79.0,Successful,ACH
PAY0004526,INV0004664,CUST00655,2024-06-09,29.0,Successful,Credit Card
PAY0004527,INV0004665,CUST00655,2024-07-23,29.0,Successful,Bank Transfer
PAY0004528,INV0004666,CUST00655,2024-08-13,29.0,Failed,ACH
PAY0004529,INV0004667,CUST00656,2024-05-12,29.0,Successful,Credit Card
PAY0004530,INV0004668,CUST00656,2024-06-13,29.0,Successful,ACH
PAY0004531,INV0004669,CUST00656,2024-07-09,29.0,Successful,Credit Card
PAY0004532,INV0004670,CUST00656,2024-08-06,29.0,Refunded,Credit Card
PAY0004533,INV0004671,CUST00656,2024-09-08,29.0,Successful,Bank Transfer
PAY0004534,INV0004672,CUST00656,2024-10-10,29.0,Successful,Bank Transfer
PAY0004535,INV0004673,CUST00656,2024-11-14,29.0,Successful,Bank Transfer
PAY0004536,INV0004674,CUST00656,2024-12-14,29.0,Successful,Bank Transfer
PAY0004537,INV0004675,CUST00656,2025-01-12,29.0,Successful,Credit Card
PAY0004538,INV0004676,CUST00656,2025-02-10,29.0,Successful,Debit Card
PAY0004539,INV0004677,CUST00656,2025-03-08,29.0,Successful,Bank Transfer
PAY0004540,INV0004678,CUST00656,2025-04-08,29.0,Successful,Debit Card
PAY0004541,INV0004679,CUST00657,2025-04-26,29.0,Successful,ACH
PAY0004542,INV0004680,CUST00657,2025-06-03,29.0,Successful,Bank Transfer
PAY0004543,INV0004681,CUST00657,2025-06-21,79.0,Successful,ACH
PAY0004544,INV0004682,CUST00657,2025-07-26,79.0,Successful,Debit Card
PAY0004545,INV0004683,CUST00657,2025-09-03,79.0,Successful,Bank Transfer
PAY0004546,INV0004684,CUST00657,2025-09-28,79.0,Successful,Credit Card
PAY0004547,INV0004686,CUST00659,2024-06-15,29.0,Successful,Credit Card
PAY0004548,INV0004687,CUST00659,2024-07-11,29.0,Successful,Credit Card
PAY0004549,INV0004688,CUST00659,2024-08-14,29.0,Successful,Credit Card
PAY0004550,INV0004689,CUST00659,2024-09-10,29.0,Successful,Bank Transfer
PAY0004551,INV0004690,CUST00659,2024-10-15,29.0,Successful,Bank Transfer
PAY0004552,INV0004691,CUST00659,2024-11-11,29.0,Successful,ACH
PAY0004553,INV0004692,CUST00660,2025-06-18,199.0,Failed,Credit Card
PAY0004554,INV0004693,CUST00660,2025-07-24,199.0,Successful,ACH
PAY0004555,INV0004694,CUST00660,2025-08-12,199.0,Successful,Credit Card
PAY0004556,INV0004695,CUST00660,2025-09-24,199.0,Successful,Debit Card
PAY0004557,INV0004696,CUST00660,2025-10-17,199.0,Successful,ACH
PAY0004558,INV0004697,CUST00660,2025-11-10,199.0,Successful,Credit Card
PAY0004559,INV0004698,CUST00660,2025-12-14,199.0,Successful,Bank Transfer
PAY0004560,INV0004699,CUST00661,2024-02-09,29.0,Successful,Debit Card
PAY0004561,INV0004700,CUST00661,2024-03-08,29.0,Successful,ACH
PAY0004562,INV0004701,CUST00661,2024-04-03,29.0,Successful,Credit Card
PAY0004563,INV0004702,CUST00662,2024-04-15,29.0,Successful,ACH
PAY0004564,INV0004703,CUST00662,2024-05-16,29.0,Successful,Debit Card
PAY0004565,INV0004704,CUST00662,2024-06-19,29.0,Successful,Bank Transfer
PAY0004566,INV0004705,CUST00662,2024-07-07,29.0,Successful,ACH
PAY0004567,INV0004706,CUST00662,2024-08-08,29.0,Successful,Credit Card
PAY0004568,INV0004707,CUST00662,2024-09-13,29.0,Successful,Bank Transfer
PAY0004569,INV0004708,CUST00662,2024-10-21,29.0,Successful,Debit Card
PAY0004570,INV0004709,CUST00662,2024-11-11,29.0,Successful,Debit Card
PAY0004571,INV0004710,CUST00662,2024-12-13,29.0,Successful,Bank Transfer
PAY0004572,INV0004711,CUST00662,2025-01-20,29.0,Successful,Bank Transfer
PAY0004573,INV0004712,CUST00662,2025-02-17,29.0,Refunded,Bank Transfer
PAY0004574,INV0004713,CUST00662,2025-03-11,29.0,Successful,Bank Transfer
PAY0004575,INV0004714,CUST00662,2025-04-10,29.0,Successful,Bank Transfer
PAY0004576,INV0004715,CUST00662,2025-05-21,29.0,Successful,ACH
PAY0004577,INV0004716,CUST00662,2025-06-14,29.0,Failed,ACH
PAY0004578,INV0004717,CUST00662,2025-07-09,29.0,Successful,ACH
PAY0004579,INV0004718,CUST00662,2025-08-10,29.0,Successful,Bank Transfer
PAY0004580,INV0004719,CUST00662,2025-09-15,29.0,Successful,Debit Card
PAY0004581,INV0004720,CUST00663,2024-01-20,79.0,Successful,Debit Card
PAY0004582,INV0004721,CUST00663,2024-02-28,79.0,Successful,ACH
PAY0004583,INV0004722,CUST00663,2024-03-16,79.0,Successful,Bank Transfer
PAY0004584,INV0004723,CUST00663,2024-04-15,79.0,Successful,Credit Card
PAY0004585,INV0004726,CUST00663,2024-07-15,79.0,Successful,Debit Card
PAY0004586,INV0004727,CUST00663,2024-08-26,79.0,Successful,Debit Card
PAY0004587,INV0004728,CUST00663,2024-09-27,79.0,Successful,Bank Transfer
PAY0004588,INV0004729,CUST00663,2024-10-17,79.0,Successful,Bank Transfer
PAY0004589,INV0004730,CUST00663,2024-11-19,79.0,Successful,Debit Card
PAY0004590,INV0004731,CUST00663,2024-12-28,79.0,Successful,Credit Card
PAY0004591,INV0004732,CUST00663,2025-01-26,79.0,Successful,Credit Card
PAY0004592,INV0004733,CUST00663,2025-02-19,79.0,Successful,ACH
PAY0004593,INV0004734,CUST00663,2025-03-21,79.0,Successful,Credit Card
PAY0004594,INV0004735,CUST00663,2025-04-20,79.0,Successful,Credit Card
PAY0004595,INV0004736,CUST00663,2025-05-25,79.0,Successful,Credit Card
PAY0004596,INV0004737,CUST00663,2025-06-20,79.0,Successful,Credit Card
PAY0004597,INV0004738,CUST00663,2025-07-25,79.0,Successful,Credit Card
PAY0004598,INV0004739,CUST00663,2025-08-16,79.0,Successful,Credit Card
PAY0004599,INV0004740,CUST00663,2025-09-28,79.0,Successful,Bank Transfer
PAY0004600,INV0004741,CUST00663,2025-10-22,79.0,Successful,ACH
PAY0004601,INV0004743,CUST00663,2025-12-22,79.0,Successful,Credit Card
PAY0004602,INV0004744,CUST00664,2024-08-04,199.0,Successful,Debit Card
PAY0004603,INV0004745,CUST00664,2024-09-01,199.0,Successful,ACH
PAY0004604,INV0004746,CUST00664,2024-10-01,199.0,Successful,Debit Card
PAY0004605,INV0004747,CUST00664,2024-10-31,199.0,Successful,Bank Transfer
PAY0004606,INV0004748,CUST00664,2024-11-30,199.0,Successful,ACH
PAY0004607,INV0004749,CUST00664,2025-01-04,199.0,Successful,ACH
PAY0004608,INV0004750,CUST00664,2025-01-27,199.0,Successful,Credit Card
PAY0004609,INV0004751,CUST00664,2025-03-03,199.0,Successful,Debit Card
PAY0004610,INV0004752,CUST00664,2025-04-05,199.0,Successful,Bank Transfer
PAY0004611,INV0004753,CUST00664,2025-04-25,199.0,Successful,Bank Transfer
PAY0004612,INV0004754,CUST00664,2025-05-22,199.0,Successful,Credit Card
PAY0004613,INV0004755,CUST00664,2025-06-28,199.0,Successful,Credit Card
PAY0004614,INV0004756,CUST00664,2025-07-31,199.0,Successful,Bank Transfer
PAY0004615,INV0004757,CUST00664,2025-08-27,199.0,Successful,Debit Card
PAY0004616,INV0004758,CUST00664,2025-10-01,199.0,Successful,ACH
PAY0004617,INV0004759,CUST00664,2025-10-28,199.0,Successful,Credit Card
PAY0004618,INV0004760,CUST00664,2025-12-06,199.0,Successful,ACH
PAY0004619,INV0004761,CUST00664,2025-12-26,199.0,Successful,ACH
PAY0004620,INV0004762,CUST00665,2025-08-24,79.0,Successful,Bank Transfer
PAY0004621,INV0004763,CUST00665,2025-09-24,79.0,Successful,Bank Transfer
PAY0004622,INV0004764,CUST00665,2025-10-26,79.0,Successful,Bank Transfer
PAY0004623,INV0004765,CUST00665,2025-11-20,79.0,Successful,ACH
PAY0004624,INV0004766,CUST00665,2026-01-02,79.0,Successful,Bank Transfer
PAY0004625,INV0004767,CUST00666,2024-08-05,805.8,Failed,Bank Transfer
PAY0004626,INV0004768,CUST00667,2024-12-10,199.0,Successful,Debit Card
PAY0004627,INV0004769,CUST00667,2025-01-14,199.0,Successful,Credit Card
PAY0004628,INV0004770,CUST00667,2025-02-09,199.0,Successful,ACH
PAY0004629,INV0004771,CUST00667,2025-03-12,199.0,Successful,Debit Card
PAY0004630,INV0004772,CUST00667,2025-04-08,199.0,Successful,ACH
PAY0004631,INV0004773,CUST00667,2025-05-06,199.0,Successful,ACH
PAY0004632,INV0004774,CUST00667,2025-06-11,199.0,Successful,Credit Card
PAY0004633,INV0004775,CUST00667,2025-07-20,199.0,Successful,Bank Transfer
PAY0004634,INV0004776,CUST00667,2025-08-08,199.0,Successful,Debit Card
PAY0004635,INV0004777,CUST00667,2025-09-18,199.0,Successful,Bank Transfer
PAY0004636,INV0004778,CUST00667,2025-10-13,199.0,Successful,Bank Transfer
PAY0004637,INV0004779,CUST00667,2025-11-08,199.0,Successful,Credit Card
PAY0004638,INV0004780,CUST00668,2025-02-10,79.0,Successful,ACH
PAY0004639,INV0004781,CUST00668,2025-03-10,79.0,Successful,ACH
PAY0004640,INV0004782,CUST00668,2025-04-17,79.0,Successful,Credit Card
PAY0004641,INV0004783,CUST00668,2025-05-23,79.0,Successful,Credit Card
PAY0004642,INV0004784,CUST00668,2025-06-18,79.0,Successful,Bank Transfer
PAY0004643,INV0004785,CUST00668,2025-07-16,79.0,Successful,Debit Card
PAY0004644,INV0004786,CUST00668,2025-08-10,79.0,Successful,ACH
PAY0004645,INV0004787,CUST00668,2025-09-21,79.0,Successful,ACH
PAY0004646,INV0004788,CUST00668,2025-10-20,79.0,Successful,ACH
PAY0004647,INV0004789,CUST00668,2025-11-19,79.0,Successful,Credit Card
PAY0004648,INV0004790,CUST00668,2025-12-10,79.0,Successful,Credit Card
PAY0004649,INV0004791,CUST00669,2025-01-02,79.0,Successful,Bank Transfer
PAY0004650,INV0004792,CUST00669,2025-02-04,79.0,Successful,Bank Transfer
PAY0004651,INV0004793,CUST00669,2025-03-09,79.0,Refunded,ACH
PAY0004652,INV0004794,CUST00669,2025-04-08,79.0,Successful,ACH
PAY0004653,INV0004795,CUST00669,2025-05-01,79.0,Successful,Credit Card
PAY0004654,INV0004796,CUST00669,2025-06-09,79.0,Successful,ACH
PAY0004655,INV0004797,CUST00669,2025-07-04,79.0,Successful,ACH
PAY0004656,INV0004798,CUST00669,2025-08-12,79.0,Successful,Bank Transfer
PAY0004657,INV0004799,CUST00669,2025-09-08,79.0,Successful,Bank Transfer
PAY0004658,INV0004800,CUST00669,2025-10-01,79.0,Successful,Credit Card
PAY0004659,INV0004801,CUST00669,2025-11-01,79.0,Successful,Bank Transfer
PAY0004660,INV0004802,CUST00669,2025-12-07,79.0,Successful,Bank Transfer
PAY0004661,INV0004803,CUST00670,2024-06-11,79.0,Successful,Credit Card
PAY0004662,INV0004804,CUST00670,2024-07-16,79.0,Successful,Debit Card
PAY0004663,INV0004805,CUST00670,2024-08-06,79.0,Successful,Debit Card
PAY0004664,INV0004806,CUST00670,2024-09-02,29.0,Successful,Bank Transfer
PAY0004665,INV0004807,CUST00670,2024-10-15,29.0,Successful,Bank Transfer
PAY0004666,INV0004808,CUST00670,2024-11-02,29.0,Successful,Credit Card
PAY0004667,INV0004809,CUST00671,2025-05-27,199.0,Successful,Bank Transfer
PAY0004668,INV0004810,CUST00671,2025-07-09,199.0,Refunded,ACH
PAY0004669,INV0004811,CUST00671,2025-07-29,199.0,Failed,Debit Card
PAY0004670,INV0004812,CUST00671,2025-09-03,199.0,Successful,Debit Card
PAY0004671,INV0004813,CUST00671,2025-10-10,199.0,Successful,Debit Card
PAY0004672,INV0004814,CUST00671,2025-10-26,199.0,Failed,Credit Card
PAY0004673,INV0004815,CUST00671,2025-12-07,199.0,Successful,Bank Transfer
PAY0004674,INV0004816,CUST00671,2025-12-30,199.0,Successful,Credit Card
PAY0004675,INV0004817,CUST00672,2024-10-19,295.8,Successful,ACH
PAY0004676,INV0004818,CUST00673,2025-10-22,29.0,Successful,ACH
PAY0004677,INV0004819,CUST00673,2025-11-14,29.0,Successful,Debit Card
PAY0004678,INV0004820,CUST00673,2025-12-22,29.0,Successful,Credit Card
PAY0004679,INV0004821,CUST00674,2026-01-10,805.8,Successful,Credit Card
PAY0004680,INV0004822,CUST00675,2025-08-17,79.0,Successful,ACH
PAY0004681,INV0004823,CUST00675,2025-09-12,79.0,Successful,Bank Transfer
PAY0004682,INV0004824,CUST00675,2025-10-11,79.0,Successful,Bank Transfer
PAY0004683,INV0004825,CUST00675,2025-11-12,79.0,Successful,Debit Card
PAY0004684,INV0004826,CUST00675,2025-12-15,79.0,Successful,Credit Card
PAY0004685,INV0004827,CUST00676,2024-11-28,199.0,Successful,Debit Card
PAY0004686,INV0004828,CUST00676,2024-12-24,199.0,Successful,Bank Transfer
PAY0004687,INV0004829,CUST00676,2025-01-27,199.0,Successful,Credit Card
PAY0004688,INV0004830,CUST00676,2025-03-08,199.0,Successful,Bank Transfer
PAY0004689,INV0004831,CUST00676,2025-03-25,199.0,Successful,Debit Card
PAY0004690,INV0004832,CUST00676,2025-05-03,199.0,Successful,Bank Transfer
PAY0004691,INV0004833,CUST00676,2025-05-26,199.0,Successful,Credit Card
PAY0004692,INV0004834,CUST00676,2025-06-24,199.0,Successful,Bank Transfer
PAY0004693,INV0004835,CUST00676,2025-08-06,199.0,Successful,Debit Card
PAY0004694,INV0004836,CUST00676,2025-09-01,199.0,Successful,Debit Card
PAY0004695,INV0004837,CUST00676,2025-10-01,199.0,Successful,Debit Card
PAY0004696,INV0004838,CUST00676,2025-10-24,199.0,Refunded,Credit Card
PAY0004697,INV0004839,CUST00676,2025-12-07,199.0,Successful,Credit Card
PAY0004698,INV0004840,CUST00676,2026-01-06,199.0,Successful,Bank Transfer
PAY0004699,INV0004841,CUST00677,2024-03-07,805.8,Successful,Credit Card
PAY0004700,INV0004842,CUST00678,2024-06-23,295.8,Successful,Bank Transfer
PAY0004701,INV0004843,CUST00678,2025-06-14,295.8,Failed,Credit Card
PAY0004702,INV0004844,CUST00679,2024-08-16,79.0,Successful,Credit Card
PAY0004703,INV0004845,CUST00679,2024-09-27,79.0,Successful,ACH
PAY0004704,INV0004846,CUST00679,2024-10-23,79.0,Successful,Credit Card
PAY0004705,INV0004847,CUST00679,2024-11-25,79.0,Refunded,Bank Transfer
PAY0004706,INV0004848,CUST00679,2024-12-25,79.0,Successful,Debit Card
PAY0004707,INV0004849,CUST00679,2025-01-17,79.0,Successful,ACH
PAY0004708,INV0004850,CUST00679,2025-02-25,79.0,Successful,Credit Card
PAY0004709,INV0004851,CUST00679,2025-03-25,79.0,Successful,Bank Transfer
PAY0004710,INV0004852,CUST00679,2025-04-19,79.0,Successful,Credit Card
PAY0004711,INV0004853,CUST00679,2025-05-26,79.0,Successful,ACH
PAY0004712,INV0004854,CUST00679,2025-06-22,79.0,Successful,Credit Card
PAY0004713,INV0004855,CUST00679,2025-07-27,79.0,Successful,Bank Transfer
PAY0004714,INV0004856,CUST00679,2025-08-27,79.0,Successful,Bank Transfer
PAY0004715,INV0004857,CUST00679,2025-09-14,79.0,Failed,Bank Transfer
PAY0004716,INV0004858,CUST00679,2025-10-17,79.0,Successful,Credit Card
PAY0004717,INV0004859,CUST00679,2025-11-27,79.0,Successful,Debit Card
PAY0004718,INV0004860,CUST00679,2025-12-13,79.0,Successful,ACH
PAY0004719,INV0004861,CUST00680,2024-07-09,29.0,Successful,ACH
PAY0004720,INV0004862,CUST00680,2024-08-06,29.0,Refunded,Credit Card
PAY0004721,INV0004863,CUST00680,2024-09-07,29.0,Successful,Bank Transfer
PAY0004722,INV0004864,CUST00680,2024-10-03,29.0,Successful,Debit Card
PAY0004723,INV0004865,CUST00680,2024-11-10,29.0,Successful,Bank Transfer
PAY0004724,INV0004866,CUST00680,2024-12-09,29.0,Successful,Credit Card
PAY0004725,INV0004867,CUST00681,2025-09-06,29.0,Successful,Credit Card
PAY0004726,INV0004868,CUST00681,2025-10-09,29.0,Successful,Bank Transfer
PAY0004727,INV0004869,CUST00681,2025-10-30,29.0,Successful,ACH
PAY0004728,INV0004870,CUST00681,2025-12-05,29.0,Successful,Bank Transfer
PAY0004729,INV0004871,CUST00681,2026-01-07,29.0,Successful,Bank Transfer
PAY0004730,INV0004872,CUST00682,2025-08-14,295.8,Successful,Debit Card
PAY0004731,INV0004873,CUST00683,2025-07-24,2029.8,Successful,Bank Transfer
PAY0004732,INV0004874,CUST00684,2024-09-08,29.0,Successful,Bank Transfer
PAY0004733,INV0004875,CUST00684,2024-10-07,29.0,Successful,Debit Card
PAY0004734,INV0004876,CUST00684,2024-10-31,29.0,Successful,Credit Card
PAY0004735,INV0004877,CUST00684,2024-12-11,29.0,Successful,Debit Card
PAY0004736,INV0004878,CUST00684,2025-01-08,29.0,Successful,ACH
PAY0004737,INV0004879,CUST00684,2025-01-28,29.0,Successful,Bank Transfer
PAY0004738,INV0004880,CUST00684,2025-02-28,29.0,Successful,Debit Card
PAY0004739,INV0004881,CUST00684,2025-04-02,29.0,Successful,Credit Card
PAY0004740,INV0004882,CUST00684,2025-05-07,29.0,Successful,Debit Card
PAY0004741,INV0004883,CUST00684,2025-06-05,29.0,Successful,Bank Transfer
PAY0004742,INV0004884,CUST00684,2025-07-03,29.0,Successful,Debit Card
PAY0004743,INV0004885,CUST00684,2025-08-03,29.0,Successful,Credit Card
PAY0004744,INV0004886,CUST00685,2024-12-18,29.0,Successful,ACH
PAY0004745,INV0004887,CUST00685,2025-01-11,29.0,Successful,Debit Card
PAY0004746,INV0004888,CUST00685,2025-02-14,29.0,Successful,ACH
PAY0004747,INV0004889,CUST00685,2025-03-19,29.0,Successful,ACH
PAY0004748,INV0004890,CUST00685,2025-04-14,29.0,Successful,Debit Card
PAY0004749,INV0004891,CUST00685,2025-05-19,29.0,Successful,Credit Card
PAY0004750,INV0004892,CUST00685,2025-06-06,29.0,Successful,Credit Card
PAY0004751,INV0004894,CUST00685,2025-08-20,29.0,Successful,ACH
PAY0004752,INV0004895,CUST00685,2025-09-06,29.0,Successful,Debit Card
PAY0004753,INV0004896,CUST00685,2025-10-10,29.0,Successful,Bank Transfer
PAY0004754,INV0004897,CUST00685,2025-11-14,29.0,Successful,ACH
PAY0004755,INV0004898,CUST00685,2025-12-20,29.0,Successful,Credit Card
PAY0004756,INV0004899,CUST00686,2024-07-15,79.0,Successful,Debit Card
PAY0004757,INV0004900,CUST00686,2024-08-04,79.0,Successful,Debit Card
PAY0004758,INV0004901,CUST00686,2024-09-06,79.0,Successful,ACH
PAY0004759,INV0004902,CUST00686,2024-10-15,79.0,Successful,ACH
PAY0004760,INV0004903,CUST00686,2024-11-10,79.0,Successful,Credit Card
PAY0004761,INV0004904,CUST00686,2024-12-10,79.0,Successful,Credit Card
PAY0004762,INV0004905,CUST00686,2025-01-13,79.0,Successful,Credit Card
PAY0004763,INV0004906,CUST00686,2025-02-10,79.0,Successful,Debit Card
PAY0004764,INV0004907,CUST00686,2025-03-12,29.0,Successful,ACH
PAY0004765,INV0004908,CUST00686,2025-04-11,29.0,Successful,Bank Transfer
PAY0004766,INV0004909,CUST00686,2025-05-13,29.0,Successful,Debit Card
PAY0004767,INV0004910,CUST00686,2025-06-12,29.0,Successful,Bank Transfer
PAY0004768,INV0004911,CUST00686,2025-07-09,29.0,Failed,Bank Transfer
PAY0004769,INV0004912,CUST00686,2025-08-09,29.0,Successful,Credit Card
PAY0004770,INV0004913,CUST00686,2025-09-07,29.0,Successful,ACH
PAY0004771,INV0004914,CUST00686,2025-10-02,29.0,Successful,Debit Card
PAY0004772,INV0004915,CUST00686,2025-11-06,29.0,Successful,Debit Card
PAY0004773,INV0004916,CUST00686,2025-12-05,29.0,Successful,ACH
PAY0004774,INV0004917,CUST00687,2024-01-31,199.0,Successful,Bank Transfer
PAY0004775,INV0004918,CUST00687,2024-02-25,199.0,Successful,Debit Card
PAY0004776,INV0004919,CUST00687,2024-03-27,199.0,Successful,Credit Card
PAY0004777,INV0004920,CUST00688,2025-07-05,2029.8,Successful,Credit Card
PAY0004778,INV0004921,CUST00689,2025-09-07,29.0,Successful,Debit Card
PAY0004779,INV0004922,CUST00689,2025-10-02,29.0,Successful,Bank Transfer
PAY0004780,INV0004923,CUST00689,2025-10-26,29.0,Successful,ACH
PAY0004781,INV0004924,CUST00689,2025-12-08,29.0,Successful,ACH
PAY0004782,INV0004925,CUST00689,2026-01-01,29.0,Successful,Debit Card
PAY0004783,INV0004926,CUST00690,2025-04-07,29.0,Successful,Credit Card
PAY0004784,INV0004927,CUST00690,2025-04-28,29.0,Successful,Bank Transfer
PAY0004785,INV0004928,CUST00690,2025-06-07,29.0,Successful,Debit Card
PAY0004786,INV0004929,CUST00690,2025-06-27,29.0,Successful,ACH
PAY0004787,INV0004930,CUST00690,2025-08-07,29.0,Successful,Debit Card
PAY0004788,INV0004931,CUST00690,2025-08-26,29.0,Successful,Debit Card
PAY0004789,INV0004932,CUST00690,2025-10-06,29.0,Successful,ACH
PAY0004790,INV0004933,CUST00690,2025-10-26,29.0,Successful,ACH
PAY0004791,INV0004934,CUST00690,2025-12-01,29.0,Successful,ACH
PAY0004792,INV0004935,CUST00690,2025-12-30,29.0,Successful,ACH
PAY0004793,INV0004936,CUST00691,2025-12-31,199.0,Successful,Debit Card
PAY0004794,INV0004937,CUST00692,2024-08-19,805.8,Successful,Credit Card
PAY0004795,INV0004938,CUST00693,2025-12-15,29.0,Successful,ACH
PAY0004796,INV0004939,CUST00694,2025-08-12,79.0,Successful,ACH
PAY0004797,INV0004940,CUST00694,2025-09-15,79.0,Successful,Credit Card
PAY0004798,INV0004941,CUST00694,2025-10-06,79.0,Successful,Credit Card
PAY0004799,INV0004942,CUST00694,2025-11-13,79.0,Successful,Credit Card
PAY0004800,INV0004943,CUST00694,2025-12-15,79.0,Failed,ACH
PAY0004801,INV0004944,CUST00695,2025-10-28,29.0,Successful,Bank Transfer
PAY0004802,INV0004945,CUST00695,2025-12-01,29.0,Successful,Debit Card
PAY0004803,INV0004946,CUST00695,2025-12-23,29.0,Successful,ACH
PAY0004804,INV0004947,CUST00696,2024-09-06,29.0,Successful,ACH
PAY0004805,INV0004948,CUST00696,2024-10-02,29.0,Successful,Credit Card
PAY0004806,INV0004949,CUST00696,2024-11-10,29.0,Successful,Bank Transfer
PAY0004807,INV0004950,CUST00696,2024-12-13,29.0,Successful,ACH
PAY0004808,INV0004951,CUST00696,2024-12-31,29.0,Failed,Bank Transfer
PAY0004809,INV0004952,CUST00696,2025-02-11,29.0,Successful,Credit Card
PAY0004810,INV0004953,CUST00697,2026-01-01,29.0,Successful,Debit Card
PAY0004811,INV0004954,CUST00698,2024-01-18,79.0,Successful,ACH
PAY0004812,INV0004955,CUST00698,2024-02-27,79.0,Successful,Credit Card
PAY0004813,INV0004956,CUST00698,2024-03-13,79.0,Successful,Bank Transfer
PAY0004814,INV0004957,CUST00698,2024-04-20,79.0,Successful,Debit Card
PAY0004815,INV0004958,CUST00698,2024-05-21,79.0,Refunded,ACH
PAY0004816,INV0004959,CUST00698,2024-06-22,79.0,Successful,Credit Card
PAY0004817,INV0004960,CUST00698,2024-07-23,79.0,Successful,Credit Card
PAY0004818,INV0004961,CUST00698,2024-08-27,79.0,Successful,ACH
PAY0004819,INV0004962,CUST00698,2024-09-22,79.0,Successful,ACH
PAY0004820,INV0004963,CUST00698,2024-10-13,79.0,Successful,Credit Card
PAY0004821,INV0004964,CUST00698,2024-11-27,79.0,Successful,Credit Card
PAY0004822,INV0004965,CUST00698,2024-12-19,79.0,Refunded,ACH
PAY0004823,INV0004967,CUST00699,2025-09-30,295.8,Successful,Credit Card
PAY0004824,INV0004968,CUST00700,2025-04-04,29.0,Successful,Debit Card
PAY0004825,INV0004969,CUST00700,2025-04-30,29.0,Successful,Debit Card
PAY0004826,INV0004970,CUST00700,2025-06-04,29.0,Successful,Debit Card
PAY0004827,INV0004971,CUST00700,2025-07-09,29.0,Successful,Credit Card
PAY0004828,INV0004972,CUST00700,2025-08-08,29.0,Successful,Credit Card
PAY0004829,INV0004973,CUST00700,2025-08-31,29.0,Successful,Credit Card
PAY0004830,INV0004975,CUST00700,2025-11-01,29.0,Successful,Credit Card
PAY0004831,INV0004976,CUST00700,2025-12-09,29.0,Successful,Bank Transfer
PAY0004832,INV0004977,CUST00700,2026-01-05,29.0,Successful,Debit Card
PAY0004833,INV0004978,CUST00701,2025-02-01,79.0,Successful,ACH
PAY0004834,INV0004979,CUST00701,2025-02-28,79.0,Successful,Credit Card
PAY0004835,INV0004980,CUST00701,2025-04-06,79.0,Successful,Bank Transfer
PAY0004836,INV0004981,CUST00701,2025-05-06,79.0,Successful,ACH
PAY0004837,INV0004982,CUST00701,2025-06-06,79.0,Successful,ACH
PAY0004838,INV0004983,CUST00701,2025-06-24,79.0,Successful,Bank Transfer
PAY0004839,INV0004984,CUST00701,2025-07-25,79.0,Successful,Debit Card
PAY0004840,INV0004985,CUST00701,2025-08-30,79.0,Successful,Debit Card
PAY0004841,INV0004986,CUST00701,2025-10-03,79.0,Successful,Debit Card
PAY0004842,INV0004987,CUST00701,2025-10-26,79.0,Successful,Credit Card
PAY0004843,INV0004989,CUST00701,2025-12-23,79.0,Successful,Bank Transfer
PAY0004844,INV0004990,CUST00702,2025-08-15,295.8,Successful,Credit Card
PAY0004845,INV0004991,CUST00703,2024-03-25,29.0,Successful,Bank Transfer
PAY0004846,INV0004992,CUST00703,2024-04-20,29.0,Failed,Credit Card
PAY0004847,INV0004994,CUST00703,2024-06-20,29.0,Successful,Credit Card
PAY0004848,INV0004995,CUST00703,2024-07-27,29.0,Successful,Bank Transfer
PAY0004849,INV0004996,CUST00703,2024-08-31,29.0,Successful,Bank Transfer
PAY0004850,INV0004997,CUST00703,2024-09-26,29.0,Successful,Credit Card
PAY0004851,INV0004998,CUST00703,2024-10-28,29.0,Successful,Bank Transfer
PAY0004852,INV0004999,CUST00703,2024-11-23,29.0,Refunded,Debit Card
PAY0004853,INV0005000,CUST00703,2024-12-29,29.0,Successful,Credit Card
PAY0004854,INV0005001,CUST00703,2025-01-19,29.0,Successful,ACH
PAY0004855,INV0005002,CUST00703,2025-02-18,29.0,Successful,Bank Transfer
PAY0004856,INV0005003,CUST00703,2025-03-28,29.0,Successful,Credit Card
PAY0004857,INV0005004,CUST00703,2025-04-18,29.0,Successful,ACH
PAY0004858,INV0005005,CUST00703,2025-05-20,29.0,Successful,Credit Card
PAY0004859,INV0005006,CUST00703,2025-06-23,29.0,Successful,Debit Card
PAY0004860,INV0005007,CUST00703,2025-07-29,29.0,Successful,Debit Card
PAY0004861,INV0005009,CUST00704,2024-10-03,295.8,Successful,Bank Transfer
PAY0004862,INV0005010,CUST00704,2025-10-05,295.8,Successful,Credit Card
PAY0004863,INV0005011,CUST00705,2024-06-26,79.0,Successful,Bank Transfer
PAY0004864,INV0005012,CUST00705,2024-07-19,79.0,Successful,Credit Card
PAY0004865,INV0005013,CUST00705,2024-08-28,79.0,Successful,Bank Transfer
PAY0004866,INV0005014,CUST00705,2024-09-21,79.0,Successful,Credit Card
PAY0004867,INV0005015,CUST00705,2024-10-22,79.0,Refunded,Credit Card
PAY0004868,INV0005016,CUST00705,2024-11-26,79.0,Successful,Debit Card
PAY0004869,INV0005017,CUST00705,2024-12-26,79.0,Successful,Debit Card
PAY0004870,INV0005019,CUST00705,2025-02-23,79.0,Successful,Bank Transfer
PAY0004871,INV0005020,CUST00705,2025-03-26,79.0,Successful,ACH
PAY0004872,INV0005021,CUST00705,2025-04-18,79.0,Successful,Credit Card
PAY0004873,INV0005022,CUST00705,2025-05-16,79.0,Successful,Bank Transfer
PAY0004874,INV0005023,CUST00706,2024-12-13,79.0,Successful,Debit Card
PAY0004875,INV0005024,CUST00706,2025-01-21,79.0,Successful,Debit Card
PAY0004876,INV0005025,CUST00706,2025-02-15,79.0,Successful,Credit Card
PAY0004877,INV0005026,CUST00706,2025-03-20,79.0,Successful,Debit Card
PAY0004878,INV0005027,CUST00706,2025-04-27,79.0,Successful,Credit Card
PAY0004879,INV0005029,CUST00707,2025-03-23,79.0,Successful,Debit Card
PAY0004880,INV0005030,CUST00707,2025-04-28,79.0,Successful,Credit Card
PAY0004881,INV0005031,CUST00707,2025-05-28,79.0,Successful,Credit Card
PAY0004882,INV0005032,CUST00707,2025-06-29,79.0,Successful,Debit Card
PAY0004883,INV0005033,CUST00707,2025-07-20,79.0,Successful,Bank Transfer
PAY0004884,INV0005034,CUST00707,2025-09-01,79.0,Successful,Credit Card
PAY0004885,INV0005035,CUST00707,2025-09-29,79.0,Successful,Debit Card
PAY0004886,INV0005036,CUST00707,2025-10-24,79.0,Successful,Credit Card
PAY0004887,INV0005037,CUST00707,2025-11-24,79.0,Successful,Credit Card
PAY0004888,INV0005038,CUST00707,2025-12-30,79.0,Successful,Bank Transfer
PAY0004889,INV0005039,CUST00708,2024-06-15,79.0,Successful,Credit Card
PAY0004890,INV0005040,CUST00708,2024-07-13,79.0,Successful,Credit Card
PAY0004891,INV0005041,CUST00708,2024-08-20,79.0,Successful,Credit Card
PAY0004892,INV0005042,CUST00708,2024-09-24,79.0,Successful,Credit Card
PAY0004893,INV0005043,CUST00708,2024-10-16,79.0,Successful,Credit Card
PAY0004894,INV0005044,CUST00708,2024-11-12,79.0,Successful,Debit Card
PAY0004895,INV0005045,CUST00708,2024-12-22,79.0,Failed,Debit Card
PAY0004896,INV0005046,CUST00708,2025-01-21,29.0,Successful,ACH
PAY0004897,INV0005048,CUST00708,2025-03-12,29.0,Successful,Credit Card
PAY0004898,INV0005049,CUST00708,2025-04-13,29.0,Successful,Bank Transfer
PAY0004899,INV0005050,CUST00708,2025-05-18,29.0,Successful,Bank Transfer
PAY0004900,INV0005051,CUST00709,2025-03-01,29.0,Successful,Bank Transfer
PAY0004901,INV0005052,CUST00709,2025-04-07,29.0,Successful,Credit Card
PAY0004902,INV0005053,CUST00709,2025-05-05,29.0,Successful,Debit Card
PAY0004903,INV0005055,CUST00709,2025-06-30,29.0,Successful,Credit Card
PAY0004904,INV0005056,CUST00709,2025-07-28,29.0,Successful,ACH
PAY0004905,INV0005057,CUST00709,2025-08-24,29.0,Successful,Bank Transfer
PAY0004906,INV0005058,CUST00709,2025-09-27,29.0,Successful,Debit Card
PAY0004907,INV0005059,CUST00709,2025-11-02,29.0,Successful,Credit Card
PAY0004908,INV0005060,CUST00709,2025-12-03,29.0,Successful,Bank Transfer
PAY0004909,INV0005061,CUST00709,2026-01-06,29.0,Successful,Debit Card
PAY0004910,INV0005062,CUST00710,2025-11-21,199.0,Successful,ACH
PAY0004911,INV0005063,CUST00710,2025-12-12,199.0,Successful,Bank Transfer
PAY0004912,INV0005064,CUST00711,2025-08-23,29.0,Successful,ACH
PAY0004913,INV0005065,CUST00711,2025-09-17,29.0,Successful,ACH
PAY0004914,INV0005066,CUST00711,2025-10-10,29.0,Successful,Credit Card
PAY0004915,INV0005067,CUST00711,2025-11-16,29.0,Successful,Credit Card
PAY0004916,INV0005068,CUST00711,2025-12-23,29.0,Successful,Debit Card
PAY0004917,INV0005069,CUST00712,2024-01-19,29.0,Successful,Credit Card
PAY0004918,INV0005070,CUST00712,2024-02-14,29.0,Successful,ACH
PAY0004919,INV0005071,CUST00712,2024-03-13,29.0,Successful,Debit Card
PAY0004920,INV0005072,CUST00713,2024-08-04,805.8,Successful,ACH
PAY0004921,INV0005073,CUST00714,2024-03-27,79.0,Successful,Credit Card
PAY0004922,INV0005074,CUST00714,2024-04-28,79.0,Successful,ACH
PAY0004923,INV0005075,CUST00714,2024-06-07,79.0,Failed,Debit Card
PAY0004924,INV0005077,CUST00714,2024-07-30,79.0,Successful,Bank Transfer
PAY0004925,INV0005078,CUST00714,2024-08-30,79.0,Successful,ACH
PAY0004926,INV0005079,CUST00714,2024-10-02,79.0,Successful,Bank Transfer
PAY0004927,INV0005080,CUST00714,2024-11-03,79.0,Successful,Bank Transfer
PAY0004928,INV0005081,CUST00714,2024-12-02,79.0,Successful,ACH
PAY0004929,INV0005082,CUST00714,2025-01-08,79.0,Successful,ACH
PAY0004930,INV0005083,CUST00714,2025-01-30,79.0,Successful,Bank Transfer
PAY0004931,INV0005084,CUST00714,2025-03-04,79.0,Successful,ACH
PAY0004932,INV0005085,CUST00714,2025-04-08,79.0,Successful,Bank Transfer
PAY0004933,INV0005086,CUST00714,2025-04-26,79.0,Successful,ACH
PAY0004934,INV0005087,CUST00714,2025-05-27,79.0,Successful,ACH
PAY0004935,INV0005088,CUST00714,2025-07-09,79.0,Successful,Credit Card
PAY0004936,INV0005089,CUST00714,2025-08-08,79.0,Successful,ACH
PAY0004937,INV0005090,CUST00714,2025-09-07,79.0,Successful,Bank Transfer
PAY0004938,INV0005091,CUST00714,2025-09-30,79.0,Successful,ACH
PAY0004939,INV0005092,CUST00714,2025-10-31,79.0,Successful,Bank Transfer
PAY0004940,INV0005093,CUST00714,2025-12-08,79.0,Successful,Credit Card
PAY0004941,INV0005094,CUST00714,2025-12-29,79.0,Successful,ACH
PAY0004942,INV0005095,CUST00715,2025-05-07,29.0,Successful,ACH
PAY0004943,INV0005096,CUST00715,2025-05-29,29.0,Successful,ACH
PAY0004944,INV0005097,CUST00715,2025-07-12,29.0,Successful,ACH
PAY0004945,INV0005098,CUST00716,2024-07-18,29.0,Successful,Debit Card
PAY0004946,INV0005099,CUST00716,2024-08-22,29.0,Successful,ACH
PAY0004947,INV0005100,CUST00716,2024-09-12,29.0,Successful,Credit Card
PAY0004948,INV0005101,CUST00716,2024-10-15,29.0,Successful,Bank Transfer
PAY0004949,INV0005102,CUST00716,2024-11-23,29.0,Successful,Credit Card
PAY0004950,INV0005103,CUST00716,2024-12-23,29.0,Successful,Credit Card
PAY0004951,INV0005104,CUST00716,2025-01-17,29.0,Successful,Debit Card
PAY0004952,INV0005105,CUST00716,2025-02-10,29.0,Successful,Bank Transfer
PAY0004953,INV0005106,CUST00716,2025-03-23,29.0,Successful,ACH
PAY0004954,INV0005107,CUST00716,2025-04-14,29.0,Successful,ACH
PAY0004955,INV0005108,CUST00716,2025-05-11,29.0,Successful,Bank Transfer
PAY0004956,INV0005109,CUST00716,2025-06-22,29.0,Successful,Bank Transfer
PAY0004957,INV0005110,CUST00716,2025-07-23,29.0,Successful,Debit Card
PAY0004958,INV0005111,CUST00716,2025-08-23,29.0,Successful,Credit Card
PAY0004959,INV0005112,CUST00716,2025-09-15,29.0,Successful,Debit Card
PAY0004960,INV0005113,CUST00716,2025-10-16,29.0,Successful,Debit Card
PAY0004961,INV0005114,CUST00716,2025-11-15,29.0,Successful,Bank Transfer
PAY0004962,INV0005115,CUST00716,2025-12-16,29.0,Failed,ACH
PAY0004963,INV0005116,CUST00717,2024-02-26,29.0,Successful,ACH
PAY0004964,INV0005117,CUST00717,2024-03-29,29.0,Successful,Credit Card
PAY0004965,INV0005118,CUST00717,2024-04-30,29.0,Successful,ACH
PAY0004966,INV0005119,CUST00717,2024-05-26,29.0,Successful,Credit Card
PAY0004967,INV0005120,CUST00717,2024-06-30,29.0,Successful,Debit Card
PAY0004968,INV0005121,CUST00717,2024-07-17,29.0,Successful,ACH
PAY0004969,INV0005122,CUST00717,2024-08-29,29.0,Successful,Credit Card
PAY0004970,INV0005123,CUST00717,2024-09-25,29.0,Successful,Credit Card
PAY0004971,INV0005124,CUST00717,2024-10-19,29.0,Successful,Credit Card
PAY0004972,INV0005125,CUST00717,2024-11-18,29.0,Successful,Debit Card
PAY0004973,INV0005126,CUST00717,2024-12-22,29.0,Successful,ACH
PAY0004974,INV0005127,CUST00717,2025-01-24,29.0,Successful,Debit Card
PAY0004975,INV0005128,CUST00717,2025-02-16,29.0,Successful,Debit Card
PAY0004976,INV0005129,CUST00717,2025-03-26,29.0,Successful,Debit Card
PAY0004977,INV0005130,CUST00717,2025-04-27,29.0,Successful,ACH
PAY0004978,INV0005131,CUST00717,2025-05-29,29.0,Successful,Debit Card
PAY0004979,INV0005132,CUST00717,2025-06-18,29.0,Successful,Bank Transfer
PAY0004980,INV0005133,CUST00717,2025-07-25,29.0,Successful,Debit Card
PAY0004981,INV0005134,CUST00718,2025-08-15,29.0,Successful,Bank Transfer
PAY0004982,INV0005135,CUST00718,2025-09-14,29.0,Successful,Debit Card
PAY0004983,INV0005136,CUST00718,2025-10-04,29.0,Successful,Bank Transfer
PAY0004984,INV0005137,CUST00718,2025-11-08,29.0,Successful,Credit Card
PAY0004985,INV0005138,CUST00718,2025-12-02,29.0,Successful,Bank Transfer
PAY0004986,INV0005139,CUST00718,2026-01-14,29.0,Successful,Bank Transfer
PAY0004987,INV0005140,CUST00719,2024-03-30,79.0,Successful,Debit Card
PAY0004988,INV0005141,CUST00719,2024-05-02,79.0,Successful,Credit Card
PAY0004989,INV0005142,CUST00719,2024-06-12,79.0,Successful,Bank Transfer
PAY0004990,INV0005143,CUST00719,2024-07-09,79.0,Successful,Debit Card
PAY0004991,INV0005144,CUST00719,2024-08-06,79.0,Successful,Debit Card
PAY0004992,INV0005145,CUST00719,2024-09-11,79.0,Successful,Bank Transfer
PAY0004993,INV0005146,CUST00719,2024-10-11,79.0,Successful,ACH
PAY0004994,INV0005147,CUST00719,2024-11-05,79.0,Successful,Bank Transfer
PAY0004995,INV0005148,CUST00719,2024-12-01,79.0,Successful,Debit Card
PAY0004996,INV0005149,CUST00719,2024-12-31,79.0,Successful,Debit Card
PAY0004997,INV0005150,CUST00719,2025-02-06,79.0,Failed,Credit Card
PAY0004998,INV0005151,CUST00719,2025-03-05,79.0,Successful,Debit Card
PAY0004999,INV0005152,CUST00719,2025-04-08,79.0,Successful,Debit Card
PAY0005000,INV0005153,CUST00719,2025-05-09,79.0,Successful,Debit Card
PAY0005001,INV0005154,CUST00719,2025-06-03,79.0,Successful,Bank Transfer
PAY0005002,INV0005155,CUST00719,2025-07-13,79.0,Successful,ACH
PAY0005003,INV0005156,CUST00719,2025-08-08,79.0,Refunded,Bank Transfer
PAY0005004,INV0005157,CUST00719,2025-09-12,79.0,Successful,Bank Transfer
PAY0005005,INV0005158,CUST00719,2025-10-02,79.0,Successful,Credit Card
PAY0005006,INV0005159,CUST00719,2025-11-02,79.0,Successful,Bank Transfer
PAY0005007,INV0005160,CUST00719,2025-12-12,79.0,Successful,Bank Transfer
PAY0005008,INV0005161,CUST00719,2026-01-01,79.0,Successful,ACH
PAY0005009,INV0005162,CUST00720,2025-07-31,29.0,Successful,Debit Card
PAY0005010,INV0005163,CUST00720,2025-09-04,29.0,Successful,Debit Card
PAY0005011,INV0005164,CUST00720,2025-09-23,29.0,Successful,Credit Card
PAY0005012,INV0005165,CUST00720,2025-10-25,29.0,Successful,Debit Card
PAY0005013,INV0005166,CUST00720,2025-12-02,29.0,Successful,ACH
PAY0005014,INV0005167,CUST00720,2025-12-26,29.0,Successful,Bank Transfer
PAY0005015,INV0005168,CUST00721,2025-07-17,199.0,Successful,Credit Card
PAY0005016,INV0005169,CUST00721,2025-08-17,199.0,Successful,Credit Card
PAY0005017,INV0005170,CUST00721,2025-09-09,199.0,Successful,ACH
PAY0005018,INV0005172,CUST00721,2025-11-17,199.0,Successful,ACH
PAY0005019,INV0005173,CUST00721,2025-12-03,199.0,Successful,Credit Card
PAY0005020,INV0005174,CUST00722,2025-05-09,199.0,Successful,Debit Card
PAY0005021,INV0005175,CUST00722,2025-06-10,199.0,Successful,ACH
PAY0005022,INV0005176,CUST00722,2025-07-03,199.0,Successful,Credit Card
PAY0005023,INV0005177,CUST00722,2025-08-03,199.0,Successful,Bank Transfer
PAY0005024,INV0005178,CUST00722,2025-09-13,199.0,Failed,Bank Transfer
PAY0005025,INV0005179,CUST00722,2025-10-14,199.0,Successful,Debit Card
PAY0005026,INV0005180,CUST00722,2025-11-06,199.0,Successful,Bank Transfer
PAY0005027,INV0005181,CUST00722,2025-12-12,199.0,Successful,Bank Transfer
PAY0005028,INV0005182,CUST00723,2025-06-08,199.0,Successful,Bank Transfer
PAY0005029,INV0005183,CUST00723,2025-07-02,199.0,Successful,Bank Transfer
PAY0005030,INV0005184,CUST00723,2025-08-11,199.0,Successful,Debit Card
PAY0005031,INV0005185,CUST00723,2025-09-09,199.0,Successful,Credit Card
PAY0005032,INV0005186,CUST00723,2025-10-05,199.0,Successful,Bank Transfer
PAY0005033,INV0005187,CUST00723,2025-11-05,199.0,Successful,Debit Card
PAY0005034,INV0005188,CUST00723,2025-12-10,199.0,Successful,ACH
PAY0005035,INV0005189,CUST00723,2026-01-08,199.0,Successful,Bank Transfer
PAY0005036,INV0005190,CUST00724,2024-05-07,805.8,Failed,ACH
PAY0005037,INV0005191,CUST00724,2025-05-05,805.8,Successful,Debit Card
PAY0005038,INV0005192,CUST00725,2024-08-06,79.0,Successful,Credit Card
PAY0005039,INV0005193,CUST00725,2024-09-12,79.0,Successful,ACH
PAY0005040,INV0005194,CUST00725,2024-10-14,79.0,Successful,ACH
PAY0005041,INV0005195,CUST00725,2024-11-16,79.0,Refunded,Debit Card
PAY0005042,INV0005196,CUST00725,2024-12-13,79.0,Successful,ACH
PAY0005043,INV0005197,CUST00725,2025-01-15,79.0,Successful,Bank Transfer
PAY0005044,INV0005198,CUST00725,2025-02-14,79.0,Successful,Bank Transfer
PAY0005045,INV0005199,CUST00725,2025-03-19,79.0,Successful,Bank Transfer
PAY0005046,INV0005200,CUST00725,2025-04-11,79.0,Successful,Bank Transfer
PAY0005047,INV0005201,CUST00725,2025-05-05,79.0,Successful,ACH
PAY0005048,INV0005202,CUST00725,2025-06-19,79.0,Successful,ACH
PAY0005049,INV0005203,CUST00725,2025-07-08,79.0,Successful,Credit Card
PAY0005050,INV0005204,CUST00726,2025-12-07,29.0,Successful,Bank Transfer
PAY0005051,INV0005205,CUST00726,2026-01-07,29.0,Successful,Credit Card
PAY0005052,INV0005206,CUST00727,2024-12-03,29.0,Successful,Debit Card
PAY0005053,INV0005207,CUST00727,2024-12-30,29.0,Successful,Debit Card
PAY0005054,INV0005208,CUST00727,2025-02-07,29.0,Successful,Bank Transfer
PAY0005055,INV0005209,CUST00728,2025-07-26,29.0,Successful,Credit Card
PAY0005056,INV0005210,CUST00728,2025-08-26,29.0,Successful,Debit Card
PAY0005057,INV0005211,CUST00728,2025-09-27,29.0,Successful,ACH
PAY0005058,INV0005212,CUST00728,2025-11-07,29.0,Successful,ACH
PAY0005059,INV0005213,CUST00728,2025-11-29,29.0,Successful,Bank Transfer
PAY0005060,INV0005214,CUST00728,2025-12-27,29.0,Successful,ACH
PAY0005061,INV0005215,CUST00729,2024-01-27,199.0,Successful,ACH
PAY0005062,INV0005216,CUST00729,2024-02-18,199.0,Successful,Credit Card
PAY0005063,INV0005217,CUST00729,2024-03-18,199.0,Successful,Bank Transfer
PAY0005064,INV0005218,CUST00729,2024-04-23,199.0,Successful,Debit Card
PAY0005065,INV0005219,CUST00729,2024-05-27,199.0,Successful,Bank Transfer
PAY0005066,INV0005220,CUST00729,2024-06-23,199.0,Successful,Bank Transfer
PAY0005067,INV0005221,CUST00729,2024-07-22,199.0,Successful,Debit Card
PAY0005068,INV0005222,CUST00729,2024-08-14,199.0,Successful,Bank Transfer
PAY0005069,INV0005223,CUST00729,2024-09-25,199.0,Successful,Debit Card
PAY0005070,INV0005224,CUST00729,2024-10-24,199.0,Successful,ACH
PAY0005071,INV0005225,CUST00729,2024-11-16,199.0,Successful,Credit Card
PAY0005072,INV0005226,CUST00729,2024-12-26,199.0,Successful,Debit Card
PAY0005073,INV0005228,CUST00730,2024-06-08,199.0,Successful,Credit Card
PAY0005074,INV0005229,CUST00730,2024-06-30,199.0,Successful,ACH
PAY0005075,INV0005230,CUST00730,2024-08-05,199.0,Successful,Bank Transfer
PAY0005076,INV0005231,CUST00730,2024-09-02,199.0,Successful,Debit Card
PAY0005077,INV0005232,CUST00730,2024-09-28,199.0,Failed,Credit Card
PAY0005078,INV0005233,CUST00731,2024-05-03,2029.8,Successful,Bank Transfer
PAY0005079,INV0005234,CUST00731,2025-04-25,2029.8,Successful,Debit Card
PAY0005080,INV0005235,CUST00732,2025-02-28,199.0,Successful,Credit Card
PAY0005081,INV0005236,CUST00732,2025-04-05,199.0,Successful,Credit Card
PAY0005082,INV0005237,CUST00732,2025-04-26,199.0,Successful,Bank Transfer
PAY0005083,INV0005238,CUST00732,2025-05-31,199.0,Successful,Bank Transfer
PAY0005084,INV0005239,CUST00732,2025-07-04,199.0,Successful,Bank Transfer
PAY0005085,INV0005240,CUST00732,2025-08-02,199.0,Successful,Credit Card
PAY0005086,INV0005241,CUST00732,2025-09-03,199.0,Successful,Credit Card
PAY0005087,INV0005242,CUST00732,2025-09-30,199.0,Successful,Debit Card
PAY0005088,INV0005243,CUST00732,2025-10-30,199.0,Successful,Debit Card
PAY0005089,INV0005245,CUST00732,2026-01-02,199.0,Successful,Credit Card
PAY0005090,INV0005246,CUST00733,2024-02-13,29.0,Successful,Debit Card
PAY0005091,INV0005247,CUST00733,2024-03-11,29.0,Successful,Debit Card
PAY0005092,INV0005248,CUST00733,2024-04-23,29.0,Successful,ACH
PAY0005093,INV0005249,CUST00733,2024-05-11,29.0,Successful,Debit Card
PAY0005094,INV0005250,CUST00733,2024-06-09,29.0,Successful,Bank Transfer
PAY0005095,INV0005251,CUST00733,2024-07-15,29.0,Successful,Bank Transfer
PAY0005096,INV0005252,CUST00733,2024-08-17,29.0,Successful,Credit Card
PAY0005097,INV0005253,CUST00733,2024-09-23,29.0,Successful,ACH
PAY0005098,INV0005254,CUST00733,2024-10-23,29.0,Successful,ACH
PAY0005099,INV0005255,CUST00733,2024-11-18,29.0,Successful,Debit Card
PAY0005100,INV0005256,CUST00733,2024-12-19,29.0,Successful,Bank Transfer
PAY0005101,INV0005257,CUST00733,2025-01-13,29.0,Successful,ACH
PAY0005102,INV0005258,CUST00733,2025-02-09,29.0,Successful,ACH
PAY0005103,INV0005259,CUST00733,2025-03-23,29.0,Successful,ACH
PAY0005104,INV0005260,CUST00733,2025-04-11,29.0,Successful,ACH
PAY0005105,INV0005261,CUST00733,2025-05-14,29.0,Successful,ACH
PAY0005106,INV0005262,CUST00733,2025-06-21,29.0,Successful,Debit Card
PAY0005107,INV0005263,CUST00733,2025-07-11,29.0,Successful,Debit Card
PAY0005108,INV0005264,CUST00733,2025-08-12,29.0,Failed,Credit Card
PAY0005109,INV0005265,CUST00733,2025-09-15,29.0,Successful,Credit Card
PAY0005110,INV0005266,CUST00733,2025-10-23,29.0,Failed,Credit Card
PAY0005111,INV0005267,CUST00733,2025-11-13,29.0,Successful,Bank Transfer
PAY0005112,INV0005269,CUST00734,2024-02-20,79.0,Successful,Bank Transfer
PAY0005113,INV0005270,CUST00734,2024-03-23,79.0,Failed,Bank Transfer
PAY0005114,INV0005271,CUST00734,2024-04-17,79.0,Successful,ACH
PAY0005115,INV0005272,CUST00734,2024-05-15,79.0,Successful,Credit Card
PAY0005116,INV0005273,CUST00734,2024-06-20,79.0,Successful,Credit Card
PAY0005117,INV0005275,CUST00734,2024-08-24,79.0,Successful,ACH
PAY0005118,INV0005276,CUST00734,2024-09-12,79.0,Successful,Debit Card
PAY0005119,INV0005277,CUST00734,2024-10-24,79.0,Successful,Debit Card
PAY0005120,INV0005278,CUST00734,2024-11-24,79.0,Successful,Bank Transfer
PAY0005121,INV0005280,CUST00734,2025-01-19,79.0,Successful,Credit Card
PAY0005122,INV0005281,CUST00735,2025-05-13,199.0,Successful,Debit Card
PAY0005123,INV0005282,CUST00735,2025-06-04,199.0,Successful,ACH
PAY0005124,INV0005283,CUST00735,2025-07-16,199.0,Successful,Bank Transfer
PAY0005125,INV0005284,CUST00735,2025-08-06,199.0,Successful,Bank Transfer
PAY0005126,INV0005285,CUST00735,2025-09-03,199.0,Successful,Bank Transfer
PAY0005127,INV0005286,CUST00735,2025-10-13,199.0,Successful,ACH
PAY0005128,INV0005287,CUST00735,2025-11-11,199.0,Successful,Debit Card
PAY0005129,INV0005288,CUST00735,2025-12-02,199.0,Successful,Debit Card
PAY0005130,INV0005289,CUST00736,2024-11-29,295.8,Successful,Bank Transfer
PAY0005131,INV0005290,CUST00737,2024-08-27,805.8,Successful,Credit Card
PAY0005132,INV0005291,CUST00738,2024-10-08,29.0,Successful,ACH
PAY0005133,INV0005292,CUST00738,2024-11-15,29.0,Successful,ACH
PAY0005134,INV0005293,CUST00738,2024-12-14,29.0,Successful,Debit Card
PAY0005135,INV0005294,CUST00738,2025-01-13,29.0,Successful,Credit Card
PAY0005136,INV0005295,CUST00738,2025-02-04,29.0,Successful,Credit Card
PAY0005137,INV0005296,CUST00738,2025-03-04,29.0,Successful,Credit Card
PAY0005138,INV0005297,CUST00738,2025-04-08,29.0,Successful,Bank Transfer
PAY0005139,INV0005298,CUST00738,2025-05-14,29.0,Successful,Credit Card
PAY0005140,INV0005299,CUST00738,2025-06-03,29.0,Successful,Bank Transfer
PAY0005141,INV0005300,CUST00738,2025-07-03,29.0,Successful,Debit Card
PAY0005142,INV0005301,CUST00738,2025-08-08,29.0,Successful,ACH
PAY0005143,INV0005302,CUST00738,2025-09-05,29.0,Successful,Credit Card
PAY0005144,INV0005303,CUST00738,2025-10-05,29.0,Successful,Bank Transfer
PAY0005145,INV0005304,CUST00738,2025-11-14,29.0,Successful,Debit Card
PAY0005146,INV0005305,CUST00738,2025-12-05,29.0,Successful,ACH
PAY0005147,INV0005306,CUST00739,2025-03-31,79.0,Successful,Bank Transfer
PAY0005148,INV0005307,CUST00739,2025-05-09,79.0,Successful,ACH
PAY0005149,INV0005308,CUST00739,2025-06-08,79.0,Successful,Debit Card
PAY0005150,INV0005309,CUST00739,2025-07-10,79.0,Successful,Debit Card
PAY0005151,INV0005310,CUST00739,2025-08-02,79.0,Successful,Bank Transfer
PAY0005152,INV0005311,CUST00739,2025-09-11,79.0,Failed,Bank Transfer
PAY0005153,INV0005312,CUST00739,2025-10-08,79.0,Successful,Credit Card
PAY0005154,INV0005313,CUST00739,2025-10-29,79.0,Successful,Credit Card
PAY0005155,INV0005314,CUST00739,2025-12-08,79.0,Successful,ACH
PAY0005156,INV0005316,CUST00740,2025-06-18,79.0,Successful,Bank Transfer
PAY0005157,INV0005317,CUST00740,2025-07-22,79.0,Successful,Debit Card
PAY0005158,INV0005318,CUST00740,2025-08-23,79.0,Successful,Debit Card
PAY0005159,INV0005319,CUST00741,2024-03-18,29.0,Successful,Bank Transfer
PAY0005160,INV0005320,CUST00741,2024-04-11,29.0,Successful,Bank Transfer
PAY0005161,INV0005321,CUST00741,2024-05-21,29.0,Successful,ACH
PAY0005162,INV0005322,CUST00741,2024-06-09,29.0,Successful,Bank Transfer
PAY0005163,INV0005323,CUST00741,2024-07-10,29.0,Successful,Debit Card
PAY0005164,INV0005324,CUST00741,2024-08-23,29.0,Successful,Debit Card
PAY0005165,INV0005325,CUST00742,2024-07-01,79.0,Successful,ACH
PAY0005166,INV0005326,CUST00742,2024-08-10,79.0,Successful,Debit Card
PAY0005167,INV0005327,CUST00742,2024-09-10,79.0,Successful,ACH
PAY0005168,INV0005328,CUST00742,2024-10-08,79.0,Successful,Debit Card
PAY0005169,INV0005329,CUST00742,2024-11-03,79.0,Successful,Debit Card
PAY0005170,INV0005330,CUST00742,2024-11-29,79.0,Successful,ACH
PAY0005171,INV0005331,CUST00742,2024-12-29,79.0,Refunded,Bank Transfer
PAY0005172,INV0005333,CUST00742,2025-03-08,79.0,Successful,ACH
PAY0005173,INV0005334,CUST00742,2025-03-30,79.0,Successful,Debit Card
PAY0005174,INV0005335,CUST00742,2025-05-09,79.0,Successful,Credit Card
PAY0005175,INV0005336,CUST00742,2025-06-04,79.0,Successful,Debit Card
PAY0005176,INV0005337,CUST00742,2025-06-29,79.0,Successful,Credit Card
PAY0005177,INV0005338,CUST00742,2025-07-29,79.0,Successful,Debit Card
PAY0005178,INV0005339,CUST00742,2025-09-01,79.0,Successful,Credit Card
PAY0005179,INV0005340,CUST00742,2025-10-05,79.0,Successful,Bank Transfer
PAY0005180,INV0005341,CUST00742,2025-11-04,79.0,Successful,Bank Transfer
PAY0005181,INV0005342,CUST00742,2025-11-27,79.0,Successful,Credit Card
PAY0005182,INV0005343,CUST00743,2024-09-17,79.0,Successful,Credit Card
PAY0005183,INV0005344,CUST00743,2024-10-17,79.0,Successful,Credit Card
PAY0005184,INV0005345,CUST00743,2024-11-27,79.0,Successful,Bank Transfer
PAY0005185,INV0005346,CUST00743,2024-12-21,79.0,Successful,ACH
PAY0005186,INV0005347,CUST00743,2025-01-25,79.0,Successful,Bank Transfer
PAY0005187,INV0005348,CUST00743,2025-02-17,79.0,Successful,Bank Transfer
PAY0005188,INV0005349,CUST00743,2025-03-25,79.0,Successful,Bank Transfer
PAY0005189,INV0005350,CUST00743,2025-04-16,79.0,Successful,Debit Card
PAY0005190,INV0005351,CUST00743,2025-05-15,79.0,Successful,Bank Transfer
PAY0005191,INV0005352,CUST00743,2025-06-15,79.0,Successful,Debit Card
PAY0005192,INV0005353,CUST00743,2025-07-27,79.0,Successful,Credit Card
PAY0005193,INV0005354,CUST00743,2025-08-22,79.0,Successful,Debit Card
PAY0005194,INV0005355,CUST00743,2025-09-14,79.0,Successful,Bank Transfer
PAY0005195,INV0005356,CUST00743,2025-10-27,79.0,Successful,Credit Card
PAY0005196,INV0005357,CUST00743,2025-11-26,79.0,Successful,Debit Card
PAY0005197,INV0005358,CUST00743,2025-12-19,79.0,Successful,ACH
PAY0005198,INV0005359,CUST00744,2024-10-16,29.0,Successful,Debit Card
PAY0005199,INV0005360,CUST00744,2024-11-11,29.0,Successful,Credit Card
PAY0005200,INV0005361,CUST00744,2024-12-22,29.0,Successful,Bank Transfer
PAY0005201,INV0005362,CUST00744,2025-01-19,29.0,Successful,Debit Card
PAY0005202,INV0005363,CUST00744,2025-02-08,29.0,Failed,Debit Card
PAY0005203,INV0005364,CUST00744,2025-03-16,29.0,Successful,Bank Transfer
PAY0005204,INV0005365,CUST00744,2025-04-09,29.0,Failed,Credit Card
PAY0005205,INV0005366,CUST00744,2025-05-10,29.0,Successful,Debit Card
PAY0005206,INV0005367,CUST00744,2025-06-08,29.0,Successful,Debit Card
PAY0005207,INV0005368,CUST00744,2025-07-21,29.0,Successful,Debit Card
PAY0005208,INV0005369,CUST00744,2025-08-17,29.0,Successful,Credit Card
PAY0005209,INV0005370,CUST00744,2025-09-22,29.0,Successful,Bank Transfer
PAY0005210,INV0005371,CUST00744,2025-10-15,29.0,Successful,Debit Card
PAY0005211,INV0005372,CUST00744,2025-11-10,29.0,Successful,Debit Card
PAY0005212,INV0005373,CUST00744,2025-12-16,29.0,Successful,Bank Transfer
PAY0005213,INV0005374,CUST00745,2025-12-13,29.0,Successful,Debit Card
PAY0005214,INV0005375,CUST00745,2026-01-04,29.0,Successful,Credit Card
PAY0005215,INV0005376,CUST00746,2024-07-11,29.0,Successful,Bank Transfer
PAY0005216,INV0005377,CUST00746,2024-08-07,29.0,Successful,Bank Transfer
PAY0005217,INV0005378,CUST00746,2024-09-12,29.0,Successful,Credit Card
PAY0005218,INV0005379,CUST00746,2024-10-11,29.0,Successful,Debit Card
PAY0005219,INV0005380,CUST00746,2024-11-03,29.0,Successful,Debit Card
PAY0005220,INV0005381,CUST00746,2024-12-09,29.0,Successful,Debit Card
PAY0005221,INV0005382,CUST00746,2025-01-02,29.0,Successful,Credit Card
PAY0005222,INV0005383,CUST00746,2025-02-05,29.0,Successful,Credit Card
PAY0005223,INV0005384,CUST00746,2025-03-15,29.0,Successful,Bank Transfer
PAY0005224,INV0005385,CUST00746,2025-03-29,29.0,Successful,ACH
PAY0005225,INV0005386,CUST00746,2025-05-01,29.0,Failed,Credit Card
PAY0005226,INV0005387,CUST00746,2025-06-11,29.0,Successful,Credit Card
PAY0005227,INV0005388,CUST00746,2025-07-06,29.0,Successful,Bank Transfer
PAY0005228,INV0005389,CUST00746,2025-08-12,29.0,Successful,Credit Card
PAY0005229,INV0005390,CUST00746,2025-09-07,29.0,Successful,Debit Card
PAY0005230,INV0005391,CUST00746,2025-10-03,29.0,Successful,Bank Transfer
PAY0005231,INV0005392,CUST00746,2025-11-08,29.0,Failed,Debit Card
PAY0005232,INV0005393,CUST00746,2025-12-05,29.0,Successful,Bank Transfer
PAY0005233,INV0005394,CUST00746,2026-01-10,29.0,Successful,ACH
PAY0005234,INV0005395,CUST00747,2024-12-20,29.0,Successful,Bank Transfer
PAY0005235,INV0005396,CUST00747,2025-01-28,29.0,Successful,Debit Card
PAY0005236,INV0005397,CUST00747,2025-02-22,29.0,Successful,Bank Transfer
PAY0005237,INV0005398,CUST00747,2025-03-19,29.0,Successful,ACH
PAY0005238,INV0005399,CUST00747,2025-04-28,29.0,Successful,Credit Card
PAY0005239,INV0005400,CUST00747,2025-05-29,29.0,Successful,Bank Transfer
PAY0005240,INV0005401,CUST00748,2024-10-23,295.8,Successful,Bank Transfer
PAY0005241,INV0005402,CUST00749,2024-08-21,79.0,Successful,Credit Card
PAY0005242,INV0005403,CUST00749,2024-09-24,79.0,Successful,Bank Transfer
PAY0005243,INV0005404,CUST00749,2024-10-20,79.0,Successful,ACH
PAY0005244,INV0005405,CUST00749,2024-11-16,79.0,Successful,Debit Card
PAY0005245,INV0005406,CUST00749,2024-12-27,79.0,Successful,ACH
PAY0005246,INV0005407,CUST00749,2025-01-22,79.0,Successful,Bank Transfer
PAY0005247,INV0005408,CUST00749,2025-02-25,79.0,Successful,Bank Transfer
PAY0005248,INV0005409,CUST00749,2025-03-23,79.0,Successful,Credit Card
PAY0005249,INV0005410,CUST00749,2025-04-19,79.0,Successful,Credit Card
PAY0005250,INV0005411,CUST00749,2025-05-20,79.0,Failed,Debit Card
PAY0005251,INV0005412,CUST00749,2025-06-23,79.0,Successful,Credit Card
PAY0005252,INV0005413,CUST00749,2025-07-17,79.0,Successful,Credit Card
PAY0005253,INV0005414,CUST00749,2025-08-17,79.0,Successful,Credit Card
PAY0005254,INV0005415,CUST00749,2025-09-19,79.0,Successful,Credit Card
PAY0005255,INV0005416,CUST00749,2025-10-29,79.0,Successful,ACH
PAY0005256,INV0005417,CUST00749,2025-11-19,79.0,Successful,Credit Card
PAY0005257,INV0005418,CUST00749,2025-12-15,79.0,Successful,Debit Card
PAY0005258,INV0005419,CUST00750,2025-06-22,29.0,Refunded,Bank Transfer
PAY0005259,INV0005420,CUST00750,2025-07-23,29.0,Successful,Debit Card
PAY0005260,INV0005421,CUST00750,2025-08-21,29.0,Successful,Credit Card
PAY0005261,INV0005422,CUST00750,2025-09-16,29.0,Successful,Debit Card
PAY0005262,INV0005423,CUST00750,2025-10-24,29.0,Successful,Bank Transfer
PAY0005263,INV0005424,CUST00750,2025-11-24,29.0,Failed,Credit Card
PAY0005264,INV0005425,CUST00750,2025-12-20,29.0,Successful,Bank Transfer
PAY0005265,INV0005426,CUST00751,2025-05-07,199.0,Successful,ACH
PAY0005266,INV0005427,CUST00751,2025-05-31,199.0,Successful,ACH
PAY0005267,INV0005428,CUST00751,2025-07-02,199.0,Successful,Debit Card
PAY0005268,INV0005429,CUST00751,2025-08-08,199.0,Successful,ACH
PAY0005269,INV0005430,CUST00751,2025-09-09,199.0,Successful,Bank Transfer
PAY0005270,INV0005431,CUST00751,2025-10-15,199.0,Failed,Credit Card
PAY0005271,INV0005432,CUST00751,2025-11-02,199.0,Successful,Credit Card
PAY0005272,INV0005433,CUST00751,2025-12-15,199.0,Successful,Debit Card
PAY0005273,INV0005434,CUST00751,2026-01-14,199.0,Successful,Credit Card
PAY0005274,INV0005435,CUST00752,2024-09-01,79.0,Successful,ACH
PAY0005275,INV0005436,CUST00752,2024-09-27,79.0,Successful,Bank Transfer
PAY0005276,INV0005437,CUST00752,2024-10-28,79.0,Successful,Bank Transfer
PAY0005277,INV0005438,CUST00752,2024-12-02,79.0,Successful,ACH
PAY0005278,INV0005439,CUST00752,2024-12-18,79.0,Successful,Debit Card
PAY0005279,INV0005440,CUST00752,2025-02-01,79.0,Successful,Bank Transfer
PAY0005280,INV0005441,CUST00752,2025-02-20,79.0,Successful,Bank Transfer
PAY0005281,INV0005442,CUST00752,2025-03-20,79.0,Successful,Debit Card
PAY0005282,INV0005443,CUST00752,2025-04-18,79.0,Successful,Debit Card
PAY0005283,INV0005444,CUST00752,2025-05-28,79.0,Successful,Bank Transfer
PAY0005284,INV0005445,CUST00752,2025-06-22,79.0,Successful,Bank Transfer
PAY0005285,INV0005446,CUST00752,2025-07-22,79.0,Successful,ACH
PAY0005286,INV0005447,CUST00753,2025-03-13,79.0,Successful,ACH
PAY0005287,INV0005448,CUST00753,2025-04-23,79.0,Successful,Debit Card
PAY0005288,INV0005449,CUST00753,2025-05-15,79.0,Failed,Credit Card
PAY0005289,INV0005450,CUST00754,2024-08-16,805.8,Successful,ACH
PAY0005290,INV0005451,CUST00755,2025-08-24,29.0,Successful,Credit Card
PAY0005291,INV0005452,CUST00755,2025-10-06,29.0,Successful,Debit Card
PAY0005292,INV0005453,CUST00755,2025-10-23,29.0,Successful,Credit Card
PAY0005293,INV0005454,CUST00755,2025-12-04,29.0,Successful,Debit Card
PAY0005294,INV0005455,CUST00755,2025-12-29,29.0,Successful,Bank Transfer
PAY0005295,INV0005456,CUST00756,2025-08-06,79.0,Successful,Debit Card
PAY0005296,INV0005457,CUST00756,2025-09-06,79.0,Successful,ACH
PAY0005297,INV0005458,CUST00756,2025-10-01,79.0,Successful,ACH
PAY0005298,INV0005459,CUST00756,2025-11-11,79.0,Successful,ACH
PAY0005299,INV0005460,CUST00756,2025-11-30,79.0,Successful,ACH
PAY0005300,INV0005461,CUST00756,2026-01-07,79.0,Successful,Credit Card
PAY0005301,INV0005462,CUST00757,2025-05-23,295.8,Successful,Credit Card
PAY0005302,INV0005463,CUST00758,2024-10-04,295.8,Successful,Bank Transfer
PAY0005303,INV0005464,CUST00759,2025-06-18,29.0,Successful,ACH
PAY0005304,INV0005465,CUST00759,2025-07-19,29.0,Successful,ACH
PAY0005305,INV0005466,CUST00759,2025-08-22,29.0,Successful,ACH
PAY0005306,INV0005467,CUST00759,2025-09-26,29.0,Successful,Credit Card
PAY0005307,INV0005468,CUST00759,2025-10-18,29.0,Successful,Bank Transfer
PAY0005308,INV0005469,CUST00759,2025-11-18,29.0,Successful,Debit Card
PAY0005309,INV0005470,CUST00759,2025-12-28,29.0,Successful,Credit Card
PAY0005310,INV0005471,CUST00760,2025-11-09,79.0,Successful,Bank Transfer
PAY0005311,INV0005473,CUST00761,2024-11-10,79.0,Successful,Debit Card
PAY0005312,INV0005474,CUST00761,2024-11-30,79.0,Successful,Debit Card
PAY0005313,INV0005475,CUST00761,2025-01-07,79.0,Successful,Debit Card
PAY0005314,INV0005476,CUST00761,2025-02-06,79.0,Successful,ACH
PAY0005315,INV0005477,CUST00761,2025-03-07,79.0,Successful,Credit Card
PAY0005316,INV0005478,CUST00761,2025-03-30,79.0,Successful,ACH
PAY0005317,INV0005479,CUST00761,2025-05-12,79.0,Successful,ACH
PAY0005318,INV0005480,CUST00761,2025-06-05,79.0,Successful,Credit Card
PAY0005319,INV0005481,CUST00761,2025-07-08,79.0,Successful,ACH
PAY0005320,INV0005482,CUST00761,2025-08-05,79.0,Successful,ACH
PAY0005321,INV0005483,CUST00761,2025-09-05,79.0,Successful,Bank Transfer
PAY0005322,INV0005484,CUST00761,2025-10-05,79.0,Successful,Bank Transfer
PAY0005323,INV0005485,CUST00761,2025-10-30,79.0,Successful,Debit Card
PAY0005324,INV0005486,CUST00761,2025-12-05,79.0,Successful,ACH
PAY0005325,INV0005487,CUST00761,2026-01-08,79.0,Successful,ACH
PAY0005326,INV0005488,CUST00762,2025-08-26,29.0,Successful,Credit Card
PAY0005327,INV0005489,CUST00762,2025-09-22,29.0,Refunded,ACH
PAY0005328,INV0005490,CUST00762,2025-10-30,29.0,Failed,Debit Card
PAY0005329,INV0005491,CUST00762,2025-12-01,29.0,Successful,Debit Card
PAY0005330,INV0005492,CUST00762,2025-12-22,29.0,Successful,Bank Transfer
PAY0005331,INV0005493,CUST00763,2026-01-05,79.0,Successful,Debit Card
PAY0005332,INV0005494,CUST00764,2025-11-25,79.0,Successful,ACH
PAY0005333,INV0005495,CUST00764,2026-01-02,79.0,Successful,Bank Transfer
PAY0005334,INV0005496,CUST00765,2024-11-04,29.0,Successful,ACH
PAY0005335,INV0005497,CUST00765,2024-12-12,29.0,Successful,ACH
PAY0005336,INV0005498,CUST00765,2024-12-30,29.0,Successful,Credit Card
PAY0005337,INV0005499,CUST00765,2025-01-28,29.0,Successful,Credit Card
PAY0005338,INV0005500,CUST00765,2025-03-09,29.0,Successful,Credit Card
PAY0005339,INV0005501,CUST00765,2025-04-01,29.0,Successful,Debit Card
PAY0005340,INV0005502,CUST00765,2025-05-12,29.0,Successful,Credit Card
PAY0005341,INV0005503,CUST00765,2025-06-11,29.0,Successful,ACH
PAY0005342,INV0005504,CUST00765,2025-07-02,29.0,Successful,Credit Card
PAY0005343,INV0005505,CUST00765,2025-08-09,29.0,Successful,Bank Transfer
PAY0005344,INV0005506,CUST00765,2025-09-10,29.0,Successful,Bank Transfer
PAY0005345,INV0005507,CUST00765,2025-09-29,29.0,Successful,Debit Card
PAY0005346,INV0005508,CUST00765,2025-10-31,29.0,Successful,ACH
PAY0005347,INV0005509,CUST00765,2025-12-11,29.0,Successful,Credit Card
PAY0005348,INV0005510,CUST00765,2026-01-06,29.0,Successful,Bank Transfer
PAY0005349,INV0005511,CUST00766,2025-11-29,295.8,Successful,ACH
PAY0005350,INV0005512,CUST00767,2024-08-31,79.0,Successful,Debit Card
PAY0005351,INV0005513,CUST00767,2024-09-24,79.0,Successful,Credit Card
PAY0005352,INV0005514,CUST00767,2024-10-19,79.0,Successful,Bank Transfer
PAY0005353,INV0005515,CUST00767,2024-11-26,79.0,Successful,ACH
PAY0005354,INV0005517,CUST00767,2025-01-22,199.0,Successful,Credit Card
PAY0005355,INV0005518,CUST00767,2025-02-24,199.0,Successful,Credit Card
PAY0005356,INV0005519,CUST00767,2025-03-27,199.0,Successful,Debit Card
PAY0005357,INV0005520,CUST00767,2025-04-17,199.0,Successful,Credit Card
PAY0005358,INV0005521,CUST00767,2025-05-20,199.0,Successful,Credit Card
PAY0005359,INV0005522,CUST00767,2025-07-01,199.0,Successful,Debit Card
PAY0005360,INV0005523,CUST00767,2025-07-24,199.0,Successful,ACH
PAY0005361,INV0005524,CUST00768,2025-01-19,29.0,Successful,Credit Card
PAY0005362,INV0005525,CUST00768,2025-02-27,29.0,Successful,Credit Card
PAY0005363,INV0005526,CUST00768,2025-03-27,29.0,Successful,ACH
PAY0005364,INV0005527,CUST00768,2025-04-30,29.0,Successful,Debit Card
PAY0005365,INV0005528,CUST00768,2025-05-19,29.0,Successful,ACH
PAY0005366,INV0005529,CUST00768,2025-06-28,29.0,Successful,Bank Transfer
PAY0005367,INV0005530,CUST00768,2025-07-28,29.0,Successful,Bank Transfer
PAY0005368,INV0005532,CUST00768,2025-09-24,29.0,Successful,Bank Transfer
PAY0005369,INV0005533,CUST00768,2025-10-19,29.0,Successful,Credit Card
PAY0005370,INV0005534,CUST00768,2025-11-26,29.0,Successful,ACH
PAY0005371,INV0005535,CUST00768,2025-12-28,29.0,Successful,Bank Transfer
PAY0005372,INV0005536,CUST00769,2025-05-07,295.8,Successful,Bank Transfer
PAY0005373,INV0005537,CUST00770,2025-04-30,79.0,Successful,Bank Transfer
PAY0005374,INV0005538,CUST00770,2025-06-01,79.0,Successful,Debit Card
PAY0005375,INV0005539,CUST00770,2025-07-11,79.0,Successful,Credit Card
PAY0005376,INV0005540,CUST00770,2025-08-01,79.0,Successful,Credit Card
PAY0005377,INV0005541,CUST00770,2025-09-11,79.0,Successful,Debit Card
PAY0005378,INV0005542,CUST00770,2025-10-01,79.0,Successful,Debit Card
PAY0005379,INV0005543,CUST00770,2025-11-04,79.0,Successful,Bank Transfer
PAY0005380,INV0005544,CUST00770,2025-12-04,79.0,Successful,ACH
PAY0005381,INV0005545,CUST00770,2025-12-30,79.0,Successful,ACH
PAY0005382,INV0005546,CUST00771,2025-07-10,29.0,Successful,Bank Transfer
PAY0005383,INV0005548,CUST00771,2025-09-05,29.0,Successful,Bank Transfer
PAY0005384,INV0005549,CUST00771,2025-10-02,29.0,Successful,Debit Card
PAY0005385,INV0005550,CUST00771,2025-11-09,29.0,Successful,ACH
PAY0005386,INV0005551,CUST00771,2025-12-01,29.0,Refunded,ACH
PAY0005387,INV0005552,CUST00771,2025-12-27,29.0,Successful,Credit Card
PAY0005388,INV0005553,CUST00772,2024-05-24,2029.8,Failed,Debit Card
PAY0005389,INV0005554,CUST00773,2024-05-30,29.0,Successful,Credit Card
PAY0005390,INV0005555,CUST00773,2024-07-01,29.0,Successful,Bank Transfer
PAY0005391,INV0005556,CUST00773,2024-08-08,29.0,Successful,ACH
PAY0005392,INV0005557,CUST00773,2024-09-10,29.0,Failed,Bank Transfer
PAY0005393,INV0005558,CUST00773,2024-09-27,29.0,Successful,Bank Transfer
PAY0005394,INV0005559,CUST00773,2024-11-08,29.0,Successful,Credit Card
PAY0005395,INV0005560,CUST00773,2024-11-29,29.0,Successful,ACH
PAY0005396,INV0005561,CUST00773,2025-01-04,29.0,Successful,ACH
PAY0005397,INV0005562,CUST00773,2025-02-08,29.0,Successful,Credit Card
PAY0005398,INV0005563,CUST00773,2025-03-02,29.0,Successful,ACH
PAY0005399,INV0005564,CUST00773,2025-04-10,29.0,Successful,Bank Transfer
PAY0005400,INV0005565,CUST00773,2025-05-01,29.0,Successful,Credit Card
PAY0005401,INV0005566,CUST00773,2025-06-02,29.0,Successful,Credit Card
PAY0005402,INV0005567,CUST00773,2025-07-09,29.0,Successful,ACH
PAY0005403,INV0005568,CUST00773,2025-08-08,29.0,Successful,Debit Card
PAY0005404,INV0005569,CUST00773,2025-08-30,29.0,Successful,Credit Card
PAY0005405,INV0005570,CUST00773,2025-09-30,29.0,Successful,Bank Transfer
PAY0005406,INV0005571,CUST00773,2025-11-01,29.0,Successful,Debit Card
PAY0005407,INV0005572,CUST00774,2025-05-18,805.8,Successful,Bank Transfer
PAY0005408,INV0005573,CUST00775,2024-01-19,29.0,Successful,Debit Card
PAY0005409,INV0005574,CUST00775,2024-02-15,29.0,Failed,Credit Card
PAY0005410,INV0005575,CUST00775,2024-03-11,29.0,Successful,Bank Transfer
PAY0005411,INV0005576,CUST00776,2025-08-16,199.0,Successful,Bank Transfer
PAY0005412,INV0005577,CUST00776,2025-09-18,199.0,Successful,Credit Card
PAY0005413,INV0005578,CUST00776,2025-10-15,199.0,Successful,Debit Card
PAY0005414,INV0005579,CUST00776,2025-11-17,199.0,Successful,Credit Card
PAY0005415,INV0005580,CUST00776,2025-12-19,199.0,Successful,Debit Card
PAY0005416,INV0005581,CUST00777,2024-05-27,79.0,Successful,Credit Card
PAY0005417,INV0005582,CUST00777,2024-06-27,79.0,Successful,Bank Transfer
PAY0005418,INV0005583,CUST00777,2024-07-26,79.0,Successful,Credit Card
PAY0005419,INV0005584,CUST00777,2024-08-15,79.0,Successful,Debit Card
PAY0005420,INV0005585,CUST00777,2024-09-23,79.0,Successful,Bank Transfer
PAY0005421,INV0005586,CUST00777,2024-10-17,79.0,Successful,Debit Card
PAY0005422,INV0005587,CUST00778,2025-05-08,29.0,Successful,Bank Transfer
PAY0005423,INV0005588,CUST00778,2025-06-18,29.0,Successful,Bank Transfer
PAY0005424,INV0005589,CUST00778,2025-07-10,29.0,Successful,Bank Transfer
PAY0005425,INV0005590,CUST00778,2025-08-06,29.0,Successful,Bank Transfer
PAY0005426,INV0005591,CUST00778,2025-09-16,29.0,Successful,ACH
PAY0005427,INV0005592,CUST00778,2025-10-18,29.0,Successful,Debit Card
PAY0005428,INV0005593,CUST00778,2025-11-05,29.0,Successful,Credit Card
PAY0005429,INV0005594,CUST00778,2025-12-18,29.0,Successful,Bank Transfer
PAY0005430,INV0005595,CUST00779,2024-01-22,29.0,Successful,Bank Transfer
PAY0005431,INV0005596,CUST00779,2024-03-01,29.0,Successful,Bank Transfer
PAY0005432,INV0005597,CUST00779,2024-03-18,29.0,Successful,Debit Card
PAY0005433,INV0005598,CUST00779,2024-04-16,29.0,Successful,Debit Card
PAY0005434,INV0005599,CUST00779,2024-05-28,29.0,Successful,Debit Card
PAY0005435,INV0005601,CUST00779,2024-07-22,29.0,Successful,Credit Card
PAY0005436,INV0005602,CUST00779,2024-08-30,29.0,Successful,ACH
PAY0005437,INV0005603,CUST00779,2024-09-30,29.0,Successful,Debit Card
PAY0005438,INV0005604,CUST00779,2024-10-28,29.0,Successful,Credit Card
PAY0005439,INV0005605,CUST00779,2024-11-30,29.0,Successful,Bank Transfer
PAY0005440,INV0005607,CUST00779,2025-01-16,29.0,Successful,Debit Card
PAY0005441,INV0005608,CUST00779,2025-02-17,29.0,Successful,Bank Transfer
PAY0005442,INV0005609,CUST00779,2025-03-27,29.0,Successful,Credit Card
PAY0005443,INV0005610,CUST00779,2025-04-23,29.0,Successful,Credit Card
PAY0005444,INV0005611,CUST00779,2025-05-30,29.0,Successful,ACH
PAY0005445,INV0005612,CUST00779,2025-06-27,29.0,Successful,Bank Transfer
PAY0005446,INV0005613,CUST00779,2025-07-23,29.0,Successful,Debit Card
PAY0005447,INV0005614,CUST00779,2025-08-17,29.0,Successful,Credit Card
PAY0005448,INV0005615,CUST00779,2025-09-20,29.0,Successful,Credit Card
PAY0005449,INV0005616,CUST00779,2025-10-18,29.0,Successful,ACH
PAY0005450,INV0005617,CUST00779,2025-11-28,29.0,Successful,Debit Card
PAY0005451,INV0005618,CUST00779,2025-12-18,29.0,Successful,Bank Transfer
PAY0005452,INV0005619,CUST00780,2024-02-03,79.0,Successful,Debit Card
PAY0005453,INV0005620,CUST00780,2024-02-24,79.0,Successful,Debit Card
PAY0005454,INV0005621,CUST00780,2024-04-03,79.0,Successful,Credit Card
PAY0005455,INV0005622,CUST00780,2024-04-24,79.0,Successful,Bank Transfer
PAY0005456,INV0005623,CUST00780,2024-05-27,79.0,Successful,Bank Transfer
PAY0005457,INV0005624,CUST00780,2024-06-23,79.0,Successful,Bank Transfer
PAY0005458,INV0005625,CUST00780,2024-07-25,79.0,Successful,Debit Card
PAY0005459,INV0005626,CUST00780,2024-08-27,79.0,Successful,Bank Transfer
PAY0005460,INV0005627,CUST00780,2024-09-24,79.0,Successful,Credit Card
PAY0005461,INV0005628,CUST00780,2024-10-30,79.0,Successful,ACH
PAY0005462,INV0005629,CUST00780,2024-11-25,79.0,Successful,ACH
PAY0005463,INV0005630,CUST00780,2024-12-20,79.0,Successful,Credit Card
PAY0005464,INV0005631,CUST00780,2025-01-21,79.0,Successful,Credit Card
PAY0005465,INV0005632,CUST00780,2025-02-26,79.0,Successful,Bank Transfer
PAY0005466,INV0005633,CUST00780,2025-03-31,79.0,Successful,Bank Transfer
PAY0005467,INV0005634,CUST00780,2025-04-28,79.0,Successful,Bank Transfer
PAY0005468,INV0005635,CUST00780,2025-05-27,79.0,Successful,Credit Card
PAY0005469,INV0005636,CUST00780,2025-06-28,79.0,Successful,ACH
PAY0005470,INV0005637,CUST00781,2025-12-12,79.0,Successful,Debit Card
PAY0005471,INV0005638,CUST00782,2025-06-10,805.8,Successful,Credit Card
PAY0005472,INV0005639,CUST00783,2024-11-03,29.0,Successful,Bank Transfer
PAY0005473,INV0005640,CUST00783,2024-12-15,29.0,Successful,Credit Card
PAY0005474,INV0005641,CUST00783,2025-01-02,29.0,Successful,Debit Card
PAY0005475,INV0005642,CUST00783,2025-02-13,29.0,Successful,Debit Card
PAY0005476,INV0005643,CUST00783,2025-03-05,29.0,Successful,ACH
PAY0005477,INV0005644,CUST00783,2025-04-06,29.0,Successful,Credit Card
PAY0005478,INV0005645,CUST00783,2025-05-03,29.0,Successful,Bank Transfer
PAY0005479,INV0005646,CUST00783,2025-06-08,29.0,Successful,Credit Card
PAY0005480,INV0005647,CUST00783,2025-07-04,29.0,Successful,Bank Transfer
PAY0005481,INV0005648,CUST00783,2025-08-13,29.0,Successful,Credit Card
PAY0005482,INV0005649,CUST00783,2025-09-07,29.0,Failed,Debit Card
PAY0005483,INV0005650,CUST00783,2025-10-02,29.0,Successful,Credit Card
PAY0005484,INV0005651,CUST00783,2025-11-08,29.0,Successful,ACH
PAY0005485,INV0005652,CUST00783,2025-12-08,29.0,Successful,Credit Card
PAY0005486,INV0005653,CUST00784,2025-03-21,199.0,Successful,Credit Card
PAY0005487,INV0005654,CUST00784,2025-04-22,199.0,Successful,Credit Card
PAY0005488,INV0005655,CUST00784,2025-06-04,199.0,Successful,Credit Card
PAY0005489,INV0005656,CUST00784,2025-07-03,199.0,Successful,Debit Card
PAY0005490,INV0005657,CUST00784,2025-07-23,199.0,Successful,Debit Card
PAY0005491,INV0005658,CUST00784,2025-09-01,199.0,Successful,Bank Transfer
PAY0005492,INV0005659,CUST00784,2025-09-30,199.0,Refunded,Credit Card
PAY0005493,INV0005660,CUST00784,2025-11-01,199.0,Successful,Credit Card
PAY0005494,INV0005661,CUST00784,2025-12-04,199.0,Successful,Bank Transfer
PAY0005495,INV0005662,CUST00784,2025-12-25,199.0,Successful,Credit Card
PAY0005496,INV0005663,CUST00785,2025-01-17,29.0,Successful,ACH
PAY0005497,INV0005664,CUST00785,2025-02-06,29.0,Successful,Credit Card
PAY0005498,INV0005665,CUST00785,2025-03-06,29.0,Successful,Credit Card
PAY0005499,INV0005666,CUST00785,2025-04-11,29.0,Successful,ACH
PAY0005500,INV0005667,CUST00785,2025-05-12,29.0,Successful,ACH
PAY0005501,INV0005668,CUST00785,2025-06-08,29.0,Successful,ACH
PAY0005502,INV0005669,CUST00785,2025-07-03,29.0,Successful,ACH
PAY0005503,INV0005670,CUST00785,2025-08-13,29.0,Failed,ACH
PAY0005504,INV0005671,CUST00785,2025-09-15,29.0,Successful,Bank Transfer
PAY0005505,INV0005672,CUST00785,2025-10-10,29.0,Successful,ACH
PAY0005506,INV0005673,CUST00785,2025-11-17,29.0,Successful,Bank Transfer
PAY0005507,INV0005674,CUST00785,2025-12-05,29.0,Successful,Credit Card
PAY0005508,INV0005675,CUST00786,2024-02-04,805.8,Successful,Credit Card
PAY0005509,INV0005676,CUST00787,2024-02-04,199.0,Successful,Credit Card
PAY0005510,INV0005677,CUST00787,2024-02-26,199.0,Successful,Debit Card
PAY0005511,INV0005678,CUST00787,2024-04-02,199.0,Successful,ACH
PAY0005512,INV0005679,CUST00787,2024-04-26,199.0,Successful,Bank Transfer
PAY0005513,INV0005680,CUST00787,2024-06-01,199.0,Successful,Credit Card
PAY0005514,INV0005681,CUST00787,2024-07-05,199.0,Successful,Debit Card
PAY0005515,INV0005682,CUST00788,2025-02-01,295.8,Successful,Debit Card
PAY0005516,INV0005683,CUST00789,2025-09-03,295.8,Successful,Debit Card
PAY0005517,INV0005684,CUST00790,2024-02-27,29.0,Failed,ACH
PAY0005518,INV0005686,CUST00790,2024-05-02,29.0,Successful,Debit Card
PAY0005519,INV0005687,CUST00790,2024-05-25,29.0,Successful,Credit Card
PAY0005520,INV0005688,CUST00790,2024-06-21,29.0,Successful,ACH
PAY0005521,INV0005689,CUST00790,2024-07-20,29.0,Successful,Bank Transfer
PAY0005522,INV0005690,CUST00790,2024-08-20,29.0,Successful,Debit Card
PAY0005523,INV0005691,CUST00790,2024-09-24,29.0,Successful,Credit Card
PAY0005524,INV0005692,CUST00790,2024-11-03,29.0,Successful,Debit Card
PAY0005525,INV0005693,CUST00790,2024-11-27,29.0,Successful,Credit Card
PAY0005526,INV0005694,CUST00790,2024-12-31,29.0,Successful,Debit Card
PAY0005527,INV0005695,CUST00790,2025-01-22,29.0,Successful,Bank Transfer
PAY0005528,INV0005698,CUST00790,2025-05-04,29.0,Successful,ACH
PAY0005529,INV0005699,CUST00790,2025-06-03,29.0,Successful,Bank Transfer
PAY0005530,INV0005700,CUST00790,2025-06-23,29.0,Successful,ACH
PAY0005531,INV0005701,CUST00790,2025-07-31,29.0,Refunded,ACH
PAY0005532,INV0005702,CUST00791,2025-07-29,29.0,Successful,Bank Transfer
PAY0005533,INV0005703,CUST00791,2025-08-18,29.0,Successful,ACH
PAY0005534,INV0005704,CUST00791,2025-09-15,29.0,Successful,Credit Card
PAY0005535,INV0005705,CUST00791,2025-10-15,29.0,Successful,Debit Card
PAY0005536,INV0005706,CUST00791,2025-11-19,29.0,Successful,Debit Card
PAY0005537,INV0005707,CUST00791,2025-12-20,29.0,Successful,Bank Transfer
PAY0005538,INV0005709,CUST00792,2024-12-13,29.0,Successful,ACH
PAY0005539,INV0005710,CUST00792,2025-01-16,29.0,Successful,Bank Transfer
PAY0005540,INV0005711,CUST00792,2025-02-07,29.0,Successful,Credit Card
PAY0005541,INV0005712,CUST00792,2025-03-18,29.0,Successful,Bank Transfer
PAY0005542,INV0005713,CUST00792,2025-04-19,29.0,Successful,Bank Transfer
PAY0005543,INV0005714,CUST00792,2025-05-18,29.0,Successful,Credit Card
PAY0005544,INV0005715,CUST00792,2025-06-14,29.0,Successful,Bank Transfer
PAY0005545,INV0005716,CUST00792,2025-07-12,29.0,Successful,ACH
PAY0005546,INV0005717,CUST00792,2025-08-09,29.0,Successful,Credit Card
PAY0005547,INV0005718,CUST00792,2025-09-14,29.0,Successful,Debit Card
PAY0005548,INV0005719,CUST00792,2025-10-05,29.0,Successful,Credit Card
PAY0005549,INV0005720,CUST00793,2025-10-04,79.0,Successful,Bank Transfer
PAY0005550,INV0005721,CUST00793,2025-11-01,79.0,Successful,ACH
PAY0005551,INV0005722,CUST00793,2025-12-12,79.0,Successful,Credit Card
PAY0005552,INV0005723,CUST00793,2026-01-05,79.0,Successful,Bank Transfer
PAY0005553,INV0005724,CUST00794,2025-06-09,29.0,Successful,ACH
PAY0005554,INV0005725,CUST00794,2025-07-14,29.0,Successful,ACH
PAY0005555,INV0005726,CUST00794,2025-08-12,29.0,Successful,Debit Card
PAY0005556,INV0005727,CUST00794,2025-09-22,29.0,Successful,ACH
PAY0005557,INV0005728,CUST00794,2025-10-18,29.0,Successful,Credit Card
PAY0005558,INV0005729,CUST00794,2025-11-19,29.0,Successful,Debit Card
PAY0005559,INV0005730,CUST00794,2025-12-09,29.0,Successful,Bank Transfer
PAY0005560,INV0005731,CUST00795,2025-06-07,29.0,Successful,Debit Card
PAY0005561,INV0005732,CUST00795,2025-06-30,29.0,Successful,ACH
PAY0005562,INV0005733,CUST00795,2025-08-07,29.0,Successful,Debit Card
PAY0005563,INV0005734,CUST00795,2025-09-02,29.0,Successful,Bank Transfer
PAY0005564,INV0005735,CUST00795,2025-10-01,29.0,Successful,Credit Card
PAY0005565,INV0005736,CUST00795,2025-10-26,29.0,Successful,Credit Card
PAY0005566,INV0005737,CUST00795,2025-11-27,29.0,Successful,ACH
PAY0005567,INV0005738,CUST00795,2026-01-04,29.0,Successful,Credit Card
PAY0005568,INV0005739,CUST00796,2025-01-04,295.8,Successful,Credit Card
PAY0005569,INV0005740,CUST00797,2024-08-07,805.8,Successful,Bank Transfer
PAY0005570,INV0005741,CUST00797,2025-08-15,805.8,Successful,Bank Transfer
PAY0005571,INV0005742,CUST00798,2024-01-26,29.0,Successful,Bank Transfer
PAY0005572,INV0005743,CUST00798,2024-02-29,29.0,Successful,Debit Card
PAY0005573,INV0005745,CUST00798,2024-04-16,29.0,Successful,Credit Card
PAY0005574,INV0005747,CUST00798,2024-06-15,29.0,Successful,Debit Card
PAY0005575,INV0005748,CUST00798,2024-07-29,29.0,Successful,Credit Card
PAY0005576,INV0005749,CUST00798,2024-08-27,29.0,Successful,Credit Card
PAY0005577,INV0005750,CUST00798,2024-09-22,29.0,Successful,Bank Transfer
PAY0005578,INV0005751,CUST00798,2024-10-29,29.0,Successful,Bank Transfer
PAY0005579,INV0005752,CUST00798,2024-11-17,29.0,Successful,ACH
PAY0005580,INV0005753,CUST00798,2024-12-24,29.0,Successful,Credit Card
PAY0005581,INV0005754,CUST00799,2024-06-06,79.0,Successful,ACH
PAY0005582,INV0005755,CUST00799,2024-07-12,79.0,Successful,ACH
PAY0005583,INV0005756,CUST00799,2024-08-16,79.0,Failed,Credit Card
PAY0005584,INV0005758,CUST00799,2024-10-07,79.0,Successful,Debit Card
PAY0005585,INV0005759,CUST00799,2024-11-02,79.0,Successful,Debit Card
PAY0005586,INV0005760,CUST00799,2024-12-12,79.0,Successful,Bank Transfer
PAY0005587,INV0005761,CUST00799,2025-01-02,79.0,Successful,Bank Transfer
PAY0005588,INV0005762,CUST00799,2025-02-02,79.0,Successful,Bank Transfer
PAY0005589,INV0005763,CUST00799,2025-03-08,79.0,Successful,Credit Card
PAY0005590,INV0005764,CUST00799,2025-04-10,79.0,Successful,Bank Transfer
PAY0005591,INV0005765,CUST00799,2025-05-04,79.0,Successful,Debit Card
PAY0005592,INV0005766,CUST00800,2024-10-04,199.0,Successful,Bank Transfer
PAY0005593,INV0005767,CUST00800,2024-10-27,199.0,Successful,Debit Card
PAY0005594,INV0005768,CUST00800,2024-12-03,199.0,Successful,Bank Transfer
PAY0005595,INV0005769,CUST00800,2024-12-28,199.0,Successful,Credit Card
PAY0005596,INV0005770,CUST00800,2025-01-24,199.0,Successful,ACH
PAY0005597,INV0005771,CUST00800,2025-02-27,199.0,Successful,Credit Card
PAY0005598,INV0005772,CUST00800,2025-04-03,199.0,Successful,ACH
PAY0005599,INV0005773,CUST00800,2025-05-02,199.0,Successful,Bank Transfer
PAY0005600,INV0005774,CUST00800,2025-05-22,199.0,Successful,Credit Card
PAY0005601,INV0005775,CUST00800,2025-06-20,199.0,Successful,Bank Transfer
PAY0005602,INV0005776,CUST00800,2025-08-01,199.0,Successful,ACH
PAY0005603,INV0005777,CUST00800,2025-08-24,199.0,Successful,Bank Transfer
PAY0005604,INV0005778,CUST00800,2025-10-04,199.0,Successful,ACH
PAY0005605,INV0005780,CUST00800,2025-11-21,199.0,Successful,ACH
PAY0005606,INV0005781,CUST00800,2026-01-03,199.0,Successful,Credit Card
PAY0005607,INV0005782,CUST00801,2024-10-09,2029.8,Successful,Bank Transfer
PAY0005608,INV0005783,CUST00802,2024-11-07,805.8,Successful,Credit Card
PAY0005609,INV0005784,CUST00803,2024-04-22,29.0,Successful,Debit Card
PAY0005610,INV0005785,CUST00803,2024-05-08,29.0,Successful,ACH
PAY0005611,INV0005786,CUST00803,2024-06-10,29.0,Successful,Debit Card
PAY0005612,INV0005787,CUST00803,2024-07-19,29.0,Successful,Debit Card
PAY0005613,INV0005788,CUST00803,2024-08-12,29.0,Successful,ACH
PAY0005614,INV0005789,CUST00803,2024-09-11,29.0,Failed,ACH
PAY0005615,INV0005790,CUST00803,2024-10-19,29.0,Successful,Credit Card
PAY0005616,INV0005791,CUST00803,2024-11-13,29.0,Successful,Credit Card
PAY0005617,INV0005792,CUST00803,2024-12-13,29.0,Successful,Bank Transfer
PAY0005618,INV0005793,CUST00803,2025-01-13,29.0,Successful,Bank Transfer
PAY0005619,INV0005794,CUST00803,2025-02-14,29.0,Successful,Debit Card
PAY0005620,INV0005795,CUST00803,2025-03-21,29.0,Successful,ACH
PAY0005621,INV0005796,CUST00803,2025-04-16,29.0,Successful,Credit Card
PAY0005622,INV0005797,CUST00803,2025-05-21,29.0,Successful,ACH
PAY0005623,INV0005798,CUST00803,2025-06-14,29.0,Successful,Debit Card
PAY0005624,INV0005799,CUST00803,2025-07-21,29.0,Successful,Bank Transfer
PAY0005625,INV0005800,CUST00803,2025-08-09,29.0,Successful,Debit Card
PAY0005626,INV0005801,CUST00803,2025-09-13,29.0,Successful,Credit Card
PAY0005627,INV0005802,CUST00804,2025-11-23,29.0,Successful,Bank Transfer
PAY0005628,INV0005803,CUST00804,2025-12-16,29.0,Successful,Debit Card
PAY0005629,INV0005804,CUST00805,2025-10-04,295.8,Successful,Bank Transfer
PAY0005630,INV0005805,CUST00806,2024-07-12,805.8,Successful,Debit Card
PAY0005631,INV0005806,CUST00807,2025-02-09,199.0,Refunded,Bank Transfer
PAY0005632,INV0005807,CUST00807,2025-03-12,199.0,Successful,Debit Card
PAY0005633,INV0005808,CUST00807,2025-04-02,199.0,Successful,ACH
PAY0005634,INV0005809,CUST00807,2025-05-05,199.0,Successful,Bank Transfer
PAY0005635,INV0005810,CUST00807,2025-06-03,199.0,Successful,Credit Card
PAY0005636,INV0005811,CUST00807,2025-07-13,199.0,Successful,Bank Transfer
PAY0005637,INV0005812,CUST00807,2025-08-04,199.0,Successful,Bank Transfer
PAY0005638,INV0005813,CUST00807,2025-09-08,199.0,Successful,Bank Transfer
PAY0005639,INV0005814,CUST00807,2025-09-29,199.0,Successful,Bank Transfer
PAY0005640,INV0005815,CUST00807,2025-11-01,199.0,Successful,Debit Card
PAY0005641,INV0005816,CUST00807,2025-12-03,199.0,Successful,ACH
PAY0005642,INV0005817,CUST00807,2026-01-03,199.0,Successful,Debit Card
PAY0005643,INV0005818,CUST00808,2024-04-28,805.8,Successful,ACH
PAY0005644,INV0005819,CUST00808,2025-05-08,805.8,Successful,Bank Transfer
PAY0005645,INV0005820,CUST00809,2024-05-01,29.0,Successful,ACH
PAY0005646,INV0005821,CUST00809,2024-05-24,29.0,Successful,ACH
PAY0005647,INV0005822,CUST00809,2024-06-24,29.0,Successful,Bank Transfer
PAY0005648,INV0005823,CUST00809,2024-07-19,29.0,Successful,Credit Card
PAY0005649,INV0005824,CUST00809,2024-08-28,29.0,Successful,ACH
PAY0005650,INV0005825,CUST00809,2024-09-25,29.0,Successful,Bank Transfer
PAY0005651,INV0005826,CUST00809,2024-10-28,29.0,Successful,Debit Card
PAY0005652,INV0005827,CUST00809,2024-11-25,29.0,Successful,Bank Transfer
PAY0005653,INV0005828,CUST00809,2024-12-23,29.0,Successful,Credit Card
PAY0005654,INV0005829,CUST00809,2025-01-25,29.0,Successful,Bank Transfer
PAY0005655,INV0005830,CUST00809,2025-02-20,29.0,Successful,ACH
PAY0005656,INV0005831,CUST00809,2025-03-29,29.0,Successful,Credit Card
PAY0005657,INV0005832,CUST00809,2025-04-17,29.0,Successful,Debit Card
PAY0005658,INV0005833,CUST00809,2025-05-26,29.0,Successful,Credit Card
PAY0005659,INV0005834,CUST00809,2025-06-22,29.0,Successful,Bank Transfer
PAY0005660,INV0005835,CUST00809,2025-07-21,29.0,Successful,ACH
PAY0005661,INV0005836,CUST00809,2025-08-27,29.0,Successful,Bank Transfer
PAY0005662,INV0005837,CUST00809,2025-09-28,29.0,Successful,Bank Transfer
PAY0005663,INV0005838,CUST00809,2025-10-22,29.0,Successful,Debit Card
PAY0005664,INV0005839,CUST00809,2025-11-18,29.0,Successful,Credit Card
PAY0005665,INV0005840,CUST00809,2025-12-29,29.0,Successful,Debit Card
PAY0005666,INV0005841,CUST00810,2024-07-12,79.0,Successful,Bank Transfer
PAY0005667,INV0005842,CUST00810,2024-08-07,79.0,Successful,Debit Card
PAY0005668,INV0005843,CUST00810,2024-09-16,79.0,Successful,Debit Card
PAY0005669,INV0005844,CUST00810,2024-10-06,79.0,Successful,Bank Transfer
PAY0005670,INV0005845,CUST00810,2024-11-15,79.0,Successful,Bank Transfer
PAY0005671,INV0005846,CUST00810,2024-12-12,79.0,Successful,Debit Card
PAY0005672,INV0005847,CUST00810,2025-01-19,79.0,Successful,ACH
PAY0005673,INV0005848,CUST00810,2025-02-09,79.0,Successful,Bank Transfer
PAY0005674,INV0005849,CUST00810,2025-03-08,79.0,Failed,Debit Card
PAY0005675,INV0005850,CUST00810,2025-04-18,79.0,Successful,Credit Card
PAY0005676,INV0005851,CUST00810,2025-05-18,79.0,Successful,Debit Card
PAY0005677,INV0005852,CUST00810,2025-06-19,79.0,Successful,Bank Transfer
PAY0005678,INV0005853,CUST00811,2025-12-11,29.0,Successful,Credit Card
PAY0005679,INV0005854,CUST00812,2025-05-24,199.0,Successful,Bank Transfer
PAY0005680,INV0005855,CUST00812,2025-06-23,199.0,Successful,Bank Transfer
PAY0005681,INV0005856,CUST00812,2025-07-23,199.0,Successful,Bank Transfer
PAY0005682,INV0005857,CUST00812,2025-08-22,199.0,Failed,Debit Card
PAY0005683,INV0005858,CUST00812,2025-09-11,199.0,Successful,Debit Card
PAY0005684,INV0005859,CUST00812,2025-10-22,199.0,Failed,ACH
PAY0005685,INV0005860,CUST00812,2025-11-10,199.0,Successful,Debit Card
PAY0005686,INV0005861,CUST00812,2025-12-16,199.0,Successful,Debit Card
PAY0005687,INV0005862,CUST00813,2024-02-22,199.0,Successful,Debit Card
PAY0005688,INV0005863,CUST00813,2024-03-31,199.0,Successful,Debit Card
PAY0005689,INV0005864,CUST00813,2024-04-30,199.0,Successful,Debit Card
PAY0005690,INV0005865,CUST00813,2024-05-18,199.0,Successful,Credit Card
PAY0005691,INV0005866,CUST00813,2024-06-30,199.0,Successful,ACH
PAY0005692,INV0005868,CUST00813,2024-08-27,199.0,Successful,ACH
PAY0005693,INV0005869,CUST00813,2024-09-27,199.0,Successful,Debit Card
PAY0005694,INV0005870,CUST00813,2024-10-29,199.0,Successful,Bank Transfer
PAY0005695,INV0005871,CUST00813,2024-12-01,199.0,Successful,Credit Card
PAY0005696,INV0005872,CUST00813,2024-12-21,199.0,Successful,Credit Card
PAY0005697,INV0005873,CUST00813,2025-01-30,199.0,Successful,Bank Transfer
PAY0005698,INV0005874,CUST00813,2025-03-04,199.0,Successful,Bank Transfer
PAY0005699,INV0005875,CUST00813,2025-03-28,199.0,Successful,Debit Card
PAY0005700,INV0005876,CUST00813,2025-04-20,199.0,Successful,ACH
PAY0005701,INV0005877,CUST00813,2025-05-21,199.0,Successful,ACH
PAY0005702,INV0005878,CUST00813,2025-06-28,199.0,Successful,Credit Card
PAY0005703,INV0005879,CUST00813,2025-07-18,199.0,Successful,Bank Transfer
PAY0005704,INV0005880,CUST00814,2025-11-17,199.0,Successful,Bank Transfer
PAY0005705,INV0005881,CUST00814,2025-12-29,199.0,Successful,Credit Card
PAY0005706,INV0005882,CUST00815,2025-03-28,295.8,Failed,Credit Card
PAY0005707,INV0005883,CUST00816,2024-06-15,295.8,Successful,Credit Card
PAY0005708,INV0005884,CUST00817,2024-01-25,805.8,Successful,ACH
PAY0005709,INV0005885,CUST00817,2025-01-17,805.8,Successful,Debit Card
PAY0005710,INV0005886,CUST00818,2025-05-27,29.0,Successful,Credit Card
PAY0005711,INV0005887,CUST00818,2025-06-25,29.0,Successful,ACH
PAY0005712,INV0005888,CUST00818,2025-07-26,29.0,Successful,Credit Card
PAY0005713,INV0005889,CUST00819,2024-09-07,79.0,Successful,Credit Card
PAY0005714,INV0005890,CUST00819,2024-10-09,79.0,Successful,ACH
PAY0005715,INV0005891,CUST00819,2024-11-04,79.0,Successful,Debit Card
PAY0005716,INV0005892,CUST00819,2024-12-08,79.0,Successful,Credit Card
PAY0005717,INV0005893,CUST00819,2025-01-10,79.0,Successful,ACH
PAY0005718,INV0005894,CUST00819,2025-02-07,79.0,Successful,Debit Card
PAY0005719,INV0005895,CUST00820,2025-07-20,29.0,Successful,Debit Card
PAY0005720,INV0005896,CUST00820,2025-08-20,29.0,Successful,Debit Card
PAY0005721,INV0005897,CUST00820,2025-10-02,29.0,Successful,ACH
PAY0005722,INV0005898,CUST00820,2025-10-29,29.0,Successful,Debit Card
PAY0005723,INV0005899,CUST00820,2025-12-01,29.0,Successful,ACH
PAY0005724,INV0005900,CUST00820,2025-12-19,29.0,Successful,Credit Card
PAY0005725,INV0005901,CUST00821,2025-04-21,199.0,Successful,Bank Transfer
PAY0005726,INV0005902,CUST00821,2025-05-29,199.0,Successful,Debit Card
PAY0005727,INV0005903,CUST00821,2025-06-17,199.0,Successful,Bank Transfer
PAY0005728,INV0005904,CUST00821,2025-07-17,199.0,Successful,ACH
PAY0005729,INV0005905,CUST00821,2025-08-20,199.0,Successful,Credit Card
PAY0005730,INV0005906,CUST00821,2025-09-25,199.0,Successful,ACH
PAY0005731,INV0005907,CUST00821,2025-10-25,199.0,Successful,Bank Transfer
PAY0005732,INV0005908,CUST00821,2025-11-28,199.0,Successful,Debit Card
PAY0005733,INV0005909,CUST00821,2025-12-23,199.0,Successful,Debit Card
PAY0005734,INV0005910,CUST00822,2025-04-08,29.0,Successful,Bank Transfer
PAY0005735,INV0005911,CUST00822,2025-05-09,29.0,Successful,ACH
PAY0005736,INV0005912,CUST00822,2025-06-05,29.0,Successful,Bank Transfer
PAY0005737,INV0005913,CUST00822,2025-07-04,29.0,Successful,Debit Card
PAY0005738,INV0005914,CUST00822,2025-08-17,29.0,Successful,Credit Card
PAY0005739,INV0005915,CUST00822,2025-09-15,29.0,Successful,Credit Card
PAY0005740,INV0005916,CUST00823,2024-04-18,79.0,Successful,ACH
PAY0005741,INV0005917,CUST00823,2024-05-18,79.0,Successful,Debit Card
PAY0005742,INV0005918,CUST00823,2024-06-17,79.0,Successful,Debit Card
PAY0005743,INV0005919,CUST00824,2024-04-09,79.0,Failed,Credit Card
PAY0005744,INV0005920,CUST00824,2024-05-15,79.0,Successful,Credit Card
PAY0005745,INV0005921,CUST00824,2024-06-05,79.0,Successful,Credit Card
PAY0005746,INV0005922,CUST00824,2024-07-11,79.0,Successful,Bank Transfer
PAY0005747,INV0005923,CUST00824,2024-08-08,79.0,Successful,Debit Card
PAY0005748,INV0005924,CUST00824,2024-09-15,79.0,Successful,Debit Card
PAY0005749,INV0005925,CUST00824,2024-10-05,79.0,Successful,Debit Card
PAY0005750,INV0005926,CUST00824,2024-11-08,79.0,Successful,ACH
PAY0005751,INV0005927,CUST00824,2024-12-12,79.0,Successful,Debit Card
PAY0005752,INV0005928,CUST00824,2025-01-04,79.0,Successful,Bank Transfer
PAY0005753,INV0005929,CUST00824,2025-02-10,79.0,Successful,Bank Transfer
PAY0005754,INV0005930,CUST00824,2025-03-07,79.0,Successful,Debit Card
PAY0005755,INV0005931,CUST00825,2025-11-11,79.0,Successful,Bank Transfer
PAY0005756,INV0005932,CUST00825,2025-12-07,79.0,Successful,Credit Card
PAY0005757,INV0005933,CUST00826,2024-08-24,199.0,Successful,ACH
PAY0005758,INV0005934,CUST00826,2024-09-21,199.0,Successful,ACH
PAY0005759,INV0005935,CUST00826,2024-10-29,199.0,Successful,Debit Card
PAY0005760,INV0005936,CUST00826,2024-11-25,199.0,Successful,ACH
PAY0005761,INV0005937,CUST00826,2024-12-28,199.0,Successful,Debit Card
PAY0005762,INV0005938,CUST00826,2025-01-19,199.0,Failed,ACH
PAY0005763,INV0005939,CUST00826,2025-02-19,199.0,Successful,Debit Card
PAY0005764,INV0005940,CUST00826,2025-03-31,199.0,Successful,ACH
PAY0005765,INV0005941,CUST00826,2025-04-18,199.0,Successful,Bank Transfer
PAY0005766,INV0005942,CUST00826,2025-05-19,199.0,Successful,ACH
PAY0005767,INV0005943,CUST00826,2025-07-01,199.0,Successful,Debit Card
PAY0005768,INV0005944,CUST00826,2025-07-29,199.0,Successful,Bank Transfer
PAY0005769,INV0005945,CUST00827,2025-11-18,79.0,Successful,Bank Transfer
PAY0005770,INV0005946,CUST00827,2025-12-10,79.0,Successful,ACH
PAY0005771,INV0005947,CUST00828,2024-01-14,79.0,Failed,Debit Card
PAY0005772,INV0005948,CUST00828,2024-02-07,79.0,Successful,Credit Card
PAY0005773,INV0005949,CUST00828,2024-03-13,79.0,Successful,Credit Card
PAY0005774,INV0005950,CUST00829,2025-07-24,199.0,Successful,Bank Transfer
PAY0005775,INV0005951,CUST00829,2025-08-28,199.0,Successful,Credit Card
PAY0005776,INV0005952,CUST00829,2025-09-21,199.0,Failed,ACH
PAY0005777,INV0005953,CUST00829,2025-10-15,199.0,Successful,ACH
PAY0005778,INV0005954,CUST00829,2025-11-17,199.0,Successful,ACH
PAY0005779,INV0005955,CUST00829,2025-12-15,199.0,Successful,Credit Card
PAY0005780,INV0005956,CUST00830,2025-06-03,79.0,Successful,Debit Card
PAY0005781,INV0005957,CUST00830,2025-07-02,79.0,Successful,Debit Card
PAY0005782,INV0005958,CUST00830,2025-07-24,79.0,Successful,Credit Card
PAY0005783,INV0005960,CUST00830,2025-09-26,79.0,Successful,Credit Card
PAY0005784,INV0005961,CUST00830,2025-10-20,79.0,Successful,Debit Card
PAY0005785,INV0005962,CUST00830,2025-11-30,79.0,Failed,Bank Transfer
PAY0005786,INV0005963,CUST00830,2025-12-21,79.0,Successful,Bank Transfer
PAY0005787,INV0005964,CUST00831,2024-04-20,79.0,Successful,Bank Transfer
PAY0005788,INV0005965,CUST00831,2024-05-26,79.0,Successful,ACH
PAY0005789,INV0005966,CUST00831,2024-07-04,79.0,Successful,Debit Card
PAY0005790,INV0005967,CUST00831,2024-07-23,79.0,Successful,Credit Card
PAY0005791,INV0005968,CUST00831,2024-08-26,79.0,Successful,Debit Card
PAY0005792,INV0005969,CUST00831,2024-09-23,79.0,Successful,Debit Card
PAY0005793,INV0005970,CUST00831,2024-10-21,79.0,Failed,ACH
PAY0005794,INV0005971,CUST00831,2024-11-21,79.0,Successful,ACH
PAY0005795,INV0005972,CUST00831,2024-12-23,79.0,Successful,Bank Transfer
PAY0005796,INV0005973,CUST00831,2025-02-03,79.0,Successful,Credit Card
PAY0005797,INV0005974,CUST00831,2025-02-23,79.0,Successful,Bank Transfer
PAY0005798,INV0005975,CUST00831,2025-04-03,79.0,Successful,ACH
PAY0005799,INV0005976,CUST00831,2025-04-26,79.0,Successful,Credit Card
PAY0005800,INV0005977,CUST00831,2025-05-31,79.0,Successful,ACH
PAY0005801,INV0005978,CUST00831,2025-06-22,79.0,Successful,Credit Card
PAY0005802,INV0005979,CUST00831,2025-08-03,79.0,Successful,Credit Card
PAY0005803,INV0005980,CUST00831,2025-09-02,79.0,Successful,Bank Transfer
PAY0005804,INV0005981,CUST00831,2025-10-04,79.0,Successful,Bank Transfer
PAY0005805,INV0005982,CUST00831,2025-10-29,79.0,Successful,ACH
PAY0005806,INV0005983,CUST00831,2025-11-20,79.0,Successful,ACH
PAY0005807,INV0005984,CUST00831,2025-12-27,79.0,Successful,ACH
PAY0005808,INV0005986,CUST00832,2024-09-12,29.0,Successful,Bank Transfer
PAY0005809,INV0005987,CUST00832,2024-10-21,29.0,Successful,Bank Transfer
PAY0005810,INV0005988,CUST00832,2024-11-16,29.0,Successful,Credit Card
PAY0005811,INV0005989,CUST00832,2024-12-22,29.0,Successful,ACH
PAY0005812,INV0005990,CUST00832,2025-01-15,29.0,Successful,Debit Card
PAY0005813,INV0005991,CUST00832,2025-02-18,29.0,Refunded,Bank Transfer
PAY0005814,INV0005992,CUST00832,2025-03-17,29.0,Successful,ACH
PAY0005815,INV0005994,CUST00832,2025-05-23,29.0,Successful,ACH
PAY0005816,INV0005995,CUST00832,2025-06-22,29.0,Successful,ACH
PAY0005817,INV0005996,CUST00832,2025-07-13,29.0,Successful,Bank Transfer
PAY0005818,INV0005997,CUST00832,2025-08-12,29.0,Successful,Credit Card
PAY0005819,INV0005998,CUST00832,2025-09-09,29.0,Successful,Debit Card
PAY0005820,INV0005999,CUST00832,2025-10-10,29.0,Successful,Bank Transfer
PAY0005821,INV0006000,CUST00832,2025-11-23,29.0,Successful,Bank Transfer
PAY0005822,INV0006001,CUST00832,2025-12-13,29.0,Successful,ACH
PAY0005823,INV0006002,CUST00833,2024-04-28,29.0,Successful,Bank Transfer
PAY0005824,INV0006004,CUST00833,2024-07-04,29.0,Successful,ACH
PAY0005825,INV0006005,CUST00833,2024-07-25,29.0,Successful,Bank Transfer
PAY0005826,INV0006006,CUST00833,2024-09-04,29.0,Successful,Debit Card
PAY0005827,INV0006007,CUST00833,2024-10-05,29.0,Successful,Credit Card
PAY0005828,INV0006008,CUST00833,2024-10-25,29.0,Successful,Credit Card
PAY0005829,INV0006009,CUST00833,2024-12-04,29.0,Successful,Credit Card
PAY0005830,INV0006010,CUST00833,2024-12-23,29.0,Successful,Debit Card
PAY0005831,INV0006011,CUST00833,2025-01-22,29.0,Failed,ACH
PAY0005832,INV0006012,CUST00833,2025-03-04,29.0,Successful,Bank Transfer
PAY0005833,INV0006013,CUST00833,2025-04-04,29.0,Successful,ACH
PAY0005834,INV0006014,CUST00833,2025-05-05,29.0,Successful,ACH
PAY0005835,INV0006015,CUST00833,2025-05-24,29.0,Successful,Bank Transfer
PAY0005836,INV0006016,CUST00833,2025-06-27,29.0,Successful,Debit Card
PAY0005837,INV0006017,CUST00833,2025-07-27,29.0,Successful,Bank Transfer
PAY0005838,INV0006018,CUST00833,2025-08-21,29.0,Successful,Bank Transfer
PAY0005839,INV0006019,CUST00833,2025-10-05,29.0,Successful,Debit Card
PAY0005840,INV0006020,CUST00833,2025-10-23,29.0,Successful,Bank Transfer
PAY0005841,INV0006021,CUST00833,2025-12-01,29.0,Successful,Credit Card
PAY0005842,INV0006022,CUST00833,2026-01-02,29.0,Successful,Bank Transfer
PAY0005843,INV0006023,CUST00834,2025-04-15,199.0,Successful,Credit Card
PAY0005844,INV0006024,CUST00834,2025-05-19,199.0,Successful,Bank Transfer
PAY0005845,INV0006025,CUST00834,2025-06-17,199.0,Successful,Bank Transfer
PAY0005846,INV0006026,CUST00835,2025-05-26,79.0,Successful,ACH
PAY0005847,INV0006027,CUST00835,2025-07-06,79.0,Successful,Credit Card
PAY0005848,INV0006028,CUST00835,2025-08-05,79.0,Successful,Debit Card
PAY0005849,INV0006029,CUST00835,2025-08-27,79.0,Successful,Credit Card
PAY0005850,INV0006030,CUST00835,2025-10-09,79.0,Successful,Credit Card
PAY0005851,INV0006031,CUST00835,2025-11-01,79.0,Successful,Bank Transfer
PAY0005852,INV0006032,CUST00835,2025-12-10,79.0,Successful,Debit Card
PAY0005853,INV0006033,CUST00835,2026-01-07,79.0,Successful,Debit Card
PAY0005854,INV0006034,CUST00836,2025-09-02,29.0,Successful,Credit Card
PAY0005855,INV0006035,CUST00836,2025-10-05,29.0,Successful,Debit Card
PAY0005856,INV0006036,CUST00836,2025-10-31,29.0,Successful,Credit Card
PAY0005857,INV0006037,CUST00836,2025-12-02,29.0,Successful,Debit Card
PAY0005858,INV0006038,CUST00836,2025-12-31,29.0,Successful,ACH
PAY0005859,INV0006039,CUST00837,2025-12-22,29.0,Successful,Debit Card
PAY0005860,INV0006040,CUST00838,2025-02-08,805.8,Successful,Credit Card
PAY0005861,INV0006041,CUST00839,2025-03-18,79.0,Successful,ACH
PAY0005862,INV0006042,CUST00839,2025-04-14,79.0,Successful,Credit Card
PAY0005863,INV0006043,CUST00839,2025-05-16,79.0,Successful,Debit Card
PAY0005864,INV0006044,CUST00839,2025-06-06,79.0,Successful,Debit Card
PAY0005865,INV0006045,CUST00839,2025-07-09,79.0,Successful,Credit Card
PAY0005866,INV0006046,CUST00839,2025-08-10,79.0,Successful,Bank Transfer
PAY0005867,INV0006047,CUST00839,2025-09-11,79.0,Successful,Credit Card
PAY0005868,INV0006048,CUST00839,2025-10-18,79.0,Successful,Debit Card
PAY0005869,INV0006049,CUST00839,2025-11-19,79.0,Successful,Debit Card
PAY0005870,INV0006050,CUST00839,2025-12-09,79.0,Successful,ACH
PAY0005871,INV0006051,CUST00840,2025-02-15,79.0,Successful,Debit Card
PAY0005872,INV0006052,CUST00840,2025-03-23,79.0,Successful,Credit Card
PAY0005873,INV0006053,CUST00840,2025-04-20,79.0,Successful,Bank Transfer
PAY0005874,INV0006054,CUST00840,2025-05-26,79.0,Failed,Bank Transfer
PAY0005875,INV0006055,CUST00840,2025-06-16,79.0,Successful,Credit Card
PAY0005876,INV0006056,CUST00840,2025-07-22,79.0,Successful,Credit Card
PAY0005877,INV0006057,CUST00840,2025-08-22,79.0,Successful,Debit Card
PAY0005878,INV0006058,CUST00840,2025-09-22,79.0,Successful,ACH
PAY0005879,INV0006059,CUST00840,2025-10-26,79.0,Successful,Credit Card
PAY0005880,INV0006060,CUST00840,2025-11-12,79.0,Successful,Debit Card
PAY0005881,INV0006061,CUST00840,2025-12-16,79.0,Refunded,Credit Card
PAY0005882,INV0006062,CUST00841,2024-05-30,29.0,Successful,Credit Card
PAY0005883,INV0006063,CUST00841,2024-07-06,29.0,Successful,Credit Card
PAY0005884,INV0006064,CUST00841,2024-07-28,29.0,Successful,Debit Card
PAY0005885,INV0006065,CUST00841,2024-08-28,29.0,Successful,ACH
PAY0005886,INV0006066,CUST00841,2024-10-05,29.0,Successful,Credit Card
PAY0005887,INV0006067,CUST00841,2024-10-22,29.0,Successful,ACH
PAY0005888,INV0006068,CUST00841,2024-11-24,29.0,Successful,Bank Transfer
PAY0005889,INV0006069,CUST00841,2024-12-23,29.0,Successful,Credit Card
PAY0005890,INV0006070,CUST00841,2025-01-31,29.0,Successful,Bank Transfer
PAY0005891,INV0006071,CUST00841,2025-02-24,29.0,Successful,Bank Transfer
PAY0005892,INV0006072,CUST00841,2025-03-22,29.0,Successful,Debit Card
PAY0005893,INV0006073,CUST00841,2025-04-25,29.0,Successful,Bank Transfer
PAY0005894,INV0006074,CUST00841,2025-06-05,29.0,Successful,Debit Card
PAY0005895,INV0006075,CUST00841,2025-06-28,29.0,Successful,ACH
PAY0005896,INV0006076,CUST00841,2025-07-25,29.0,Successful,Bank Transfer
PAY0005897,INV0006077,CUST00841,2025-08-24,29.0,Successful,ACH
PAY0005898,INV0006078,CUST00841,2025-10-02,29.0,Successful,Bank Transfer
PAY0005899,INV0006079,CUST00841,2025-10-23,29.0,Successful,ACH
PAY0005900,INV0006080,CUST00841,2025-12-06,29.0,Successful,ACH
PAY0005901,INV0006081,CUST00841,2026-01-05,29.0,Successful,Bank Transfer
PAY0005902,INV0006082,CUST00842,2025-12-29,199.0,Successful,Debit Card
PAY0005903,INV0006083,CUST00843,2024-08-01,805.8,Successful,Credit Card
PAY0005904,INV0006084,CUST00843,2025-08-08,805.8,Successful,Bank Transfer
PAY0005905,INV0006085,CUST00844,2025-12-03,29.0,Successful,Credit Card
PAY0005906,INV0006086,CUST00844,2025-12-26,29.0,Successful,Bank Transfer
PAY0005907,INV0006087,CUST00845,2025-06-14,199.0,Successful,ACH
PAY0005908,INV0006088,CUST00845,2025-07-06,199.0,Successful,ACH
PAY0005909,INV0006089,CUST00845,2025-08-14,199.0,Successful,Bank Transfer
PAY0005910,INV0006090,CUST00845,2025-09-12,199.0,Successful,Bank Transfer
PAY0005911,INV0006091,CUST00845,2025-10-13,199.0,Successful,Credit Card
PAY0005912,INV0006092,CUST00845,2025-11-13,199.0,Successful,ACH
PAY0005913,INV0006093,CUST00845,2025-12-15,199.0,Successful,Debit Card
PAY0005914,INV0006094,CUST00845,2026-01-13,199.0,Successful,Bank Transfer
PAY0005915,INV0006095,CUST00846,2024-12-30,29.0,Successful,ACH
PAY0005916,INV0006096,CUST00846,2025-02-02,29.0,Successful,Debit Card
PAY0005917,INV0006097,CUST00846,2025-03-02,29.0,Successful,Bank Transfer
PAY0005918,INV0006098,CUST00846,2025-04-03,29.0,Successful,Bank Transfer
PAY0005919,INV0006099,CUST00846,2025-04-28,29.0,Successful,ACH
PAY0005920,INV0006100,CUST00846,2025-06-03,29.0,Successful,Debit Card
PAY0005921,INV0006101,CUST00847,2025-11-22,79.0,Successful,Debit Card
PAY0005922,INV0006102,CUST00847,2025-12-28,79.0,Successful,Bank Transfer
PAY0005923,INV0006103,CUST00848,2024-01-17,295.8,Failed,Bank Transfer
PAY0005924,INV0006104,CUST00848,2025-01-22,295.8,Successful,Bank Transfer
PAY0005925,INV0006105,CUST00849,2025-12-02,199.0,Successful,Debit Card
PAY0005926,INV0006106,CUST00849,2025-12-29,199.0,Successful,Debit Card
PAY0005927,INV0006107,CUST00850,2024-11-02,805.8,Successful,Bank Transfer
PAY0005928,INV0006108,CUST00850,2025-10-27,805.8,Successful,Bank Transfer
PAY0005929,INV0006109,CUST00851,2024-08-04,295.8,Successful,ACH
PAY0005930,INV0006110,CUST00852,2024-04-21,79.0,Failed,Credit Card
PAY0005931,INV0006111,CUST00852,2024-05-23,79.0,Successful,ACH
PAY0005932,INV0006112,CUST00852,2024-06-28,79.0,Successful,ACH
PAY0005933,INV0006113,CUST00852,2024-07-23,79.0,Successful,Credit Card
PAY0005934,INV0006114,CUST00852,2024-08-17,79.0,Successful,Credit Card
PAY0005935,INV0006115,CUST00852,2024-09-29,79.0,Successful,ACH
PAY0005936,INV0006116,CUST00852,2024-10-29,79.0,Successful,Bank Transfer
PAY0005937,INV0006117,CUST00852,2024-11-17,79.0,Successful,Credit Card
PAY0005938,INV0006118,CUST00852,2024-12-19,79.0,Successful,Debit Card
PAY0005939,INV0006119,CUST00852,2025-01-28,79.0,Successful,Credit Card
PAY0005940,INV0006120,CUST00852,2025-02-16,79.0,Failed,Bank Transfer
PAY0005941,INV0006121,CUST00852,2025-03-29,79.0,Successful,Bank Transfer
PAY0005942,INV0006122,CUST00852,2025-04-24,79.0,Successful,Bank Transfer
PAY0005943,INV0006123,CUST00852,2025-05-28,79.0,Successful,ACH
PAY0005944,INV0006124,CUST00852,2025-06-27,79.0,Successful,Debit Card
PAY0005945,INV0006125,CUST00852,2025-07-15,79.0,Successful,Debit Card
PAY0005946,INV0006126,CUST00852,2025-08-29,79.0,Successful,ACH
PAY0005947,INV0006127,CUST00852,2025-09-15,79.0,Successful,Bank Transfer
PAY0005948,INV0006128,CUST00852,2025-10-21,79.0,Successful,Credit Card
PAY0005949,INV0006129,CUST00852,2025-11-19,79.0,Successful,Bank Transfer
PAY0005950,INV0006130,CUST00852,2025-12-24,79.0,Successful,Credit Card
PAY0005951,INV0006131,CUST00853,2025-11-07,199.0,Successful,Debit Card
PAY0005952,INV0006132,CUST00853,2025-11-26,199.0,Successful,ACH
PAY0005953,INV0006133,CUST00853,2026-01-08,199.0,Failed,Bank Transfer
PAY0005954,INV0006134,CUST00854,2025-12-25,79.0,Successful,ACH
PAY0005955,INV0006135,CUST00855,2025-07-22,29.0,Successful,ACH
PAY0005956,INV0006136,CUST00855,2025-08-20,29.0,Successful,ACH
PAY0005957,INV0006137,CUST00855,2025-09-21,29.0,Successful,ACH
PAY0005958,INV0006138,CUST00855,2025-10-21,29.0,Successful,Bank Transfer
PAY0005959,INV0006139,CUST00855,2025-11-25,29.0,Successful,Credit Card
PAY0005960,INV0006140,CUST00855,2026-01-03,29.0,Successful,Bank Transfer
PAY0005961,INV0006141,CUST00856,2024-08-21,29.0,Successful,ACH
PAY0005962,INV0006143,CUST00856,2024-10-31,29.0,Successful,Debit Card
PAY0005963,INV0006144,CUST00856,2024-11-21,29.0,Successful,Credit Card
PAY0005964,INV0006145,CUST00856,2024-12-27,29.0,Successful,Debit Card
PAY0005965,INV0006146,CUST00856,2025-01-22,29.0,Successful,Debit Card
PAY0005966,INV0006147,CUST00857,2025-09-08,199.0,Successful,ACH
PAY0005967,INV0006148,CUST00857,2025-09-30,199.0,Successful,Credit Card
PAY0005968,INV0006149,CUST00857,2025-11-02,199.0,Successful,Bank Transfer
PAY0005969,INV0006150,CUST00857,2025-12-04,199.0,Successful,Debit Card
PAY0005970,INV0006151,CUST00857,2025-12-31,199.0,Successful,Credit Card
PAY0005971,INV0006152,CUST00858,2024-11-05,29.0,Successful,Credit Card
PAY0005972,INV0006153,CUST00858,2024-12-08,29.0,Successful,Bank Transfer
PAY0005973,INV0006154,CUST00858,2025-01-12,29.0,Successful,ACH
PAY0005974,INV0006156,CUST00858,2025-03-11,29.0,Successful,ACH
PAY0005975,INV0006158,CUST00858,2025-05-02,29.0,Successful,Credit Card
PAY0005976,INV0006159,CUST00858,2025-05-30,29.0,Successful,ACH
PAY0005977,INV0006160,CUST00858,2025-07-04,29.0,Successful,Credit Card
PAY0005978,INV0006161,CUST00858,2025-08-10,29.0,Successful,Bank Transfer
PAY0005979,INV0006162,CUST00858,2025-09-09,29.0,Successful,Bank Transfer
PAY0005980,INV0006163,CUST00858,2025-10-02,29.0,Successful,Credit Card
PAY0005981,INV0006164,CUST00859,2025-06-11,29.0,Successful,Bank Transfer
PAY0005982,INV0006165,CUST00859,2025-07-25,29.0,Successful,Debit Card
PAY0005983,INV0006166,CUST00859,2025-08-23,29.0,Failed,ACH
PAY0005984,INV0006167,CUST00859,2025-09-15,29.0,Successful,ACH
PAY0005985,INV0006168,CUST00859,2025-10-23,29.0,Successful,Debit Card
PAY0005986,INV0006169,CUST00859,2025-11-23,29.0,Successful,Debit Card
PAY0005987,INV0006170,CUST00859,2025-12-17,29.0,Successful,Credit Card
PAY0005988,INV0006171,CUST00860,2024-05-19,29.0,Successful,Bank Transfer
PAY0005989,INV0006172,CUST00860,2024-06-18,29.0,Successful,Credit Card
PAY0005990,INV0006173,CUST00860,2024-07-22,29.0,Successful,Debit Card
PAY0005991,INV0006174,CUST00860,2024-08-16,29.0,Successful,ACH
PAY0005992,INV0006175,CUST00860,2024-09-28,29.0,Successful,Bank Transfer
PAY0005993,INV0006176,CUST00860,2024-10-17,29.0,Successful,Debit Card
PAY0005994,INV0006177,CUST00860,2024-11-20,29.0,Successful,Credit Card
PAY0005995,INV0006178,CUST00860,2024-12-23,29.0,Successful,ACH
PAY0005996,INV0006179,CUST00860,2025-01-14,29.0,Successful,Credit Card
PAY0005997,INV0006180,CUST00860,2025-02-27,29.0,Successful,Credit Card
PAY0005998,INV0006181,CUST00860,2025-03-23,29.0,Successful,Credit Card
PAY0005999,INV0006182,CUST00860,2025-04-14,29.0,Successful,Credit Card
PAY0006000,INV0006183,CUST00860,2025-05-23,29.0,Successful,ACH
PAY0006001,INV0006184,CUST00860,2025-06-15,29.0,Successful,Debit Card
PAY0006002,INV0006185,CUST00860,2025-07-20,29.0,Successful,ACH
PAY0006003,INV0006186,CUST00860,2025-08-22,29.0,Successful,Credit Card
PAY0006004,INV0006187,CUST00860,2025-09-26,29.0,Successful,Debit Card
PAY0006005,INV0006188,CUST00860,2025-10-15,29.0,Successful,Bank Transfer
PAY0006006,INV0006189,CUST00861,2025-05-07,79.0,Successful,Debit Card
PAY0006007,INV0006190,CUST00861,2025-05-28,79.0,Successful,Bank Transfer
PAY0006008,INV0006191,CUST00861,2025-06-30,79.0,Successful,ACH
PAY0006009,INV0006192,CUST00862,2025-09-08,805.8,Successful,Credit Card
PAY0006010,INV0006193,CUST00863,2025-05-28,2029.8,Successful,Debit Card
PAY0006011,INV0006194,CUST00864,2025-07-07,79.0,Successful,Bank Transfer
PAY0006012,INV0006195,CUST00864,2025-07-27,79.0,Successful,Credit Card
PAY0006013,INV0006196,CUST00864,2025-09-01,79.0,Successful,Debit Card
PAY0006014,INV0006197,CUST00864,2025-09-29,79.0,Successful,Bank Transfer
PAY0006015,INV0006198,CUST00864,2025-10-29,79.0,Successful,Bank Transfer
PAY0006016,INV0006199,CUST00864,2025-11-28,79.0,Successful,Bank Transfer
PAY0006017,INV0006200,CUST00865,2025-03-07,29.0,Successful,Credit Card
PAY0006018,INV0006201,CUST00865,2025-04-08,29.0,Successful,ACH
PAY0006019,INV0006202,CUST00865,2025-05-16,29.0,Successful,Bank Transfer
PAY0006020,INV0006203,CUST00865,2025-06-16,29.0,Successful,Bank Transfer
PAY0006021,INV0006204,CUST00865,2025-07-16,29.0,Successful,Credit Card
PAY0006022,INV0006205,CUST00865,2025-08-02,29.0,Successful,Debit Card
PAY0006023,INV0006206,CUST00865,2025-09-02,29.0,Successful,Debit Card
PAY0006024,INV0006207,CUST00865,2025-10-16,29.0,Successful,Bank Transfer
PAY0006025,INV0006208,CUST00865,2025-11-02,29.0,Successful,Credit Card
PAY0006026,INV0006209,CUST00865,2025-12-16,29.0,Successful,Credit Card
PAY0006027,INV0006210,CUST00866,2024-08-09,2029.8,Successful,Debit Card
PAY0006028,INV0006211,CUST00866,2025-08-09,2029.8,Successful,Credit Card
PAY0006029,INV0006212,CUST00867,2025-10-01,295.8,Successful,Debit Card
PAY0006030,INV0006213,CUST00868,2024-05-05,2029.8,Successful,Bank Transfer
PAY0006031,INV0006214,CUST00869,2024-02-16,29.0,Successful,Credit Card
PAY0006032,INV0006215,CUST00869,2024-03-24,29.0,Successful,Bank Transfer
PAY0006033,INV0006216,CUST00869,2024-04-25,29.0,Successful,Bank Transfer
PAY0006034,INV0006217,CUST00869,2024-05-25,29.0,Successful,Bank Transfer
PAY0006035,INV0006218,CUST00869,2024-06-24,29.0,Successful,ACH
PAY0006036,INV0006219,CUST00869,2024-07-15,29.0,Successful,Debit Card
PAY0006037,INV0006220,CUST00869,2024-08-25,29.0,Successful,ACH
PAY0006038,INV0006221,CUST00869,2024-09-25,29.0,Successful,Credit Card
PAY0006039,INV0006222,CUST00869,2024-10-11,29.0,Successful,Credit Card
PAY0006040,INV0006223,CUST00869,2024-11-20,29.0,Successful,ACH
PAY0006041,INV0006224,CUST00869,2024-12-15,29.0,Successful,ACH
PAY0006042,INV0006225,CUST00869,2025-01-17,29.0,Successful,Debit Card
PAY0006043,INV0006226,CUST00869,2025-02-20,29.0,Successful,ACH
PAY0006044,INV0006227,CUST00869,2025-03-18,29.0,Successful,Credit Card
PAY0006045,INV0006228,CUST00869,2025-04-17,29.0,Successful,Debit Card
PAY0006046,INV0006229,CUST00869,2025-05-17,29.0,Successful,Bank Transfer
PAY0006047,INV0006230,CUST00869,2025-06-15,29.0,Successful,Credit Card
PAY0006048,INV0006231,CUST00869,2025-07-15,29.0,Successful,Debit Card
PAY0006049,INV0006232,CUST00870,2025-02-14,805.8,Successful,Credit Card
PAY0006050,INV0006233,CUST00871,2025-06-16,295.8,Successful,Credit Card
PAY0006051,INV0006234,CUST00872,2025-11-04,29.0,Failed,ACH
PAY0006052,INV0006235,CUST00872,2025-12-10,29.0,Failed,Bank Transfer
PAY0006053,INV0006236,CUST00872,2026-01-10,29.0,Successful,Credit Card
PAY0006054,INV0006237,CUST00873,2024-07-03,79.0,Successful,Bank Transfer
PAY0006055,INV0006238,CUST00873,2024-08-04,79.0,Successful,Credit Card
PAY0006056,INV0006239,CUST00873,2024-08-23,79.0,Successful,Credit Card
PAY0006057,INV0006240,CUST00873,2024-09-30,79.0,Successful,Bank Transfer
PAY0006058,INV0006241,CUST00873,2024-10-21,79.0,Successful,ACH
PAY0006059,INV0006242,CUST00873,2024-11-26,79.0,Successful,ACH
PAY0006060,INV0006243,CUST00873,2025-01-04,79.0,Successful,Credit Card
PAY0006061,INV0006244,CUST00873,2025-01-28,79.0,Successful,Credit Card
PAY0006062,INV0006245,CUST00873,2025-03-07,79.0,Successful,Bank Transfer
PAY0006063,INV0006246,CUST00873,2025-04-01,79.0,Successful,Bank Transfer
PAY0006064,INV0006247,CUST00873,2025-04-27,79.0,Successful,Credit Card
PAY0006065,INV0006248,CUST00873,2025-05-24,79.0,Successful,Bank Transfer
PAY0006066,INV0006249,CUST00873,2025-07-01,79.0,Successful,Bank Transfer
PAY0006067,INV0006250,CUST00873,2025-07-21,79.0,Successful,Bank Transfer
PAY0006068,INV0006251,CUST00873,2025-09-04,79.0,Successful,Debit Card
PAY0006069,INV0006252,CUST00873,2025-10-02,79.0,Successful,Bank Transfer
PAY0006070,INV0006253,CUST00873,2025-10-22,79.0,Successful,Debit Card
PAY0006071,INV0006254,CUST00873,2025-12-03,79.0,Successful,Debit Card
PAY0006072,INV0006255,CUST00874,2025-10-13,29.0,Successful,Bank Transfer
PAY0006073,INV0006256,CUST00874,2025-11-07,29.0,Successful,Debit Card
PAY0006074,INV0006257,CUST00874,2025-12-13,29.0,Successful,Debit Card
PAY0006075,INV0006258,CUST00875,2025-12-05,199.0,Successful,Bank Transfer
PAY0006076,INV0006259,CUST00876,2025-10-25,29.0,Successful,Debit Card
PAY0006077,INV0006260,CUST00876,2025-12-07,29.0,Successful,Bank Transfer
PAY0006078,INV0006261,CUST00876,2026-01-08,29.0,Successful,Bank Transfer
PAY0006079,INV0006262,CUST00877,2024-02-04,199.0,Successful,ACH
PAY0006080,INV0006263,CUST00877,2024-03-04,199.0,Successful,Debit Card
PAY0006081,INV0006264,CUST00877,2024-04-03,199.0,Successful,Debit Card
PAY0006082,INV0006265,CUST00877,2024-05-10,199.0,Successful,Debit Card
PAY0006083,INV0006266,CUST00877,2024-06-09,199.0,Successful,Credit Card
PAY0006084,INV0006268,CUST00877,2024-07-29,79.0,Successful,Debit Card
PAY0006085,INV0006269,CUST00877,2024-08-30,79.0,Successful,ACH
PAY0006086,INV0006270,CUST00877,2024-09-27,79.0,Successful,Debit Card
PAY0006087,INV0006271,CUST00877,2024-10-26,79.0,Successful,Bank Transfer
PAY0006088,INV0006272,CUST00877,2024-12-01,79.0,Successful,ACH
PAY0006089,INV0006273,CUST00877,2025-01-06,79.0,Successful,Bank Transfer
PAY0006090,INV0006274,CUST00878,2024-03-11,29.0,Successful,ACH
PAY0006091,INV0006275,CUST00878,2024-04-06,29.0,Successful,Credit Card
PAY0006092,INV0006276,CUST00878,2024-04-29,29.0,Successful,Credit Card
PAY0006093,INV0006277,CUST00878,2024-06-01,29.0,Successful,Debit Card
PAY0006094,INV0006278,CUST00878,2024-06-28,79.0,Successful,Bank Transfer
PAY0006095,INV0006279,CUST00878,2024-08-06,79.0,Successful,Debit Card
PAY0006096,INV0006280,CUST00879,2024-09-29,79.0,Successful,Debit Card
PAY0006097,INV0006281,CUST00879,2024-10-28,79.0,Successful,Credit Card
PAY0006098,INV0006282,CUST00879,2024-11-28,79.0,Successful,Bank Transfer
PAY0006099,INV0006283,CUST00879,2025-01-05,79.0,Successful,Credit Card
PAY0006100,INV0006284,CUST00879,2025-01-27,79.0,Successful,Bank Transfer
PAY0006101,INV0006285,CUST00879,2025-02-27,79.0,Successful,Debit Card
PAY0006102,INV0006286,CUST00879,2025-04-03,79.0,Successful,ACH
PAY0006103,INV0006288,CUST00879,2025-06-01,79.0,Successful,ACH
PAY0006104,INV0006289,CUST00879,2025-06-24,79.0,Successful,ACH
PAY0006105,INV0006290,CUST00879,2025-08-05,79.0,Successful,Bank Transfer
PAY0006106,INV0006291,CUST00879,2025-09-03,79.0,Successful,Debit Card
PAY0006107,INV0006292,CUST00879,2025-09-28,79.0,Successful,Credit Card
PAY0006108,INV0006293,CUST00879,2025-10-28,79.0,Successful,Credit Card
PAY0006109,INV0006294,CUST00879,2025-11-25,79.0,Successful,Debit Card
PAY0006110,INV0006295,CUST00879,2026-01-01,79.0,Successful,Bank Transfer
PAY0006111,INV0006296,CUST00880,2024-12-02,199.0,Successful,Bank Transfer
PAY0006112,INV0006297,CUST00880,2024-12-24,199.0,Successful,ACH
PAY0006113,INV0006298,CUST00880,2025-01-27,199.0,Successful,Debit Card
PAY0006114,INV0006299,CUST00880,2025-03-06,199.0,Successful,Bank Transfer
PAY0006115,INV0006300,CUST00880,2025-04-02,199.0,Successful,ACH
PAY0006116,INV0006301,CUST00880,2025-04-29,199.0,Successful,ACH
PAY0006117,INV0006302,CUST00880,2025-05-31,199.0,Successful,Credit Card
PAY0006118,INV0006303,CUST00880,2025-06-29,199.0,Successful,ACH
PAY0006119,INV0006304,CUST00880,2025-08-03,199.0,Successful,Debit Card
PAY0006120,INV0006305,CUST00880,2025-08-26,199.0,Successful,Bank Transfer
PAY0006121,INV0006306,CUST00880,2025-09-22,199.0,Successful,Debit Card
PAY0006122,INV0006307,CUST00880,2025-10-24,199.0,Successful,Credit Card
PAY0006123,INV0006308,CUST00881,2025-10-21,79.0,Successful,Credit Card
PAY0006124,INV0006309,CUST00881,2025-12-03,79.0,Successful,ACH
PAY0006125,INV0006310,CUST00881,2025-12-24,79.0,Successful,Credit Card
PAY0006126,INV0006311,CUST00882,2026-01-02,79.0,Successful,Bank Transfer
PAY0006127,INV0006312,CUST00883,2024-11-04,805.8,Successful,Debit Card
PAY0006128,INV0006313,CUST00884,2025-03-28,199.0,Successful,ACH
PAY0006129,INV0006314,CUST00884,2025-04-29,199.0,Successful,Debit Card
PAY0006130,INV0006315,CUST00884,2025-06-05,199.0,Successful,Bank Transfer
PAY0006131,INV0006317,CUST00884,2025-08-02,199.0,Successful,Debit Card
PAY0006132,INV0006318,CUST00884,2025-09-02,199.0,Successful,Bank Transfer
PAY0006133,INV0006319,CUST00885,2024-06-24,79.0,Successful,ACH
PAY0006134,INV0006321,CUST00885,2024-08-16,79.0,Successful,Debit Card
PAY0006135,INV0006322,CUST00885,2024-09-14,79.0,Successful,ACH
PAY0006136,INV0006323,CUST00885,2024-10-17,79.0,Successful,ACH
PAY0006137,INV0006324,CUST00885,2024-11-22,79.0,Successful,Bank Transfer
PAY0006138,INV0006325,CUST00885,2024-12-19,79.0,Successful,Bank Transfer
PAY0006139,INV0006326,CUST00885,2025-01-20,79.0,Successful,Credit Card
PAY0006140,INV0006327,CUST00885,2025-02-23,79.0,Successful,Debit Card
PAY0006141,INV0006328,CUST00885,2025-03-22,79.0,Successful,Credit Card
PAY0006142,INV0006329,CUST00885,2025-04-12,79.0,Successful,Bank Transfer
PAY0006143,INV0006330,CUST00885,2025-05-10,79.0,Successful,ACH
PAY0006144,INV0006331,CUST00885,2025-06-15,79.0,Successful,Bank Transfer
PAY0006145,INV0006332,CUST00885,2025-07-15,79.0,Successful,Bank Transfer
PAY0006146,INV0006333,CUST00885,2025-08-22,79.0,Successful,Bank Transfer
PAY0006147,INV0006334,CUST00885,2025-09-12,79.0,Successful,Bank Transfer
PAY0006148,INV0006335,CUST00885,2025-10-10,79.0,Successful,Bank Transfer
PAY0006149,INV0006336,CUST00885,2025-11-22,79.0,Successful,Debit Card
PAY0006150,INV0006337,CUST00885,2025-12-10,79.0,Successful,Bank Transfer
PAY0006151,INV0006338,CUST00886,2025-10-16,29.0,Successful,Debit Card
PAY0006152,INV0006339,CUST00886,2025-11-16,29.0,Successful,ACH
PAY0006153,INV0006341,CUST00887,2024-01-22,199.0,Successful,ACH
PAY0006154,INV0006342,CUST00887,2024-02-27,199.0,Successful,Debit Card
PAY0006155,INV0006343,CUST00887,2024-03-19,199.0,Successful,Bank Transfer
PAY0006156,INV0006344,CUST00887,2024-04-27,199.0,Successful,ACH
PAY0006157,INV0006345,CUST00887,2024-05-26,199.0,Refunded,Credit Card
PAY0006158,INV0006346,CUST00887,2024-06-16,199.0,Successful,Credit Card
PAY0006159,INV0006347,CUST00887,2024-07-17,199.0,Successful,ACH
PAY0006160,INV0006348,CUST00887,2024-08-16,199.0,Successful,Bank Transfer
PAY0006161,INV0006350,CUST00887,2024-10-27,199.0,Successful,Credit Card
PAY0006162,INV0006351,CUST00887,2024-11-24,199.0,Successful,Credit Card
PAY0006163,INV0006352,CUST00887,2024-12-25,199.0,Successful,Credit Card
PAY0006164,INV0006353,CUST00887,2025-01-23,199.0,Successful,Bank Transfer
PAY0006165,INV0006354,CUST00887,2025-02-26,199.0,Successful,Bank Transfer
PAY0006166,INV0006355,CUST00887,2025-03-27,199.0,Successful,Bank Transfer
PAY0006167,INV0006356,CUST00887,2025-04-17,199.0,Successful,Debit Card
PAY0006168,INV0006357,CUST00887,2025-05-14,199.0,Successful,Bank Transfer
PAY0006169,INV0006358,CUST00887,2025-06-21,199.0,Failed,ACH
PAY0006170,INV0006359,CUST00887,2025-07-20,199.0,Successful,Bank Transfer
PAY0006171,INV0006360,CUST00887,2025-08-20,199.0,Successful,Credit Card
PAY0006172,INV0006361,CUST00887,2025-09-20,199.0,Successful,Debit Card
PAY0006173,INV0006362,CUST00887,2025-10-23,199.0,Failed,ACH
PAY0006174,INV0006363,CUST00887,2025-11-23,199.0,Successful,Credit Card
PAY0006175,INV0006364,CUST00887,2025-12-19,199.0,Failed,ACH
PAY0006176,INV0006365,CUST00888,2024-01-17,295.8,Successful,Credit Card
PAY0006177,INV0006366,CUST00889,2024-11-10,29.0,Successful,Debit Card
PAY0006178,INV0006367,CUST00889,2024-12-13,29.0,Successful,Credit Card
PAY0006179,INV0006368,CUST00889,2025-01-22,29.0,Successful,Credit Card
PAY0006180,INV0006369,CUST00889,2025-02-18,29.0,Successful,Bank Transfer
PAY0006181,INV0006370,CUST00889,2025-03-17,29.0,Successful,ACH
PAY0006182,INV0006371,CUST00889,2025-04-10,29.0,Successful,Credit Card
PAY0006183,INV0006372,CUST00889,2025-05-15,29.0,Successful,Debit Card
PAY0006184,INV0006373,CUST00889,2025-06-17,29.0,Successful,Debit Card
PAY0006185,INV0006374,CUST00889,2025-07-14,29.0,Successful,Bank Transfer
PAY0006186,INV0006375,CUST00889,2025-08-21,29.0,Successful,Credit Card
PAY0006187,INV0006376,CUST00889,2025-09-11,29.0,Successful,Debit Card
PAY0006188,INV0006377,CUST00889,2025-10-23,29.0,Successful,ACH
PAY0006189,INV0006378,CUST00889,2025-11-15,29.0,Successful,ACH
PAY0006190,INV0006379,CUST00889,2025-12-15,29.0,Successful,ACH
PAY0006191,INV0006380,CUST00890,2024-08-08,199.0,Successful,Bank Transfer
PAY0006192,INV0006381,CUST00890,2024-09-05,199.0,Successful,Debit Card
PAY0006193,INV0006382,CUST00890,2024-10-08,199.0,Successful,Credit Card
PAY0006194,INV0006383,CUST00890,2024-11-17,199.0,Successful,Credit Card
PAY0006195,INV0006384,CUST00890,2024-12-13,199.0,Successful,Debit Card
PAY0006196,INV0006385,CUST00890,2025-01-18,199.0,Successful,ACH
PAY0006197,INV0006386,CUST00890,2025-02-11,199.0,Successful,Credit Card
PAY0006198,INV0006387,CUST00890,2025-03-19,199.0,Successful,Debit Card
PAY0006199,INV0006388,CUST00890,2025-04-07,199.0,Successful,Bank Transfer
PAY0006200,INV0006389,CUST00890,2025-05-14,199.0,Successful,Credit Card
PAY0006201,INV0006390,CUST00890,2025-06-19,199.0,Successful,Bank Transfer
PAY0006202,INV0006391,CUST00890,2025-07-14,199.0,Successful,Bank Transfer
PAY0006203,INV0006392,CUST00891,2024-06-18,79.0,Successful,Bank Transfer
PAY0006204,INV0006393,CUST00891,2024-07-28,79.0,Successful,ACH
PAY0006205,INV0006394,CUST00891,2024-08-21,29.0,Successful,ACH
PAY0006206,INV0006396,CUST00891,2024-10-20,29.0,Successful,ACH
PAY0006207,INV0006397,CUST00891,2024-11-22,29.0,Successful,Credit Card
PAY0006208,INV0006398,CUST00891,2024-12-25,29.0,Successful,Credit Card
PAY0006209,INV0006399,CUST00891,2025-01-15,29.0,Successful,Credit Card
PAY0006210,INV0006400,CUST00891,2025-02-18,29.0,Successful,Bank Transfer
PAY0006211,INV0006401,CUST00891,2025-03-27,29.0,Successful,ACH
PAY0006212,INV0006402,CUST00891,2025-04-21,29.0,Successful,Credit Card
PAY0006213,INV0006403,CUST00891,2025-05-14,29.0,Successful,Bank Transfer
PAY0006214,INV0006405,CUST00891,2025-07-20,29.0,Successful,Debit Card
PAY0006215,INV0006406,CUST00891,2025-08-24,29.0,Successful,Credit Card
PAY0006216,INV0006407,CUST00891,2025-09-19,29.0,Successful,Credit Card
PAY0006217,INV0006408,CUST00891,2025-10-23,29.0,Successful,Bank Transfer
PAY0006218,INV0006409,CUST00891,2025-11-26,29.0,Successful,Debit Card
PAY0006219,INV0006410,CUST00892,2024-04-28,29.0,Successful,Bank Transfer
PAY0006220,INV0006411,CUST00892,2024-06-11,29.0,Successful,Credit Card
PAY0006221,INV0006412,CUST00892,2024-06-28,29.0,Successful,Debit Card
PAY0006222,INV0006413,CUST00892,2024-08-09,29.0,Successful,Debit Card
PAY0006223,INV0006414,CUST00892,2024-09-06,29.0,Successful,Debit Card
PAY0006224,INV0006415,CUST00892,2024-10-09,29.0,Successful,Bank Transfer
PAY0006225,INV0006416,CUST00892,2024-11-06,29.0,Successful,Credit Card
PAY0006226,INV0006417,CUST00892,2024-12-03,29.0,Refunded,Bank Transfer
PAY0006227,INV0006418,CUST00892,2025-01-05,29.0,Successful,Debit Card
PAY0006228,INV0006419,CUST00892,2025-01-31,29.0,Successful,Bank Transfer
PAY0006229,INV0006420,CUST00892,2025-03-14,29.0,Successful,Debit Card
PAY0006230,INV0006421,CUST00892,2025-04-09,29.0,Successful,Debit Card
PAY0006231,INV0006422,CUST00893,2025-07-22,29.0,Successful,Credit Card
PAY0006232,INV0006423,CUST00893,2025-08-29,29.0,Successful,Credit Card
PAY0006233,INV0006424,CUST00893,2025-09-27,29.0,Successful,Bank Transfer
PAY0006234,INV0006425,CUST00893,2025-10-27,29.0,Successful,Debit Card
PAY0006235,INV0006426,CUST00893,2025-11-28,29.0,Successful,ACH
PAY0006236,INV0006427,CUST00893,2025-12-31,29.0,Successful,Debit Card
PAY0006237,INV0006428,CUST00894,2024-09-15,29.0,Successful,ACH
PAY0006238,INV0006429,CUST00894,2024-10-14,29.0,Successful,Credit Card
PAY0006239,INV0006430,CUST00894,2024-11-28,29.0,Successful,ACH
PAY0006240,INV0006431,CUST00894,2024-12-17,29.0,Successful,Bank Transfer
PAY0006241,INV0006432,CUST00894,2025-01-24,29.0,Successful,Credit Card
PAY0006242,INV0006433,CUST00894,2025-02-23,29.0,Successful,Bank Transfer
PAY0006243,INV0006434,CUST00894,2025-03-22,29.0,Successful,Debit Card
PAY0006244,INV0006435,CUST00894,2025-04-18,29.0,Successful,ACH
PAY0006245,INV0006436,CUST00894,2025-05-22,29.0,Successful,Bank Transfer
PAY0006246,INV0006437,CUST00894,2025-06-23,29.0,Successful,Credit Card
PAY0006247,INV0006438,CUST00894,2025-07-17,29.0,Successful,Bank Transfer
PAY0006248,INV0006439,CUST00894,2025-08-20,29.0,Successful,Credit Card
PAY0006249,INV0006441,CUST00895,2025-02-03,79.0,Successful,Bank Transfer
PAY0006250,INV0006442,CUST00895,2025-03-08,79.0,Successful,Debit Card
PAY0006251,INV0006443,CUST00895,2025-04-03,79.0,Successful,Bank Transfer
PAY0006252,INV0006444,CUST00895,2025-05-10,79.0,Successful,Debit Card
PAY0006253,INV0006445,CUST00895,2025-06-01,79.0,Successful,Bank Transfer
PAY0006254,INV0006446,CUST00895,2025-07-11,79.0,Successful,Credit Card
PAY0006255,INV0006447,CUST00895,2025-08-11,79.0,Successful,ACH
PAY0006256,INV0006448,CUST00895,2025-09-08,79.0,Successful,Debit Card
PAY0006257,INV0006449,CUST00895,2025-10-02,79.0,Successful,ACH
PAY0006258,INV0006450,CUST00895,2025-11-11,79.0,Successful,ACH
PAY0006259,INV0006452,CUST00896,2025-10-08,29.0,Successful,Debit Card
PAY0006260,INV0006453,CUST00896,2025-11-08,29.0,Successful,Bank Transfer
PAY0006261,INV0006454,CUST00896,2025-12-01,29.0,Successful,Bank Transfer
PAY0006262,INV0006455,CUST00896,2026-01-07,29.0,Successful,Debit Card
PAY0006263,INV0006456,CUST00897,2024-12-08,295.8,Successful,ACH
PAY0006264,INV0006457,CUST00898,2025-08-13,79.0,Successful,Bank Transfer
PAY0006265,INV0006458,CUST00898,2025-09-17,79.0,Successful,Credit Card
PAY0006266,INV0006459,CUST00898,2025-10-10,79.0,Failed,Credit Card
PAY0006267,INV0006460,CUST00898,2025-11-17,79.0,Successful,Credit Card
PAY0006268,INV0006461,CUST00898,2025-12-11,79.0,Successful,ACH
PAY0006269,INV0006462,CUST00899,2024-06-23,29.0,Successful,ACH
PAY0006270,INV0006463,CUST00899,2024-08-01,29.0,Successful,Credit Card
PAY0006271,INV0006464,CUST00899,2024-08-26,29.0,Successful,Debit Card
PAY0006272,INV0006465,CUST00899,2024-10-04,29.0,Successful,Credit Card
PAY0006273,INV0006466,CUST00899,2024-10-24,29.0,Successful,Debit Card
PAY0006274,INV0006467,CUST00899,2024-11-26,29.0,Successful,Debit Card
PAY0006275,INV0006468,CUST00899,2025-01-03,29.0,Successful,Debit Card
PAY0006276,INV0006469,CUST00899,2025-02-04,29.0,Successful,Credit Card
PAY0006277,INV0006470,CUST00899,2025-03-04,29.0,Successful,Debit Card
PAY0006278,INV0006471,CUST00899,2025-04-05,29.0,Successful,Bank Transfer
PAY0006279,INV0006472,CUST00899,2025-04-23,29.0,Successful,Bank Transfer
PAY0006280,INV0006473,CUST00899,2025-05-28,29.0,Successful,Credit Card
PAY0006281,INV0006474,CUST00899,2025-07-06,29.0,Successful,Bank Transfer
PAY0006282,INV0006475,CUST00899,2025-07-26,29.0,Successful,Credit Card
PAY0006283,INV0006476,CUST00899,2025-09-04,29.0,Successful,Debit Card
PAY0006284,INV0006477,CUST00899,2025-09-25,29.0,Successful,Credit Card
PAY0006285,INV0006479,CUST00899,2025-12-03,29.0,Successful,Bank Transfer
PAY0006286,INV0006480,CUST00900,2024-10-25,29.0,Successful,ACH
PAY0006287,INV0006481,CUST00900,2024-11-11,29.0,Successful,Bank Transfer
PAY0006288,INV0006482,CUST00900,2024-12-16,29.0,Successful,ACH
PAY0006289,INV0006483,CUST00900,2025-01-17,29.0,Successful,ACH
PAY0006290,INV0006484,CUST00900,2025-02-25,29.0,Successful,Debit Card
PAY0006291,INV0006485,CUST00900,2025-03-16,29.0,Successful,ACH
PAY0006292,INV0006486,CUST00900,2025-04-25,29.0,Successful,ACH
PAY0006293,INV0006487,CUST00900,2025-05-23,29.0,Successful,Credit Card
PAY0006294,INV0006488,CUST00900,2025-06-17,29.0,Successful,Debit Card
PAY0006295,INV0006489,CUST00900,2025-07-12,29.0,Successful,ACH
PAY0006296,INV0006490,CUST00900,2025-08-21,29.0,Successful,ACH
PAY0006297,INV0006491,CUST00900,2025-09-23,29.0,Successful,Debit Card
PAY0006298,INV0006492,CUST00900,2025-10-18,29.0,Successful,ACH
PAY0006299,INV0006493,CUST00900,2025-11-15,29.0,Successful,Credit Card
PAY0006300,INV0006494,CUST00900,2025-12-24,29.0,Successful,ACH
PAY0006301,INV0006495,CUST00901,2025-05-21,199.0,Successful,ACH
PAY0006302,INV0006496,CUST00901,2025-06-18,199.0,Successful,Debit Card
PAY0006303,INV0006497,CUST00901,2025-07-19,199.0,Successful,ACH
PAY0006304,INV0006498,CUST00901,2025-08-11,199.0,Successful,Bank Transfer
PAY0006305,INV0006499,CUST00901,2025-09-09,199.0,Successful,Debit Card
PAY0006306,INV0006500,CUST00901,2025-10-11,199.0,Successful,Debit Card
PAY0006307,INV0006501,CUST00901,2025-11-08,199.0,Successful,ACH
PAY0006308,INV0006502,CUST00901,2025-12-18,199.0,Successful,Credit Card
PAY0006309,INV0006503,CUST00902,2025-07-26,805.8,Successful,Debit Card
PAY0006310,INV0006504,CUST00903,2024-05-25,805.8,Successful,Bank Transfer
PAY0006311,INV0006505,CUST00904,2024-03-26,29.0,Successful,ACH
PAY0006312,INV0006506,CUST00904,2024-04-21,29.0,Successful,Credit Card
PAY0006313,INV0006507,CUST00904,2024-05-28,29.0,Successful,Debit Card
PAY0006314,INV0006508,CUST00904,2024-06-29,29.0,Successful,Credit Card
PAY0006315,INV0006509,CUST00904,2024-07-19,29.0,Successful,ACH
PAY0006316,INV0006510,CUST00904,2024-08-19,29.0,Successful,Bank Transfer
PAY0006317,INV0006511,CUST00904,2024-09-20,29.0,Successful,Credit Card
PAY0006318,INV0006512,CUST00904,2024-10-20,29.0,Successful,Bank Transfer
PAY0006319,INV0006513,CUST00904,2024-11-25,29.0,Successful,Credit Card
PAY0006320,INV0006514,CUST00904,2024-12-19,29.0,Successful,Credit Card
PAY0006321,INV0006515,CUST00904,2025-01-20,29.0,Refunded,Bank Transfer
PAY0006322,INV0006516,CUST00904,2025-02-24,29.0,Successful,Debit Card
PAY0006323,INV0006517,CUST00904,2025-03-26,29.0,Successful,Bank Transfer
PAY0006324,INV0006518,CUST00904,2025-04-29,29.0,Successful,Debit Card
PAY0006325,INV0006519,CUST00904,2025-06-01,29.0,Successful,Debit Card
PAY0006326,INV0006520,CUST00904,2025-07-01,29.0,Successful,ACH
PAY0006327,INV0006521,CUST00904,2025-07-21,29.0,Successful,Debit Card
PAY0006328,INV0006522,CUST00904,2025-09-02,29.0,Failed,Debit Card
PAY0006329,INV0006523,CUST00904,2025-09-21,29.0,Successful,Bank Transfer
PAY0006330,INV0006524,CUST00904,2025-10-29,29.0,Successful,ACH
PAY0006331,INV0006525,CUST00904,2025-11-19,29.0,Successful,Debit Card
PAY0006332,INV0006526,CUST00904,2025-12-30,29.0,Successful,ACH
PAY0006333,INV0006527,CUST00905,2025-08-19,79.0,Successful,Bank Transfer
PAY0006334,INV0006528,CUST00905,2025-10-03,79.0,Successful,ACH
PAY0006335,INV0006529,CUST00905,2025-10-28,79.0,Successful,Credit Card
PAY0006336,INV0006530,CUST00905,2025-12-02,79.0,Successful,Debit Card
PAY0006337,INV0006531,CUST00905,2025-12-30,79.0,Successful,Debit Card
PAY0006338,INV0006532,CUST00906,2025-07-21,199.0,Successful,Credit Card
PAY0006339,INV0006533,CUST00906,2025-08-22,199.0,Successful,Debit Card
PAY0006340,INV0006534,CUST00906,2025-09-21,199.0,Refunded,Bank Transfer
PAY0006341,INV0006535,CUST00906,2025-10-19,199.0,Successful,Credit Card
PAY0006342,INV0006536,CUST00906,2025-11-20,199.0,Successful,ACH
PAY0006343,INV0006537,CUST00906,2025-12-22,199.0,Successful,Credit Card
PAY0006344,INV0006538,CUST00907,2025-01-20,295.8,Successful,Debit Card
PAY0006345,INV0006539,CUST00908,2024-05-19,2029.8,Successful,Debit Card
PAY0006346,INV0006540,CUST00909,2025-06-08,199.0,Successful,Bank Transfer
PAY0006347,INV0006541,CUST00909,2025-07-05,199.0,Successful,ACH
PAY0006348,INV0006542,CUST00909,2025-08-05,199.0,Successful,ACH
PAY0006349,INV0006543,CUST00909,2025-09-05,199.0,Successful,Debit Card
PAY0006350,INV0006544,CUST00909,2025-10-08,199.0,Successful,Debit Card
PAY0006351,INV0006545,CUST00909,2025-11-10,199.0,Successful,ACH
PAY0006352,INV0006546,CUST00909,2025-12-12,199.0,Successful,Bank Transfer
PAY0006353,INV0006547,CUST00909,2026-01-12,199.0,Successful,ACH
PAY0006354,INV0006548,CUST00910,2025-06-19,2029.8,Successful,ACH
PAY0006355,INV0006549,CUST00911,2025-05-18,805.8,Successful,ACH
PAY0006356,INV0006550,CUST00912,2024-09-07,29.0,Successful,Debit Card
PAY0006357,INV0006551,CUST00912,2024-10-02,29.0,Successful,ACH
PAY0006358,INV0006552,CUST00912,2024-10-27,29.0,Successful,Bank Transfer
PAY0006359,INV0006553,CUST00912,2024-12-01,29.0,Successful,Credit Card
PAY0006360,INV0006554,CUST00912,2025-01-01,29.0,Successful,Credit Card
PAY0006361,INV0006555,CUST00912,2025-02-07,29.0,Successful,Debit Card
PAY0006362,INV0006556,CUST00912,2025-03-11,29.0,Successful,ACH
PAY0006363,INV0006557,CUST00912,2025-04-09,29.0,Successful,ACH
PAY0006364,INV0006558,CUST00912,2025-05-02,29.0,Successful,ACH
PAY0006365,INV0006559,CUST00912,2025-05-31,29.0,Successful,Bank Transfer
PAY0006366,INV0006560,CUST00912,2025-07-06,29.0,Successful,ACH
PAY0006367,INV0006561,CUST00912,2025-07-28,29.0,Successful,Bank Transfer
PAY0006368,INV0006562,CUST00913,2025-06-24,805.8,Successful,Credit Card
PAY0006369,INV0006563,CUST00914,2024-02-19,29.0,Successful,Bank Transfer
PAY0006370,INV0006564,CUST00914,2024-03-29,29.0,Successful,Debit Card
PAY0006371,INV0006565,CUST00914,2024-04-26,29.0,Successful,ACH
PAY0006372,INV0006566,CUST00914,2024-05-28,29.0,Successful,ACH
PAY0006373,INV0006567,CUST00914,2024-06-24,29.0,Successful,Credit Card
PAY0006374,INV0006568,CUST00914,2024-07-19,29.0,Successful,Debit Card
PAY0006375,INV0006569,CUST00914,2024-08-25,29.0,Successful,Debit Card
PAY0006376,INV0006570,CUST00914,2024-09-30,29.0,Successful,Credit Card
PAY0006377,INV0006571,CUST00914,2024-10-23,29.0,Successful,Credit Card
PAY0006378,INV0006572,CUST00914,2024-12-02,29.0,Successful,Debit Card
PAY0006379,INV0006573,CUST00914,2024-12-19,29.0,Failed,Credit Card
PAY0006380,INV0006574,CUST00914,2025-01-21,29.0,Successful,Bank Transfer
PAY0006381,INV0006575,CUST00915,2024-10-11,295.8,Successful,Credit Card
PAY0006382,INV0006576,CUST00915,2025-10-01,295.8,Successful,Bank Transfer
PAY0006383,INV0006577,CUST00916,2025-01-18,79.0,Successful,Credit Card
PAY0006384,INV0006578,CUST00916,2025-02-12,79.0,Successful,ACH
PAY0006385,INV0006579,CUST00916,2025-03-11,79.0,Successful,Credit Card
PAY0006386,INV0006580,CUST00916,2025-04-16,79.0,Successful,ACH
PAY0006387,INV0006581,CUST00916,2025-05-17,79.0,Successful,ACH
PAY0006388,INV0006582,CUST00916,2025-06-23,79.0,Successful,Debit Card
PAY0006389,INV0006583,CUST00917,2025-02-01,29.0,Successful,Bank Transfer
PAY0006390,INV0006584,CUST00917,2025-03-06,29.0,Successful,Credit Card
PAY0006391,INV0006585,CUST00917,2025-04-01,29.0,Successful,ACH
PAY0006392,INV0006586,CUST00917,2025-05-05,29.0,Successful,ACH
PAY0006393,INV0006587,CUST00917,2025-05-31,29.0,Successful,Credit Card
PAY0006394,INV0006588,CUST00917,2025-06-27,29.0,Successful,Bank Transfer
PAY0006395,INV0006589,CUST00917,2025-07-30,29.0,Successful,Bank Transfer
PAY0006396,INV0006590,CUST00917,2025-08-31,29.0,Failed,Debit Card
PAY0006397,INV0006591,CUST00917,2025-09-24,29.0,Successful,Credit Card
PAY0006398,INV0006592,CUST00917,2025-10-27,29.0,Successful,ACH
PAY0006399,INV0006593,CUST00917,2025-11-30,29.0,Failed,Bank Transfer
PAY0006400,INV0006594,CUST00917,2025-12-24,29.0,Successful,ACH
PAY0006401,INV0006595,CUST00918,2024-12-20,79.0,Successful,Credit Card
PAY0006402,INV0006596,CUST00918,2025-01-23,79.0,Successful,ACH
PAY0006403,INV0006597,CUST00918,2025-03-06,79.0,Successful,Bank Transfer
PAY0006404,INV0006598,CUST00918,2025-03-23,79.0,Successful,ACH
PAY0006405,INV0006599,CUST00918,2025-04-21,79.0,Successful,ACH
PAY0006406,INV0006603,CUST00918,2025-08-29,79.0,Successful,Credit Card
PAY0006407,INV0006604,CUST00918,2025-10-04,79.0,Successful,Credit Card
PAY0006408,INV0006605,CUST00918,2025-10-24,79.0,Successful,Credit Card
PAY0006409,INV0006606,CUST00918,2025-11-20,79.0,Successful,Debit Card
PAY0006410,INV0006607,CUST00918,2025-12-20,79.0,Successful,Bank Transfer
PAY0006411,INV0006608,CUST00919,2025-06-12,29.0,Successful,Credit Card
PAY0006412,INV0006609,CUST00919,2025-06-30,29.0,Successful,Credit Card
PAY0006413,INV0006610,CUST00919,2025-07-31,29.0,Successful,Debit Card
PAY0006414,INV0006611,CUST00919,2025-09-12,29.0,Successful,ACH
PAY0006415,INV0006612,CUST00919,2025-10-03,29.0,Successful,Credit Card
PAY0006416,INV0006613,CUST00919,2025-11-01,29.0,Successful,Credit Card
PAY0006417,INV0006614,CUST00920,2025-06-20,79.0,Successful,Credit Card
PAY0006418,INV0006615,CUST00920,2025-07-25,79.0,Successful,Debit Card
PAY0006419,INV0006616,CUST00920,2025-08-17,79.0,Successful,ACH
PAY0006420,INV0006617,CUST00920,2025-09-12,79.0,Successful,Credit Card
PAY0006421,INV0006618,CUST00920,2025-10-12,79.0,Successful,Debit Card
PAY0006422,INV0006619,CUST00920,2025-11-12,79.0,Successful,ACH
PAY0006423,INV0006620,CUST00920,2025-12-24,79.0,Failed,Debit Card
PAY0006424,INV0006621,CUST00921,2025-01-13,29.0,Successful,Credit Card
PAY0006425,INV0006622,CUST00921,2025-02-20,29.0,Successful,Credit Card
PAY0006426,INV0006623,CUST00921,2025-03-07,29.0,Successful,Bank Transfer
PAY0006427,INV0006624,CUST00921,2025-04-10,29.0,Successful,Bank Transfer
PAY0006428,INV0006625,CUST00921,2025-05-07,29.0,Successful,Debit Card
PAY0006429,INV0006626,CUST00921,2025-06-13,29.0,Successful,ACH
PAY0006430,INV0006627,CUST00921,2025-07-10,29.0,Successful,Debit Card
PAY0006431,INV0006628,CUST00921,2025-08-09,29.0,Successful,Credit Card
PAY0006432,INV0006629,CUST00921,2025-09-20,29.0,Successful,ACH
PAY0006433,INV0006630,CUST00921,2025-10-07,29.0,Successful,Bank Transfer
PAY0006434,INV0006631,CUST00921,2025-11-15,29.0,Successful,Debit Card
PAY0006435,INV0006632,CUST00921,2025-12-08,29.0,Successful,ACH
PAY0006436,INV0006633,CUST00922,2025-03-02,805.8,Successful,Credit Card
PAY0006437,INV0006634,CUST00923,2025-05-09,79.0,Successful,Bank Transfer
PAY0006438,INV0006635,CUST00923,2025-06-12,79.0,Successful,Debit Card
PAY0006439,INV0006636,CUST00923,2025-07-12,79.0,Successful,ACH
PAY0006440,INV0006637,CUST00923,2025-08-11,79.0,Successful,Bank Transfer
PAY0006441,INV0006638,CUST00923,2025-09-20,79.0,Successful,Debit Card
PAY0006442,INV0006639,CUST00923,2025-10-10,79.0,Successful,Credit Card
PAY0006443,INV0006640,CUST00923,2025-11-13,79.0,Successful,ACH
PAY0006444,INV0006641,CUST00923,2025-12-20,79.0,Successful,Bank Transfer
PAY0006445,INV0006642,CUST00924,2024-01-28,79.0,Successful,Debit Card
PAY0006446,INV0006643,CUST00924,2024-02-24,79.0,Successful,ACH
PAY0006447,INV0006644,CUST00924,2024-03-29,79.0,Successful,Bank Transfer
PAY0006448,INV0006645,CUST00924,2024-04-29,79.0,Successful,ACH
PAY0006449,INV0006646,CUST00924,2024-06-06,79.0,Successful,Bank Transfer
PAY0006450,INV0006647,CUST00924,2024-06-25,79.0,Successful,Bank Transfer
PAY0006451,INV0006648,CUST00924,2024-08-05,79.0,Successful,Bank Transfer
PAY0006452,INV0006649,CUST00924,2024-08-28,79.0,Successful,Credit Card
PAY0006453,INV0006650,CUST00924,2024-10-04,79.0,Refunded,ACH
PAY0006454,INV0006651,CUST00924,2024-11-03,79.0,Successful,Credit Card
PAY0006455,INV0006652,CUST00924,2024-11-24,79.0,Successful,Bank Transfer
PAY0006456,INV0006653,CUST00924,2024-12-30,79.0,Successful,ACH
PAY0006457,INV0006654,CUST00924,2025-02-07,79.0,Successful,Bank Transfer
PAY0006458,INV0006655,CUST00924,2025-02-25,79.0,Successful,Credit Card
PAY0006459,INV0006656,CUST00924,2025-04-06,79.0,Successful,Credit Card
PAY0006460,INV0006657,CUST00924,2025-05-06,79.0,Successful,Bank Transfer
PAY0006461,INV0006658,CUST00924,2025-05-26,79.0,Failed,Bank Transfer
PAY0006462,INV0006659,CUST00924,2025-07-02,79.0,Successful,Credit Card
PAY0006463,INV0006660,CUST00924,2025-08-05,79.0,Successful,Debit Card
PAY0006464,INV0006661,CUST00924,2025-09-01,79.0,Successful,Debit Card
PAY0006465,INV0006662,CUST00924,2025-09-28,79.0,Failed,ACH
PAY0006466,INV0006663,CUST00924,2025-11-06,79.0,Successful,Debit Card
PAY0006467,INV0006664,CUST00924,2025-12-03,79.0,Successful,ACH
PAY0006468,INV0006665,CUST00924,2026-01-07,79.0,Successful,Credit Card
PAY0006469,INV0006666,CUST00925,2024-05-26,295.8,Successful,Credit Card
PAY0006470,INV0006667,CUST00926,2024-03-13,79.0,Successful,Credit Card
PAY0006471,INV0006668,CUST00926,2024-04-02,79.0,Successful,ACH
PAY0006472,INV0006669,CUST00926,2024-05-10,79.0,Successful,Debit Card
PAY0006473,INV0006670,CUST00926,2024-06-07,79.0,Successful,Debit Card
PAY0006474,INV0006671,CUST00926,2024-06-28,79.0,Successful,Bank Transfer
PAY0006475,INV0006672,CUST00926,2024-08-07,79.0,Successful,ACH
PAY0006476,INV0006673,CUST00926,2024-09-05,79.0,Successful,Bank Transfer
PAY0006477,INV0006674,CUST00926,2024-09-28,79.0,Successful,Credit Card
PAY0006478,INV0006675,CUST00926,2024-10-28,79.0,Successful,Credit Card
PAY0006479,INV0006676,CUST00926,2024-12-12,79.0,Successful,ACH
PAY0006480,INV0006677,CUST00926,2024-12-29,79.0,Successful,Debit Card
PAY0006481,INV0006678,CUST00926,2025-02-05,79.0,Successful,Credit Card
PAY0006482,INV0006679,CUST00926,2025-03-04,79.0,Successful,Bank Transfer
PAY0006483,INV0006680,CUST00926,2025-04-01,79.0,Successful,Debit Card
PAY0006484,INV0006681,CUST00926,2025-04-30,79.0,Successful,Debit Card
PAY0006485,INV0006682,CUST00926,2025-06-11,79.0,Successful,ACH
PAY0006486,INV0006683,CUST00926,2025-07-12,79.0,Successful,Credit Card
PAY0006487,INV0006684,CUST00926,2025-07-31,79.0,Successful,Credit Card
PAY0006488,INV0006685,CUST00927,2025-09-07,295.8,Successful,Bank Transfer
PAY0006489,INV0006686,CUST00928,2024-04-12,805.8,Successful,Bank Transfer
PAY0006490,INV0006687,CUST00928,2025-03-29,805.8,Successful,ACH
PAY0006491,INV0006688,CUST00929,2024-06-29,199.0,Successful,ACH
PAY0006492,INV0006689,CUST00929,2024-07-28,199.0,Successful,Credit Card
PAY0006493,INV0006690,CUST00929,2024-08-28,199.0,Successful,Credit Card
PAY0006494,INV0006691,CUST00929,2024-10-03,199.0,Successful,Credit Card
PAY0006495,INV0006692,CUST00929,2024-10-29,199.0,Successful,Bank Transfer
PAY0006496,INV0006693,CUST00929,2024-12-08,199.0,Successful,Credit Card
PAY0006497,INV0006694,CUST00929,2024-12-30,199.0,Successful,Debit Card
PAY0006498,INV0006695,CUST00929,2025-01-28,199.0,Successful,Credit Card
PAY0006499,INV0006697,CUST00929,2025-03-31,199.0,Successful,Debit Card
PAY0006500,INV0006698,CUST00929,2025-05-02,199.0,Successful,Credit Card
PAY0006501,INV0006699,CUST00929,2025-05-27,199.0,Successful,ACH
PAY0006502,INV0006700,CUST00930,2025-10-12,805.8,Successful,Debit Card
PAY0006503,INV0006701,CUST00931,2025-04-23,29.0,Successful,ACH
PAY0006504,INV0006702,CUST00931,2025-05-22,29.0,Successful,Debit Card
PAY0006505,INV0006703,CUST00931,2025-06-24,29.0,Successful,ACH
PAY0006506,INV0006704,CUST00931,2025-07-13,29.0,Successful,ACH
PAY0006507,INV0006705,CUST00931,2025-08-14,29.0,Successful,Credit Card
PAY0006508,INV0006706,CUST00931,2025-09-17,29.0,Successful,ACH
PAY0006509,INV0006707,CUST00931,2025-10-15,29.0,Successful,Bank Transfer
PAY0006510,INV0006708,CUST00931,2025-11-15,29.0,Successful,ACH
PAY0006511,INV0006709,CUST00931,2025-12-23,29.0,Successful,Credit Card
PAY0006512,INV0006710,CUST00932,2024-05-29,79.0,Successful,Bank Transfer
PAY0006513,INV0006711,CUST00932,2024-06-30,79.0,Successful,ACH
PAY0006514,INV0006712,CUST00932,2024-07-19,79.0,Successful,Debit Card
PAY0006515,INV0006713,CUST00932,2024-08-18,79.0,Successful,ACH
PAY0006516,INV0006714,CUST00932,2024-09-20,79.0,Successful,Debit Card
PAY0006517,INV0006715,CUST00932,2024-10-21,79.0,Successful,Debit Card
PAY0006518,INV0006716,CUST00932,2024-11-19,79.0,Refunded,Credit Card
PAY0006519,INV0006717,CUST00932,2024-12-18,29.0,Successful,Bank Transfer
PAY0006520,INV0006718,CUST00932,2025-01-30,29.0,Successful,Credit Card
PAY0006521,INV0006719,CUST00932,2025-02-17,29.0,Successful,Debit Card
PAY0006522,INV0006720,CUST00932,2025-03-29,29.0,Successful,ACH
PAY0006523,INV0006722,CUST00933,2024-06-17,29.0,Successful,Credit Card
PAY0006524,INV0006723,CUST00933,2024-07-06,29.0,Successful,Bank Transfer
PAY0006525,INV0006724,CUST00933,2024-08-06,29.0,Successful,Credit Card
PAY0006526,INV0006725,CUST00933,2024-09-05,29.0,Successful,Credit Card
PAY0006527,INV0006726,CUST00933,2024-10-04,29.0,Successful,Debit Card
PAY0006528,INV0006727,CUST00933,2024-11-07,29.0,Successful,ACH
PAY0006529,INV0006728,CUST00933,2024-12-17,29.0,Successful,Bank Transfer
PAY0006530,INV0006729,CUST00933,2025-01-12,29.0,Refunded,Debit Card
PAY0006531,INV0006730,CUST00933,2025-02-06,29.0,Successful,Debit Card
PAY0006532,INV0006731,CUST00933,2025-03-10,29.0,Successful,Credit Card
PAY0006533,INV0006732,CUST00933,2025-04-17,29.0,Successful,Debit Card
PAY0006534,INV0006733,CUST00933,2025-05-13,29.0,Successful,Credit Card
PAY0006535,INV0006734,CUST00933,2025-06-05,29.0,Successful,Bank Transfer
PAY0006536,INV0006735,CUST00933,2025-07-13,29.0,Successful,Bank Transfer
PAY0006537,INV0006737,CUST00933,2025-09-08,29.0,Successful,ACH
PAY0006538,INV0006738,CUST00933,2025-10-17,29.0,Successful,Debit Card
PAY0006539,INV0006739,CUST00933,2025-11-07,29.0,Successful,ACH
PAY0006540,INV0006740,CUST00933,2025-12-06,29.0,Successful,Debit Card
PAY0006541,INV0006742,CUST00934,2025-08-08,29.0,Successful,Credit Card
PAY0006542,INV0006743,CUST00934,2025-09-04,29.0,Successful,ACH
PAY0006543,INV0006744,CUST00934,2025-10-06,29.0,Failed,Credit Card
PAY0006544,INV0006745,CUST00934,2025-11-10,29.0,Successful,Credit Card
PAY0006545,INV0006746,CUST00934,2025-12-09,29.0,Successful,Bank Transfer
PAY0006546,INV0006747,CUST00935,2025-09-16,29.0,Successful,ACH
PAY0006547,INV0006748,CUST00935,2025-10-24,29.0,Successful,Bank Transfer
PAY0006548,INV0006749,CUST00935,2025-11-22,29.0,Successful,Debit Card
PAY0006549,INV0006750,CUST00935,2025-12-24,29.0,Successful,Credit Card
PAY0006550,INV0006751,CUST00936,2025-06-29,199.0,Successful,Credit Card
PAY0006551,INV0006752,CUST00936,2025-07-20,199.0,Successful,Credit Card
PAY0006552,INV0006753,CUST00936,2025-08-22,199.0,Successful,Credit Card
PAY0006553,INV0006754,CUST00936,2025-09-29,199.0,Successful,Bank Transfer
PAY0006554,INV0006755,CUST00936,2025-11-02,199.0,Successful,Bank Transfer
PAY0006555,INV0006756,CUST00936,2025-11-22,199.0,Successful,Debit Card
PAY0006556,INV0006757,CUST00936,2025-12-29,199.0,Successful,ACH
PAY0006557,INV0006758,CUST00937,2024-08-24,295.8,Successful,Bank Transfer
PAY0006558,INV0006759,CUST00937,2025-08-31,295.8,Successful,ACH
PAY0006559,INV0006760,CUST00938,2025-01-08,79.0,Successful,Credit Card
PAY0006560,INV0006761,CUST00938,2025-01-27,79.0,Successful,Debit Card
PAY0006561,INV0006762,CUST00938,2025-03-11,79.0,Failed,Debit Card
PAY0006562,INV0006763,CUST00938,2025-03-30,79.0,Successful,Debit Card
PAY0006563,INV0006764,CUST00938,2025-05-03,79.0,Successful,Debit Card
PAY0006564,INV0006765,CUST00938,2025-06-05,79.0,Successful,Debit Card
PAY0006565,INV0006766,CUST00938,2025-07-01,79.0,Successful,Bank Transfer
PAY0006566,INV0006767,CUST00938,2025-07-28,79.0,Successful,Bank Transfer
PAY0006567,INV0006768,CUST00938,2025-09-02,79.0,Successful,Credit Card
PAY0006568,INV0006769,CUST00938,2025-10-03,79.0,Successful,Bank Transfer
PAY0006569,INV0006770,CUST00938,2025-11-03,79.0,Successful,ACH
PAY0006570,INV0006771,CUST00938,2025-12-09,79.0,Successful,Credit Card
PAY0006571,INV0006772,CUST00939,2025-03-24,2029.8,Successful,Credit Card
PAY0006572,INV0006773,CUST00940,2024-10-30,79.0,Successful,Bank Transfer
PAY0006573,INV0006774,CUST00940,2024-11-20,79.0,Successful,Debit Card
PAY0006574,INV0006775,CUST00940,2024-12-23,79.0,Successful,Debit Card
PAY0006575,INV0006776,CUST00940,2025-01-22,79.0,Successful,ACH
PAY0006576,INV0006777,CUST00940,2025-03-02,79.0,Successful,Bank Transfer
PAY0006577,INV0006778,CUST00940,2025-03-23,199.0,Successful,ACH
PAY0006578,INV0006779,CUST00940,2025-04-24,199.0,Successful,Bank Transfer
PAY0006579,INV0006780,CUST00940,2025-05-25,199.0,Successful,Bank Transfer
PAY0006580,INV0006781,CUST00940,2025-06-22,199.0,Successful,ACH
PAY0006581,INV0006782,CUST00940,2025-07-31,199.0,Successful,ACH
PAY0006582,INV0006783,CUST00940,2025-08-20,199.0,Successful,Bank Transfer
PAY0006583,INV0006784,CUST00940,2025-09-27,199.0,Successful,Bank Transfer
PAY0006584,INV0006785,CUST00941,2024-01-12,295.8,Successful,Debit Card
PAY0006585,INV0006786,CUST00941,2025-01-07,295.8,Successful,Debit Card
PAY0006586,INV0006787,CUST00942,2025-07-01,79.0,Successful,Bank Transfer
PAY0006587,INV0006788,CUST00942,2025-07-20,79.0,Successful,Credit Card
PAY0006588,INV0006789,CUST00942,2025-08-26,79.0,Successful,ACH
PAY0006589,INV0006790,CUST00942,2025-09-21,79.0,Successful,Credit Card
PAY0006590,INV0006791,CUST00942,2025-10-18,79.0,Successful,ACH
PAY0006591,INV0006792,CUST00942,2025-11-19,79.0,Successful,Debit Card
PAY0006592,INV0006793,CUST00942,2025-12-24,79.0,Successful,Credit Card
PAY0006593,INV0006794,CUST00943,2025-02-28,29.0,Successful,Bank Transfer
PAY0006594,INV0006795,CUST00943,2025-03-25,29.0,Successful,ACH
PAY0006595,INV0006796,CUST00943,2025-04-23,29.0,Successful,Debit Card
PAY0006596,INV0006797,CUST00943,2025-06-01,29.0,Successful,Credit Card
PAY0006597,INV0006798,CUST00943,2025-07-01,29.0,Successful,Debit Card
PAY0006598,INV0006799,CUST00943,2025-07-26,29.0,Successful,Debit Card
PAY0006599,INV0006800,CUST00943,2025-09-06,29.0,Successful,ACH
PAY0006600,INV0006801,CUST00943,2025-10-04,29.0,Successful,Bank Transfer
PAY0006601,INV0006802,CUST00943,2025-11-03,29.0,Successful,Bank Transfer
PAY0006602,INV0006803,CUST00943,2025-12-03,29.0,Successful,Debit Card
PAY0006603,INV0006804,CUST00943,2026-01-04,29.0,Successful,Bank Transfer
PAY0006604,INV0006805,CUST00944,2024-09-26,295.8,Successful,Debit Card
PAY0006605,INV0006806,CUST00944,2025-10-08,295.8,Successful,Credit Card
PAY0006606,INV0006807,CUST00945,2025-12-09,79.0,Successful,ACH
PAY0006607,INV0006808,CUST00945,2026-01-01,79.0,Successful,ACH
PAY0006608,INV0006809,CUST00946,2024-07-16,29.0,Successful,Debit Card
PAY0006609,INV0006810,CUST00946,2024-08-06,29.0,Successful,Bank Transfer
PAY0006610,INV0006811,CUST00946,2024-09-09,29.0,Failed,Debit Card
PAY0006611,INV0006812,CUST00946,2024-10-14,29.0,Successful,Bank Transfer
PAY0006612,INV0006813,CUST00946,2024-11-14,29.0,Successful,Debit Card
PAY0006613,INV0006814,CUST00946,2024-12-16,29.0,Successful,ACH
PAY0006614,INV0006815,CUST00946,2025-01-07,29.0,Successful,Debit Card
PAY0006615,INV0006816,CUST00946,2025-02-17,29.0,Successful,Bank Transfer
PAY0006616,INV0006817,CUST00946,2025-03-14,29.0,Successful,Credit Card
PAY0006617,INV0006818,CUST00946,2025-04-05,29.0,Successful,ACH
PAY0006618,INV0006819,CUST00946,2025-05-04,29.0,Successful,Debit Card
PAY0006619,INV0006820,CUST00946,2025-06-16,29.0,Successful,Credit Card
PAY0006620,INV0006822,CUST00946,2025-08-07,29.0,Successful,Bank Transfer
PAY0006621,INV0006823,CUST00946,2025-09-17,29.0,Successful,Credit Card
PAY0006622,INV0006824,CUST00946,2025-10-03,29.0,Successful,Credit Card
PAY0006623,INV0006825,CUST00946,2025-11-13,29.0,Successful,ACH
PAY0006624,INV0006827,CUST00947,2025-08-20,29.0,Successful,ACH
PAY0006625,INV0006829,CUST00947,2025-10-20,29.0,Successful,Credit Card
PAY0006626,INV0006830,CUST00947,2025-11-25,29.0,Successful,ACH
PAY0006627,INV0006831,CUST00947,2025-12-20,29.0,Successful,Debit Card
PAY0006628,INV0006832,CUST00948,2025-11-21,805.8,Successful,Credit Card
PAY0006629,INV0006833,CUST00949,2024-04-21,29.0,Successful,Bank Transfer
PAY0006630,INV0006834,CUST00949,2024-05-14,29.0,Successful,Bank Transfer
PAY0006631,INV0006835,CUST00949,2024-06-13,29.0,Successful,Credit Card
PAY0006632,INV0006836,CUST00949,2024-07-20,29.0,Successful,Credit Card
PAY0006633,INV0006837,CUST00949,2024-08-22,29.0,Successful,Debit Card
PAY0006634,INV0006838,CUST00949,2024-09-14,29.0,Successful,Credit Card
PAY0006635,INV0006839,CUST00949,2024-10-27,29.0,Successful,Bank Transfer
PAY0006636,INV0006840,CUST00949,2024-11-22,29.0,Successful,Bank Transfer
PAY0006637,INV0006841,CUST00949,2024-12-22,29.0,Successful,Debit Card
PAY0006638,INV0006842,CUST00949,2025-01-15,29.0,Successful,Bank Transfer
PAY0006639,INV0006843,CUST00949,2025-02-24,29.0,Successful,Credit Card
PAY0006640,INV0006844,CUST00949,2025-03-21,29.0,Successful,Debit Card
PAY0006641,INV0006845,CUST00950,2024-06-24,295.8,Successful,ACH
PAY0006642,INV0006846,CUST00950,2025-06-21,295.8,Successful,ACH
PAY0006643,INV0006847,CUST00951,2024-06-01,29.0,Successful,Debit Card
PAY0006644,INV0006848,CUST00951,2024-07-05,29.0,Successful,Debit Card
PAY0006645,INV0006849,CUST00951,2024-08-12,29.0,Successful,Bank Transfer
PAY0006646,INV0006850,CUST00951,2024-08-29,29.0,Successful,ACH
PAY0006647,INV0006851,CUST00951,2024-10-03,29.0,Successful,Bank Transfer
PAY0006648,INV0006852,CUST00951,2024-11-07,29.0,Successful,Credit Card
PAY0006649,INV0006853,CUST00951,2024-12-11,29.0,Successful,Debit Card
PAY0006650,INV0006854,CUST00951,2025-01-03,29.0,Successful,Bank Transfer
PAY0006651,INV0006855,CUST00951,2025-02-10,29.0,Successful,Debit Card
PAY0006652,INV0006856,CUST00951,2025-03-02,29.0,Successful,Credit Card
PAY0006653,INV0006857,CUST00951,2025-03-31,29.0,Successful,ACH
PAY0006654,INV0006858,CUST00951,2025-05-05,29.0,Successful,Debit Card
PAY0006655,INV0006859,CUST00951,2025-06-12,29.0,Successful,Debit Card
PAY0006656,INV0006860,CUST00951,2025-06-29,29.0,Successful,Bank Transfer
PAY0006657,INV0006861,CUST00951,2025-08-09,29.0,Successful,Bank Transfer
PAY0006658,INV0006862,CUST00951,2025-09-01,29.0,Successful,Debit Card
PAY0006659,INV0006863,CUST00951,2025-10-11,29.0,Successful,Bank Transfer
PAY0006660,INV0006864,CUST00951,2025-11-10,29.0,Successful,ACH
PAY0006661,INV0006865,CUST00951,2025-12-01,29.0,Successful,Bank Transfer
PAY0006662,INV0006866,CUST00951,2026-01-12,29.0,Successful,Credit Card
PAY0006663,INV0006867,CUST00952,2024-09-27,29.0,Failed,Credit Card
PAY0006664,INV0006868,CUST00952,2024-10-27,29.0,Successful,ACH
PAY0006665,INV0006869,CUST00952,2024-12-01,29.0,Successful,Bank Transfer
PAY0006666,INV0006870,CUST00952,2025-01-06,29.0,Successful,ACH
PAY0006667,INV0006871,CUST00952,2025-02-03,29.0,Successful,Bank Transfer
PAY0006668,INV0006872,CUST00952,2025-02-28,29.0,Successful,Bank Transfer
PAY0006669,INV0006873,CUST00952,2025-04-06,29.0,Successful,Bank Transfer
PAY0006670,INV0006874,CUST00952,2025-05-02,29.0,Successful,Bank Transfer
PAY0006671,INV0006875,CUST00952,2025-06-02,29.0,Successful,Bank Transfer
PAY0006672,INV0006876,CUST00952,2025-06-27,29.0,Successful,Bank Transfer
PAY0006673,INV0006877,CUST00952,2025-07-30,29.0,Successful,ACH
PAY0006674,INV0006878,CUST00952,2025-09-10,29.0,Successful,ACH
PAY0006675,INV0006879,CUST00952,2025-10-11,29.0,Successful,ACH
PAY0006676,INV0006880,CUST00952,2025-11-06,29.0,Successful,ACH
PAY0006677,INV0006881,CUST00952,2025-12-04,29.0,Successful,Debit Card
PAY0006678,INV0006882,CUST00952,2025-12-28,29.0,Successful,ACH
PAY0006679,INV0006883,CUST00953,2025-02-24,2029.8,Successful,Bank Transfer
PAY0006680,INV0006884,CUST00954,2024-07-13,29.0,Successful,Bank Transfer
PAY0006681,INV0006885,CUST00954,2024-08-04,29.0,Successful,Credit Card
PAY0006682,INV0006886,CUST00954,2024-09-10,29.0,Successful,Credit Card
PAY0006683,INV0006888,CUST00954,2024-10-29,29.0,Successful,Credit Card
PAY0006684,INV0006889,CUST00954,2024-12-13,29.0,Successful,Debit Card
PAY0006685,INV0006890,CUST00954,2024-12-29,29.0,Successful,Debit Card
PAY0006686,INV0006891,CUST00954,2025-02-06,29.0,Successful,Debit Card
PAY0006687,INV0006892,CUST00954,2025-03-14,29.0,Successful,ACH
PAY0006688,INV0006893,CUST00954,2025-04-11,79.0,Successful,Debit Card
PAY0006689,INV0006894,CUST00954,2025-05-03,79.0,Successful,Debit Card
PAY0006690,INV0006895,CUST00954,2025-06-12,79.0,Successful,Debit Card
PAY0006691,INV0006896,CUST00954,2025-07-08,79.0,Successful,Credit Card
PAY0006692,INV0006897,CUST00954,2025-08-04,79.0,Successful,Bank Transfer
PAY0006693,INV0006898,CUST00954,2025-09-04,79.0,Successful,Debit Card
PAY0006694,INV0006899,CUST00954,2025-09-29,79.0,Successful,Credit Card
PAY0006695,INV0006900,CUST00954,2025-11-05,79.0,Successful,Bank Transfer
PAY0006696,INV0006901,CUST00954,2025-12-01,79.0,Successful,Debit Card
PAY0006697,INV0006902,CUST00955,2024-07-27,805.8,Successful,Debit Card
PAY0006698,INV0006903,CUST00956,2025-09-29,29.0,Successful,ACH
PAY0006699,INV0006904,CUST00956,2025-11-05,29.0,Successful,Debit Card
PAY0006700,INV0006905,CUST00956,2025-12-06,29.0,Successful,Credit Card
PAY0006701,INV0006907,CUST00957,2024-06-17,29.0,Successful,ACH
PAY0006702,INV0006909,CUST00957,2024-08-25,29.0,Successful,ACH
PAY0006703,INV0006910,CUST00957,2024-09-13,29.0,Successful,Credit Card
PAY0006704,INV0006911,CUST00957,2024-10-21,29.0,Successful,Credit Card
PAY0006705,INV0006912,CUST00957,2024-11-22,29.0,Successful,Debit Card
PAY0006706,INV0006913,CUST00957,2024-12-17,29.0,Successful,Debit Card
PAY0006707,INV0006914,CUST00957,2025-01-22,29.0,Successful,Debit Card
PAY0006708,INV0006915,CUST00957,2025-02-12,29.0,Successful,Credit Card
PAY0006709,INV0006916,CUST00957,2025-03-20,29.0,Successful,Debit Card
PAY0006710,INV0006918,CUST00957,2025-05-12,29.0,Successful,ACH
PAY0006711,INV0006919,CUST00957,2025-06-19,29.0,Successful,Debit Card
PAY0006712,INV0006920,CUST00957,2025-07-14,29.0,Successful,ACH
PAY0006713,INV0006922,CUST00957,2025-09-20,29.0,Successful,Credit Card
PAY0006714,INV0006923,CUST00957,2025-10-14,29.0,Refunded,ACH
PAY0006715,INV0006924,CUST00957,2025-11-21,29.0,Successful,Bank Transfer
PAY0006716,INV0006926,CUST00959,2025-12-28,199.0,Successful,Credit Card
PAY0006717,INV0006927,CUST00960,2025-01-03,805.8,Successful,Debit Card
PAY0006718,INV0006928,CUST00961,2025-04-17,29.0,Successful,ACH
PAY0006719,INV0006929,CUST00961,2025-05-24,29.0,Successful,ACH
PAY0006720,INV0006930,CUST00961,2025-06-25,29.0,Successful,ACH
PAY0006721,INV0006931,CUST00961,2025-07-24,29.0,Failed,ACH
PAY0006722,INV0006932,CUST00961,2025-08-14,29.0,Successful,Credit Card
PAY0006723,INV0006933,CUST00961,2025-09-25,29.0,Successful,Debit Card
PAY0006724,INV0006934,CUST00961,2025-10-22,29.0,Successful,Bank Transfer
PAY0006725,INV0006935,CUST00961,2025-11-14,29.0,Successful,ACH
PAY0006726,INV0006936,CUST00961,2025-12-12,29.0,Successful,Credit Card
PAY0006727,INV0006937,CUST00962,2025-02-23,79.0,Successful,Debit Card
PAY0006728,INV0006938,CUST00962,2025-03-27,79.0,Successful,ACH
PAY0006729,INV0006939,CUST00962,2025-05-03,79.0,Successful,Bank Transfer
PAY0006730,INV0006940,CUST00962,2025-05-27,79.0,Successful,Credit Card
PAY0006731,INV0006941,CUST00962,2025-06-28,79.0,Successful,Debit Card
PAY0006732,INV0006942,CUST00962,2025-07-29,79.0,Successful,Debit Card
PAY0006733,INV0006943,CUST00962,2025-08-24,79.0,Successful,ACH
PAY0006734,INV0006944,CUST00962,2025-10-05,79.0,Successful,Bank Transfer
PAY0006735,INV0006945,CUST00962,2025-11-02,79.0,Successful,Bank Transfer
PAY0006736,INV0006946,CUST00962,2025-11-23,79.0,Successful,Debit Card
PAY0006737,INV0006947,CUST00962,2025-12-27,79.0,Successful,Credit Card
PAY0006738,INV0006948,CUST00963,2024-12-26,29.0,Successful,Bank Transfer
PAY0006739,INV0006950,CUST00963,2025-02-28,29.0,Successful,Debit Card
PAY0006740,INV0006951,CUST00963,2025-03-25,29.0,Successful,Credit Card
PAY0006741,INV0006952,CUST00963,2025-04-24,29.0,Successful,ACH
PAY0006742,INV0006953,CUST00963,2025-05-16,29.0,Successful,ACH
PAY0006743,INV0006954,CUST00963,2025-06-22,29.0,Successful,Bank Transfer
PAY0006744,INV0006955,CUST00963,2025-07-24,29.0,Successful,Bank Transfer
PAY0006745,INV0006956,CUST00963,2025-08-23,29.0,Successful,ACH
PAY0006746,INV0006957,CUST00963,2025-09-23,29.0,Failed,Credit Card
PAY0006747,INV0006958,CUST00963,2025-10-29,29.0,Successful,ACH
PAY0006748,INV0006959,CUST00963,2025-11-22,29.0,Successful,Bank Transfer
PAY0006749,INV0006960,CUST00964,2025-07-13,295.8,Successful,Credit Card
PAY0006750,INV0006961,CUST00965,2025-01-24,29.0,Successful,ACH
PAY0006751,INV0006962,CUST00965,2025-02-27,29.0,Successful,Bank Transfer
PAY0006752,INV0006964,CUST00965,2025-04-26,29.0,Successful,Credit Card
PAY0006753,INV0006965,CUST00965,2025-06-05,29.0,Successful,Credit Card
PAY0006754,INV0006966,CUST00965,2025-07-06,29.0,Successful,ACH
PAY0006755,INV0006967,CUST00965,2025-08-02,29.0,Successful,Bank Transfer
PAY0006756,INV0006968,CUST00965,2025-09-05,29.0,Successful,Bank Transfer
PAY0006757,INV0006969,CUST00965,2025-10-02,29.0,Successful,Credit Card
PAY0006758,INV0006970,CUST00965,2025-10-31,29.0,Successful,Credit Card
PAY0006759,INV0006971,CUST00965,2025-12-06,29.0,Successful,Credit Card
PAY0006760,INV0006973,CUST00966,2025-04-28,295.8,Successful,Bank Transfer
PAY0006761,INV0006974,CUST00967,2024-05-09,199.0,Successful,Credit Card
PAY0006762,INV0006975,CUST00967,2024-06-09,199.0,Successful,Debit Card
PAY0006763,INV0006976,CUST00967,2024-07-02,199.0,Successful,Debit Card
PAY0006764,INV0006977,CUST00967,2024-08-02,199.0,Successful,Credit Card
PAY0006765,INV0006978,CUST00967,2024-09-13,199.0,Refunded,Bank Transfer
PAY0006766,INV0006979,CUST00967,2024-09-30,199.0,Successful,ACH
PAY0006767,INV0006980,CUST00967,2024-11-13,199.0,Successful,Bank Transfer
PAY0006768,INV0006981,CUST00967,2024-12-11,199.0,Successful,Bank Transfer
PAY0006769,INV0006982,CUST00967,2025-01-06,199.0,Successful,ACH
PAY0006770,INV0006983,CUST00967,2025-02-10,199.0,Successful,Bank Transfer
PAY0006771,INV0006984,CUST00967,2025-03-12,199.0,Successful,ACH
PAY0006772,INV0006985,CUST00967,2025-04-08,199.0,Successful,ACH
PAY0006773,INV0006986,CUST00967,2025-05-09,199.0,Successful,Bank Transfer
PAY0006774,INV0006987,CUST00967,2025-06-09,199.0,Successful,Bank Transfer
PAY0006775,INV0006988,CUST00967,2025-07-04,199.0,Successful,ACH
PAY0006776,INV0006989,CUST00967,2025-08-01,199.0,Successful,Credit Card
PAY0006777,INV0006990,CUST00967,2025-09-08,199.0,Successful,Bank Transfer
PAY0006778,INV0006991,CUST00967,2025-10-12,199.0,Successful,ACH
PAY0006779,INV0006992,CUST00967,2025-11-10,199.0,Successful,Debit Card
PAY0006780,INV0006993,CUST00967,2025-12-13,199.0,Successful,Bank Transfer
PAY0006781,INV0006994,CUST00967,2026-01-11,199.0,Successful,Bank Transfer
PAY0006782,INV0006995,CUST00968,2025-12-01,805.8,Successful,ACH
PAY0006783,INV0006996,CUST00969,2025-06-13,29.0,Successful,Bank Transfer
PAY0006784,INV0006997,CUST00969,2025-07-21,29.0,Successful,ACH
PAY0006785,INV0006998,CUST00969,2025-08-25,29.0,Successful,Bank Transfer
PAY0006786,INV0006999,CUST00969,2025-09-22,29.0,Successful,ACH
PAY0006787,INV0007000,CUST00969,2025-10-26,29.0,Successful,Bank Transfer
PAY0006788,INV0007001,CUST00969,2025-11-24,29.0,Successful,Credit Card
PAY0006789,INV0007002,CUST00969,2025-12-25,29.0,Successful,ACH
PAY0006790,INV0007003,CUST00970,2024-10-22,29.0,Successful,Credit Card
PAY0006791,INV0007004,CUST00970,2024-11-30,29.0,Successful,Bank Transfer
PAY0006792,INV0007005,CUST00970,2025-01-04,29.0,Failed,Bank Transfer
PAY0006793,INV0007006,CUST00970,2025-01-24,29.0,Successful,Debit Card
PAY0006794,INV0007007,CUST00970,2025-03-05,29.0,Successful,Debit Card
PAY0006795,INV0007008,CUST00970,2025-03-29,29.0,Successful,ACH
PAY0006796,INV0007009,CUST00970,2025-05-04,29.0,Successful,Credit Card
PAY0006797,INV0007010,CUST00970,2025-06-05,29.0,Failed,Bank Transfer
PAY0006798,INV0007011,CUST00970,2025-06-30,29.0,Successful,Credit Card
PAY0006799,INV0007012,CUST00970,2025-08-01,29.0,Successful,Credit Card
PAY0006800,INV0007013,CUST00970,2025-08-27,29.0,Failed,Debit Card
PAY0006801,INV0007014,CUST00970,2025-09-23,29.0,Successful,ACH
PAY0006802,INV0007015,CUST00971,2024-03-20,199.0,Successful,Bank Transfer
PAY0006803,INV0007016,CUST00971,2024-05-01,199.0,Successful,Debit Card
PAY0006804,INV0007017,CUST00971,2024-05-31,199.0,Successful,ACH
PAY0006805,INV0007018,CUST00971,2024-07-01,199.0,Successful,Credit Card
PAY0006806,INV0007019,CUST00971,2024-07-22,199.0,Successful,Credit Card
PAY0006807,INV0007020,CUST00971,2024-09-01,199.0,Successful,ACH
PAY0006808,INV0007021,CUST00971,2024-09-26,199.0,Successful,Debit Card
PAY0006809,INV0007022,CUST00971,2024-11-01,199.0,Successful,Debit Card
PAY0006810,INV0007023,CUST00971,2024-11-24,199.0,Successful,Credit Card
PAY0006811,INV0007024,CUST00971,2024-12-26,199.0,Successful,Debit Card
PAY0006812,INV0007025,CUST00971,2025-01-29,199.0,Successful,ACH
PAY0006813,INV0007026,CUST00971,2025-02-20,199.0,Successful,Bank Transfer
PAY0006814,INV0007027,CUST00972,2024-08-24,199.0,Successful,Credit Card
PAY0006815,INV0007028,CUST00972,2024-09-17,199.0,Successful,Bank Transfer
PAY0006816,INV0007029,CUST00972,2024-10-26,199.0,Successful,ACH
PAY0006817,INV0007030,CUST00972,2024-11-22,199.0,Successful,Bank Transfer
PAY0006818,INV0007031,CUST00972,2024-12-26,199.0,Successful,Debit Card
PAY0006819,INV0007032,CUST00972,2025-01-20,199.0,Successful,Bank Transfer
PAY0006820,INV0007033,CUST00972,2025-02-15,199.0,Successful,Bank Transfer
PAY0006821,INV0007034,CUST00972,2025-03-25,199.0,Successful,Credit Card
PAY0006822,INV0007035,CUST00972,2025-04-25,199.0,Successful,Bank Transfer
PAY0006823,INV0007036,CUST00972,2025-05-24,199.0,Successful,Debit Card
PAY0006824,INV0007037,CUST00972,2025-06-16,199.0,Successful,Debit Card
PAY0006825,INV0007038,CUST00972,2025-07-12,199.0,Successful,Credit Card
PAY0006826,INV0007039,CUST00972,2025-08-24,199.0,Successful,Bank Transfer
PAY0006827,INV0007040,CUST00972,2025-09-21,199.0,Successful,Credit Card
PAY0006828,INV0007041,CUST00972,2025-10-15,199.0,Successful,Bank Transfer
PAY0006829,INV0007042,CUST00972,2025-11-24,199.0,Successful,ACH
PAY0006830,INV0007043,CUST00972,2025-12-18,199.0,Successful,Credit Card
PAY0006831,INV0007044,CUST00973,2025-05-26,29.0,Successful,Debit Card
PAY0006832,INV0007045,CUST00973,2025-06-28,29.0,Successful,Bank Transfer
PAY0006833,INV0007046,CUST00973,2025-08-05,29.0,Successful,Debit Card
PAY0006834,INV0007047,CUST00974,2024-08-03,199.0,Successful,Debit Card
PAY0006835,INV0007048,CUST00974,2024-09-08,199.0,Successful,Credit Card
PAY0006836,INV0007049,CUST00974,2024-10-06,199.0,Successful,Credit Card
PAY0006837,INV0007050,CUST00974,2024-11-10,199.0,Successful,Debit Card
PAY0006838,INV0007051,CUST00974,2024-12-14,199.0,Successful,ACH
PAY0006839,INV0007052,CUST00974,2025-01-13,199.0,Successful,Debit Card
PAY0006840,INV0007053,CUST00974,2025-02-03,199.0,Successful,ACH
PAY0006841,INV0007054,CUST00974,2025-03-06,199.0,Successful,Bank Transfer
PAY0006842,INV0007055,CUST00974,2025-03-31,199.0,Successful,Credit Card
PAY0006843,INV0007056,CUST00974,2025-05-04,199.0,Successful,Credit Card
PAY0006844,INV0007057,CUST00974,2025-06-08,199.0,Successful,Credit Card
PAY0006845,INV0007058,CUST00974,2025-07-10,199.0,Successful,ACH
PAY0006846,INV0007059,CUST00974,2025-08-12,199.0,Successful,Debit Card
PAY0006847,INV0007060,CUST00974,2025-08-30,199.0,Successful,Debit Card
PAY0006848,INV0007061,CUST00974,2025-10-08,199.0,Successful,Credit Card
PAY0006849,INV0007062,CUST00974,2025-10-30,199.0,Successful,Bank Transfer
PAY0006850,INV0007063,CUST00974,2025-12-08,199.0,Successful,Bank Transfer
PAY0006851,INV0007064,CUST00974,2026-01-04,199.0,Successful,ACH
PAY0006852,INV0007065,CUST00975,2024-06-23,295.8,Successful,Debit Card
PAY0006853,INV0007066,CUST00976,2025-10-04,79.0,Successful,Credit Card
PAY0006854,INV0007067,CUST00976,2025-11-01,79.0,Successful,Debit Card
PAY0006855,INV0007068,CUST00976,2025-11-23,79.0,Successful,Debit Card
PAY0006856,INV0007069,CUST00976,2026-01-04,79.0,Successful,ACH
PAY0006857,INV0007070,CUST00977,2025-05-19,29.0,Successful,Bank Transfer
PAY0006858,INV0007071,CUST00977,2025-06-09,29.0,Successful,Bank Transfer
PAY0006859,INV0007072,CUST00977,2025-07-16,29.0,Successful,ACH
PAY0006860,INV0007073,CUST00977,2025-08-20,29.0,Successful,Credit Card
PAY0006861,INV0007074,CUST00977,2025-09-12,29.0,Successful,ACH
PAY0006862,INV0007075,CUST00977,2025-10-09,29.0,Successful,Debit Card
PAY0006863,INV0007076,CUST00978,2025-06-01,79.0,Successful,Bank Transfer
PAY0006864,INV0007077,CUST00978,2025-06-26,79.0,Successful,Bank Transfer
PAY0006865,INV0007078,CUST00978,2025-07-18,79.0,Successful,ACH
PAY0006866,INV0007079,CUST00978,2025-09-01,79.0,Successful,ACH
PAY0006867,INV0007080,CUST00978,2025-09-25,79.0,Successful,Credit Card
PAY0006868,INV0007081,CUST00978,2025-10-30,79.0,Refunded,Credit Card
PAY0006869,INV0007082,CUST00978,2025-11-29,79.0,Successful,ACH
PAY0006870,INV0007083,CUST00978,2025-12-29,79.0,Successful,ACH
PAY0006871,INV0007084,CUST00979,2025-02-13,79.0,Successful,Debit Card
PAY0006872,INV0007085,CUST00979,2025-03-18,79.0,Successful,Credit Card
PAY0006873,INV0007086,CUST00979,2025-04-26,79.0,Successful,Debit Card
PAY0006874,INV0007087,CUST00979,2025-05-13,79.0,Refunded,ACH
PAY0006875,INV0007088,CUST00979,2025-06-15,79.0,Successful,Credit Card
PAY0006876,INV0007089,CUST00979,2025-07-16,79.0,Successful,Credit Card
PAY0006877,INV0007090,CUST00979,2025-08-20,79.0,Successful,Debit Card
PAY0006878,INV0007091,CUST00979,2025-09-15,79.0,Successful,Debit Card
PAY0006879,INV0007092,CUST00979,2025-10-13,79.0,Successful,Bank Transfer
PAY0006880,INV0007093,CUST00979,2025-11-23,79.0,Successful,Bank Transfer
PAY0006881,INV0007094,CUST00979,2025-12-25,79.0,Failed,Credit Card
PAY0006882,INV0007095,CUST00980,2025-05-16,29.0,Successful,Debit Card
PAY0006883,INV0007096,CUST00980,2025-06-14,29.0,Failed,ACH
PAY0006884,INV0007097,CUST00980,2025-07-11,29.0,Successful,Credit Card
PAY0006885,INV0007098,CUST00980,2025-08-19,29.0,Successful,Credit Card
PAY0006886,INV0007099,CUST00980,2025-09-16,29.0,Successful,Credit Card
PAY0006887,INV0007100,CUST00980,2025-10-19,29.0,Failed,Credit Card
PAY0006888,INV0007101,CUST00980,2025-11-09,29.0,Successful,Credit Card
PAY0006889,INV0007102,CUST00980,2025-12-15,29.0,Successful,ACH
PAY0006890,INV0007103,CUST00981,2025-12-07,29.0,Successful,ACH
PAY0006891,INV0007105,CUST00983,2025-08-30,79.0,Successful,Credit Card
PAY0006892,INV0007106,CUST00983,2025-09-30,79.0,Successful,ACH
PAY0006893,INV0007107,CUST00983,2025-10-23,79.0,Successful,Bank Transfer
PAY0006894,INV0007108,CUST00983,2025-11-24,79.0,Successful,Bank Transfer
PAY0006895,INV0007109,CUST00983,2025-12-27,79.0,Successful,Bank Transfer
PAY0006896,INV0007110,CUST00984,2024-07-14,2029.8,Successful,Credit Card
PAY0006897,INV0007111,CUST00985,2025-01-20,29.0,Successful,Bank Transfer
PAY0006898,INV0007112,CUST00985,2025-02-23,29.0,Successful,ACH
PAY0006899,INV0007113,CUST00985,2025-03-12,29.0,Successful,Bank Transfer
PAY0006900,INV0007114,CUST00985,2025-04-17,29.0,Successful,Credit Card
PAY0006901,INV0007115,CUST00985,2025-05-17,29.0,Successful,Credit Card
PAY0006902,INV0007116,CUST00985,2025-06-23,29.0,Successful,Bank Transfer
PAY0006903,INV0007117,CUST00985,2025-07-23,29.0,Successful,Debit Card
PAY0006904,INV0007118,CUST00985,2025-08-13,29.0,Successful,ACH
PAY0006905,INV0007119,CUST00985,2025-09-11,29.0,Successful,Bank Transfer
PAY0006906,INV0007120,CUST00985,2025-10-12,29.0,Successful,Debit Card
PAY0006907,INV0007121,CUST00985,2025-11-10,29.0,Successful,Credit Card
PAY0006908,INV0007123,CUST00986,2025-01-21,79.0,Successful,ACH
PAY0006909,INV0007124,CUST00986,2025-02-19,79.0,Successful,Debit Card
PAY0006910,INV0007125,CUST00986,2025-03-12,79.0,Successful,Bank Transfer
PAY0006911,INV0007126,CUST00986,2025-04-20,79.0,Successful,Bank Transfer
PAY0006912,INV0007127,CUST00986,2025-05-09,199.0,Successful,Bank Transfer
PAY0006913,INV0007128,CUST00986,2025-06-17,199.0,Successful,Bank Transfer
PAY0006914,INV0007129,CUST00987,2025-08-27,79.0,Successful,Credit Card
PAY0006915,INV0007130,CUST00987,2025-09-21,79.0,Successful,Debit Card
PAY0006916,INV0007131,CUST00987,2025-10-27,79.0,Successful,Debit Card
PAY0006917,INV0007132,CUST00987,2025-11-22,79.0,Successful,Debit Card
PAY0006918,INV0007133,CUST00987,2025-12-16,79.0,Successful,Credit Card
PAY0006919,INV0007134,CUST00988,2024-09-08,29.0,Successful,Debit Card
PAY0006920,INV0007135,CUST00988,2024-10-11,29.0,Successful,Credit Card
PAY0006921,INV0007136,CUST00988,2024-11-01,29.0,Successful,Credit Card
PAY0006922,INV0007137,CUST00988,2024-12-09,29.0,Successful,Credit Card
PAY0006923,INV0007138,CUST00988,2025-01-13,29.0,Successful,Bank Transfer
PAY0006924,INV0007139,CUST00988,2025-02-09,29.0,Successful,Credit Card
PAY0006925,INV0007141,CUST00988,2025-03-31,29.0,Successful,ACH
PAY0006926,INV0007142,CUST00988,2025-05-07,29.0,Successful,Credit Card
PAY0006927,INV0007143,CUST00988,2025-06-05,29.0,Successful,Bank Transfer
PAY0006928,INV0007144,CUST00988,2025-07-12,29.0,Successful,ACH
PAY0006929,INV0007145,CUST00988,2025-08-06,29.0,Successful,ACH
PAY0006930,INV0007146,CUST00988,2025-09-05,29.0,Successful,Bank Transfer
PAY0006931,INV0007147,CUST00988,2025-09-29,29.0,Successful,Debit Card
PAY0006932,INV0007148,CUST00988,2025-10-30,29.0,Successful,Bank Transfer
PAY0006933,INV0007149,CUST00988,2025-12-05,29.0,Successful,Credit Card
PAY0006934,INV0007150,CUST00988,2026-01-06,29.0,Successful,Credit Card
PAY0006935,INV0007151,CUST00989,2024-06-10,295.8,Successful,ACH
PAY0006936,INV0007152,CUST00990,2024-05-21,295.8,Successful,Bank Transfer
PAY0006937,INV0007153,CUST00990,2025-05-19,295.8,Successful,Bank Transfer
PAY0006938,INV0007154,CUST00991,2025-05-19,29.0,Successful,Bank Transfer
PAY0006939,INV0007155,CUST00991,2025-06-25,29.0,Successful,Bank Transfer
PAY0006940,INV0007156,CUST00991,2025-07-23,29.0,Successful,Bank Transfer
PAY0006941,INV0007157,CUST00991,2025-08-28,29.0,Successful,Credit Card
PAY0006942,INV0007159,CUST00991,2025-10-17,29.0,Successful,Credit Card
PAY0006943,INV0007160,CUST00991,2025-11-16,29.0,Successful,Credit Card
PAY0006944,INV0007161,CUST00991,2025-12-24,29.0,Successful,Bank Transfer
PAY0006945,INV0007163,CUST00992,2025-03-17,199.0,Successful,Debit Card
PAY0006946,INV0007164,CUST00992,2025-04-15,199.0,Successful,Debit Card
PAY0006947,INV0007165,CUST00992,2025-05-13,199.0,Successful,Debit Card
PAY0006948,INV0007167,CUST00992,2025-07-20,199.0,Successful,Credit Card
PAY0006949,INV0007168,CUST00992,2025-08-12,199.0,Successful,Credit Card
PAY0006950,INV0007169,CUST00992,2025-09-22,199.0,Successful,ACH
PAY0006951,INV0007170,CUST00992,2025-10-17,199.0,Successful,ACH
PAY0006952,INV0007171,CUST00992,2025-11-17,199.0,Successful,Debit Card
PAY0006953,INV0007172,CUST00992,2025-12-26,199.0,Successful,Credit Card
PAY0006954,INV0007173,CUST00993,2025-05-16,79.0,Successful,Debit Card
PAY0006955,INV0007174,CUST00993,2025-06-05,79.0,Successful,ACH
PAY0006956,INV0007175,CUST00993,2025-07-17,79.0,Successful,Bank Transfer
PAY0006957,INV0007176,CUST00993,2025-08-04,79.0,Successful,Debit Card
PAY0006958,INV0007177,CUST00993,2025-09-17,79.0,Successful,ACH
PAY0006959,INV0007178,CUST00993,2025-10-16,79.0,Successful,Debit Card
PAY0006960,INV0007179,CUST00993,2025-11-04,79.0,Successful,Debit Card
PAY0006961,INV0007180,CUST00993,2025-12-09,79.0,Successful,Credit Card
PAY0006962,INV0007181,CUST00994,2024-09-30,79.0,Successful,ACH
PAY0006963,INV0007182,CUST00994,2024-10-25,79.0,Successful,ACH
PAY0006964,INV0007183,CUST00994,2024-11-25,79.0,Successful,Debit Card
PAY0006965,INV0007184,CUST00994,2025-01-02,79.0,Successful,Bank Transfer
PAY0006966,INV0007185,CUST00994,2025-02-01,79.0,Successful,ACH
PAY0006967,INV0007186,CUST00994,2025-03-05,79.0,Refunded,Bank Transfer
PAY0006968,INV0007187,CUST00994,2025-03-28,79.0,Successful,Bank Transfer
PAY0006969,INV0007188,CUST00994,2025-04-28,79.0,Successful,Credit Card
PAY0006970,INV0007189,CUST00994,2025-06-04,79.0,Successful,Debit Card
PAY0006971,INV0007190,CUST00994,2025-07-01,79.0,Successful,Debit Card
PAY0006972,INV0007191,CUST00994,2025-08-05,79.0,Successful,Bank Transfer
PAY0006973,INV0007192,CUST00994,2025-08-25,79.0,Successful,Debit Card
PAY0006974,INV0007193,CUST00994,2025-10-03,79.0,Successful,Bank Transfer
PAY0006975,INV0007194,CUST00994,2025-10-31,79.0,Successful,Credit Card
PAY0006976,INV0007195,CUST00994,2025-11-27,79.0,Successful,Credit Card
PAY0006977,INV0007196,CUST00994,2025-12-26,79.0,Successful,Debit Card
PAY0006978,INV0007197,CUST00995,2024-12-30,79.0,Successful,ACH
PAY0006979,INV0007198,CUST00995,2025-01-28,79.0,Successful,Debit Card
PAY0006980,INV0007199,CUST00995,2025-02-19,79.0,Successful,Debit Card
PAY0006981,INV0007200,CUST00995,2025-03-22,79.0,Successful,ACH
PAY0006982,INV0007201,CUST00995,2025-04-20,79.0,Successful,Credit Card
PAY0006983,INV0007202,CUST00995,2025-05-23,79.0,Successful,Debit Card
PAY0006984,INV0007203,CUST00996,2025-08-22,29.0,Successful,ACH
PAY0006985,INV0007204,CUST00996,2025-09-24,29.0,Failed,ACH
PAY0006986,INV0007205,CUST00996,2025-10-27,29.0,Successful,Credit Card
PAY0006987,INV0007206,CUST00996,2025-11-18,29.0,Successful,ACH
PAY0006988,INV0007207,CUST00996,2025-12-15,29.0,Successful,Bank Transfer
PAY0006989,INV0007208,CUST00997,2025-01-04,29.0,Successful,ACH
PAY0006990,INV0007209,CUST00997,2025-02-13,29.0,Successful,ACH
PAY0006991,INV0007210,CUST00997,2025-03-08,29.0,Successful,Credit Card
PAY0006992,INV0007211,CUST00997,2025-04-05,29.0,Failed,ACH
PAY0006993,INV0007212,CUST00997,2025-05-01,29.0,Successful,ACH
PAY0006994,INV0007213,CUST00997,2025-06-08,29.0,Successful,Credit Card
PAY0006995,INV0007214,CUST00998,2024-04-04,29.0,Successful,Credit Card
PAY0006996,INV0007215,CUST00998,2024-05-05,29.0,Successful,Credit Card
PAY0006997,INV0007216,CUST00998,2024-05-27,29.0,Successful,ACH
PAY0006998,INV0007217,CUST00998,2024-07-01,29.0,Successful,Debit Card
PAY0006999,INV0007218,CUST00998,2024-08-05,29.0,Successful,Debit Card
PAY0007000,INV0007219,CUST00998,2024-09-02,29.0,Successful,Bank Transfer
PAY0007001,INV0007220,CUST00999,2024-07-03,29.0,Successful,ACH
PAY0007002,INV0007221,CUST00999,2024-07-29,29.0,Successful,ACH
PAY0007003,INV0007222,CUST00999,2024-08-22,29.0,Successful,Debit Card
PAY0007004,INV0007223,CUST00999,2024-09-21,29.0,Successful,Debit Card
PAY0007005,INV0007224,CUST00999,2024-10-25,29.0,Successful,Debit Card
PAY0007006,INV0007225,CUST00999,2024-11-27,29.0,Successful,Debit Card
PAY0007007,INV0007226,CUST00999,2024-12-24,29.0,Successful,Debit Card
PAY0007008,INV0007227,CUST00999,2025-01-25,29.0,Successful,Debit Card
PAY0007009,INV0007228,CUST00999,2025-02-25,29.0,Successful,ACH
PAY0007010,INV0007229,CUST00999,2025-04-01,29.0,Successful,Bank Transfer
PAY0007011,INV0007230,CUST00999,2025-04-25,29.0,Successful,Bank Transfer
PAY0007012,INV0007231,CUST00999,2025-05-26,29.0,Successful,Debit Card
PAY0007013,INV0007232,CUST01000,2024-03-26,79.0,Successful,Bank Transfer
PAY0007014,INV0007233,CUST01000,2024-04-17,79.0,Successful,ACH
PAY0007015,INV0007234,CUST01000,2024-05-29,79.0,Successful,ACH
PAY0007016,INV0007235,CUST01001,2025-10-31,2029.8,Successful,ACH
PAY0007017,INV0007236,CUST01002,2024-10-17,29.0,Successful,ACH
PAY0007018,INV0007237,CUST01002,2024-11-19,29.0,Successful,Bank Transfer
PAY0007019,INV0007238,CUST01002,2024-12-18,29.0,Failed,Bank Transfer
PAY0007020,INV0007239,CUST01002,2025-01-14,29.0,Successful,Bank Transfer
PAY0007021,INV0007240,CUST01002,2025-02-08,29.0,Successful,Credit Card
PAY0007022,INV0007241,CUST01002,2025-03-12,29.0,Successful,Credit Card
PAY0007023,INV0007242,CUST01002,2025-04-06,29.0,Successful,Debit Card
PAY0007024,INV0007243,CUST01002,2025-05-19,29.0,Successful,ACH
PAY0007025,INV0007244,CUST01002,2025-06-13,29.0,Successful,Bank Transfer
PAY0007026,INV0007245,CUST01002,2025-07-09,29.0,Successful,Bank Transfer
PAY0007027,INV0007246,CUST01002,2025-08-13,29.0,Successful,Bank Transfer
PAY0007028,INV0007247,CUST01002,2025-09-13,29.0,Successful,ACH
PAY0007029,INV0007248,CUST01003,2025-08-31,79.0,Successful,Bank Transfer
PAY0007030,INV0007249,CUST01003,2025-10-08,79.0,Successful,Bank Transfer
PAY0007031,INV0007250,CUST01003,2025-10-26,79.0,Successful,Bank Transfer
PAY0007032,INV0007251,CUST01003,2025-11-26,79.0,Failed,Debit Card
PAY0007033,INV0007252,CUST01003,2025-12-29,79.0,Successful,Bank Transfer
PAY0007034,INV0007253,CUST01004,2024-01-31,199.0,Successful,ACH
PAY0007035,INV0007254,CUST01004,2024-03-07,199.0,Successful,ACH
PAY0007036,INV0007256,CUST01004,2024-05-01,199.0,Successful,Credit Card
PAY0007037,INV0007257,CUST01004,2024-06-04,199.0,Successful,Debit Card
PAY0007038,INV0007258,CUST01004,2024-07-06,199.0,Successful,ACH
PAY0007039,INV0007259,CUST01004,2024-08-04,199.0,Successful,ACH
PAY0007040,INV0007260,CUST01004,2024-09-08,199.0,Successful,ACH
PAY0007041,INV0007261,CUST01004,2024-10-09,199.0,Failed,ACH
PAY0007042,INV0007262,CUST01004,2024-10-31,199.0,Successful,Debit Card
PAY0007043,INV0007263,CUST01004,2024-11-29,199.0,Refunded,ACH
PAY0007044,INV0007264,CUST01004,2025-01-06,199.0,Successful,Credit Card
PAY0007045,INV0007265,CUST01005,2024-08-15,29.0,Successful,Debit Card
PAY0007046,INV0007266,CUST01005,2024-09-16,29.0,Successful,ACH
PAY0007047,INV0007267,CUST01005,2024-10-17,29.0,Successful,Credit Card
PAY0007048,INV0007268,CUST01005,2024-11-14,29.0,Successful,ACH
PAY0007049,INV0007269,CUST01005,2024-12-11,29.0,Successful,Debit Card
PAY0007050,INV0007270,CUST01005,2025-01-17,29.0,Successful,Credit Card
PAY0007051,INV0007271,CUST01005,2025-02-16,29.0,Successful,ACH
PAY0007052,INV0007272,CUST01005,2025-03-16,29.0,Successful,Credit Card
PAY0007053,INV0007273,CUST01005,2025-04-07,29.0,Successful,ACH
PAY0007054,INV0007274,CUST01005,2025-05-15,29.0,Successful,Credit Card
PAY0007055,INV0007275,CUST01005,2025-06-17,29.0,Successful,Bank Transfer
PAY0007056,INV0007276,CUST01005,2025-07-10,29.0,Successful,Credit Card
PAY0007057,INV0007277,CUST01006,2025-07-25,29.0,Successful,Credit Card
PAY0007058,INV0007278,CUST01006,2025-08-26,29.0,Successful,ACH
PAY0007059,INV0007279,CUST01006,2025-09-29,29.0,Successful,Bank Transfer
PAY0007060,INV0007280,CUST01006,2025-10-24,29.0,Successful,Bank Transfer
PAY0007061,INV0007281,CUST01006,2025-11-30,29.0,Successful,ACH
PAY0007062,INV0007282,CUST01006,2025-12-16,29.0,Successful,Bank Transfer
PAY0007063,INV0007283,CUST01007,2024-04-21,79.0,Successful,Debit Card
PAY0007064,INV0007284,CUST01007,2024-05-21,79.0,Successful,Bank Transfer
PAY0007065,INV0007285,CUST01007,2024-06-28,79.0,Successful,Credit Card
PAY0007066,INV0007286,CUST01007,2024-07-27,79.0,Successful,Debit Card
PAY0007067,INV0007287,CUST01007,2024-08-24,79.0,Successful,Credit Card
PAY0007068,INV0007288,CUST01007,2024-09-30,79.0,Successful,Credit Card
PAY0007069,INV0007289,CUST01007,2024-10-20,79.0,Successful,Bank Transfer
PAY0007070,INV0007290,CUST01007,2024-11-30,79.0,Successful,Bank Transfer
PAY0007071,INV0007291,CUST01007,2024-12-19,79.0,Successful,Debit Card
PAY0007072,INV0007292,CUST01007,2025-01-23,79.0,Successful,ACH
PAY0007073,INV0007293,CUST01007,2025-02-25,79.0,Successful,Bank Transfer
PAY0007074,INV0007294,CUST01007,2025-03-21,79.0,Successful,ACH
PAY0007075,INV0007295,CUST01007,2025-04-27,79.0,Successful,Debit Card
PAY0007076,INV0007296,CUST01007,2025-05-30,79.0,Successful,ACH
PAY0007077,INV0007297,CUST01007,2025-06-22,79.0,Successful,Bank Transfer
PAY0007078,INV0007298,CUST01007,2025-07-29,79.0,Successful,Credit Card
PAY0007079,INV0007299,CUST01007,2025-08-29,79.0,Successful,Bank Transfer
PAY0007080,INV0007300,CUST01007,2025-09-25,79.0,Successful,Credit Card
PAY0007081,INV0007301,CUST01007,2025-10-19,79.0,Failed,Bank Transfer
PAY0007082,INV0007302,CUST01007,2025-11-22,79.0,Successful,Bank Transfer
PAY0007083,INV0007303,CUST01007,2025-12-21,79.0,Successful,ACH
PAY0007084,INV0007304,CUST01008,2024-11-25,79.0,Successful,Debit Card
PAY0007085,INV0007305,CUST01008,2024-12-27,79.0,Successful,Credit Card
PAY0007086,INV0007306,CUST01008,2025-01-13,79.0,Successful,ACH
PAY0007087,INV0007307,CUST01008,2025-02-25,79.0,Successful,Bank Transfer
PAY0007088,INV0007308,CUST01008,2025-03-21,79.0,Successful,ACH
PAY0007089,INV0007309,CUST01008,2025-04-18,79.0,Successful,ACH
PAY0007090,INV0007310,CUST01008,2025-05-19,79.0,Successful,ACH
PAY0007091,INV0007311,CUST01008,2025-06-27,79.0,Successful,Debit Card
PAY0007092,INV0007312,CUST01008,2025-07-19,79.0,Successful,Credit Card
PAY0007093,INV0007313,CUST01008,2025-08-13,79.0,Successful,Credit Card
PAY0007094,INV0007314,CUST01008,2025-09-22,79.0,Successful,Credit Card
PAY0007095,INV0007315,CUST01008,2025-10-27,79.0,Successful,ACH
PAY0007096,INV0007316,CUST01009,2024-05-27,295.8,Successful,Bank Transfer
PAY0007097,INV0007318,CUST01010,2025-01-11,29.0,Successful,Bank Transfer
PAY0007098,INV0007319,CUST01010,2025-01-31,29.0,Successful,Credit Card
PAY0007099,INV0007320,CUST01010,2025-03-06,29.0,Successful,Bank Transfer
PAY0007100,INV0007321,CUST01010,2025-04-02,29.0,Successful,Credit Card
PAY0007101,INV0007322,CUST01010,2025-05-03,29.0,Successful,Bank Transfer
PAY0007102,INV0007323,CUST01010,2025-06-06,29.0,Successful,Bank Transfer
PAY0007103,INV0007324,CUST01010,2025-07-09,29.0,Failed,Bank Transfer
PAY0007104,INV0007325,CUST01010,2025-08-04,29.0,Successful,Bank Transfer
PAY0007105,INV0007326,CUST01010,2025-08-31,29.0,Successful,Credit Card
PAY0007106,INV0007327,CUST01010,2025-10-10,29.0,Successful,Bank Transfer
PAY0007107,INV0007328,CUST01010,2025-11-07,29.0,Successful,Credit Card
PAY0007108,INV0007329,CUST01010,2025-12-08,29.0,Successful,Debit Card
PAY0007109,INV0007330,CUST01010,2026-01-09,29.0,Successful,Debit Card
PAY0007110,INV0007331,CUST01011,2025-07-18,79.0,Successful,ACH
PAY0007111,INV0007332,CUST01011,2025-08-21,79.0,Successful,Bank Transfer
PAY0007112,INV0007333,CUST01011,2025-09-25,79.0,Successful,Debit Card
PAY0007113,INV0007334,CUST01011,2025-10-17,79.0,Successful,ACH
PAY0007114,INV0007336,CUST01011,2025-12-24,79.0,Successful,Credit Card
PAY0007115,INV0007337,CUST01012,2025-10-13,79.0,Successful,Debit Card
PAY0007116,INV0007338,CUST01012,2025-11-18,79.0,Successful,ACH
PAY0007117,INV0007339,CUST01012,2025-12-20,79.0,Successful,Debit Card
PAY0007118,INV0007340,CUST01013,2024-12-26,29.0,Successful,Debit Card
PAY0007119,INV0007341,CUST01013,2025-02-05,29.0,Successful,ACH
PAY0007120,INV0007342,CUST01013,2025-02-22,29.0,Successful,Debit Card
PAY0007121,INV0007343,CUST01013,2025-03-25,29.0,Successful,Bank Transfer
PAY0007122,INV0007344,CUST01014,2024-11-25,79.0,Successful,Credit Card
PAY0007123,INV0007345,CUST01014,2024-12-23,79.0,Successful,Bank Transfer
PAY0007124,INV0007346,CUST01014,2025-01-26,79.0,Successful,Bank Transfer
PAY0007125,INV0007347,CUST01014,2025-02-13,79.0,Successful,Debit Card
PAY0007126,INV0007348,CUST01014,2025-03-13,79.0,Successful,Debit Card
PAY0007127,INV0007349,CUST01014,2025-04-26,79.0,Successful,ACH
PAY0007128,INV0007350,CUST01014,2025-05-26,79.0,Successful,Bank Transfer
PAY0007129,INV0007351,CUST01014,2025-06-20,79.0,Successful,ACH
PAY0007130,INV0007352,CUST01014,2025-07-21,79.0,Successful,ACH
PAY0007131,INV0007353,CUST01014,2025-08-23,79.0,Successful,ACH
PAY0007132,INV0007354,CUST01014,2025-09-21,79.0,Successful,Credit Card
PAY0007133,INV0007355,CUST01014,2025-10-20,79.0,Successful,Credit Card
PAY0007134,INV0007356,CUST01014,2025-11-20,79.0,Successful,ACH
PAY0007135,INV0007357,CUST01014,2025-12-20,79.0,Successful,Credit Card
PAY0007136,INV0007358,CUST01015,2024-01-07,79.0,Successful,Debit Card
PAY0007137,INV0007359,CUST01015,2024-02-05,79.0,Successful,Credit Card
PAY0007138,INV0007360,CUST01015,2024-03-06,79.0,Successful,Credit Card
PAY0007139,INV0007361,CUST01015,2024-04-13,79.0,Successful,Credit Card
PAY0007140,INV0007362,CUST01015,2024-05-10,79.0,Successful,ACH
PAY0007141,INV0007363,CUST01015,2024-06-05,79.0,Successful,Debit Card
PAY0007142,INV0007364,CUST01016,2024-10-23,79.0,Successful,ACH
PAY0007143,INV0007365,CUST01016,2024-12-02,79.0,Successful,Credit Card
PAY0007144,INV0007366,CUST01016,2025-01-01,79.0,Successful,Debit Card
PAY0007145,INV0007368,CUST01016,2025-02-28,79.0,Successful,ACH
PAY0007146,INV0007369,CUST01016,2025-03-22,79.0,Successful,Bank Transfer
PAY0007147,INV0007371,CUST01016,2025-05-26,79.0,Successful,ACH
PAY0007148,INV0007372,CUST01016,2025-07-04,79.0,Successful,Credit Card
PAY0007149,INV0007373,CUST01016,2025-07-21,79.0,Successful,ACH
PAY0007150,INV0007374,CUST01016,2025-08-28,79.0,Successful,Credit Card
PAY0007151,INV0007375,CUST01016,2025-09-22,79.0,Successful,Bank Transfer
PAY0007152,INV0007376,CUST01016,2025-10-29,79.0,Successful,ACH
PAY0007153,INV0007377,CUST01016,2025-11-27,79.0,Successful,Bank Transfer
PAY0007154,INV0007378,CUST01016,2026-01-02,79.0,Successful,ACH
PAY0007155,INV0007379,CUST01017,2025-05-12,805.8,Successful,Debit Card
PAY0007156,INV0007380,CUST01018,2025-09-05,29.0,Successful,ACH
PAY0007157,INV0007381,CUST01018,2025-10-04,29.0,Successful,Credit Card
PAY0007158,INV0007382,CUST01018,2025-11-18,29.0,Successful,Credit Card
PAY0007159,INV0007383,CUST01019,2025-03-12,29.0,Successful,Bank Transfer
PAY0007160,INV0007384,CUST01019,2025-04-01,29.0,Successful,Credit Card
PAY0007161,INV0007385,CUST01019,2025-05-10,29.0,Successful,Debit Card
PAY0007162,INV0007386,CUST01019,2025-05-30,29.0,Successful,Credit Card
PAY0007163,INV0007387,CUST01019,2025-06-28,29.0,Successful,Debit Card
PAY0007164,INV0007388,CUST01019,2025-07-27,29.0,Successful,Bank Transfer
PAY0007165,INV0007389,CUST01019,2025-09-05,29.0,Successful,Bank Transfer
PAY0007166,INV0007390,CUST01019,2025-10-05,29.0,Successful,Debit Card
PAY0007167,INV0007391,CUST01019,2025-11-09,29.0,Successful,ACH
PAY0007168,INV0007392,CUST01019,2025-12-08,29.0,Successful,Credit Card
PAY0007169,INV0007393,CUST01019,2025-12-26,29.0,Successful,Debit Card
PAY0007170,INV0007394,CUST01020,2025-11-05,79.0,Successful,ACH
PAY0007171,INV0007395,CUST01020,2025-12-06,79.0,Successful,Bank Transfer
PAY0007172,INV0007396,CUST01020,2026-01-07,79.0,Successful,Debit Card
PAY0007173,INV0007397,CUST01021,2025-03-23,199.0,Successful,Bank Transfer
PAY0007174,INV0007398,CUST01021,2025-04-13,199.0,Successful,Bank Transfer
PAY0007175,INV0007399,CUST01021,2025-05-13,199.0,Successful,Bank Transfer
PAY0007176,INV0007400,CUST01021,2025-06-11,199.0,Successful,Credit Card
PAY0007177,INV0007401,CUST01021,2025-07-11,199.0,Successful,Credit Card
PAY0007178,INV0007402,CUST01021,2025-08-17,199.0,Successful,Credit Card
PAY0007179,INV0007403,CUST01021,2025-09-11,199.0,Successful,Bank Transfer
PAY0007180,INV0007404,CUST01021,2025-10-23,199.0,Successful,ACH
PAY0007181,INV0007405,CUST01021,2025-11-11,199.0,Successful,Debit Card
PAY0007182,INV0007406,CUST01021,2025-12-15,199.0,Successful,ACH
PAY0007183,INV0007407,CUST01022,2024-10-23,79.0,Successful,Bank Transfer
PAY0007184,INV0007408,CUST01022,2024-11-28,79.0,Successful,Credit Card
PAY0007185,INV0007409,CUST01022,2024-12-19,79.0,Successful,Credit Card
PAY0007186,INV0007410,CUST01022,2025-01-30,79.0,Successful,ACH
PAY0007187,INV0007411,CUST01022,2025-03-02,79.0,Successful,Credit Card
PAY0007188,INV0007412,CUST01022,2025-03-25,79.0,Successful,ACH
PAY0007189,INV0007413,CUST01023,2024-07-14,29.0,Successful,Bank Transfer
PAY0007190,INV0007414,CUST01023,2024-08-26,29.0,Successful,Bank Transfer
PAY0007191,INV0007415,CUST01023,2024-09-23,29.0,Successful,Debit Card
PAY0007192,INV0007417,CUST01023,2024-11-12,29.0,Successful,Debit Card
PAY0007193,INV0007418,CUST01023,2024-12-14,29.0,Successful,Credit Card
PAY0007194,INV0007419,CUST01023,2025-01-13,29.0,Successful,Debit Card
PAY0007195,INV0007420,CUST01023,2025-02-12,29.0,Successful,Bank Transfer
PAY0007196,INV0007421,CUST01023,2025-03-16,29.0,Successful,Bank Transfer
PAY0007197,INV0007422,CUST01023,2025-04-13,29.0,Successful,Credit Card
PAY0007198,INV0007423,CUST01023,2025-05-12,29.0,Successful,Credit Card
PAY0007199,INV0007424,CUST01023,2025-06-23,29.0,Successful,ACH
PAY0007200,INV0007425,CUST01023,2025-07-20,29.0,Successful,ACH
PAY0007201,INV0007426,CUST01023,2025-08-21,29.0,Successful,Credit Card
PAY0007202,INV0007427,CUST01023,2025-09-24,29.0,Successful,Credit Card
PAY0007203,INV0007428,CUST01023,2025-10-15,29.0,Successful,Debit Card
PAY0007204,INV0007429,CUST01023,2025-11-21,29.0,Successful,Credit Card
PAY0007205,INV0007430,CUST01023,2025-12-18,29.0,Successful,Credit Card
PAY0007206,INV0007431,CUST01024,2025-10-20,295.8,Successful,Debit Card
PAY0007207,INV0007432,CUST01025,2024-07-18,199.0,Successful,ACH
PAY0007208,INV0007433,CUST01025,2024-08-24,199.0,Successful,Bank Transfer
PAY0007209,INV0007434,CUST01025,2024-09-17,199.0,Successful,Debit Card
PAY0007210,INV0007435,CUST01025,2024-10-14,199.0,Successful,Debit Card
PAY0007211,INV0007436,CUST01025,2024-11-14,199.0,Successful,Debit Card
PAY0007212,INV0007437,CUST01025,2024-12-26,199.0,Failed,Credit Card
PAY0007213,INV0007438,CUST01025,2025-01-14,199.0,Successful,Debit Card
PAY0007214,INV0007439,CUST01025,2025-02-26,199.0,Successful,ACH
PAY0007215,INV0007440,CUST01025,2025-03-23,199.0,Successful,Bank Transfer
PAY0007216,INV0007441,CUST01025,2025-04-18,199.0,Successful,Credit Card
PAY0007217,INV0007442,CUST01025,2025-05-18,199.0,Successful,Debit Card
PAY0007218,INV0007443,CUST01025,2025-06-16,199.0,Successful,ACH
PAY0007219,INV0007444,CUST01025,2025-07-19,199.0,Successful,Credit Card
PAY0007220,INV0007445,CUST01025,2025-08-22,199.0,Successful,Bank Transfer
PAY0007221,INV0007446,CUST01025,2025-09-17,199.0,Successful,ACH
PAY0007222,INV0007447,CUST01025,2025-10-14,199.0,Successful,Bank Transfer
PAY0007223,INV0007448,CUST01025,2025-11-23,199.0,Successful,ACH
PAY0007224,INV0007450,CUST01026,2024-07-21,295.8,Successful,Bank Transfer
PAY0007225,INV0007451,CUST01026,2025-07-24,295.8,Successful,Bank Transfer
PAY0007226,INV0007452,CUST01027,2024-01-11,79.0,Successful,Credit Card
PAY0007227,INV0007453,CUST01027,2024-02-19,79.0,Successful,ACH
PAY0007228,INV0007454,CUST01027,2024-03-14,79.0,Successful,ACH
PAY0007229,INV0007455,CUST01027,2024-04-11,79.0,Successful,Bank Transfer
PAY0007230,INV0007456,CUST01027,2024-05-11,79.0,Successful,Bank Transfer
PAY0007231,INV0007457,CUST01027,2024-06-16,79.0,Successful,Credit Card
PAY0007232,INV0007458,CUST01027,2024-07-10,79.0,Successful,Debit Card
PAY0007233,INV0007459,CUST01027,2024-08-18,79.0,Successful,Credit Card
PAY0007234,INV0007460,CUST01027,2024-09-16,79.0,Successful,Credit Card
PAY0007235,INV0007462,CUST01027,2024-11-19,79.0,Successful,Debit Card
PAY0007236,INV0007463,CUST01027,2024-12-14,79.0,Successful,ACH
PAY0007237,INV0007464,CUST01028,2024-12-29,199.0,Successful,ACH
PAY0007238,INV0007465,CUST01028,2025-01-26,199.0,Successful,Bank Transfer
PAY0007239,INV0007466,CUST01028,2025-02-17,199.0,Successful,ACH
PAY0007240,INV0007467,CUST01028,2025-03-28,199.0,Refunded,Credit Card
PAY0007241,INV0007468,CUST01028,2025-04-30,199.0,Successful,Credit Card
PAY0007242,INV0007469,CUST01028,2025-05-29,199.0,Successful,ACH
PAY0007243,INV0007470,CUST01029,2025-04-21,79.0,Successful,ACH
PAY0007244,INV0007471,CUST01029,2025-05-27,79.0,Successful,ACH
PAY0007245,INV0007472,CUST01029,2025-06-28,79.0,Successful,Bank Transfer
PAY0007246,INV0007473,CUST01029,2025-07-25,79.0,Successful,ACH
PAY0007247,INV0007474,CUST01029,2025-08-20,79.0,Successful,Debit Card
PAY0007248,INV0007475,CUST01029,2025-09-20,79.0,Successful,Bank Transfer
PAY0007249,INV0007476,CUST01029,2025-10-24,79.0,Successful,Bank Transfer
PAY0007250,INV0007477,CUST01029,2025-11-22,79.0,Successful,Credit Card
PAY0007251,INV0007478,CUST01029,2025-12-31,79.0,Successful,ACH
PAY0007252,INV0007479,CUST01030,2024-02-29,79.0,Successful,Debit Card
PAY0007253,INV0007480,CUST01030,2024-04-10,79.0,Successful,Bank Transfer
PAY0007254,INV0007481,CUST01030,2024-05-08,79.0,Successful,Debit Card
PAY0007255,INV0007482,CUST01030,2024-06-02,79.0,Successful,Debit Card
PAY0007256,INV0007483,CUST01030,2024-07-12,79.0,Successful,ACH
PAY0007257,INV0007484,CUST01030,2024-08-08,79.0,Successful,Debit Card
PAY0007258,INV0007485,CUST01030,2024-09-10,79.0,Failed,Bank Transfer
PAY0007259,INV0007486,CUST01030,2024-10-11,79.0,Successful,Debit Card
PAY0007260,INV0007488,CUST01030,2024-11-30,79.0,Successful,Debit Card
PAY0007261,INV0007489,CUST01030,2025-01-02,79.0,Successful,ACH
PAY0007262,INV0007490,CUST01030,2025-02-03,79.0,Failed,Credit Card
PAY0007263,INV0007491,CUST01030,2025-03-13,79.0,Successful,Credit Card
PAY0007264,INV0007492,CUST01030,2025-03-29,79.0,Successful,ACH
PAY0007265,INV0007493,CUST01030,2025-04-30,79.0,Successful,ACH
PAY0007266,INV0007494,CUST01030,2025-06-09,79.0,Successful,Debit Card
PAY0007267,INV0007495,CUST01030,2025-07-08,79.0,Successful,ACH
PAY0007268,INV0007496,CUST01030,2025-07-30,79.0,Successful,Debit Card
PAY0007269,INV0007497,CUST01030,2025-09-07,79.0,Successful,Bank Transfer
PAY0007270,INV0007498,CUST01030,2025-10-05,79.0,Successful,Bank Transfer
PAY0007271,INV0007499,CUST01030,2025-11-06,79.0,Successful,Bank Transfer
PAY0007272,INV0007500,CUST01030,2025-12-12,79.0,Successful,ACH
PAY0007273,INV0007501,CUST01030,2026-01-08,79.0,Successful,ACH
PAY0007274,INV0007502,CUST01031,2024-07-17,29.0,Successful,Bank Transfer
PAY0007275,INV0007503,CUST01031,2024-08-06,29.0,Successful,Bank Transfer
PAY0007276,INV0007504,CUST01031,2024-09-07,29.0,Successful,Credit Card
PAY0007277,INV0007505,CUST01031,2024-10-09,29.0,Successful,Credit Card
PAY0007278,INV0007506,CUST01031,2024-11-16,29.0,Successful,Credit Card
PAY0007279,INV0007507,CUST01031,2024-12-10,29.0,Successful,Bank Transfer
PAY0007280,INV0007508,CUST01031,2025-01-05,29.0,Successful,Credit Card
PAY0007281,INV0007509,CUST01031,2025-02-10,29.0,Successful,Bank Transfer
PAY0007282,INV0007510,CUST01031,2025-03-08,29.0,Successful,ACH
PAY0007283,INV0007511,CUST01031,2025-04-06,29.0,Successful,ACH
PAY0007284,INV0007512,CUST01031,2025-05-12,29.0,Successful,ACH
PAY0007285,INV0007513,CUST01031,2025-06-12,29.0,Successful,ACH
PAY0007286,INV0007514,CUST01032,2024-01-15,29.0,Successful,ACH
PAY0007287,INV0007515,CUST01032,2024-02-25,29.0,Successful,ACH
PAY0007288,INV0007516,CUST01032,2024-03-22,29.0,Successful,ACH
PAY0007289,INV0007517,CUST01032,2024-04-23,29.0,Successful,Debit Card
PAY0007290,INV0007518,CUST01032,2024-05-16,29.0,Successful,ACH
PAY0007291,INV0007519,CUST01032,2024-06-14,29.0,Successful,ACH
PAY0007292,INV0007520,CUST01032,2024-07-23,29.0,Successful,Bank Transfer
PAY0007293,INV0007521,CUST01032,2024-08-22,29.0,Successful,Bank Transfer
PAY0007294,INV0007522,CUST01032,2024-09-16,29.0,Successful,ACH
PAY0007295,INV0007523,CUST01032,2024-10-15,29.0,Successful,Bank Transfer
PAY0007296,INV0007524,CUST01032,2024-11-17,29.0,Successful,ACH
PAY0007297,INV0007525,CUST01032,2024-12-18,29.0,Failed,Credit Card
PAY0007298,INV0007526,CUST01032,2025-01-26,29.0,Successful,Bank Transfer
PAY0007299,INV0007527,CUST01032,2025-02-15,29.0,Successful,Bank Transfer
PAY0007300,INV0007528,CUST01032,2025-03-21,29.0,Successful,Debit Card
PAY0007301,INV0007529,CUST01032,2025-04-15,29.0,Successful,ACH
PAY0007302,INV0007530,CUST01032,2025-05-14,29.0,Successful,Debit Card
PAY0007303,INV0007531,CUST01032,2025-06-18,29.0,Successful,Bank Transfer
PAY0007304,INV0007532,CUST01033,2025-04-13,79.0,Successful,Debit Card
PAY0007305,INV0007533,CUST01033,2025-05-06,79.0,Successful,Credit Card
PAY0007306,INV0007534,CUST01033,2025-06-08,79.0,Successful,Credit Card
PAY0007307,INV0007535,CUST01033,2025-07-07,79.0,Successful,Bank Transfer
PAY0007308,INV0007536,CUST01033,2025-08-11,79.0,Successful,Credit Card
PAY0007309,INV0007537,CUST01033,2025-09-05,79.0,Successful,Debit Card
PAY0007310,INV0007538,CUST01033,2025-10-05,79.0,Successful,Credit Card
PAY0007311,INV0007539,CUST01033,2025-11-10,79.0,Successful,ACH
PAY0007312,INV0007540,CUST01033,2025-12-12,79.0,Successful,Bank Transfer
PAY0007313,INV0007541,CUST01033,2026-01-09,79.0,Successful,Debit Card
PAY0007314,INV0007542,CUST01034,2025-06-25,29.0,Successful,ACH
PAY0007315,INV0007543,CUST01034,2025-07-30,29.0,Successful,Bank Transfer
PAY0007316,INV0007544,CUST01034,2025-09-01,29.0,Successful,Debit Card
PAY0007317,INV0007545,CUST01034,2025-09-26,29.0,Successful,Credit Card
PAY0007318,INV0007546,CUST01034,2025-10-21,29.0,Successful,Credit Card
PAY0007319,INV0007547,CUST01034,2025-11-27,29.0,Failed,ACH
PAY0007320,INV0007548,CUST01035,2024-12-06,79.0,Successful,ACH
PAY0007321,INV0007549,CUST01035,2025-01-06,79.0,Successful,Debit Card
PAY0007322,INV0007550,CUST01035,2025-02-09,79.0,Successful,Debit Card
PAY0007323,INV0007551,CUST01036,2024-09-28,29.0,Successful,Bank Transfer
PAY0007324,INV0007552,CUST01036,2024-10-30,29.0,Successful,ACH
PAY0007325,INV0007553,CUST01036,2024-11-17,29.0,Successful,Credit Card
PAY0007326,INV0007554,CUST01036,2024-12-31,29.0,Successful,Debit Card
PAY0007327,INV0007555,CUST01036,2025-01-29,29.0,Successful,ACH
PAY0007328,INV0007556,CUST01036,2025-02-19,29.0,Successful,Credit Card
PAY0007329,INV0007557,CUST01036,2025-03-30,29.0,Successful,Bank Transfer
PAY0007330,INV0007558,CUST01036,2025-04-28,29.0,Successful,ACH
PAY0007331,INV0007559,CUST01036,2025-05-29,29.0,Successful,Bank Transfer
PAY0007332,INV0007560,CUST01036,2025-06-26,29.0,Successful,Debit Card
PAY0007333,INV0007561,CUST01036,2025-07-20,29.0,Successful,Debit Card
PAY0007334,INV0007563,CUST01036,2025-09-19,29.0,Successful,Debit Card
PAY0007335,INV0007564,CUST01036,2025-10-18,29.0,Successful,Bank Transfer
PAY0007336,INV0007565,CUST01036,2025-11-25,29.0,Successful,Debit Card
PAY0007337,INV0007566,CUST01036,2025-12-29,29.0,Successful,ACH
PAY0007338,INV0007567,CUST01037,2025-11-26,29.0,Successful,Bank Transfer
PAY0007339,INV0007568,CUST01037,2025-12-24,29.0,Successful,Bank Transfer
PAY0007340,INV0007569,CUST01038,2024-12-10,295.8,Successful,ACH
PAY0007341,INV0007570,CUST01039,2025-02-15,805.8,Successful,Credit Card
PAY0007342,INV0007571,CUST01040,2025-12-07,199.0,Successful,ACH
PAY0007343,INV0007573,CUST01041,2024-07-18,29.0,Successful,Credit Card
PAY0007344,INV0007574,CUST01041,2024-08-13,29.0,Successful,Credit Card
PAY0007345,INV0007575,CUST01041,2024-09-14,29.0,Successful,Bank Transfer
PAY0007346,INV0007576,CUST01041,2024-10-23,29.0,Successful,ACH
PAY0007347,INV0007577,CUST01041,2024-11-12,29.0,Successful,Debit Card
PAY0007348,INV0007578,CUST01041,2024-12-12,29.0,Successful,Debit Card
PAY0007349,INV0007579,CUST01041,2025-01-16,29.0,Successful,Credit Card
PAY0007350,INV0007580,CUST01041,2025-02-12,29.0,Successful,Debit Card
PAY0007351,INV0007581,CUST01041,2025-03-25,29.0,Successful,Debit Card
PAY0007352,INV0007582,CUST01041,2025-04-25,29.0,Successful,Bank Transfer
PAY0007353,INV0007583,CUST01041,2025-05-18,29.0,Successful,Credit Card
PAY0007354,INV0007584,CUST01041,2025-06-11,29.0,Successful,Bank Transfer
PAY0007355,INV0007585,CUST01041,2025-07-19,29.0,Successful,Bank Transfer
PAY0007356,INV0007586,CUST01041,2025-08-22,29.0,Successful,Credit Card
PAY0007357,INV0007587,CUST01041,2025-09-21,29.0,Successful,Credit Card
PAY0007358,INV0007588,CUST01041,2025-10-13,29.0,Successful,Bank Transfer
PAY0007359,INV0007589,CUST01041,2025-11-15,29.0,Successful,Bank Transfer
PAY0007360,INV0007590,CUST01042,2024-03-13,29.0,Successful,Bank Transfer
PAY0007361,INV0007591,CUST01042,2024-04-06,29.0,Refunded,Debit Card
PAY0007362,INV0007592,CUST01042,2024-05-07,29.0,Successful,Bank Transfer
PAY0007363,INV0007593,CUST01042,2024-06-09,29.0,Successful,Credit Card
PAY0007364,INV0007594,CUST01042,2024-07-04,29.0,Successful,ACH
PAY0007365,INV0007595,CUST01042,2024-08-13,29.0,Successful,Credit Card
PAY0007366,INV0007596,CUST01043,2024-05-23,79.0,Successful,Credit Card
PAY0007367,INV0007597,CUST01043,2024-06-20,79.0,Successful,Bank Transfer
PAY0007368,INV0007598,CUST01043,2024-07-12,79.0,Successful,ACH
PAY0007369,INV0007599,CUST01043,2024-08-10,79.0,Successful,Bank Transfer
PAY0007370,INV0007600,CUST01043,2024-09-10,79.0,Successful,ACH
PAY0007371,INV0007601,CUST01043,2024-10-10,79.0,Successful,Debit Card
PAY0007372,INV0007602,CUST01043,2024-11-16,79.0,Successful,Bank Transfer
PAY0007373,INV0007603,CUST01043,2024-12-10,79.0,Successful,Debit Card
PAY0007374,INV0007605,CUST01043,2025-02-23,79.0,Successful,Debit Card
PAY0007375,INV0007606,CUST01043,2025-03-14,79.0,Successful,Bank Transfer
PAY0007376,INV0007607,CUST01043,2025-04-11,79.0,Successful,Bank Transfer
PAY0007377,INV0007608,CUST01043,2025-05-23,79.0,Successful,Bank Transfer
PAY0007378,INV0007609,CUST01043,2025-06-13,79.0,Successful,Debit Card
PAY0007379,INV0007610,CUST01043,2025-07-23,79.0,Successful,Debit Card
PAY0007380,INV0007611,CUST01043,2025-08-14,79.0,Successful,ACH
PAY0007381,INV0007612,CUST01043,2025-09-22,79.0,Successful,Credit Card
PAY0007382,INV0007613,CUST01043,2025-10-23,79.0,Successful,Debit Card
PAY0007383,INV0007614,CUST01044,2025-03-31,29.0,Successful,Bank Transfer
PAY0007384,INV0007615,CUST01044,2025-05-10,29.0,Successful,Debit Card
PAY0007385,INV0007616,CUST01044,2025-06-06,29.0,Successful,Credit Card
PAY0007386,INV0007617,CUST01044,2025-07-07,29.0,Successful,Credit Card
PAY0007387,INV0007618,CUST01044,2025-08-07,29.0,Successful,Debit Card
PAY0007388,INV0007619,CUST01044,2025-09-04,29.0,Successful,Bank Transfer
PAY0007389,INV0007620,CUST01044,2025-09-26,29.0,Successful,ACH
PAY0007390,INV0007621,CUST01044,2025-11-08,29.0,Successful,Credit Card
PAY0007391,INV0007622,CUST01044,2025-12-03,29.0,Successful,Bank Transfer
PAY0007392,INV0007623,CUST01044,2025-12-29,29.0,Failed,Bank Transfer
PAY0007393,INV0007624,CUST01045,2024-06-01,79.0,Successful,ACH
PAY0007394,INV0007626,CUST01045,2024-08-01,79.0,Successful,Credit Card
PAY0007395,INV0007627,CUST01045,2024-08-24,79.0,Successful,Debit Card
PAY0007396,INV0007628,CUST01045,2024-09-28,79.0,Successful,ACH
PAY0007397,INV0007629,CUST01045,2024-10-25,79.0,Successful,ACH
PAY0007398,INV0007630,CUST01045,2024-11-26,79.0,Successful,Bank Transfer
PAY0007399,INV0007631,CUST01045,2024-12-31,79.0,Successful,Credit Card
PAY0007400,INV0007632,CUST01045,2025-02-01,79.0,Successful,ACH
PAY0007401,INV0007633,CUST01045,2025-02-28,79.0,Successful,Bank Transfer
PAY0007402,INV0007634,CUST01045,2025-03-28,79.0,Successful,Credit Card
PAY0007403,INV0007635,CUST01045,2025-04-25,79.0,Successful,Credit Card
PAY0007404,INV0007636,CUST01045,2025-05-20,79.0,Successful,Bank Transfer
PAY0007405,INV0007637,CUST01045,2025-06-29,79.0,Successful,ACH
PAY0007406,INV0007638,CUST01045,2025-07-25,79.0,Successful,ACH
PAY0007407,INV0007639,CUST01045,2025-08-23,79.0,Successful,Credit Card
PAY0007408,INV0007640,CUST01045,2025-09-22,79.0,Successful,Credit Card
PAY0007409,INV0007641,CUST01045,2025-10-29,79.0,Successful,Bank Transfer
PAY0007410,INV0007642,CUST01046,2025-07-30,805.8,Successful,Credit Card
PAY0007411,INV0007643,CUST01047,2025-07-17,29.0,Failed,ACH
PAY0007412,INV0007644,CUST01047,2025-08-13,29.0,Successful,Bank Transfer
PAY0007413,INV0007645,CUST01047,2025-09-24,29.0,Successful,ACH
PAY0007414,INV0007646,CUST01048,2024-03-23,79.0,Successful,Bank Transfer
PAY0007415,INV0007647,CUST01048,2024-04-13,79.0,Successful,Credit Card
PAY0007416,INV0007648,CUST01048,2024-05-21,79.0,Successful,ACH
PAY0007417,INV0007649,CUST01048,2024-06-17,79.0,Successful,ACH
PAY0007418,INV0007650,CUST01048,2024-07-19,79.0,Successful,Bank Transfer
PAY0007419,INV0007651,CUST01048,2024-08-18,79.0,Successful,Debit Card
PAY0007420,INV0007652,CUST01048,2024-09-17,79.0,Successful,Credit Card
PAY0007421,INV0007653,CUST01048,2024-10-21,79.0,Failed,ACH
PAY0007422,INV0007654,CUST01048,2024-11-18,79.0,Successful,ACH
PAY0007423,INV0007655,CUST01048,2024-12-12,79.0,Successful,Bank Transfer
PAY0007424,INV0007656,CUST01048,2025-01-23,79.0,Successful,Bank Transfer
PAY0007425,INV0007658,CUST01049,2025-07-23,29.0,Successful,Bank Transfer
PAY0007426,INV0007659,CUST01049,2025-08-23,29.0,Successful,Bank Transfer
PAY0007427,INV0007660,CUST01049,2025-09-23,29.0,Successful,ACH
PAY0007428,INV0007661,CUST01049,2025-10-21,29.0,Successful,Bank Transfer
PAY0007429,INV0007662,CUST01049,2025-11-12,29.0,Successful,Debit Card
PAY0007430,INV0007663,CUST01049,2025-12-21,29.0,Successful,Bank Transfer
PAY0007431,INV0007665,CUST01050,2024-08-09,29.0,Successful,Debit Card
PAY0007432,INV0007666,CUST01050,2024-09-10,29.0,Successful,Bank Transfer
PAY0007433,INV0007667,CUST01050,2024-10-19,29.0,Successful,Bank Transfer
PAY0007434,INV0007668,CUST01050,2024-11-23,29.0,Successful,Debit Card
PAY0007435,INV0007669,CUST01050,2024-12-11,29.0,Successful,Debit Card
PAY0007436,INV0007670,CUST01050,2025-01-23,29.0,Successful,Debit Card
PAY0007437,INV0007671,CUST01050,2025-02-15,29.0,Failed,Bank Transfer
PAY0007438,INV0007672,CUST01050,2025-03-23,29.0,Failed,Bank Transfer
PAY0007439,INV0007673,CUST01050,2025-04-13,29.0,Successful,Credit Card
PAY0007440,INV0007674,CUST01050,2025-05-14,29.0,Successful,Debit Card
PAY0007441,INV0007675,CUST01050,2025-06-17,29.0,Successful,ACH
PAY0007442,INV0007676,CUST01050,2025-07-18,29.0,Successful,Debit Card
PAY0007443,INV0007677,CUST01050,2025-08-12,29.0,Successful,Credit Card
PAY0007444,INV0007678,CUST01050,2025-09-23,29.0,Successful,ACH
PAY0007445,INV0007679,CUST01050,2025-10-23,29.0,Successful,ACH
PAY0007446,INV0007680,CUST01050,2025-11-16,29.0,Successful,ACH
PAY0007447,INV0007681,CUST01050,2025-12-10,29.0,Successful,Credit Card
PAY0007448,INV0007682,CUST01051,2024-11-30,199.0,Successful,ACH
PAY0007449,INV0007683,CUST01051,2025-01-02,199.0,Successful,ACH
PAY0007450,INV0007684,CUST01051,2025-02-01,199.0,Successful,ACH
PAY0007451,INV0007685,CUST01051,2025-03-02,199.0,Successful,Credit Card
PAY0007452,INV0007686,CUST01051,2025-04-07,199.0,Successful,Bank Transfer
PAY0007453,INV0007687,CUST01051,2025-05-05,199.0,Successful,Bank Transfer
PAY0007454,INV0007688,CUST01051,2025-06-08,199.0,Successful,Debit Card
PAY0007455,INV0007689,CUST01051,2025-06-27,199.0,Successful,Debit Card
PAY0007456,INV0007690,CUST01051,2025-08-08,199.0,Successful,Credit Card
PAY0007457,INV0007691,CUST01051,2025-09-05,199.0,Successful,Bank Transfer
PAY0007458,INV0007692,CUST01051,2025-10-09,199.0,Successful,Debit Card
PAY0007459,INV0007693,CUST01051,2025-11-01,199.0,Successful,Bank Transfer
PAY0007460,INV0007694,CUST01051,2025-12-09,199.0,Successful,Debit Card
PAY0007461,INV0007695,CUST01051,2026-01-05,199.0,Successful,Debit Card
PAY0007462,INV0007696,CUST01052,2024-07-23,2029.8,Successful,Bank Transfer
PAY0007463,INV0007697,CUST01053,2025-10-03,199.0,Successful,Bank Transfer
PAY0007464,INV0007698,CUST01053,2025-10-21,199.0,Successful,Debit Card
PAY0007465,INV0007699,CUST01053,2025-11-22,199.0,Successful,Credit Card
PAY0007466,INV0007700,CUST01053,2025-12-20,199.0,Successful,Credit Card
PAY0007467,INV0007701,CUST01054,2024-04-16,79.0,Successful,Credit Card
PAY0007468,INV0007702,CUST01054,2024-05-09,79.0,Successful,Debit Card
PAY0007469,INV0007703,CUST01054,2024-06-19,79.0,Successful,Credit Card
PAY0007470,INV0007704,CUST01054,2024-07-16,79.0,Successful,ACH
PAY0007471,INV0007705,CUST01054,2024-08-10,79.0,Successful,Bank Transfer
PAY0007472,INV0007706,CUST01054,2024-09-19,79.0,Successful,Credit Card
PAY0007473,INV0007707,CUST01054,2024-10-23,79.0,Successful,Bank Transfer
PAY0007474,INV0007708,CUST01054,2024-11-22,79.0,Successful,Credit Card
PAY0007475,INV0007709,CUST01054,2024-12-14,79.0,Successful,Bank Transfer
PAY0007476,INV0007710,CUST01054,2025-01-11,79.0,Successful,Debit Card
PAY0007477,INV0007711,CUST01054,2025-02-15,79.0,Successful,ACH
PAY0007478,INV0007712,CUST01054,2025-03-17,79.0,Successful,Debit Card
PAY0007479,INV0007713,CUST01054,2025-04-18,79.0,Successful,Bank Transfer
PAY0007480,INV0007714,CUST01054,2025-05-12,79.0,Successful,Debit Card
PAY0007481,INV0007715,CUST01054,2025-06-20,79.0,Successful,Bank Transfer
PAY0007482,INV0007716,CUST01054,2025-07-23,79.0,Successful,ACH
PAY0007483,INV0007717,CUST01054,2025-08-18,79.0,Successful,Debit Card
PAY0007484,INV0007718,CUST01054,2025-09-10,79.0,Successful,ACH
PAY0007485,INV0007719,CUST01055,2024-07-03,805.8,Successful,Bank Transfer
PAY0007486,INV0007720,CUST01055,2025-07-16,2029.8,Successful,Credit Card
PAY0007487,INV0007721,CUST01056,2024-04-19,29.0,Successful,Bank Transfer
PAY0007488,INV0007722,CUST01056,2024-05-12,29.0,Successful,ACH
PAY0007489,INV0007724,CUST01056,2024-07-13,29.0,Successful,Debit Card
PAY0007490,INV0007725,CUST01056,2024-08-23,29.0,Successful,Debit Card
PAY0007491,INV0007726,CUST01056,2024-09-14,29.0,Successful,Bank Transfer
PAY0007492,INV0007727,CUST01056,2024-10-25,29.0,Successful,Debit Card
PAY0007493,INV0007728,CUST01056,2024-11-21,29.0,Successful,Debit Card
PAY0007494,INV0007729,CUST01056,2024-12-13,29.0,Successful,ACH
PAY0007495,INV0007730,CUST01056,2025-01-24,29.0,Successful,Bank Transfer
PAY0007496,INV0007731,CUST01056,2025-02-24,29.0,Successful,Bank Transfer
PAY0007497,INV0007733,CUST01056,2025-04-12,29.0,Successful,Bank Transfer
PAY0007498,INV0007734,CUST01056,2025-05-26,29.0,Successful,Credit Card
PAY0007499,INV0007735,CUST01056,2025-06-16,29.0,Successful,ACH
PAY0007500,INV0007736,CUST01056,2025-07-19,29.0,Successful,Bank Transfer
PAY0007501,INV0007737,CUST01056,2025-08-14,29.0,Successful,Credit Card
PAY0007502,INV0007738,CUST01056,2025-09-20,29.0,Successful,Credit Card
PAY0007503,INV0007739,CUST01057,2025-07-03,29.0,Successful,Bank Transfer
PAY0007504,INV0007740,CUST01057,2025-07-26,29.0,Successful,Bank Transfer
PAY0007505,INV0007741,CUST01057,2025-08-30,29.0,Successful,ACH
PAY0007506,INV0007742,CUST01057,2025-10-03,29.0,Successful,ACH
PAY0007507,INV0007743,CUST01057,2025-11-01,29.0,Successful,Bank Transfer
PAY0007508,INV0007744,CUST01057,2025-12-06,29.0,Successful,Bank Transfer
PAY0007509,INV0007745,CUST01057,2026-01-06,29.0,Successful,ACH
PAY0007510,INV0007746,CUST01058,2024-08-23,805.8,Successful,Credit Card
PAY0007511,INV0007747,CUST01059,2025-11-12,29.0,Successful,Credit Card
PAY0007512,INV0007748,CUST01059,2025-12-06,29.0,Successful,Credit Card
PAY0007513,INV0007749,CUST01060,2025-01-07,29.0,Successful,Bank Transfer
PAY0007514,INV0007750,CUST01060,2025-02-15,29.0,Failed,Credit Card
PAY0007515,INV0007751,CUST01060,2025-03-05,29.0,Successful,Bank Transfer
PAY0007516,INV0007752,CUST01060,2025-04-12,29.0,Successful,Bank Transfer
PAY0007517,INV0007753,CUST01060,2025-05-19,29.0,Successful,Bank Transfer
PAY0007518,INV0007754,CUST01060,2025-06-16,29.0,Successful,Debit Card
PAY0007519,INV0007755,CUST01060,2025-07-14,29.0,Successful,Credit Card
PAY0007520,INV0007756,CUST01060,2025-08-17,29.0,Successful,Credit Card
PAY0007521,INV0007757,CUST01060,2025-09-06,29.0,Successful,ACH
PAY0007522,INV0007758,CUST01060,2025-10-15,29.0,Successful,Credit Card
PAY0007523,INV0007759,CUST01060,2025-11-07,29.0,Successful,Credit Card
PAY0007524,INV0007760,CUST01060,2025-12-06,29.0,Successful,Debit Card
PAY0007525,INV0007761,CUST01061,2025-09-30,199.0,Successful,Credit Card
PAY0007526,INV0007762,CUST01061,2025-11-06,199.0,Successful,Credit Card
PAY0007527,INV0007763,CUST01061,2025-12-04,199.0,Successful,ACH
PAY0007528,INV0007764,CUST01061,2026-01-02,199.0,Successful,Debit Card
PAY0007529,INV0007765,CUST01062,2024-03-30,805.8,Successful,ACH
PAY0007530,INV0007766,CUST01062,2025-03-25,805.8,Successful,Debit Card
PAY0007531,INV0007767,CUST01063,2025-07-11,29.0,Successful,ACH
PAY0007532,INV0007768,CUST01063,2025-08-08,29.0,Successful,Bank Transfer
PAY0007533,INV0007769,CUST01063,2025-09-10,29.0,Successful,ACH
PAY0007534,INV0007770,CUST01063,2025-10-08,29.0,Failed,Debit Card
PAY0007535,INV0007771,CUST01063,2025-11-10,79.0,Successful,ACH
PAY0007536,INV0007772,CUST01063,2025-12-11,79.0,Successful,ACH
PAY0007537,INV0007773,CUST01064,2025-08-21,295.8,Successful,Debit Card
PAY0007538,INV0007774,CUST01065,2024-04-19,79.0,Successful,Credit Card
PAY0007539,INV0007775,CUST01065,2024-06-01,79.0,Successful,Credit Card
PAY0007540,INV0007776,CUST01065,2024-06-29,79.0,Successful,Debit Card
PAY0007541,INV0007777,CUST01065,2024-07-26,79.0,Successful,ACH
PAY0007542,INV0007778,CUST01065,2024-08-29,79.0,Successful,ACH
PAY0007543,INV0007779,CUST01065,2024-09-22,79.0,Successful,Bank Transfer
PAY0007544,INV0007780,CUST01065,2024-10-30,79.0,Successful,Credit Card
PAY0007545,INV0007781,CUST01065,2024-11-26,79.0,Successful,ACH
PAY0007546,INV0007782,CUST01065,2024-12-22,79.0,Successful,ACH
PAY0007547,INV0007783,CUST01065,2025-01-29,79.0,Successful,Credit Card
PAY0007548,INV0007784,CUST01065,2025-03-04,79.0,Successful,Debit Card
PAY0007549,INV0007785,CUST01065,2025-03-30,79.0,Successful,Bank Transfer
PAY0007550,INV0007786,CUST01065,2025-04-22,79.0,Successful,Debit Card
PAY0007551,INV0007787,CUST01065,2025-05-31,79.0,Successful,Credit Card
PAY0007552,INV0007788,CUST01065,2025-06-22,79.0,Failed,Bank Transfer
PAY0007553,INV0007789,CUST01065,2025-07-24,79.0,Successful,Debit Card
PAY0007554,INV0007790,CUST01065,2025-09-02,79.0,Successful,Bank Transfer
PAY0007555,INV0007791,CUST01065,2025-10-02,79.0,Successful,ACH
PAY0007556,INV0007792,CUST01065,2025-11-02,79.0,Successful,ACH
PAY0007557,INV0007793,CUST01065,2025-12-02,79.0,Successful,Credit Card
PAY0007558,INV0007794,CUST01065,2025-12-24,79.0,Refunded,Credit Card
PAY0007559,INV0007795,CUST01066,2025-12-23,79.0,Successful,Debit Card
PAY0007560,INV0007796,CUST01067,2025-07-31,295.8,Failed,Credit Card
PAY0007561,INV0007797,CUST01068,2025-01-01,199.0,Successful,Bank Transfer
PAY0007562,INV0007798,CUST01068,2025-02-10,199.0,Successful,ACH
PAY0007563,INV0007799,CUST01068,2025-03-10,199.0,Successful,Debit Card
PAY0007564,INV0007800,CUST01068,2025-04-06,199.0,Successful,ACH
PAY0007565,INV0007801,CUST01068,2025-05-03,199.0,Successful,Credit Card
PAY0007566,INV0007802,CUST01068,2025-05-29,199.0,Successful,ACH
PAY0007567,INV0007803,CUST01068,2025-06-29,199.0,Successful,Credit Card
PAY0007568,INV0007804,CUST01068,2025-08-08,199.0,Successful,Credit Card
PAY0007569,INV0007805,CUST01068,2025-09-09,199.0,Successful,ACH
PAY0007570,INV0007806,CUST01068,2025-10-02,199.0,Successful,Debit Card
PAY0007571,INV0007807,CUST01068,2025-10-31,199.0,Successful,ACH
PAY0007572,INV0007808,CUST01068,2025-11-28,199.0,Successful,Bank Transfer
PAY0007573,INV0007809,CUST01068,2026-01-07,199.0,Successful,ACH
PAY0007574,INV0007810,CUST01069,2025-01-17,199.0,Successful,Bank Transfer
PAY0007575,INV0007811,CUST01069,2025-02-19,199.0,Successful,Debit Card
PAY0007576,INV0007812,CUST01069,2025-03-22,199.0,Successful,Bank Transfer
PAY0007577,INV0007813,CUST01069,2025-04-22,199.0,Successful,Credit Card
PAY0007578,INV0007814,CUST01069,2025-05-29,199.0,Successful,ACH
PAY0007579,INV0007815,CUST01069,2025-06-27,199.0,Successful,ACH
PAY0007580,INV0007816,CUST01069,2025-07-29,199.0,Successful,Bank Transfer
PAY0007581,INV0007817,CUST01069,2025-08-17,199.0,Successful,ACH
PAY0007582,INV0007818,CUST01069,2025-09-21,199.0,Successful,Bank Transfer
PAY0007583,INV0007819,CUST01069,2025-10-21,199.0,Successful,Bank Transfer
PAY0007584,INV0007820,CUST01069,2025-11-23,199.0,Successful,ACH
PAY0007585,INV0007821,CUST01069,2025-12-19,199.0,Successful,Bank Transfer
PAY0007586,INV0007822,CUST01070,2025-09-30,2029.8,Successful,Credit Card
PAY0007587,INV0007823,CUST01071,2025-01-13,805.8,Failed,Credit Card
PAY0007588,INV0007825,CUST01072,2024-03-18,199.0,Successful,Credit Card
PAY0007589,INV0007826,CUST01072,2024-04-17,199.0,Successful,Debit Card
PAY0007590,INV0007827,CUST01072,2024-05-14,199.0,Successful,Credit Card
PAY0007591,INV0007828,CUST01072,2024-06-09,199.0,Failed,Bank Transfer
PAY0007592,INV0007829,CUST01072,2024-07-12,199.0,Successful,Credit Card
PAY0007593,INV0007830,CUST01072,2024-08-14,199.0,Successful,ACH
PAY0007594,INV0007832,CUST01072,2024-10-11,199.0,Successful,Credit Card
PAY0007595,INV0007833,CUST01072,2024-11-16,199.0,Failed,Bank Transfer
PAY0007596,INV0007834,CUST01072,2024-12-12,199.0,Successful,Debit Card
PAY0007597,INV0007835,CUST01072,2025-01-08,199.0,Successful,Credit Card
PAY0007598,INV0007836,CUST01072,2025-02-08,199.0,Successful,Debit Card
PAY0007599,INV0007837,CUST01072,2025-03-17,199.0,Successful,Credit Card
PAY0007600,INV0007838,CUST01072,2025-04-19,199.0,Successful,Debit Card
PAY0007601,INV0007839,CUST01072,2025-05-13,199.0,Successful,Bank Transfer
PAY0007602,INV0007840,CUST01072,2025-06-13,199.0,Successful,Credit Card
PAY0007603,INV0007841,CUST01072,2025-07-09,199.0,Refunded,Bank Transfer
PAY0007604,INV0007842,CUST01073,2024-11-20,29.0,Successful,ACH
PAY0007605,INV0007843,CUST01073,2024-12-10,29.0,Successful,ACH
PAY0007606,INV0007844,CUST01073,2025-01-09,29.0,Successful,Credit Card
PAY0007607,INV0007845,CUST01073,2025-02-13,29.0,Successful,Credit Card
PAY0007608,INV0007846,CUST01073,2025-03-12,29.0,Successful,Bank Transfer
PAY0007609,INV0007847,CUST01073,2025-04-07,29.0,Successful,ACH
PAY0007610,INV0007848,CUST01073,2025-05-20,29.0,Successful,Bank Transfer
PAY0007611,INV0007849,CUST01073,2025-06-12,29.0,Refunded,ACH
PAY0007612,INV0007850,CUST01073,2025-07-09,29.0,Successful,Debit Card
PAY0007613,INV0007851,CUST01073,2025-08-07,29.0,Successful,Bank Transfer
PAY0007614,INV0007852,CUST01073,2025-09-20,29.0,Successful,Credit Card
PAY0007615,INV0007853,CUST01073,2025-10-14,29.0,Successful,ACH
PAY0007616,INV0007854,CUST01073,2025-11-18,29.0,Successful,Debit Card
PAY0007617,INV0007855,CUST01073,2025-12-17,29.0,Successful,Debit Card
PAY0007618,INV0007856,CUST01074,2024-02-07,805.8,Successful,Bank Transfer
PAY0007619,INV0007857,CUST01074,2025-02-01,805.8,Successful,Debit Card
PAY0007620,INV0007858,CUST01075,2024-04-08,79.0,Successful,Bank Transfer
PAY0007621,INV0007859,CUST01075,2024-05-07,79.0,Successful,Debit Card
PAY0007622,INV0007860,CUST01075,2024-06-07,79.0,Successful,ACH
PAY0007623,INV0007861,CUST01075,2024-07-11,79.0,Successful,Credit Card
PAY0007624,INV0007862,CUST01075,2024-08-12,79.0,Successful,Credit Card
PAY0007625,INV0007863,CUST01075,2024-09-18,79.0,Successful,Debit Card
PAY0007626,INV0007864,CUST01075,2024-10-14,79.0,Successful,Bank Transfer
PAY0007627,INV0007865,CUST01075,2024-11-15,79.0,Successful,ACH
PAY0007628,INV0007866,CUST01075,2024-12-13,79.0,Successful,Debit Card
PAY0007629,INV0007867,CUST01075,2025-01-19,79.0,Successful,Debit Card
PAY0007630,INV0007868,CUST01075,2025-02-07,79.0,Failed,Credit Card
PAY0007631,INV0007869,CUST01075,2025-03-12,79.0,Successful,ACH
PAY0007632,INV0007870,CUST01075,2025-04-10,79.0,Successful,Bank Transfer
PAY0007633,INV0007871,CUST01075,2025-05-18,79.0,Successful,Bank Transfer
PAY0007634,INV0007872,CUST01075,2025-06-16,79.0,Successful,Bank Transfer
PAY0007635,INV0007873,CUST01075,2025-07-11,79.0,Successful,Bank Transfer
PAY0007636,INV0007874,CUST01075,2025-08-16,79.0,Successful,Debit Card
PAY0007637,INV0007875,CUST01075,2025-09-15,79.0,Successful,Bank Transfer
PAY0007638,INV0007876,CUST01076,2025-01-16,295.8,Successful,ACH
PAY0007639,INV0007877,CUST01077,2024-04-05,29.0,Failed,Debit Card
PAY0007640,INV0007878,CUST01077,2024-05-07,29.0,Successful,ACH
PAY0007641,INV0007879,CUST01077,2024-06-19,29.0,Successful,Bank Transfer
PAY0007642,INV0007880,CUST01077,2024-07-18,29.0,Successful,Credit Card
PAY0007643,INV0007881,CUST01077,2024-08-06,29.0,Successful,Credit Card
PAY0007644,INV0007882,CUST01077,2024-09-06,29.0,Successful,Debit Card
PAY0007645,INV0007883,CUST01077,2024-10-13,29.0,Successful,Credit Card
PAY0007646,INV0007884,CUST01077,2024-11-11,29.0,Successful,Credit Card
PAY0007647,INV0007885,CUST01077,2024-12-17,29.0,Successful,Debit Card
PAY0007648,INV0007886,CUST01077,2025-01-07,29.0,Successful,ACH
PAY0007649,INV0007887,CUST01077,2025-02-12,29.0,Successful,Credit Card
PAY0007650,INV0007888,CUST01077,2025-03-11,29.0,Successful,Bank Transfer
PAY0007651,INV0007890,CUST01077,2025-05-11,29.0,Successful,ACH
PAY0007652,INV0007891,CUST01077,2025-06-07,29.0,Failed,Debit Card
PAY0007653,INV0007892,CUST01077,2025-07-09,29.0,Successful,Debit Card
PAY0007654,INV0007893,CUST01077,2025-08-13,29.0,Successful,Debit Card
PAY0007655,INV0007894,CUST01077,2025-09-08,29.0,Successful,Debit Card
PAY0007656,INV0007895,CUST01078,2024-12-03,79.0,Successful,Debit Card
PAY0007657,INV0007896,CUST01078,2025-01-11,79.0,Successful,Credit Card
PAY0007658,INV0007897,CUST01078,2025-01-29,79.0,Successful,Bank Transfer
PAY0007659,INV0007898,CUST01078,2025-03-11,79.0,Successful,Credit Card
PAY0007660,INV0007899,CUST01078,2025-04-10,79.0,Successful,Debit Card
PAY0007661,INV0007900,CUST01078,2025-05-05,79.0,Failed,Credit Card
PAY0007662,INV0007901,CUST01078,2025-06-12,79.0,Successful,Credit Card
PAY0007663,INV0007902,CUST01078,2025-07-08,79.0,Successful,Credit Card
PAY0007664,INV0007903,CUST01078,2025-08-11,79.0,Successful,Debit Card
PAY0007665,INV0007904,CUST01078,2025-09-11,79.0,Successful,Debit Card
PAY0007666,INV0007905,CUST01078,2025-10-10,79.0,Successful,Debit Card
PAY0007667,INV0007906,CUST01078,2025-10-29,79.0,Successful,Credit Card
PAY0007668,INV0007907,CUST01079,2025-09-05,29.0,Successful,Credit Card
PAY0007669,INV0007908,CUST01079,2025-10-15,29.0,Successful,Credit Card
PAY0007670,INV0007909,CUST01079,2025-11-07,29.0,Successful,Debit Card
PAY0007671,INV0007910,CUST01079,2025-12-12,29.0,Successful,Credit Card
PAY0007672,INV0007911,CUST01080,2024-03-29,79.0,Failed,ACH
PAY0007673,INV0007912,CUST01080,2024-05-01,79.0,Successful,Credit Card
PAY0007674,INV0007913,CUST01080,2024-06-05,79.0,Successful,Credit Card
PAY0007675,INV0007914,CUST01080,2024-07-05,79.0,Successful,Debit Card
PAY0007676,INV0007916,CUST01080,2024-08-26,199.0,Successful,ACH
PAY0007677,INV0007917,CUST01080,2024-09-28,199.0,Successful,Bank Transfer
PAY0007678,INV0007918,CUST01080,2024-11-03,199.0,Successful,ACH
PAY0007679,INV0007919,CUST01080,2024-11-29,199.0,Successful,Credit Card
PAY0007680,INV0007920,CUST01080,2024-12-26,199.0,Failed,Debit Card
PAY0007681,INV0007921,CUST01080,2025-02-05,199.0,Successful,ACH
PAY0007682,INV0007922,CUST01080,2025-03-03,199.0,Successful,Bank Transfer
PAY0007683,INV0007923,CUST01080,2025-04-05,199.0,Successful,Debit Card
PAY0007684,INV0007924,CUST01080,2025-05-03,199.0,Successful,ACH
PAY0007685,INV0007926,CUST01080,2025-06-28,199.0,Successful,Credit Card
PAY0007686,INV0007927,CUST01080,2025-08-05,199.0,Successful,Debit Card
PAY0007687,INV0007928,CUST01080,2025-09-03,199.0,Successful,ACH
PAY0007688,INV0007929,CUST01081,2025-03-04,29.0,Successful,Credit Card
PAY0007689,INV0007930,CUST01081,2025-04-17,29.0,Successful,Debit Card
PAY0007690,INV0007932,CUST01082,2025-11-01,199.0,Failed,Bank Transfer
PAY0007691,INV0007933,CUST01082,2025-12-05,199.0,Successful,Credit Card
PAY0007692,INV0007934,CUST01082,2026-01-03,199.0,Successful,Bank Transfer
PAY0007693,INV0007935,CUST01083,2024-02-26,79.0,Successful,Bank Transfer
PAY0007694,INV0007936,CUST01083,2024-04-03,79.0,Successful,ACH
PAY0007695,INV0007937,CUST01083,2024-05-02,79.0,Successful,ACH
PAY0007696,INV0007938,CUST01083,2024-06-03,79.0,Successful,Credit Card
PAY0007697,INV0007939,CUST01083,2024-06-29,79.0,Successful,Credit Card
PAY0007698,INV0007940,CUST01083,2024-08-09,79.0,Successful,Bank Transfer
PAY0007699,INV0007941,CUST01083,2024-08-26,79.0,Successful,Bank Transfer
PAY0007700,INV0007942,CUST01083,2024-10-08,79.0,Successful,Bank Transfer
PAY0007701,INV0007943,CUST01083,2024-11-09,79.0,Successful,Debit Card
PAY0007702,INV0007944,CUST01083,2024-12-09,79.0,Successful,Credit Card
PAY0007703,INV0007945,CUST01083,2024-12-27,79.0,Successful,Credit Card
PAY0007704,INV0007946,CUST01083,2025-02-04,79.0,Successful,Bank Transfer
PAY0007705,INV0007947,CUST01083,2025-02-26,79.0,Successful,Credit Card
PAY0007706,INV0007948,CUST01083,2025-03-27,79.0,Successful,ACH
PAY0007707,INV0007950,CUST01083,2025-05-31,79.0,Successful,Bank Transfer
PAY0007708,INV0007951,CUST01083,2025-06-29,79.0,Successful,ACH
PAY0007709,INV0007952,CUST01083,2025-08-06,79.0,Successful,ACH
PAY0007710,INV0007953,CUST01084,2024-12-03,29.0,Successful,Credit Card
PAY0007711,INV0007954,CUST01084,2025-01-10,29.0,Failed,Debit Card
PAY0007712,INV0007955,CUST01084,2025-02-05,29.0,Successful,Credit Card
PAY0007713,INV0007956,CUST01085,2025-04-14,29.0,Successful,Debit Card
PAY0007714,INV0007957,CUST01085,2025-05-08,29.0,Successful,Debit Card
PAY0007715,INV0007958,CUST01085,2025-06-13,29.0,Successful,Bank Transfer
PAY0007716,INV0007959,CUST01085,2025-07-09,29.0,Successful,Bank Transfer
PAY0007717,INV0007960,CUST01085,2025-08-11,29.0,Successful,Bank Transfer
PAY0007718,INV0007961,CUST01085,2025-09-04,29.0,Successful,Bank Transfer
PAY0007719,INV0007962,CUST01086,2025-03-21,79.0,Successful,Debit Card
PAY0007720,INV0007963,CUST01086,2025-05-01,79.0,Successful,ACH
PAY0007721,INV0007964,CUST01086,2025-05-25,79.0,Successful,Debit Card
PAY0007722,INV0007965,CUST01086,2025-06-21,79.0,Successful,Bank Transfer
PAY0007723,INV0007966,CUST01086,2025-07-29,79.0,Successful,Credit Card
PAY0007724,INV0007967,CUST01086,2025-08-22,79.0,Successful,Debit Card
PAY0007725,INV0007968,CUST01086,2025-10-03,79.0,Successful,Bank Transfer
PAY0007726,INV0007969,CUST01086,2025-10-19,79.0,Successful,ACH
PAY0007727,INV0007970,CUST01086,2025-11-29,79.0,Successful,Debit Card
PAY0007728,INV0007971,CUST01086,2025-12-26,79.0,Successful,Credit Card
PAY0007729,INV0007972,CUST01087,2024-03-27,295.8,Successful,ACH
PAY0007730,INV0007973,CUST01087,2025-04-09,805.8,Successful,Debit Card
PAY0007731,INV0007974,CUST01088,2024-10-01,805.8,Successful,Bank Transfer
PAY0007732,INV0007975,CUST01089,2024-05-22,295.8,Successful,Bank Transfer
PAY0007733,INV0007976,CUST01089,2025-06-02,295.8,Successful,ACH
PAY0007734,INV0007977,CUST01090,2025-07-29,79.0,Successful,Debit Card
PAY0007735,INV0007978,CUST01090,2025-09-01,79.0,Successful,Debit Card
PAY0007736,INV0007979,CUST01090,2025-10-12,79.0,Successful,Bank Transfer
PAY0007737,INV0007980,CUST01090,2025-11-09,79.0,Successful,Debit Card
PAY0007738,INV0007981,CUST01090,2025-12-01,79.0,Successful,Credit Card
PAY0007739,INV0007982,CUST01090,2026-01-07,79.0,Successful,Bank Transfer
PAY0007740,INV0007983,CUST01091,2024-03-15,805.8,Refunded,Credit Card
PAY0007741,INV0007984,CUST01092,2024-05-08,295.8,Successful,Credit Card
PAY0007742,INV0007986,CUST01093,2024-11-26,295.8,Successful,Bank Transfer
PAY0007743,INV0007987,CUST01094,2024-06-27,79.0,Successful,Credit Card
PAY0007744,INV0007988,CUST01094,2024-07-24,79.0,Successful,Credit Card
PAY0007745,INV0007989,CUST01094,2024-09-06,79.0,Successful,Debit Card
PAY0007746,INV0007990,CUST01094,2024-09-26,79.0,Successful,ACH
PAY0007747,INV0007991,CUST01094,2024-10-29,79.0,Successful,Credit Card
PAY0007748,INV0007992,CUST01094,2024-12-03,79.0,Successful,Bank Transfer
PAY0007749,INV0007993,CUST01094,2024-12-26,79.0,Successful,Debit Card
PAY0007750,INV0007995,CUST01094,2025-02-27,79.0,Successful,Bank Transfer
PAY0007751,INV0007996,CUST01094,2025-03-30,79.0,Successful,Debit Card
PAY0007752,INV0007997,CUST01094,2025-04-29,79.0,Successful,ACH
PAY0007753,INV0007998,CUST01094,2025-06-03,79.0,Successful,Debit Card
PAY0007754,INV0007999,CUST01095,2025-10-02,805.8,Successful,Debit Card
PAY0007755,INV0008000,CUST01096,2024-07-24,29.0,Successful,Credit Card
PAY0007756,INV0008001,CUST01096,2024-08-30,29.0,Successful,Credit Card
PAY0007757,INV0008002,CUST01096,2024-09-25,29.0,Successful,Debit Card
PAY0007758,INV0008003,CUST01096,2024-10-26,29.0,Successful,ACH
PAY0007759,INV0008004,CUST01096,2024-12-05,29.0,Successful,Debit Card
PAY0007760,INV0008005,CUST01096,2024-12-27,29.0,Successful,Credit Card
PAY0007761,INV0008006,CUST01096,2025-01-31,29.0,Successful,Credit Card
PAY0007762,INV0008007,CUST01096,2025-02-26,29.0,Successful,Credit Card
PAY0007763,INV0008008,CUST01096,2025-04-04,29.0,Successful,Debit Card
PAY0007764,INV0008009,CUST01096,2025-04-26,29.0,Successful,Debit Card
PAY0007765,INV0008010,CUST01096,2025-06-03,29.0,Successful,Bank Transfer
PAY0007766,INV0008011,CUST01096,2025-06-26,29.0,Successful,Debit Card
PAY0007767,INV0008012,CUST01096,2025-07-28,29.0,Successful,ACH
PAY0007768,INV0008013,CUST01096,2025-08-26,29.0,Successful,ACH
PAY0007769,INV0008014,CUST01096,2025-10-03,29.0,Successful,ACH
PAY0007770,INV0008015,CUST01096,2025-11-03,29.0,Successful,Debit Card
PAY0007771,INV0008016,CUST01096,2025-12-05,29.0,Successful,Bank Transfer
PAY0007772,INV0008017,CUST01096,2026-01-06,29.0,Successful,Credit Card
PAY0007773,INV0008019,CUST01098,2024-10-25,79.0,Successful,Bank Transfer
PAY0007774,INV0008020,CUST01098,2024-12-01,79.0,Successful,Credit Card
PAY0007775,INV0008021,CUST01098,2024-12-29,79.0,Successful,ACH
PAY0007776,INV0008022,CUST01098,2025-01-27,79.0,Successful,Credit Card
PAY0007777,INV0008023,CUST01098,2025-03-08,79.0,Successful,Debit Card
PAY0007778,INV0008024,CUST01098,2025-03-30,79.0,Successful,Credit Card
PAY0007779,INV0008025,CUST01098,2025-04-27,79.0,Successful,Debit Card
PAY0007780,INV0008026,CUST01098,2025-06-05,79.0,Successful,Bank Transfer
PAY0007781,INV0008027,CUST01098,2025-06-29,79.0,Successful,Bank Transfer
PAY0007782,INV0008028,CUST01098,2025-08-02,79.0,Successful,Bank Transfer
PAY0007783,INV0008029,CUST01098,2025-08-25,79.0,Successful,ACH
PAY0007784,INV0008030,CUST01098,2025-09-23,79.0,Successful,Credit Card
PAY0007785,INV0008031,CUST01098,2025-10-27,79.0,Successful,Bank Transfer
PAY0007786,INV0008032,CUST01098,2025-11-25,79.0,Successful,Debit Card
PAY0007787,INV0008033,CUST01098,2025-12-27,79.0,Successful,ACH
PAY0007788,INV0008034,CUST01099,2025-04-07,79.0,Successful,Debit Card
PAY0007789,INV0008035,CUST01099,2025-05-13,79.0,Successful,Credit Card
PAY0007790,INV0008037,CUST01099,2025-07-09,79.0,Successful,Bank Transfer
PAY0007791,INV0008038,CUST01099,2025-08-20,79.0,Successful,Bank Transfer
PAY0007792,INV0008039,CUST01099,2025-09-11,79.0,Successful,Bank Transfer
PAY0007793,INV0008040,CUST01099,2025-10-07,79.0,Successful,ACH
PAY0007794,INV0008041,CUST01099,2025-11-10,79.0,Successful,Debit Card
PAY0007795,INV0008042,CUST01099,2025-12-06,79.0,Successful,Credit Card
PAY0007796,INV0008043,CUST01100,2024-07-31,79.0,Failed,Debit Card
PAY0007797,INV0008044,CUST01100,2024-08-30,79.0,Successful,Debit Card
PAY0007798,INV0008045,CUST01100,2024-10-01,79.0,Successful,Debit Card
PAY0007799,INV0008046,CUST01100,2024-10-28,79.0,Successful,Debit Card
PAY0007800,INV0008048,CUST01100,2024-12-31,79.0,Successful,ACH
PAY0007801,INV0008049,CUST01100,2025-02-01,79.0,Successful,Debit Card
PAY0007802,INV0008050,CUST01100,2025-03-07,79.0,Successful,Credit Card
PAY0007803,INV0008051,CUST01100,2025-04-10,79.0,Failed,ACH
PAY0007804,INV0008052,CUST01100,2025-05-05,79.0,Successful,Credit Card
PAY0007805,INV0008053,CUST01100,2025-06-08,79.0,Successful,Bank Transfer
PAY0007806,INV0008054,CUST01100,2025-07-01,79.0,Successful,ACH
PAY0007807,INV0008056,CUST01101,2025-11-10,29.0,Successful,ACH
PAY0007808,INV0008057,CUST01101,2025-12-11,29.0,Failed,ACH
PAY0007809,INV0008058,CUST01101,2025-12-30,29.0,Successful,ACH
PAY0007810,INV0008059,CUST01102,2025-02-02,79.0,Successful,Debit Card
PAY0007811,INV0008060,CUST01102,2025-03-07,79.0,Successful,Credit Card
PAY0007812,INV0008061,CUST01102,2025-04-04,79.0,Successful,Bank Transfer
PAY0007813,INV0008062,CUST01102,2025-04-24,79.0,Successful,Debit Card
PAY0007814,INV0008063,CUST01102,2025-05-29,79.0,Successful,Debit Card
PAY0007815,INV0008064,CUST01102,2025-07-01,79.0,Successful,ACH
PAY0007816,INV0008065,CUST01103,2024-07-01,29.0,Successful,Debit Card
PAY0007817,INV0008066,CUST01103,2024-07-30,29.0,Successful,Debit Card
PAY0007818,INV0008067,CUST01103,2024-09-01,29.0,Failed,Credit Card
PAY0007819,INV0008068,CUST01103,2024-10-05,29.0,Successful,Credit Card
PAY0007820,INV0008069,CUST01103,2024-11-07,29.0,Successful,Bank Transfer
PAY0007821,INV0008070,CUST01103,2024-12-01,29.0,Successful,ACH
PAY0007822,INV0008071,CUST01103,2025-01-07,29.0,Successful,Credit Card
PAY0007823,INV0008072,CUST01103,2025-01-28,29.0,Successful,Credit Card
PAY0007824,INV0008073,CUST01103,2025-03-02,29.0,Successful,Bank Transfer
PAY0007825,INV0008074,CUST01103,2025-03-31,29.0,Failed,ACH
PAY0007826,INV0008075,CUST01103,2025-05-05,29.0,Successful,Credit Card
PAY0007827,INV0008076,CUST01103,2025-06-04,29.0,Successful,Bank Transfer
PAY0007828,INV0008077,CUST01104,2024-02-27,79.0,Successful,Bank Transfer
PAY0007829,INV0008078,CUST01104,2024-03-27,79.0,Successful,Debit Card
PAY0007830,INV0008079,CUST01104,2024-04-26,79.0,Successful,ACH
PAY0007831,INV0008080,CUST01104,2024-06-04,79.0,Successful,Bank Transfer
PAY0007832,INV0008081,CUST01104,2024-07-06,79.0,Successful,Debit Card
PAY0007833,INV0008082,CUST01104,2024-08-07,79.0,Successful,ACH
PAY0007834,INV0008083,CUST01104,2024-09-05,79.0,Successful,Debit Card
PAY0007835,INV0008084,CUST01104,2024-10-07,79.0,Successful,Credit Card
PAY0007836,INV0008085,CUST01104,2024-11-07,79.0,Successful,Bank Transfer
PAY0007837,INV0008086,CUST01104,2024-12-05,79.0,Successful,ACH
PAY0007838,INV0008087,CUST01104,2025-01-05,79.0,Successful,ACH
PAY0007839,INV0008088,CUST01104,2025-01-31,79.0,Successful,ACH
PAY0007840,INV0008089,CUST01104,2025-03-07,79.0,Successful,ACH
PAY0007841,INV0008090,CUST01104,2025-04-08,79.0,Successful,Credit Card
PAY0007842,INV0008091,CUST01104,2025-05-07,79.0,Successful,ACH
PAY0007843,INV0008092,CUST01104,2025-06-04,79.0,Successful,Debit Card
PAY0007844,INV0008093,CUST01104,2025-07-06,79.0,Successful,Debit Card
PAY0007845,INV0008094,CUST01104,2025-07-28,79.0,Successful,Bank Transfer
PAY0007846,INV0008095,CUST01105,2025-11-19,29.0,Failed,Debit Card
PAY0007847,INV0008096,CUST01105,2025-12-24,29.0,Successful,ACH
PAY0007848,INV0008097,CUST01106,2024-01-29,295.8,Successful,Credit Card
PAY0007849,INV0008098,CUST01107,2025-06-14,79.0,Successful,Bank Transfer
PAY0007850,INV0008100,CUST01107,2025-08-18,79.0,Successful,Debit Card
PAY0007851,INV0008101,CUST01107,2025-09-19,79.0,Successful,ACH
PAY0007852,INV0008102,CUST01107,2025-10-17,79.0,Successful,ACH
PAY0007853,INV0008103,CUST01107,2025-11-07,79.0,Refunded,ACH
PAY0007854,INV0008104,CUST01107,2025-12-12,79.0,Successful,Bank Transfer
PAY0007855,INV0008105,CUST01108,2025-09-17,199.0,Successful,Debit Card
PAY0007856,INV0008106,CUST01108,2025-10-13,199.0,Successful,Debit Card
PAY0007857,INV0008107,CUST01108,2025-11-18,199.0,Successful,ACH
PAY0007858,INV0008108,CUST01108,2025-12-06,199.0,Successful,ACH
PAY0007859,INV0008109,CUST01109,2025-08-11,29.0,Successful,Credit Card
PAY0007860,INV0008110,CUST01109,2025-08-29,29.0,Successful,ACH
PAY0007861,INV0008111,CUST01109,2025-10-08,29.0,Successful,Credit Card
PAY0007862,INV0008112,CUST01109,2025-10-30,29.0,Successful,Debit Card
PAY0007863,INV0008113,CUST01109,2025-12-11,29.0,Successful,Bank Transfer
PAY0007864,INV0008114,CUST01109,2026-01-07,29.0,Successful,Credit Card
PAY0007865,INV0008115,CUST01110,2024-12-22,295.8,Successful,ACH
PAY0007866,INV0008116,CUST01110,2025-12-18,295.8,Successful,Debit Card
PAY0007867,INV0008117,CUST01111,2025-12-12,79.0,Successful,Debit Card
PAY0007868,INV0008118,CUST01112,2024-03-19,805.8,Successful,Bank Transfer
PAY0007869,INV0008119,CUST01112,2025-03-19,805.8,Successful,Credit Card
PAY0007870,INV0008120,CUST01113,2025-08-03,199.0,Successful,Bank Transfer
PAY0007871,INV0008121,CUST01113,2025-09-05,199.0,Successful,Debit Card
PAY0007872,INV0008122,CUST01113,2025-10-03,199.0,Successful,ACH
PAY0007873,INV0008123,CUST01113,2025-11-06,199.0,Refunded,Debit Card
PAY0007874,INV0008124,CUST01113,2025-12-03,199.0,Successful,ACH
PAY0007875,INV0008125,CUST01113,2025-12-25,199.0,Successful,Bank Transfer
PAY0007876,INV0008126,CUST01114,2025-11-05,29.0,Successful,ACH
PAY0007877,INV0008127,CUST01114,2025-12-13,29.0,Successful,Debit Card
PAY0007878,INV0008128,CUST01115,2025-03-18,295.8,Successful,Credit Card
PAY0007879,INV0008129,CUST01116,2025-09-19,295.8,Successful,ACH
PAY0007880,INV0008130,CUST01117,2025-08-27,29.0,Successful,ACH
PAY0007881,INV0008131,CUST01117,2025-09-23,29.0,Successful,ACH
PAY0007882,INV0008132,CUST01117,2025-10-22,29.0,Successful,Credit Card
PAY0007883,INV0008133,CUST01117,2025-11-27,29.0,Successful,Debit Card
PAY0007884,INV0008134,CUST01117,2025-12-20,29.0,Successful,ACH
PAY0007885,INV0008135,CUST01118,2024-11-16,29.0,Successful,Bank Transfer
PAY0007886,INV0008136,CUST01118,2024-12-22,29.0,Successful,Bank Transfer
PAY0007887,INV0008137,CUST01118,2025-01-27,29.0,Successful,ACH
PAY0007888,INV0008138,CUST01118,2025-02-22,29.0,Successful,Debit Card
PAY0007889,INV0008139,CUST01118,2025-03-21,29.0,Successful,Credit Card
PAY0007890,INV0008140,CUST01118,2025-04-22,29.0,Successful,Bank Transfer
PAY0007891,INV0008141,CUST01118,2025-05-26,29.0,Successful,Debit Card
PAY0007892,INV0008142,CUST01118,2025-06-20,29.0,Successful,Credit Card
PAY0007893,INV0008143,CUST01118,2025-07-21,29.0,Successful,Debit Card
PAY0007894,INV0008144,CUST01118,2025-08-23,29.0,Failed,Debit Card
PAY0007895,INV0008145,CUST01118,2025-09-27,29.0,Successful,Credit Card
PAY0007896,INV0008146,CUST01118,2025-10-26,29.0,Successful,Bank Transfer
PAY0007897,INV0008147,CUST01118,2025-11-27,29.0,Successful,Debit Card
PAY0007898,INV0008148,CUST01118,2025-12-13,29.0,Successful,Credit Card
PAY0007899,INV0008149,CUST01119,2024-06-06,79.0,Successful,Debit Card
PAY0007900,INV0008150,CUST01119,2024-07-02,79.0,Successful,ACH
PAY0007901,INV0008151,CUST01119,2024-08-01,79.0,Successful,Bank Transfer
PAY0007902,INV0008152,CUST01119,2024-09-07,79.0,Successful,ACH
PAY0007903,INV0008153,CUST01119,2024-09-29,79.0,Successful,Debit Card
PAY0007904,INV0008155,CUST01119,2024-12-01,79.0,Successful,Bank Transfer
PAY0007905,INV0008156,CUST01119,2024-12-31,79.0,Successful,ACH
PAY0007906,INV0008157,CUST01119,2025-02-09,79.0,Successful,Credit Card
PAY0007907,INV0008158,CUST01119,2025-03-08,79.0,Successful,Credit Card
PAY0007908,INV0008159,CUST01119,2025-03-31,79.0,Successful,Bank Transfer
PAY0007909,INV0008160,CUST01119,2025-05-03,79.0,Successful,ACH
PAY0007910,INV0008161,CUST01119,2025-06-07,79.0,Successful,ACH
PAY0007911,INV0008162,CUST01119,2025-07-04,79.0,Successful,Credit Card
PAY0007912,INV0008163,CUST01119,2025-07-31,79.0,Failed,Bank Transfer
PAY0007913,INV0008164,CUST01119,2025-09-02,79.0,Successful,Bank Transfer
PAY0007914,INV0008165,CUST01119,2025-10-03,79.0,Successful,ACH
PAY0007915,INV0008166,CUST01119,2025-11-10,79.0,Successful,Bank Transfer
PAY0007916,INV0008167,CUST01120,2024-03-13,2029.8,Successful,Debit Card
PAY0007917,INV0008168,CUST01120,2025-03-20,2029.8,Successful,Debit Card
PAY0007918,INV0008169,CUST01121,2024-06-10,29.0,Successful,Credit Card
PAY0007919,INV0008170,CUST01121,2024-07-05,29.0,Failed,Bank Transfer
PAY0007920,INV0008171,CUST01121,2024-08-01,29.0,Successful,Debit Card
PAY0007921,INV0008172,CUST01121,2024-09-07,29.0,Successful,Credit Card
PAY0007922,INV0008173,CUST01121,2024-10-04,29.0,Successful,ACH
PAY0007923,INV0008174,CUST01121,2024-10-30,29.0,Successful,ACH
PAY0007924,INV0008175,CUST01121,2024-12-12,29.0,Successful,ACH
PAY0007925,INV0008176,CUST01121,2025-01-13,29.0,Successful,Debit Card
PAY0007926,INV0008177,CUST01121,2025-02-05,29.0,Failed,Bank Transfer
PAY0007927,INV0008178,CUST01121,2025-03-09,29.0,Successful,ACH
PAY0007928,INV0008179,CUST01121,2025-04-01,29.0,Successful,Debit Card
PAY0007929,INV0008180,CUST01121,2025-05-12,29.0,Successful,Credit Card
PAY0007930,INV0008181,CUST01122,2025-03-11,29.0,Successful,Credit Card
PAY0007931,INV0008182,CUST01122,2025-04-06,29.0,Successful,Debit Card
PAY0007932,INV0008183,CUST01122,2025-05-02,29.0,Successful,Debit Card
PAY0007933,INV0008184,CUST01122,2025-06-01,29.0,Successful,Credit Card
PAY0007934,INV0008185,CUST01122,2025-07-06,29.0,Successful,Credit Card
PAY0007935,INV0008186,CUST01122,2025-07-31,29.0,Successful,Credit Card
PAY0007936,INV0008187,CUST01122,2025-09-02,29.0,Successful,Credit Card
PAY0007937,INV0008188,CUST01122,2025-10-10,29.0,Successful,Credit Card
PAY0007938,INV0008189,CUST01122,2025-11-05,29.0,Successful,Credit Card
PAY0007939,INV0008190,CUST01122,2025-12-10,29.0,Successful,Debit Card
PAY0007940,INV0008191,CUST01122,2026-01-04,29.0,Failed,Bank Transfer
PAY0007941,INV0008192,CUST01123,2024-06-19,79.0,Successful,Credit Card
PAY0007942,INV0008193,CUST01123,2024-07-16,79.0,Successful,Debit Card
PAY0007943,INV0008194,CUST01123,2024-08-17,79.0,Successful,Debit Card
PAY0007944,INV0008195,CUST01123,2024-09-15,79.0,Successful,Credit Card
PAY0007945,INV0008196,CUST01123,2024-10-07,79.0,Successful,Bank Transfer
PAY0007946,INV0008197,CUST01123,2024-11-14,199.0,Successful,Credit Card
PAY0007947,INV0008198,CUST01123,2024-12-08,199.0,Failed,Credit Card
PAY0007948,INV0008199,CUST01123,2025-01-19,199.0,Successful,Credit Card
PAY0007949,INV0008200,CUST01123,2025-02-07,199.0,Successful,Debit Card
PAY0007950,INV0008201,CUST01123,2025-03-12,199.0,Successful,Debit Card
PAY0007951,INV0008202,CUST01123,2025-04-05,199.0,Successful,ACH
PAY0007952,INV0008203,CUST01123,2025-05-13,199.0,Successful,Bank Transfer
PAY0007953,INV0008204,CUST01123,2025-06-19,199.0,Successful,Debit Card
PAY0007954,INV0008206,CUST01123,2025-08-07,199.0,Successful,Credit Card
PAY0007955,INV0008207,CUST01123,2025-09-07,199.0,Successful,Credit Card
PAY0007956,INV0008208,CUST01123,2025-10-09,199.0,Successful,Bank Transfer
PAY0007957,INV0008209,CUST01123,2025-11-14,199.0,Successful,ACH
PAY0007958,INV0008210,CUST01124,2025-09-19,295.8,Successful,Bank Transfer
PAY0007959,INV0008211,CUST01125,2025-09-16,199.0,Failed,Bank Transfer
PAY0007960,INV0008212,CUST01125,2025-10-07,199.0,Successful,ACH
PAY0007961,INV0008213,CUST01125,2025-11-08,199.0,Successful,Bank Transfer
PAY0007962,INV0008214,CUST01125,2025-12-11,199.0,Successful,ACH
PAY0007963,INV0008215,CUST01126,2025-12-14,29.0,Successful,ACH
PAY0007964,INV0008216,CUST01127,2026-01-14,29.0,Failed,ACH
PAY0007965,INV0008217,CUST01128,2025-05-08,79.0,Successful,Credit Card
PAY0007966,INV0008218,CUST01128,2025-06-01,79.0,Successful,Bank Transfer
PAY0007967,INV0008219,CUST01128,2025-07-03,79.0,Successful,Debit Card
PAY0007968,INV0008220,CUST01128,2025-07-31,79.0,Successful,Debit Card
PAY0007969,INV0008221,CUST01128,2025-09-02,79.0,Successful,Credit Card
PAY0007970,INV0008222,CUST01128,2025-10-13,79.0,Successful,Credit Card
PAY0007971,INV0008223,CUST01128,2025-10-31,79.0,Successful,Bank Transfer
PAY0007972,INV0008225,CUST01128,2026-01-06,79.0,Failed,Bank Transfer
PAY0007973,INV0008226,CUST01129,2024-01-23,295.8,Successful,Credit Card
PAY0007974,INV0008227,CUST01130,2024-07-30,79.0,Successful,Bank Transfer
PAY0007975,INV0008228,CUST01130,2024-09-05,79.0,Successful,ACH
PAY0007976,INV0008229,CUST01130,2024-10-01,79.0,Successful,Debit Card
PAY0007977,INV0008230,CUST01130,2024-11-12,79.0,Successful,ACH
PAY0007978,INV0008231,CUST01130,2024-12-09,79.0,Successful,ACH
PAY0007979,INV0008232,CUST01130,2025-01-02,79.0,Successful,Bank Transfer
PAY0007980,INV0008233,CUST01130,2025-01-30,79.0,Successful,Credit Card
PAY0007981,INV0008234,CUST01130,2025-03-09,79.0,Successful,Credit Card
PAY0007982,INV0008235,CUST01130,2025-03-29,79.0,Successful,Credit Card
PAY0007983,INV0008236,CUST01130,2025-05-10,79.0,Successful,Bank Transfer
PAY0007984,INV0008237,CUST01130,2025-06-12,79.0,Successful,Debit Card
PAY0007985,INV0008238,CUST01130,2025-07-13,79.0,Successful,Credit Card
PAY0007986,INV0008239,CUST01131,2025-12-06,199.0,Successful,ACH
PAY0007987,INV0008240,CUST01132,2025-03-05,2029.8,Successful,Bank Transfer
PAY0007988,INV0008241,CUST01133,2024-11-26,805.8,Successful,Bank Transfer
PAY0007989,INV0008242,CUST01134,2025-06-25,29.0,Successful,ACH
PAY0007990,INV0008243,CUST01134,2025-07-28,29.0,Successful,Credit Card
PAY0007991,INV0008244,CUST01134,2025-09-01,29.0,Successful,Credit Card
PAY0007992,INV0008245,CUST01135,2024-09-23,199.0,Successful,Credit Card
PAY0007993,INV0008246,CUST01135,2024-10-20,199.0,Successful,Debit Card
PAY0007994,INV0008247,CUST01135,2024-11-23,199.0,Refunded,ACH
PAY0007995,INV0008248,CUST01135,2024-12-18,199.0,Successful,Debit Card
PAY0007996,INV0008249,CUST01135,2025-01-18,199.0,Successful,Credit Card
PAY0007997,INV0008250,CUST01135,2025-02-23,199.0,Successful,Bank Transfer
PAY0007998,INV0008251,CUST01135,2025-03-18,199.0,Successful,Bank Transfer
PAY0007999,INV0008252,CUST01135,2025-04-16,199.0,Successful,ACH
PAY0008000,INV0008253,CUST01135,2025-05-22,199.0,Successful,ACH
PAY0008001,INV0008254,CUST01135,2025-06-20,199.0,Successful,ACH
PAY0008002,INV0008255,CUST01135,2025-07-21,199.0,Successful,Debit Card
PAY0008003,INV0008256,CUST01135,2025-08-19,199.0,Successful,ACH
PAY0008004,INV0008257,CUST01135,2025-09-11,199.0,Successful,Credit Card
PAY0008005,INV0008258,CUST01135,2025-10-10,199.0,Successful,Debit Card
PAY0008006,INV0008259,CUST01135,2025-11-09,199.0,Successful,ACH
PAY0008007,INV0008260,CUST01135,2025-12-23,199.0,Successful,Debit Card
PAY0008008,INV0008261,CUST01136,2025-08-07,199.0,Successful,Debit Card
PAY0008009,INV0008262,CUST01136,2025-09-07,199.0,Successful,Bank Transfer
PAY0008010,INV0008263,CUST01136,2025-10-08,199.0,Successful,Bank Transfer
PAY0008011,INV0008264,CUST01136,2025-10-27,199.0,Successful,Bank Transfer
PAY0008012,INV0008265,CUST01136,2025-11-26,199.0,Successful,ACH
PAY0008013,INV0008266,CUST01136,2026-01-07,199.0,Successful,Bank Transfer
PAY0008014,INV0008267,CUST01137,2024-07-24,805.8,Refunded,ACH
PAY0008015,INV0008268,CUST01138,2025-04-27,199.0,Successful,Credit Card
PAY0008016,INV0008269,CUST01138,2025-05-27,199.0,Successful,Credit Card
PAY0008017,INV0008270,CUST01138,2025-07-01,199.0,Successful,Bank Transfer
PAY0008018,INV0008271,CUST01138,2025-07-29,199.0,Refunded,ACH
PAY0008019,INV0008272,CUST01138,2025-08-22,199.0,Successful,Bank Transfer
PAY0008020,INV0008273,CUST01138,2025-09-22,199.0,Successful,Debit Card
PAY0008021,INV0008274,CUST01138,2025-10-25,199.0,Successful,Credit Card
PAY0008022,INV0008275,CUST01138,2025-11-19,199.0,Successful,Credit Card
PAY0008023,INV0008276,CUST01138,2025-12-26,199.0,Successful,Credit Card
PAY0008024,INV0008277,CUST01139,2025-12-12,79.0,Successful,Bank Transfer
PAY0008025,INV0008278,CUST01140,2024-04-12,29.0,Successful,ACH
PAY0008026,INV0008279,CUST01140,2024-05-16,29.0,Successful,Debit Card
PAY0008027,INV0008280,CUST01140,2024-06-12,29.0,Successful,Debit Card
PAY0008028,INV0008281,CUST01140,2024-07-17,29.0,Successful,Debit Card
PAY0008029,INV0008282,CUST01140,2024-08-14,29.0,Successful,Credit Card
PAY0008030,INV0008283,CUST01140,2024-09-03,29.0,Successful,Debit Card
PAY0008031,INV0008284,CUST01140,2024-10-09,29.0,Successful,ACH
PAY0008032,INV0008285,CUST01140,2024-11-10,29.0,Successful,Debit Card
PAY0008033,INV0008286,CUST01140,2024-12-17,29.0,Successful,ACH
PAY0008034,INV0008287,CUST01140,2025-01-05,29.0,Successful,Bank Transfer
PAY0008035,INV0008288,CUST01140,2025-02-11,29.0,Successful,Debit Card
PAY0008036,INV0008289,CUST01140,2025-03-16,29.0,Successful,ACH
PAY0008037,INV0008290,CUST01140,2025-04-13,29.0,Successful,ACH
PAY0008038,INV0008291,CUST01140,2025-05-09,29.0,Failed,Debit Card
PAY0008039,INV0008292,CUST01140,2025-06-17,29.0,Successful,Credit Card
PAY0008040,INV0008293,CUST01140,2025-07-11,29.0,Successful,Bank Transfer
PAY0008041,INV0008294,CUST01140,2025-08-17,29.0,Successful,ACH
PAY0008042,INV0008295,CUST01140,2025-09-10,29.0,Successful,ACH
PAY0008043,INV0008296,CUST01140,2025-10-15,29.0,Successful,Debit Card
PAY0008044,INV0008297,CUST01140,2025-11-17,29.0,Successful,Bank Transfer
PAY0008045,INV0008298,CUST01140,2025-12-16,29.0,Successful,Bank Transfer
PAY0008046,INV0008299,CUST01141,2025-02-15,79.0,Successful,Bank Transfer
PAY0008047,INV0008300,CUST01141,2025-03-11,79.0,Successful,ACH
PAY0008048,INV0008301,CUST01141,2025-04-19,79.0,Successful,Credit Card
PAY0008049,INV0008302,CUST01141,2025-05-07,79.0,Successful,Debit Card
PAY0008050,INV0008303,CUST01141,2025-06-16,79.0,Successful,Debit Card
PAY0008051,INV0008304,CUST01141,2025-07-21,79.0,Successful,ACH
PAY0008052,INV0008305,CUST01142,2025-09-03,29.0,Successful,Bank Transfer
PAY0008053,INV0008306,CUST01142,2025-09-29,29.0,Successful,Debit Card
PAY0008054,INV0008307,CUST01142,2025-11-11,29.0,Successful,Credit Card
PAY0008055,INV0008308,CUST01142,2025-12-11,29.0,Successful,ACH
PAY0008056,INV0008309,CUST01142,2026-01-04,29.0,Successful,Bank Transfer
PAY0008057,INV0008310,CUST01143,2024-09-24,2029.8,Successful,Credit Card
PAY0008058,INV0008311,CUST01143,2025-09-15,2029.8,Successful,Bank Transfer
PAY0008059,INV0008312,CUST01144,2024-05-13,199.0,Successful,Debit Card
PAY0008060,INV0008313,CUST01144,2024-06-10,199.0,Successful,Credit Card
PAY0008061,INV0008314,CUST01144,2024-07-19,199.0,Successful,Bank Transfer
PAY0008062,INV0008315,CUST01144,2024-08-11,199.0,Successful,ACH
PAY0008063,INV0008316,CUST01144,2024-09-08,199.0,Successful,Debit Card
PAY0008064,INV0008317,CUST01144,2024-10-14,199.0,Successful,ACH
PAY0008065,INV0008318,CUST01145,2024-03-29,29.0,Successful,Bank Transfer
PAY0008066,INV0008319,CUST01145,2024-05-01,29.0,Successful,Bank Transfer
PAY0008067,INV0008321,CUST01146,2025-02-02,199.0,Successful,ACH
PAY0008068,INV0008322,CUST01146,2025-03-08,199.0,Successful,Debit Card
PAY0008069,INV0008323,CUST01146,2025-04-04,199.0,Successful,Debit Card
PAY0008070,INV0008324,CUST01146,2025-04-26,199.0,Successful,Credit Card
PAY0008071,INV0008325,CUST01146,2025-06-05,199.0,Successful,Bank Transfer
PAY0008072,INV0008326,CUST01146,2025-07-05,199.0,Refunded,Bank Transfer
PAY0008073,INV0008327,CUST01146,2025-07-28,199.0,Successful,ACH
PAY0008074,INV0008328,CUST01146,2025-09-05,199.0,Successful,Bank Transfer
PAY0008075,INV0008329,CUST01146,2025-09-28,199.0,Successful,ACH
PAY0008076,INV0008331,CUST01146,2025-11-25,199.0,Successful,Debit Card
PAY0008077,INV0008332,CUST01146,2025-12-24,199.0,Successful,Bank Transfer
PAY0008078,INV0008333,CUST01147,2025-08-03,79.0,Successful,ACH
PAY0008079,INV0008334,CUST01147,2025-09-12,79.0,Successful,ACH
PAY0008080,INV0008335,CUST01147,2025-10-11,79.0,Successful,ACH
PAY0008081,INV0008336,CUST01147,2025-11-03,79.0,Successful,Credit Card
PAY0008082,INV0008337,CUST01147,2025-12-13,79.0,Successful,Debit Card
PAY0008083,INV0008338,CUST01148,2024-07-11,29.0,Successful,Bank Transfer
PAY0008084,INV0008339,CUST01148,2024-08-14,29.0,Successful,Debit Card
PAY0008085,INV0008340,CUST01148,2024-09-05,29.0,Successful,Debit Card
PAY0008086,INV0008341,CUST01148,2024-10-09,29.0,Successful,ACH
PAY0008087,INV0008342,CUST01148,2024-11-10,29.0,Successful,Bank Transfer
PAY0008088,INV0008343,CUST01148,2024-12-05,29.0,Successful,ACH
PAY0008089,INV0008344,CUST01148,2025-01-05,29.0,Successful,Bank Transfer
PAY0008090,INV0008345,CUST01148,2025-02-14,29.0,Successful,Credit Card
PAY0008091,INV0008346,CUST01148,2025-03-17,29.0,Successful,Debit Card
PAY0008092,INV0008347,CUST01148,2025-04-10,29.0,Successful,Credit Card
PAY0008093,INV0008348,CUST01148,2025-05-13,29.0,Successful,Debit Card
PAY0008094,INV0008349,CUST01148,2025-06-13,29.0,Successful,ACH
PAY0008095,INV0008350,CUST01149,2025-04-07,199.0,Successful,Debit Card
PAY0008096,INV0008351,CUST01149,2025-05-12,199.0,Successful,Bank Transfer
PAY0008097,INV0008352,CUST01149,2025-06-13,199.0,Successful,Credit Card
PAY0008098,INV0008353,CUST01149,2025-07-05,199.0,Successful,ACH
PAY0008099,INV0008354,CUST01149,2025-08-09,199.0,Successful,Debit Card
PAY0008100,INV0008355,CUST01149,2025-09-05,199.0,Successful,Debit Card
PAY0008101,INV0008356,CUST01149,2025-10-07,199.0,Successful,Bank Transfer
PAY0008102,INV0008357,CUST01149,2025-11-02,199.0,Successful,Debit Card
PAY0008103,INV0008358,CUST01149,2025-12-02,199.0,Successful,Debit Card
PAY0008104,INV0008359,CUST01150,2024-08-01,29.0,Successful,Bank Transfer
PAY0008105,INV0008360,CUST01150,2024-09-07,29.0,Successful,Debit Card
PAY0008106,INV0008361,CUST01150,2024-10-09,29.0,Successful,Bank Transfer
PAY0008107,INV0008362,CUST01150,2024-10-31,29.0,Successful,Bank Transfer
PAY0008108,INV0008363,CUST01150,2024-12-05,29.0,Successful,Credit Card
PAY0008109,INV0008364,CUST01150,2025-01-05,29.0,Successful,ACH
PAY0008110,INV0008365,CUST01150,2025-02-06,29.0,Successful,Bank Transfer
PAY0008111,INV0008366,CUST01150,2025-03-12,29.0,Successful,Credit Card
PAY0008112,INV0008367,CUST01150,2025-03-31,29.0,Successful,ACH
PAY0008113,INV0008368,CUST01150,2025-05-03,29.0,Successful,Debit Card
PAY0008114,INV0008369,CUST01150,2025-06-07,29.0,Successful,Credit Card
PAY0008115,INV0008370,CUST01150,2025-06-29,29.0,Successful,ACH
PAY0008116,INV0008371,CUST01151,2025-06-01,79.0,Successful,Bank Transfer
PAY0008117,INV0008372,CUST01151,2025-07-09,79.0,Successful,Bank Transfer
PAY0008118,INV0008373,CUST01151,2025-07-28,79.0,Successful,ACH
PAY0008119,INV0008374,CUST01151,2025-09-03,79.0,Successful,ACH
PAY0008120,INV0008375,CUST01151,2025-10-01,79.0,Successful,Bank Transfer
PAY0008121,INV0008376,CUST01151,2025-11-04,79.0,Successful,ACH
PAY0008122,INV0008377,CUST01151,2025-11-26,79.0,Successful,Credit Card
PAY0008123,INV0008378,CUST01151,2025-12-28,79.0,Successful,Credit Card
PAY0008124,INV0008379,CUST01152,2024-09-04,199.0,Successful,Bank Transfer
PAY0008125,INV0008380,CUST01152,2024-10-13,199.0,Successful,Debit Card
PAY0008126,INV0008381,CUST01152,2024-11-06,199.0,Successful,Credit Card
PAY0008127,INV0008382,CUST01152,2024-12-15,199.0,Successful,Credit Card
PAY0008128,INV0008383,CUST01152,2025-01-14,199.0,Successful,Credit Card
PAY0008129,INV0008384,CUST01152,2025-02-03,199.0,Successful,ACH
PAY0008130,INV0008385,CUST01152,2025-03-04,199.0,Successful,Bank Transfer
PAY0008131,INV0008386,CUST01152,2025-04-12,199.0,Successful,Bank Transfer
PAY0008132,INV0008387,CUST01152,2025-05-07,199.0,Successful,Credit Card
PAY0008133,INV0008388,CUST01152,2025-06-12,199.0,Successful,Bank Transfer
PAY0008134,INV0008389,CUST01152,2025-07-04,199.0,Successful,ACH
PAY0008135,INV0008390,CUST01152,2025-08-05,199.0,Successful,ACH
PAY0008136,INV0008391,CUST01153,2025-04-03,29.0,Successful,Credit Card
PAY0008137,INV0008392,CUST01153,2025-05-04,29.0,Successful,Debit Card
PAY0008138,INV0008393,CUST01153,2025-06-04,29.0,Successful,Credit Card
PAY0008139,INV0008394,CUST01153,2025-07-03,29.0,Successful,ACH
PAY0008140,INV0008395,CUST01153,2025-08-06,29.0,Successful,ACH
PAY0008141,INV0008396,CUST01153,2025-09-09,29.0,Successful,ACH
PAY0008142,INV0008397,CUST01153,2025-10-13,29.0,Successful,Bank Transfer
PAY0008143,INV0008398,CUST01153,2025-11-10,29.0,Successful,Debit Card
PAY0008144,INV0008399,CUST01153,2025-11-30,29.0,Successful,ACH
PAY0008145,INV0008400,CUST01153,2025-12-30,29.0,Successful,Debit Card
PAY0008146,INV0008401,CUST01154,2025-10-10,79.0,Successful,Bank Transfer
PAY0008147,INV0008402,CUST01154,2025-10-31,79.0,Successful,Credit Card
PAY0008148,INV0008403,CUST01154,2025-11-27,79.0,Successful,Debit Card
PAY0008149,INV0008404,CUST01154,2026-01-02,79.0,Successful,ACH
PAY0008150,INV0008405,CUST01155,2024-07-09,29.0,Successful,Debit Card
PAY0008151,INV0008406,CUST01155,2024-08-09,29.0,Successful,ACH
PAY0008152,INV0008407,CUST01155,2024-09-12,29.0,Successful,Credit Card
PAY0008153,INV0008408,CUST01155,2024-10-20,29.0,Successful,ACH
PAY0008154,INV0008409,CUST01155,2024-11-23,29.0,Successful,Debit Card
PAY0008155,INV0008410,CUST01155,2024-12-15,29.0,Successful,Credit Card
PAY0008156,INV0008411,CUST01156,2024-02-05,29.0,Successful,Credit Card
PAY0008157,INV0008412,CUST01156,2024-03-18,29.0,Failed,Debit Card
PAY0008158,INV0008413,CUST01156,2024-04-13,29.0,Successful,Credit Card
PAY0008159,INV0008414,CUST01156,2024-05-08,29.0,Successful,Bank Transfer
PAY0008160,INV0008415,CUST01156,2024-06-08,29.0,Successful,Debit Card
PAY0008161,INV0008416,CUST01156,2024-07-09,29.0,Successful,Credit Card
PAY0008162,INV0008418,CUST01157,2024-05-02,79.0,Successful,Credit Card
PAY0008163,INV0008419,CUST01157,2024-06-04,79.0,Successful,Debit Card
PAY0008164,INV0008420,CUST01157,2024-07-09,79.0,Successful,Bank Transfer
PAY0008165,INV0008422,CUST01157,2024-09-12,79.0,Successful,Bank Transfer
PAY0008166,INV0008423,CUST01157,2024-10-15,79.0,Successful,Bank Transfer
PAY0008167,INV0008425,CUST01157,2024-12-05,79.0,Successful,Credit Card
PAY0008168,INV0008426,CUST01157,2025-01-02,79.0,Failed,Debit Card
PAY0008169,INV0008427,CUST01157,2025-02-14,79.0,Successful,Debit Card
PAY0008170,INV0008428,CUST01157,2025-03-04,79.0,Failed,ACH
PAY0008171,INV0008429,CUST01158,2025-11-24,29.0,Successful,Debit Card
PAY0008172,INV0008430,CUST01158,2025-12-29,29.0,Successful,Credit Card
PAY0008173,INV0008431,CUST01159,2025-04-22,29.0,Successful,ACH
PAY0008174,INV0008432,CUST01159,2025-05-13,29.0,Successful,Credit Card
PAY0008175,INV0008433,CUST01159,2025-06-25,29.0,Successful,Debit Card
PAY0008176,INV0008435,CUST01159,2025-08-17,29.0,Successful,Debit Card
PAY0008177,INV0008436,CUST01159,2025-09-14,29.0,Successful,Bank Transfer
PAY0008178,INV0008437,CUST01159,2025-10-22,29.0,Successful,Credit Card
PAY0008179,INV0008438,CUST01159,2025-11-26,29.0,Successful,Credit Card
PAY0008180,INV0008439,CUST01159,2025-12-13,29.0,Failed,Debit Card
PAY0008181,INV0008440,CUST01160,2024-11-17,79.0,Successful,Credit Card
PAY0008182,INV0008441,CUST01160,2024-12-15,79.0,Successful,ACH
PAY0008183,INV0008442,CUST01160,2025-01-17,79.0,Successful,Credit Card
PAY0008184,INV0008443,CUST01161,2025-07-29,29.0,Successful,Debit Card
PAY0008185,INV0008444,CUST01161,2025-09-01,29.0,Successful,Debit Card
PAY0008186,INV0008445,CUST01161,2025-09-30,29.0,Successful,ACH
PAY0008187,INV0008446,CUST01161,2025-10-25,29.0,Successful,Bank Transfer
PAY0008188,INV0008447,CUST01161,2025-11-23,29.0,Successful,Bank Transfer
PAY0008189,INV0008448,CUST01161,2025-12-30,29.0,Successful,ACH
PAY0008190,INV0008449,CUST01162,2024-12-14,29.0,Successful,Debit Card
PAY0008191,INV0008451,CUST01162,2025-02-15,29.0,Successful,Bank Transfer
PAY0008192,INV0008452,CUST01162,2025-03-18,29.0,Successful,Bank Transfer
PAY0008193,INV0008453,CUST01162,2025-04-12,29.0,Successful,Credit Card
PAY0008194,INV0008454,CUST01162,2025-05-17,29.0,Successful,Credit Card
PAY0008195,INV0008455,CUST01162,2025-06-18,29.0,Successful,Bank Transfer
PAY0008196,INV0008456,CUST01162,2025-07-04,29.0,Successful,Bank Transfer
PAY0008197,INV0008457,CUST01162,2025-08-07,29.0,Successful,Bank Transfer
PAY0008198,INV0008458,CUST01162,2025-09-04,29.0,Failed,ACH
PAY0008199,INV0008459,CUST01162,2025-10-13,29.0,Successful,Bank Transfer
PAY0008200,INV0008460,CUST01162,2025-11-13,29.0,Successful,Debit Card
PAY0008201,INV0008461,CUST01162,2025-12-07,29.0,Successful,Bank Transfer
PAY0008202,INV0008462,CUST01163,2025-10-03,29.0,Successful,ACH
PAY0008203,INV0008463,CUST01163,2025-10-19,29.0,Successful,Bank Transfer
PAY0008204,INV0008464,CUST01163,2025-11-20,29.0,Successful,Credit Card
PAY0008205,INV0008465,CUST01163,2025-12-22,29.0,Successful,Debit Card
PAY0008206,INV0008466,CUST01164,2025-05-24,199.0,Failed,Bank Transfer
PAY0008207,INV0008467,CUST01164,2025-06-19,199.0,Successful,ACH
PAY0008208,INV0008468,CUST01164,2025-07-22,199.0,Successful,Debit Card
PAY0008209,INV0008469,CUST01164,2025-08-21,199.0,Successful,Bank Transfer
PAY0008210,INV0008470,CUST01164,2025-09-22,199.0,Failed,Bank Transfer
PAY0008211,INV0008471,CUST01164,2025-10-19,199.0,Successful,ACH
PAY0008212,INV0008472,CUST01164,2025-11-24,199.0,Successful,ACH
PAY0008213,INV0008473,CUST01164,2025-12-16,199.0,Successful,ACH
PAY0008214,INV0008474,CUST01165,2025-03-27,2029.8,Successful,Credit Card
PAY0008215,INV0008475,CUST01166,2024-05-19,295.8,Successful,Debit Card
PAY0008216,INV0008476,CUST01166,2025-05-21,295.8,Successful,Debit Card
PAY0008217,INV0008477,CUST01167,2025-05-28,29.0,Successful,Debit Card
PAY0008218,INV0008478,CUST01167,2025-06-27,29.0,Successful,Debit Card
PAY0008219,INV0008479,CUST01167,2025-07-23,29.0,Successful,Credit Card
PAY0008220,INV0008480,CUST01167,2025-08-23,29.0,Successful,Bank Transfer
PAY0008221,INV0008481,CUST01167,2025-09-24,29.0,Successful,ACH
PAY0008222,INV0008482,CUST01167,2025-10-31,29.0,Successful,ACH
PAY0008223,INV0008483,CUST01167,2025-11-23,29.0,Successful,Credit Card
PAY0008224,INV0008484,CUST01167,2025-12-26,29.0,Successful,Bank Transfer
PAY0008225,INV0008485,CUST01168,2024-08-01,79.0,Successful,Bank Transfer
PAY0008226,INV0008486,CUST01168,2024-08-18,79.0,Successful,ACH
PAY0008227,INV0008487,CUST01168,2024-09-18,79.0,Successful,Credit Card
PAY0008228,INV0008488,CUST01168,2024-10-22,79.0,Successful,Credit Card
PAY0008229,INV0008489,CUST01168,2024-11-20,79.0,Successful,ACH
PAY0008230,INV0008490,CUST01168,2024-12-29,79.0,Successful,Credit Card
PAY0008231,INV0008492,CUST01168,2025-02-19,79.0,Successful,Bank Transfer
PAY0008232,INV0008493,CUST01168,2025-03-31,79.0,Successful,Bank Transfer
PAY0008233,INV0008495,CUST01168,2025-05-20,79.0,Successful,Credit Card
PAY0008234,INV0008496,CUST01168,2025-06-23,79.0,Successful,ACH
PAY0008235,INV0008497,CUST01169,2024-08-06,29.0,Successful,Debit Card
PAY0008236,INV0008498,CUST01169,2024-09-09,29.0,Successful,Bank Transfer
PAY0008237,INV0008499,CUST01169,2024-10-05,29.0,Successful,Debit Card
PAY0008238,INV0008500,CUST01169,2024-11-01,29.0,Successful,Credit Card
PAY0008239,INV0008501,CUST01169,2024-12-15,29.0,Successful,ACH
PAY0008240,INV0008502,CUST01169,2025-01-05,79.0,Successful,ACH
PAY0008241,INV0008503,CUST01170,2024-12-30,79.0,Successful,Bank Transfer
PAY0008242,INV0008504,CUST01170,2025-02-08,79.0,Successful,Credit Card
PAY0008243,INV0008505,CUST01170,2025-02-26,79.0,Successful,Bank Transfer
PAY0008244,INV0008506,CUST01170,2025-03-27,79.0,Successful,Debit Card
PAY0008245,INV0008507,CUST01170,2025-05-03,79.0,Successful,Bank Transfer
PAY0008246,INV0008508,CUST01170,2025-06-04,79.0,Successful,Credit Card
PAY0008247,INV0008509,CUST01170,2025-07-06,79.0,Successful,Bank Transfer
PAY0008248,INV0008510,CUST01170,2025-08-06,79.0,Successful,Debit Card
PAY0008249,INV0008511,CUST01170,2025-09-04,199.0,Successful,Credit Card
PAY0008250,INV0008512,CUST01170,2025-09-30,199.0,Successful,Bank Transfer
PAY0008251,INV0008513,CUST01170,2025-11-08,199.0,Successful,Debit Card
PAY0008252,INV0008514,CUST01170,2025-12-07,199.0,Successful,Credit Card
PAY0008253,INV0008515,CUST01171,2025-12-22,29.0,Successful,Credit Card
PAY0008254,INV0008516,CUST01172,2025-06-04,295.8,Successful,ACH
PAY0008255,INV0008517,CUST01173,2024-12-28,29.0,Successful,Credit Card
PAY0008256,INV0008518,CUST01173,2025-01-29,29.0,Successful,ACH
PAY0008257,INV0008519,CUST01173,2025-02-19,29.0,Successful,Bank Transfer
PAY0008258,INV0008520,CUST01173,2025-03-16,29.0,Failed,Bank Transfer
PAY0008259,INV0008521,CUST01173,2025-04-23,29.0,Successful,ACH
PAY0008260,INV0008522,CUST01173,2025-05-25,79.0,Successful,Credit Card
PAY0008261,INV0008523,CUST01174,2024-07-01,805.8,Successful,ACH
PAY0008262,INV0008524,CUST01174,2025-07-08,805.8,Successful,Bank Transfer
PAY0008263,INV0008525,CUST01175,2025-05-05,29.0,Successful,Credit Card
PAY0008264,INV0008526,CUST01175,2025-06-12,29.0,Successful,ACH
PAY0008265,INV0008527,CUST01175,2025-07-03,29.0,Successful,Debit Card
PAY0008266,INV0008528,CUST01176,2025-10-05,295.8,Successful,Credit Card
PAY0008267,INV0008529,CUST01177,2025-04-26,29.0,Successful,ACH
PAY0008268,INV0008530,CUST01177,2025-05-29,29.0,Successful,ACH
PAY0008269,INV0008531,CUST01177,2025-06-22,29.0,Successful,Credit Card
PAY0008270,INV0008532,CUST01177,2025-07-30,29.0,Successful,Debit Card
PAY0008271,INV0008533,CUST01177,2025-08-25,29.0,Successful,Bank Transfer
PAY0008272,INV0008534,CUST01177,2025-09-29,29.0,Successful,Credit Card
PAY0008273,INV0008535,CUST01177,2025-11-02,29.0,Successful,Bank Transfer
PAY0008274,INV0008536,CUST01177,2025-11-20,29.0,Successful,ACH
PAY0008275,INV0008537,CUST01177,2025-12-24,29.0,Successful,Credit Card
PAY0008276,INV0008538,CUST01178,2025-06-21,199.0,Refunded,ACH
PAY0008277,INV0008539,CUST01178,2025-07-30,199.0,Successful,ACH
PAY0008278,INV0008540,CUST01178,2025-08-19,199.0,Successful,ACH
PAY0008279,INV0008541,CUST01178,2025-09-29,199.0,Successful,Debit Card
PAY0008280,INV0008542,CUST01178,2025-10-23,199.0,Successful,Debit Card
PAY0008281,INV0008543,CUST01178,2025-11-25,199.0,Successful,Bank Transfer
PAY0008282,INV0008544,CUST01179,2024-08-15,79.0,Successful,Bank Transfer
PAY0008283,INV0008545,CUST01179,2024-09-10,79.0,Successful,Debit Card
PAY0008284,INV0008546,CUST01179,2024-10-16,79.0,Successful,ACH
PAY0008285,INV0008547,CUST01179,2024-11-12,79.0,Successful,Bank Transfer
PAY0008286,INV0008548,CUST01179,2024-12-03,79.0,Successful,Debit Card
PAY0008287,INV0008549,CUST01179,2025-01-13,79.0,Successful,Bank Transfer
PAY0008288,INV0008550,CUST01179,2025-02-12,79.0,Successful,ACH
PAY0008289,INV0008552,CUST01179,2025-04-02,79.0,Successful,Credit Card
PAY0008290,INV0008553,CUST01179,2025-05-08,79.0,Successful,ACH
PAY0008291,INV0008554,CUST01179,2025-06-06,79.0,Successful,Credit Card
PAY0008292,INV0008555,CUST01179,2025-07-11,79.0,Successful,Debit Card
PAY0008293,INV0008557,CUST01179,2025-09-07,79.0,Successful,Debit Card
PAY0008294,INV0008558,CUST01179,2025-10-06,79.0,Successful,Bank Transfer
PAY0008295,INV0008559,CUST01179,2025-11-13,79.0,Successful,ACH
PAY0008296,INV0008560,CUST01179,2025-12-04,79.0,Successful,Bank Transfer
PAY0008297,INV0008561,CUST01180,2024-03-17,805.8,Successful,Bank Transfer
PAY0008298,INV0008562,CUST01181,2025-01-20,805.8,Successful,Credit Card
PAY0008299,INV0008563,CUST01182,2024-07-16,79.0,Successful,ACH
PAY0008300,INV0008564,CUST01182,2024-08-13,79.0,Successful,Credit Card
PAY0008301,INV0008565,CUST01182,2024-09-13,79.0,Successful,Bank Transfer
PAY0008302,INV0008566,CUST01182,2024-10-20,79.0,Successful,Bank Transfer
PAY0008303,INV0008567,CUST01182,2024-11-17,79.0,Successful,Debit Card
PAY0008304,INV0008568,CUST01182,2024-12-16,79.0,Successful,Debit Card
PAY0008305,INV0008569,CUST01182,2025-01-14,79.0,Successful,ACH
PAY0008306,INV0008570,CUST01182,2025-02-17,79.0,Successful,Debit Card
PAY0008307,INV0008571,CUST01182,2025-03-23,79.0,Successful,Credit Card
PAY0008308,INV0008572,CUST01182,2025-04-22,79.0,Successful,Credit Card
PAY0008309,INV0008573,CUST01182,2025-05-23,79.0,Successful,Credit Card
PAY0008310,INV0008574,CUST01182,2025-06-19,79.0,Successful,Bank Transfer
PAY0008311,INV0008575,CUST01182,2025-07-22,79.0,Successful,Debit Card
PAY0008312,INV0008576,CUST01182,2025-08-18,79.0,Successful,Credit Card
PAY0008313,INV0008577,CUST01182,2025-09-25,79.0,Successful,Debit Card
PAY0008314,INV0008578,CUST01182,2025-10-15,79.0,Successful,Bank Transfer
PAY0008315,INV0008579,CUST01182,2025-11-15,79.0,Successful,Bank Transfer
PAY0008316,INV0008580,CUST01182,2025-12-13,79.0,Successful,ACH
PAY0008317,INV0008581,CUST01183,2026-01-07,79.0,Successful,ACH
PAY0008318,INV0008582,CUST01184,2024-04-03,29.0,Successful,Bank Transfer
PAY0008319,INV0008583,CUST01184,2024-05-02,29.0,Successful,Bank Transfer
PAY0008320,INV0008584,CUST01184,2024-06-03,29.0,Successful,Debit Card
PAY0008321,INV0008585,CUST01184,2024-07-07,29.0,Successful,ACH
PAY0008322,INV0008586,CUST01184,2024-08-08,29.0,Successful,Credit Card
PAY0008323,INV0008587,CUST01184,2024-09-04,29.0,Successful,Debit Card
PAY0008324,INV0008589,CUST01184,2024-11-01,29.0,Successful,Debit Card
PAY0008325,INV0008590,CUST01184,2024-12-14,29.0,Successful,Bank Transfer
PAY0008326,INV0008591,CUST01184,2025-01-13,29.0,Successful,Debit Card
PAY0008327,INV0008592,CUST01184,2025-02-04,29.0,Successful,Debit Card
PAY0008328,INV0008593,CUST01184,2025-03-10,29.0,Successful,Credit Card
PAY0008329,INV0008594,CUST01185,2024-08-17,29.0,Successful,ACH
PAY0008330,INV0008595,CUST01185,2024-09-10,29.0,Successful,Debit Card
PAY0008331,INV0008596,CUST01185,2024-10-16,29.0,Successful,Debit Card
PAY0008332,INV0008597,CUST01185,2024-11-14,29.0,Successful,Bank Transfer
PAY0008333,INV0008598,CUST01185,2024-12-12,29.0,Successful,Debit Card
PAY0008334,INV0008599,CUST01185,2025-01-20,29.0,Successful,Credit Card
PAY0008335,INV0008601,CUST01185,2025-03-23,29.0,Successful,Debit Card
PAY0008336,INV0008602,CUST01185,2025-04-24,29.0,Successful,Debit Card
PAY0008337,INV0008603,CUST01185,2025-05-17,29.0,Successful,Debit Card
PAY0008338,INV0008604,CUST01185,2025-06-12,29.0,Successful,ACH
PAY0008339,INV0008605,CUST01185,2025-07-12,29.0,Successful,Debit Card
PAY0008340,INV0008606,CUST01186,2024-08-09,79.0,Successful,Debit Card
PAY0008341,INV0008607,CUST01186,2024-08-28,79.0,Successful,Debit Card
PAY0008342,INV0008608,CUST01186,2024-09-29,79.0,Successful,Bank Transfer
PAY0008343,INV0008609,CUST01186,2024-11-06,79.0,Successful,Credit Card
PAY0008344,INV0008610,CUST01186,2024-12-10,79.0,Successful,ACH
PAY0008345,INV0008611,CUST01186,2024-12-29,79.0,Successful,Credit Card
PAY0008346,INV0008612,CUST01186,2025-02-02,79.0,Failed,Debit Card
PAY0008347,INV0008613,CUST01186,2025-03-12,79.0,Successful,Credit Card
PAY0008348,INV0008614,CUST01186,2025-04-03,79.0,Successful,Debit Card
PAY0008349,INV0008615,CUST01186,2025-05-01,79.0,Successful,Credit Card
PAY0008350,INV0008616,CUST01186,2025-06-05,79.0,Successful,Credit Card
PAY0008351,INV0008617,CUST01186,2025-06-29,79.0,Successful,ACH
PAY0008352,INV0008618,CUST01186,2025-08-05,79.0,Successful,Bank Transfer
PAY0008353,INV0008619,CUST01186,2025-09-04,79.0,Successful,Credit Card
PAY0008354,INV0008620,CUST01186,2025-10-06,79.0,Successful,ACH
PAY0008355,INV0008621,CUST01186,2025-11-06,79.0,Successful,ACH
PAY0008356,INV0008622,CUST01186,2025-12-07,79.0,Successful,ACH
PAY0008357,INV0008623,CUST01186,2026-01-06,79.0,Successful,Debit Card
PAY0008358,INV0008624,CUST01187,2025-06-07,79.0,Successful,ACH
PAY0008359,INV0008625,CUST01187,2025-07-12,79.0,Successful,Debit Card
PAY0008360,INV0008626,CUST01187,2025-08-04,79.0,Successful,Bank Transfer
PAY0008361,INV0008627,CUST01187,2025-09-02,79.0,Successful,ACH
PAY0008362,INV0008628,CUST01187,2025-09-30,79.0,Successful,Debit Card
PAY0008363,INV0008629,CUST01187,2025-11-06,79.0,Failed,Bank Transfer
PAY0008364,INV0008630,CUST01187,2025-12-07,79.0,Successful,Debit Card
PAY0008365,INV0008631,CUST01187,2025-12-29,79.0,Successful,Credit Card
PAY0008366,INV0008632,CUST01188,2024-12-03,79.0,Successful,ACH
PAY0008367,INV0008633,CUST01188,2025-01-15,79.0,Successful,ACH
PAY0008368,INV0008634,CUST01188,2025-02-14,79.0,Successful,Credit Card
PAY0008369,INV0008635,CUST01188,2025-03-02,79.0,Successful,Bank Transfer
PAY0008370,INV0008636,CUST01188,2025-04-13,79.0,Successful,Bank Transfer
PAY0008371,INV0008637,CUST01188,2025-05-14,79.0,Failed,Bank Transfer
PAY0008372,INV0008638,CUST01188,2025-06-06,79.0,Successful,Bank Transfer
PAY0008373,INV0008639,CUST01188,2025-07-06,79.0,Successful,Bank Transfer
PAY0008374,INV0008640,CUST01188,2025-08-10,79.0,Successful,Credit Card
PAY0008375,INV0008641,CUST01188,2025-09-02,79.0,Successful,ACH
PAY0008376,INV0008642,CUST01188,2025-10-04,79.0,Successful,Bank Transfer
PAY0008377,INV0008643,CUST01188,2025-11-03,79.0,Successful,Bank Transfer
PAY0008378,INV0008644,CUST01189,2024-08-09,805.8,Successful,Debit Card
PAY0008379,INV0008645,CUST01189,2025-08-05,805.8,Successful,ACH
PAY0008380,INV0008646,CUST01190,2024-01-20,79.0,Successful,Credit Card
PAY0008381,INV0008647,CUST01190,2024-02-15,79.0,Successful,ACH
PAY0008382,INV0008648,CUST01190,2024-03-12,79.0,Successful,ACH
PAY0008383,INV0008649,CUST01190,2024-04-13,79.0,Successful,Bank Transfer
PAY0008384,INV0008650,CUST01190,2024-05-06,79.0,Successful,Credit Card
PAY0008385,INV0008651,CUST01190,2024-06-20,79.0,Successful,Bank Transfer
PAY0008386,INV0008652,CUST01190,2024-07-12,79.0,Successful,Debit Card
PAY0008387,INV0008653,CUST01190,2024-08-08,79.0,Successful,Bank Transfer
PAY0008388,INV0008654,CUST01190,2024-09-13,79.0,Successful,Debit Card
PAY0008389,INV0008655,CUST01190,2024-10-17,79.0,Successful,Bank Transfer
PAY0008390,INV0008656,CUST01190,2024-11-09,29.0,Successful,Credit Card
PAY0008391,INV0008657,CUST01190,2024-12-12,29.0,Failed,Credit Card
PAY0008392,INV0008658,CUST01190,2025-01-06,29.0,Successful,ACH
PAY0008393,INV0008659,CUST01190,2025-02-12,29.0,Successful,Credit Card
PAY0008394,INV0008660,CUST01190,2025-03-09,29.0,Successful,Debit Card
PAY0008395,INV0008661,CUST01190,2025-04-10,29.0,Successful,Bank Transfer
PAY0008396,INV0008662,CUST01190,2025-05-14,29.0,Successful,Debit Card
PAY0008397,INV0008663,CUST01190,2025-06-14,29.0,Successful,ACH
PAY0008398,INV0008664,CUST01191,2024-12-12,29.0,Successful,Bank Transfer
PAY0008399,INV0008665,CUST01191,2025-01-20,29.0,Successful,Credit Card
PAY0008400,INV0008666,CUST01191,2025-02-15,29.0,Successful,Bank Transfer
PAY0008401,INV0008667,CUST01191,2025-03-20,79.0,Successful,ACH
PAY0008402,INV0008668,CUST01191,2025-04-16,79.0,Successful,ACH
PAY0008403,INV0008669,CUST01191,2025-05-15,79.0,Successful,ACH
PAY0008404,INV0008670,CUST01191,2025-06-17,79.0,Successful,ACH
PAY0008405,INV0008671,CUST01191,2025-07-20,79.0,Successful,Debit Card
PAY0008406,INV0008672,CUST01191,2025-08-20,79.0,Successful,Credit Card
PAY0008407,INV0008673,CUST01191,2025-09-20,79.0,Successful,ACH
PAY0008408,INV0008674,CUST01191,2025-10-17,79.0,Failed,ACH
PAY0008409,INV0008675,CUST01191,2025-11-13,79.0,Successful,Credit Card
PAY0008410,INV0008676,CUST01192,2024-02-01,79.0,Successful,ACH
PAY0008411,INV0008677,CUST01192,2024-03-03,79.0,Successful,Debit Card
PAY0008412,INV0008678,CUST01192,2024-03-29,79.0,Successful,ACH
PAY0008413,INV0008679,CUST01192,2024-05-04,79.0,Successful,ACH
PAY0008414,INV0008680,CUST01192,2024-06-02,79.0,Refunded,Debit Card
PAY0008415,INV0008681,CUST01192,2024-06-25,79.0,Successful,Credit Card
PAY0008416,INV0008682,CUST01193,2024-12-04,29.0,Successful,Bank Transfer
PAY0008417,INV0008683,CUST01193,2025-01-06,29.0,Successful,Debit Card
PAY0008418,INV0008684,CUST01193,2025-01-28,29.0,Successful,Debit Card
PAY0008419,INV0008685,CUST01193,2025-03-05,29.0,Successful,ACH
PAY0008420,INV0008686,CUST01193,2025-03-26,29.0,Successful,Credit Card
PAY0008421,INV0008687,CUST01193,2025-05-01,29.0,Failed,Debit Card
PAY0008422,INV0008688,CUST01194,2025-03-29,29.0,Failed,Credit Card
PAY0008423,INV0008689,CUST01194,2025-05-11,29.0,Successful,ACH
PAY0008424,INV0008690,CUST01194,2025-05-28,29.0,Successful,Credit Card
PAY0008425,INV0008691,CUST01194,2025-07-04,29.0,Successful,ACH
PAY0008426,INV0008692,CUST01194,2025-08-08,29.0,Successful,Credit Card
PAY0008427,INV0008693,CUST01194,2025-09-11,29.0,Successful,Credit Card
PAY0008428,INV0008694,CUST01195,2024-04-29,29.0,Successful,Credit Card
PAY0008429,INV0008695,CUST01195,2024-05-31,29.0,Successful,Bank Transfer
PAY0008430,INV0008696,CUST01195,2024-07-03,29.0,Successful,Bank Transfer
PAY0008431,INV0008697,CUST01195,2024-08-08,29.0,Successful,Credit Card
PAY0008432,INV0008698,CUST01195,2024-09-11,29.0,Successful,Credit Card
PAY0008433,INV0008699,CUST01195,2024-10-02,29.0,Successful,Debit Card
PAY0008434,INV0008700,CUST01195,2024-11-02,29.0,Successful,Bank Transfer
PAY0008435,INV0008701,CUST01195,2024-12-08,29.0,Successful,Credit Card
PAY0008436,INV0008702,CUST01195,2025-01-05,29.0,Successful,Credit Card
PAY0008437,INV0008703,CUST01195,2025-01-28,29.0,Successful,ACH
PAY0008438,INV0008704,CUST01195,2025-03-07,29.0,Successful,Credit Card
PAY0008439,INV0008705,CUST01195,2025-04-11,29.0,Successful,Credit Card
PAY0008440,INV0008706,CUST01195,2025-05-02,29.0,Successful,Bank Transfer
PAY0008441,INV0008707,CUST01195,2025-06-05,29.0,Successful,ACH
PAY0008442,INV0008708,CUST01195,2025-07-04,29.0,Successful,Credit Card
PAY0008443,INV0008709,CUST01195,2025-08-06,29.0,Successful,Credit Card
PAY0008444,INV0008710,CUST01195,2025-09-03,29.0,Successful,ACH
PAY0008445,INV0008711,CUST01195,2025-10-12,29.0,Successful,Credit Card
PAY0008446,INV0008712,CUST01195,2025-11-07,29.0,Successful,Debit Card
PAY0008447,INV0008713,CUST01195,2025-12-07,29.0,Successful,Bank Transfer
PAY0008448,INV0008715,CUST01196,2024-08-10,79.0,Successful,Bank Transfer
PAY0008449,INV0008716,CUST01196,2024-09-14,79.0,Failed,ACH
PAY0008450,INV0008717,CUST01196,2024-10-03,79.0,Successful,Debit Card
PAY0008451,INV0008718,CUST01196,2024-11-12,79.0,Successful,ACH
PAY0008452,INV0008719,CUST01196,2024-12-15,79.0,Successful,Credit Card
PAY0008453,INV0008720,CUST01196,2025-01-01,79.0,Successful,Debit Card
PAY0008454,INV0008721,CUST01196,2025-02-02,79.0,Successful,Debit Card
PAY0008455,INV0008722,CUST01196,2025-03-06,79.0,Successful,Debit Card
PAY0008456,INV0008723,CUST01196,2025-04-12,79.0,Successful,ACH
PAY0008457,INV0008724,CUST01196,2025-05-13,79.0,Successful,Debit Card
PAY0008458,INV0008725,CUST01196,2025-06-08,79.0,Successful,Bank Transfer
PAY0008459,INV0008726,CUST01196,2025-07-07,79.0,Successful,Bank Transfer
PAY0008460,INV0008727,CUST01196,2025-08-05,79.0,Successful,Credit Card
PAY0008461,INV0008728,CUST01196,2025-08-30,79.0,Successful,Debit Card
PAY0008462,INV0008729,CUST01196,2025-10-11,79.0,Successful,Debit Card
PAY0008463,INV0008730,CUST01196,2025-11-08,79.0,Successful,Credit Card
PAY0008464,INV0008731,CUST01196,2025-12-08,79.0,Successful,ACH
PAY0008465,INV0008732,CUST01196,2026-01-04,79.0,Successful,Credit Card
PAY0008466,INV0008733,CUST01197,2025-12-24,805.8,Successful,Credit Card
PAY0008467,INV0008734,CUST01198,2024-11-16,29.0,Successful,Credit Card
PAY0008468,INV0008735,CUST01198,2024-12-17,29.0,Successful,Debit Card
PAY0008469,INV0008736,CUST01198,2025-01-24,29.0,Successful,Debit Card
PAY0008470,INV0008737,CUST01198,2025-02-17,29.0,Successful,Bank Transfer
PAY0008471,INV0008738,CUST01198,2025-03-29,79.0,Successful,Bank Transfer
PAY0008472,INV0008739,CUST01198,2025-04-18,79.0,Successful,ACH
PAY0008473,INV0008740,CUST01199,2024-05-19,79.0,Successful,Credit Card
PAY0008474,INV0008741,CUST01199,2024-06-28,79.0,Successful,Bank Transfer
PAY0008475,INV0008742,CUST01199,2024-07-23,79.0,Successful,Credit Card
PAY0008476,INV0008743,CUST01200,2024-03-02,29.0,Failed,Debit Card
PAY0008477,INV0008745,CUST01200,2024-04-26,29.0,Successful,Bank Transfer
PAY0008478,INV0008746,CUST01200,2024-06-09,29.0,Successful,ACH
PAY0008479,INV0008747,CUST01200,2024-07-07,29.0,Successful,Credit Card
PAY0008480,INV0008748,CUST01200,2024-08-06,29.0,Successful,Bank Transfer
PAY0008481,INV0008749,CUST01201,2025-10-08,29.0,Successful,Credit Card
PAY0008482,INV0008750,CUST01201,2025-10-31,29.0,Successful,ACH
PAY0008483,INV0008751,CUST01201,2025-12-08,29.0,Successful,Debit Card
PAY0008484,INV0008752,CUST01201,2026-01-02,29.0,Successful,ACH
PAY0008485,INV0008753,CUST01202,2025-04-27,2029.8,Failed,Bank Transfer
PAY0008486,INV0008754,CUST01203,2024-04-24,79.0,Successful,ACH
PAY0008487,INV0008755,CUST01203,2024-05-24,79.0,Successful,Bank Transfer
PAY0008488,INV0008756,CUST01203,2024-06-21,79.0,Successful,ACH
PAY0008489,INV0008757,CUST01203,2024-07-16,79.0,Successful,Debit Card
PAY0008490,INV0008758,CUST01203,2024-08-20,79.0,Successful,ACH
PAY0008491,INV0008759,CUST01203,2024-09-10,79.0,Successful,Debit Card
PAY0008492,INV0008760,CUST01203,2024-10-14,79.0,Successful,Debit Card
PAY0008493,INV0008761,CUST01203,2024-11-20,79.0,Failed,ACH
PAY0008494,INV0008762,CUST01203,2024-12-23,79.0,Successful,Bank Transfer
PAY0008495,INV0008763,CUST01203,2025-01-12,79.0,Successful,Debit Card
PAY0008496,INV0008764,CUST01203,2025-02-20,79.0,Successful,Bank Transfer
PAY0008497,INV0008765,CUST01203,2025-03-16,79.0,Successful,ACH
PAY0008498,INV0008766,CUST01204,2025-04-28,29.0,Successful,ACH
PAY0008499,INV0008767,CUST01204,2025-06-04,29.0,Successful,Bank Transfer
PAY0008500,INV0008768,CUST01204,2025-07-01,29.0,Successful,Bank Transfer
PAY0008501,INV0008769,CUST01204,2025-08-01,29.0,Successful,Credit Card
PAY0008502,INV0008770,CUST01204,2025-09-08,29.0,Successful,Bank Transfer
PAY0008503,INV0008771,CUST01204,2025-10-09,29.0,Successful,Bank Transfer
PAY0008504,INV0008773,CUST01204,2025-12-03,29.0,Successful,Bank Transfer
PAY0008505,INV0008774,CUST01204,2026-01-08,29.0,Successful,Debit Card
PAY0008506,INV0008775,CUST01205,2025-01-14,805.8,Successful,Bank Transfer
PAY0008507,INV0008776,CUST01206,2024-11-29,199.0,Successful,ACH
PAY0008508,INV0008777,CUST01206,2025-01-11,199.0,Successful,Bank Transfer
PAY0008509,INV0008778,CUST01206,2025-02-02,199.0,Refunded,Credit Card
PAY0008510,INV0008779,CUST01206,2025-03-14,199.0,Successful,Debit Card
PAY0008511,INV0008780,CUST01206,2025-04-09,199.0,Successful,ACH
PAY0008512,INV0008781,CUST01206,2025-05-01,199.0,Successful,ACH
PAY0008513,INV0008782,CUST01206,2025-06-11,199.0,Successful,Credit Card
PAY0008514,INV0008783,CUST01206,2025-07-13,199.0,Successful,ACH
PAY0008515,INV0008784,CUST01206,2025-08-12,199.0,Successful,Debit Card
PAY0008516,INV0008785,CUST01206,2025-09-11,199.0,Successful,Debit Card
PAY0008517,INV0008786,CUST01206,2025-10-13,199.0,Successful,Debit Card
PAY0008518,INV0008787,CUST01206,2025-11-10,199.0,Successful,Credit Card
PAY0008519,INV0008788,CUST01206,2025-12-04,199.0,Successful,Credit Card
PAY0008520,INV0008789,CUST01206,2026-01-11,199.0,Successful,ACH
PAY0008521,INV0008790,CUST01207,2024-12-29,295.8,Successful,Credit Card
PAY0008522,INV0008791,CUST01207,2026-01-09,295.8,Successful,Debit Card
PAY0008523,INV0008792,CUST01208,2025-09-20,79.0,Successful,ACH
PAY0008524,INV0008793,CUST01208,2025-10-14,79.0,Successful,ACH
PAY0008525,INV0008794,CUST01208,2025-11-21,79.0,Successful,ACH
PAY0008526,INV0008795,CUST01208,2025-12-23,79.0,Successful,Bank Transfer
PAY0008527,INV0008796,CUST01209,2024-12-04,29.0,Successful,Debit Card
PAY0008528,INV0008797,CUST01209,2025-01-09,29.0,Successful,Bank Transfer
PAY0008529,INV0008798,CUST01209,2025-02-07,29.0,Successful,ACH
PAY0008530,INV0008799,CUST01209,2025-03-15,29.0,Successful,Credit Card
PAY0008531,INV0008800,CUST01209,2025-04-06,29.0,Successful,Credit Card
PAY0008532,INV0008801,CUST01209,2025-05-08,29.0,Successful,Credit Card
PAY0008533,INV0008802,CUST01209,2025-06-08,29.0,Failed,Credit Card
PAY0008534,INV0008803,CUST01209,2025-07-08,29.0,Successful,ACH
PAY0008535,INV0008804,CUST01209,2025-08-04,29.0,Successful,Bank Transfer
PAY0008536,INV0008805,CUST01209,2025-09-07,29.0,Successful,Bank Transfer
PAY0008537,INV0008806,CUST01209,2025-10-09,29.0,Successful,Bank Transfer
PAY0008538,INV0008807,CUST01209,2025-11-02,29.0,Successful,ACH
PAY0008539,INV0008808,CUST01209,2025-12-05,29.0,Successful,ACH
PAY0008540,INV0008809,CUST01209,2026-01-06,29.0,Successful,Bank Transfer
PAY0008541,INV0008810,CUST01210,2025-02-17,805.8,Successful,ACH
PAY0008542,INV0008811,CUST01211,2025-05-11,79.0,Successful,Debit Card
PAY0008543,INV0008812,CUST01211,2025-06-10,79.0,Successful,Debit Card
PAY0008544,INV0008813,CUST01211,2025-07-14,79.0,Refunded,Debit Card
PAY0008545,INV0008814,CUST01211,2025-08-14,79.0,Successful,Debit Card
PAY0008546,INV0008815,CUST01211,2025-09-16,79.0,Successful,ACH
PAY0008547,INV0008816,CUST01211,2025-10-16,79.0,Successful,Bank Transfer
PAY0008548,INV0008817,CUST01211,2025-11-17,79.0,Successful,Bank Transfer
PAY0008549,INV0008818,CUST01211,2025-12-20,79.0,Successful,Bank Transfer
PAY0008550,INV0008820,CUST01212,2025-04-22,79.0,Successful,ACH
PAY0008551,INV0008821,CUST01212,2025-06-01,79.0,Successful,Debit Card
PAY0008552,INV0008822,CUST01212,2025-06-28,79.0,Successful,Debit Card
PAY0008553,INV0008823,CUST01212,2025-08-03,79.0,Successful,Debit Card
PAY0008554,INV0008824,CUST01212,2025-08-23,79.0,Successful,Credit Card
PAY0008555,INV0008825,CUST01212,2025-09-26,79.0,Successful,Credit Card
PAY0008556,INV0008826,CUST01212,2025-10-26,79.0,Successful,Credit Card
PAY0008557,INV0008827,CUST01212,2025-12-06,79.0,Successful,ACH
PAY0008558,INV0008828,CUST01212,2025-12-27,79.0,Successful,Bank Transfer
PAY0008559,INV0008829,CUST01213,2024-07-02,805.8,Successful,ACH
PAY0008560,INV0008830,CUST01214,2024-05-01,79.0,Successful,Bank Transfer
PAY0008561,INV0008831,CUST01214,2024-05-29,79.0,Successful,ACH
PAY0008562,INV0008832,CUST01214,2024-07-11,79.0,Successful,ACH
PAY0008563,INV0008833,CUST01214,2024-08-11,79.0,Successful,Bank Transfer
PAY0008564,INV0008834,CUST01214,2024-09-04,79.0,Failed,Credit Card
PAY0008565,INV0008835,CUST01214,2024-10-09,79.0,Successful,ACH
PAY0008566,INV0008836,CUST01215,2025-04-05,295.8,Successful,Bank Transfer
PAY0008567,INV0008837,CUST01216,2025-12-14,29.0,Successful,ACH
PAY0008568,INV0008838,CUST01217,2025-06-02,29.0,Successful,Credit Card
PAY0008569,INV0008839,CUST01217,2025-06-30,29.0,Successful,Bank Transfer
PAY0008570,INV0008840,CUST01217,2025-07-22,29.0,Successful,Debit Card
PAY0008571,INV0008841,CUST01217,2025-08-31,29.0,Successful,Bank Transfer
PAY0008572,INV0008842,CUST01217,2025-09-25,29.0,Successful,Debit Card
PAY0008573,INV0008843,CUST01217,2025-10-29,29.0,Successful,Credit Card
PAY0008574,INV0008844,CUST01217,2025-11-25,29.0,Successful,Debit Card
PAY0008575,INV0008845,CUST01217,2025-12-25,29.0,Successful,ACH
PAY0008576,INV0008846,CUST01218,2025-08-18,29.0,Successful,Bank Transfer
PAY0008577,INV0008847,CUST01218,2025-10-02,29.0,Successful,Credit Card
PAY0008578,INV0008848,CUST01218,2025-10-29,29.0,Successful,Debit Card
PAY0008579,INV0008849,CUST01218,2025-11-26,29.0,Successful,Bank Transfer
PAY0008580,INV0008850,CUST01218,2025-12-31,29.0,Successful,Credit Card
PAY0008581,INV0008851,CUST01219,2025-11-11,79.0,Successful,Bank Transfer
PAY0008582,INV0008852,CUST01219,2025-12-20,79.0,Successful,Credit Card
PAY0008583,INV0008853,CUST01220,2024-08-03,29.0,Successful,Bank Transfer
PAY0008584,INV0008854,CUST01220,2024-08-22,29.0,Successful,Debit Card
PAY0008585,INV0008855,CUST01220,2024-09-22,29.0,Successful,Debit Card
PAY0008586,INV0008856,CUST01220,2024-11-02,29.0,Successful,Bank Transfer
PAY0008587,INV0008857,CUST01220,2024-11-28,29.0,Successful,ACH
PAY0008588,INV0008858,CUST01220,2024-12-22,29.0,Successful,Debit Card
PAY0008589,INV0008859,CUST01220,2025-01-23,29.0,Successful,ACH
PAY0008590,INV0008860,CUST01220,2025-02-25,29.0,Successful,Bank Transfer
PAY0008591,INV0008861,CUST01220,2025-03-30,29.0,Successful,Bank Transfer
PAY0008592,INV0008862,CUST01220,2025-04-26,29.0,Failed,ACH
PAY0008593,INV0008863,CUST01220,2025-05-23,29.0,Successful,Debit Card
PAY0008594,INV0008864,CUST01220,2025-07-04,29.0,Successful,ACH
PAY0008595,INV0008865,CUST01220,2025-07-31,29.0,Successful,Credit Card
PAY0008596,INV0008866,CUST01220,2025-08-28,29.0,Successful,Bank Transfer
PAY0008597,INV0008867,CUST01220,2025-09-22,29.0,Successful,Debit Card
PAY0008598,INV0008868,CUST01220,2025-11-02,29.0,Successful,Debit Card
PAY0008599,INV0008869,CUST01220,2025-11-30,29.0,Successful,Credit Card
PAY0008600,INV0008870,CUST01220,2025-12-31,29.0,Successful,Debit Card
PAY0008601,INV0008871,CUST01221,2025-03-26,295.8,Successful,Credit Card
PAY0008602,INV0008873,CUST01222,2025-10-24,199.0,Successful,ACH
PAY0008603,INV0008874,CUST01222,2025-12-02,199.0,Successful,ACH
PAY0008604,INV0008875,CUST01222,2025-12-23,199.0,Successful,Debit Card
PAY0008605,INV0008876,CUST01223,2024-03-17,805.8,Successful,Credit Card
PAY0008606,INV0008877,CUST01224,2026-01-04,29.0,Successful,Bank Transfer
PAY0008607,INV0008878,CUST01225,2024-02-09,295.8,Successful,Bank Transfer
PAY0008608,INV0008879,CUST01225,2025-02-10,295.8,Successful,Bank Transfer
PAY0008609,INV0008880,CUST01226,2026-01-02,805.8,Successful,Bank Transfer
PAY0008610,INV0008882,CUST01227,2025-12-14,79.0,Successful,ACH
PAY0008611,INV0008883,CUST01228,2025-01-05,805.8,Successful,Debit Card
PAY0008612,INV0008884,CUST01229,2024-05-26,29.0,Failed,ACH
PAY0008613,INV0008885,CUST01229,2024-06-30,29.0,Successful,Debit Card
PAY0008614,INV0008886,CUST01229,2024-07-27,29.0,Successful,Bank Transfer
PAY0008615,INV0008887,CUST01229,2024-08-19,29.0,Successful,Credit Card
PAY0008616,INV0008888,CUST01229,2024-10-02,29.0,Successful,Debit Card
PAY0008617,INV0008889,CUST01229,2024-10-23,29.0,Successful,Credit Card
PAY0008618,INV0008890,CUST01229,2024-11-20,29.0,Successful,Bank Transfer
PAY0008619,INV0008891,CUST01229,2024-12-25,29.0,Successful,Credit Card
PAY0008620,INV0008892,CUST01229,2025-01-27,29.0,Successful,Credit Card
PAY0008621,INV0008893,CUST01229,2025-03-04,29.0,Successful,Bank Transfer
PAY0008622,INV0008894,CUST01229,2025-04-01,29.0,Successful,ACH
PAY0008623,INV0008895,CUST01229,2025-04-29,29.0,Successful,ACH
PAY0008624,INV0008896,CUST01229,2025-05-30,29.0,Successful,Credit Card
PAY0008625,INV0008897,CUST01229,2025-07-02,29.0,Successful,Credit Card
PAY0008626,INV0008898,CUST01229,2025-07-27,29.0,Successful,Bank Transfer
PAY0008627,INV0008899,CUST01229,2025-08-21,29.0,Successful,Debit Card
PAY0008628,INV0008900,CUST01229,2025-09-27,29.0,Successful,Credit Card
PAY0008629,INV0008901,CUST01229,2025-11-01,29.0,Successful,Debit Card
PAY0008630,INV0008902,CUST01229,2025-11-24,29.0,Successful,Debit Card
PAY0008631,INV0008903,CUST01229,2026-01-01,29.0,Successful,Bank Transfer
PAY0008632,INV0008904,CUST01230,2025-11-12,29.0,Successful,ACH
PAY0008633,INV0008905,CUST01230,2025-12-14,29.0,Successful,Credit Card
PAY0008634,INV0008906,CUST01231,2025-04-24,29.0,Successful,ACH
PAY0008635,INV0008907,CUST01231,2025-05-19,29.0,Successful,Debit Card
PAY0008636,INV0008908,CUST01231,2025-06-19,29.0,Successful,Credit Card
PAY0008637,INV0008909,CUST01231,2025-07-17,29.0,Successful,Credit Card
PAY0008638,INV0008910,CUST01231,2025-08-19,29.0,Successful,Debit Card
PAY0008639,INV0008911,CUST01231,2025-09-14,29.0,Successful,Bank Transfer
PAY0008640,INV0008912,CUST01231,2025-10-26,29.0,Successful,Bank Transfer
PAY0008641,INV0008913,CUST01231,2025-11-18,29.0,Successful,Bank Transfer
PAY0008642,INV0008914,CUST01231,2025-12-12,29.0,Successful,ACH
PAY0008643,INV0008915,CUST01232,2025-10-08,79.0,Successful,ACH
PAY0008644,INV0008916,CUST01232,2025-11-07,79.0,Successful,ACH
PAY0008645,INV0008917,CUST01232,2025-12-12,79.0,Successful,Bank Transfer
PAY0008646,INV0008918,CUST01232,2026-01-14,79.0,Successful,Debit Card
PAY0008647,INV0008919,CUST01233,2025-01-31,29.0,Successful,Bank Transfer
PAY0008648,INV0008920,CUST01233,2025-03-15,29.0,Successful,ACH
PAY0008649,INV0008921,CUST01233,2025-04-10,29.0,Successful,ACH
PAY0008650,INV0008922,CUST01233,2025-05-07,29.0,Successful,Bank Transfer
PAY0008651,INV0008923,CUST01233,2025-06-02,29.0,Successful,ACH
PAY0008652,INV0008924,CUST01233,2025-07-10,29.0,Successful,ACH
PAY0008653,INV0008925,CUST01234,2025-08-27,199.0,Successful,ACH
PAY0008654,INV0008926,CUST01234,2025-09-29,199.0,Successful,ACH
PAY0008655,INV0008927,CUST01234,2025-10-26,199.0,Successful,ACH
PAY0008656,INV0008928,CUST01234,2025-11-29,199.0,Successful,Bank Transfer
PAY0008657,INV0008929,CUST01234,2025-12-24,199.0,Successful,ACH
PAY0008658,INV0008930,CUST01235,2025-03-08,29.0,Successful,Bank Transfer
PAY0008659,INV0008931,CUST01235,2025-03-28,29.0,Successful,ACH
PAY0008660,INV0008932,CUST01235,2025-04-25,29.0,Successful,ACH
PAY0008661,INV0008933,CUST01235,2025-06-07,29.0,Successful,Bank Transfer
PAY0008662,INV0008934,CUST01235,2025-06-30,29.0,Successful,Debit Card
PAY0008663,INV0008935,CUST01235,2025-08-02,29.0,Successful,Bank Transfer
PAY0008664,INV0008936,CUST01235,2025-08-27,29.0,Successful,Credit Card
PAY0008665,INV0008937,CUST01235,2025-10-04,29.0,Successful,Credit Card
PAY0008666,INV0008938,CUST01235,2025-10-29,29.0,Successful,Credit Card
PAY0008667,INV0008939,CUST01235,2025-12-02,29.0,Successful,ACH
PAY0008668,INV0008941,CUST01236,2025-08-19,79.0,Successful,Debit Card
PAY0008669,INV0008942,CUST01236,2025-09-16,79.0,Successful,Credit Card
PAY0008670,INV0008943,CUST01236,2025-10-05,79.0,Successful,Debit Card
PAY0008671,INV0008944,CUST01236,2025-11-13,79.0,Successful,Bank Transfer
PAY0008672,INV0008945,CUST01236,2025-12-11,79.0,Successful,ACH
PAY0008673,INV0008946,CUST01237,2025-12-16,29.0,Successful,Bank Transfer
PAY0008674,INV0008947,CUST01238,2025-05-04,79.0,Successful,Bank Transfer
PAY0008675,INV0008948,CUST01238,2025-06-02,79.0,Failed,Debit Card
PAY0008676,INV0008949,CUST01238,2025-06-24,79.0,Successful,Debit Card
PAY0008677,INV0008950,CUST01238,2025-07-31,79.0,Successful,ACH
PAY0008678,INV0008951,CUST01238,2025-08-31,79.0,Successful,Credit Card
PAY0008679,INV0008952,CUST01238,2025-10-04,79.0,Successful,Credit Card
PAY0008680,INV0008953,CUST01238,2025-11-05,79.0,Successful,Debit Card
PAY0008681,INV0008954,CUST01238,2025-11-28,79.0,Refunded,Credit Card
PAY0008682,INV0008955,CUST01238,2025-12-31,79.0,Successful,Bank Transfer
PAY0008683,INV0008956,CUST01239,2024-09-17,79.0,Successful,Bank Transfer
PAY0008684,INV0008957,CUST01239,2024-10-19,79.0,Successful,Debit Card
PAY0008685,INV0008958,CUST01239,2024-11-22,79.0,Successful,Bank Transfer
PAY0008686,INV0008960,CUST01239,2025-01-23,79.0,Successful,ACH
PAY0008687,INV0008961,CUST01239,2025-02-16,79.0,Successful,Debit Card
PAY0008688,INV0008962,CUST01239,2025-03-09,79.0,Successful,ACH
PAY0008689,INV0008963,CUST01239,2025-04-21,79.0,Successful,Debit Card
PAY0008690,INV0008964,CUST01239,2025-05-11,79.0,Successful,Credit Card
PAY0008691,INV0008965,CUST01239,2025-06-22,79.0,Successful,ACH
PAY0008692,INV0008966,CUST01239,2025-07-16,79.0,Successful,Credit Card
PAY0008693,INV0008967,CUST01239,2025-08-23,79.0,Successful,Credit Card
PAY0008694,INV0008968,CUST01240,2025-12-11,29.0,Successful,Bank Transfer
PAY0008695,INV0008969,CUST01241,2024-12-31,79.0,Successful,Credit Card
PAY0008696,INV0008970,CUST01241,2025-01-25,79.0,Successful,ACH
PAY0008697,INV0008971,CUST01241,2025-02-27,29.0,Successful,ACH
PAY0008698,INV0008972,CUST01241,2025-03-19,29.0,Successful,Debit Card
PAY0008699,INV0008973,CUST01241,2025-04-21,29.0,Successful,Bank Transfer
PAY0008700,INV0008974,CUST01241,2025-06-01,29.0,Successful,Credit Card
PAY0008701,INV0008975,CUST01242,2025-08-12,79.0,Successful,Bank Transfer
PAY0008702,INV0008976,CUST01242,2025-09-16,79.0,Successful,Credit Card
PAY0008703,INV0008977,CUST01242,2025-10-15,79.0,Refunded,Credit Card
PAY0008704,INV0008978,CUST01242,2025-11-19,79.0,Successful,ACH
PAY0008705,INV0008979,CUST01242,2025-12-22,79.0,Successful,Debit Card
PAY0008706,INV0008980,CUST01243,2024-10-27,295.8,Successful,ACH
PAY0008707,INV0008981,CUST01244,2025-08-07,79.0,Successful,ACH
PAY0008708,INV0008982,CUST01244,2025-09-12,79.0,Successful,ACH
PAY0008709,INV0008983,CUST01244,2025-10-10,79.0,Successful,Debit Card
PAY0008710,INV0008984,CUST01244,2025-11-09,79.0,Failed,Credit Card
PAY0008711,INV0008985,CUST01244,2025-12-09,79.0,Successful,Debit Card
PAY0008712,INV0008986,CUST01244,2026-01-12,79.0,Successful,ACH
PAY0008713,INV0008987,CUST01245,2025-08-11,79.0,Successful,ACH
PAY0008714,INV0008988,CUST01245,2025-09-18,79.0,Successful,ACH
PAY0008715,INV0008989,CUST01245,2025-10-24,79.0,Refunded,ACH
PAY0008716,INV0008990,CUST01245,2025-11-19,79.0,Successful,Debit Card
PAY0008717,INV0008991,CUST01245,2025-12-20,79.0,Failed,ACH
PAY0008718,INV0008992,CUST01246,2024-11-03,79.0,Successful,ACH
PAY0008719,INV0008993,CUST01246,2024-11-30,79.0,Successful,Credit Card
PAY0008720,INV0008994,CUST01246,2024-12-26,79.0,Successful,Credit Card
PAY0008721,INV0008995,CUST01246,2025-01-30,79.0,Successful,Bank Transfer
PAY0008722,INV0008996,CUST01246,2025-02-24,79.0,Failed,Debit Card
PAY0008723,INV0008997,CUST01246,2025-03-26,79.0,Successful,Bank Transfer
PAY0008724,INV0008998,CUST01246,2025-04-21,79.0,Successful,Credit Card
PAY0008725,INV0008999,CUST01246,2025-05-31,79.0,Successful,ACH
PAY0008726,INV0009000,CUST01246,2025-07-03,79.0,Successful,Debit Card
PAY0008727,INV0009001,CUST01246,2025-07-24,79.0,Successful,Credit Card
PAY0008728,INV0009002,CUST01246,2025-09-03,79.0,Successful,ACH
PAY0008729,INV0009003,CUST01246,2025-09-29,79.0,Successful,ACH
PAY0008730,INV0009004,CUST01246,2025-11-04,79.0,Successful,Debit Card
PAY0008731,INV0009006,CUST01246,2025-12-23,79.0,Successful,Bank Transfer
PAY0008732,INV0009007,CUST01247,2024-09-18,29.0,Successful,Credit Card
PAY0008733,INV0009008,CUST01247,2024-10-29,29.0,Successful,Credit Card
PAY0008734,INV0009009,CUST01247,2024-11-30,29.0,Successful,ACH
PAY0008735,INV0009010,CUST01247,2024-12-20,29.0,Successful,Debit Card
PAY0008736,INV0009011,CUST01247,2025-01-21,29.0,Successful,Bank Transfer
PAY0008737,INV0009012,CUST01247,2025-03-02,29.0,Successful,Debit Card
PAY0008738,INV0009013,CUST01247,2025-03-27,29.0,Successful,ACH
PAY0008739,INV0009014,CUST01247,2025-04-29,29.0,Successful,Credit Card
PAY0008740,INV0009015,CUST01247,2025-05-23,29.0,Successful,Debit Card
PAY0008741,INV0009016,CUST01247,2025-06-29,29.0,Successful,ACH
PAY0008742,INV0009017,CUST01247,2025-07-25,29.0,Successful,Credit Card
PAY0008743,INV0009018,CUST01247,2025-08-18,29.0,Successful,ACH
PAY0008744,INV0009019,CUST01247,2025-09-26,29.0,Successful,Credit Card
PAY0008745,INV0009020,CUST01247,2025-10-21,29.0,Successful,Debit Card
PAY0008746,INV0009021,CUST01247,2025-11-30,29.0,Successful,Bank Transfer
PAY0008747,INV0009022,CUST01247,2025-12-29,29.0,Successful,ACH
PAY0008748,INV0009023,CUST01248,2024-01-20,295.8,Successful,Bank Transfer
PAY0008749,INV0009024,CUST01249,2025-11-16,29.0,Successful,Credit Card
PAY0008750,INV0009025,CUST01249,2025-12-18,29.0,Successful,ACH
PAY0008751,INV0009026,CUST01250,2025-05-13,295.8,Successful,ACH
PAY0008752,INV0009027,CUST01251,2024-04-05,29.0,Successful,ACH
PAY0008753,INV0009028,CUST01251,2024-05-09,29.0,Successful,Debit Card
PAY0008754,INV0009029,CUST01251,2024-05-28,29.0,Successful,Bank Transfer
PAY0008755,INV0009030,CUST01251,2024-07-03,29.0,Successful,ACH
PAY0008756,INV0009031,CUST01251,2024-08-09,29.0,Successful,Debit Card
PAY0008757,INV0009032,CUST01251,2024-09-02,29.0,Successful,Credit Card
PAY0008758,INV0009033,CUST01251,2024-10-06,29.0,Successful,Debit Card
PAY0008759,INV0009034,CUST01251,2024-11-04,29.0,Successful,ACH
PAY0008760,INV0009035,CUST01251,2024-12-10,29.0,Successful,Bank Transfer
PAY0008761,INV0009036,CUST01251,2025-01-01,29.0,Successful,Debit Card
PAY0008762,INV0009037,CUST01251,2025-02-11,29.0,Successful,Debit Card
PAY0008763,INV0009038,CUST01251,2025-03-07,29.0,Successful,ACH
PAY0008764,INV0009039,CUST01251,2025-04-09,29.0,Successful,Bank Transfer
PAY0008765,INV0009040,CUST01251,2025-05-07,29.0,Failed,Bank Transfer
PAY0008766,INV0009042,CUST01251,2025-07-03,29.0,Successful,ACH
PAY0008767,INV0009043,CUST01251,2025-08-01,29.0,Successful,Bank Transfer
PAY0008768,INV0009044,CUST01251,2025-09-01,29.0,Successful,Credit Card
PAY0008769,INV0009045,CUST01251,2025-09-30,29.0,Successful,ACH
PAY0008770,INV0009046,CUST01251,2025-11-07,29.0,Successful,Credit Card
PAY0008771,INV0009047,CUST01251,2025-12-03,29.0,Successful,ACH
PAY0008772,INV0009048,CUST01251,2026-01-11,29.0,Successful,Bank Transfer
PAY0008773,INV0009049,CUST01252,2025-05-27,199.0,Successful,Credit Card
PAY0008774,INV0009050,CUST01252,2025-06-24,199.0,Successful,Debit Card
PAY0008775,INV0009051,CUST01252,2025-08-02,199.0,Successful,ACH
PAY0008776,INV0009052,CUST01252,2025-08-24,199.0,Successful,ACH
PAY0008777,INV0009053,CUST01252,2025-10-04,199.0,Successful,ACH
PAY0008778,INV0009054,CUST01252,2025-11-06,199.0,Successful,Credit Card
PAY0008779,INV0009055,CUST01252,2025-12-07,199.0,Successful,ACH
PAY0008780,INV0009056,CUST01252,2025-12-26,199.0,Successful,ACH
PAY0008781,INV0009057,CUST01253,2025-11-13,79.0,Successful,ACH
PAY0008782,INV0009058,CUST01253,2025-12-20,79.0,Successful,Credit Card
PAY0008783,INV0009059,CUST01254,2024-03-05,29.0,Successful,Debit Card
PAY0008784,INV0009060,CUST01254,2024-04-07,29.0,Successful,Bank Transfer
PAY0008785,INV0009061,CUST01254,2024-05-09,79.0,Successful,Bank Transfer
PAY0008786,INV0009062,CUST01254,2024-06-03,79.0,Successful,ACH
PAY0008787,INV0009063,CUST01254,2024-06-30,79.0,Successful,Credit Card
PAY0008788,INV0009064,CUST01254,2024-08-09,79.0,Successful,Credit Card
PAY0008789,INV0009065,CUST01254,2024-08-27,79.0,Successful,ACH
PAY0008790,INV0009066,CUST01254,2024-10-06,79.0,Successful,ACH
PAY0008791,INV0009067,CUST01254,2024-10-27,79.0,Successful,Bank Transfer
PAY0008792,INV0009068,CUST01254,2024-11-29,79.0,Successful,Bank Transfer
PAY0008793,INV0009069,CUST01254,2025-01-07,79.0,Successful,Debit Card
PAY0008794,INV0009070,CUST01254,2025-02-05,79.0,Successful,Credit Card
PAY0008795,INV0009071,CUST01255,2024-07-05,199.0,Successful,ACH
PAY0008796,INV0009072,CUST01255,2024-07-21,199.0,Successful,Credit Card
PAY0008797,INV0009073,CUST01255,2024-09-02,199.0,Successful,Debit Card
PAY0008798,INV0009074,CUST01255,2024-09-22,199.0,Successful,Debit Card
PAY0008799,INV0009075,CUST01255,2024-10-23,199.0,Successful,Credit Card
PAY0008800,INV0009076,CUST01255,2024-12-05,199.0,Successful,Debit Card
PAY0008801,INV0009077,CUST01255,2024-12-30,199.0,Successful,Bank Transfer
PAY0008802,INV0009078,CUST01255,2025-01-23,199.0,Successful,Debit Card
PAY0008803,INV0009079,CUST01255,2025-03-03,199.0,Successful,Debit Card
PAY0008804,INV0009080,CUST01255,2025-03-22,199.0,Successful,Debit Card
PAY0008805,INV0009081,CUST01255,2025-04-25,199.0,Successful,Bank Transfer
PAY0008806,INV0009082,CUST01255,2025-06-02,199.0,Successful,Bank Transfer
PAY0008807,INV0009083,CUST01256,2025-01-27,29.0,Successful,ACH
PAY0008808,INV0009084,CUST01256,2025-03-08,29.0,Successful,Credit Card
PAY0008809,INV0009085,CUST01256,2025-03-28,29.0,Successful,Credit Card
PAY0008810,INV0009086,CUST01256,2025-04-26,29.0,Successful,Bank Transfer
PAY0008811,INV0009087,CUST01256,2025-05-31,29.0,Successful,Bank Transfer
PAY0008812,INV0009088,CUST01256,2025-07-07,29.0,Failed,Bank Transfer
PAY0008813,INV0009089,CUST01256,2025-07-27,29.0,Successful,Debit Card
PAY0008814,INV0009090,CUST01256,2025-09-02,29.0,Successful,Bank Transfer
PAY0008815,INV0009091,CUST01256,2025-10-03,29.0,Successful,ACH
PAY0008816,INV0009092,CUST01256,2025-11-03,29.0,Successful,Bank Transfer
PAY0008817,INV0009093,CUST01256,2025-12-07,29.0,Successful,Debit Card
PAY0008818,INV0009094,CUST01256,2026-01-01,29.0,Successful,Credit Card
PAY0008819,INV0009095,CUST01257,2025-07-02,79.0,Successful,Debit Card
PAY0008820,INV0009096,CUST01257,2025-08-06,79.0,Successful,ACH
PAY0008821,INV0009097,CUST01257,2025-09-09,79.0,Successful,Bank Transfer
PAY0008822,INV0009098,CUST01257,2025-10-08,79.0,Successful,ACH
PAY0008823,INV0009099,CUST01257,2025-11-11,79.0,Successful,Bank Transfer
PAY0008824,INV0009100,CUST01257,2025-12-07,79.0,Successful,Bank Transfer
PAY0008825,INV0009101,CUST01257,2026-01-06,79.0,Successful,Bank Transfer
PAY0008826,INV0009102,CUST01258,2025-02-08,79.0,Successful,Credit Card
PAY0008827,INV0009103,CUST01258,2025-03-07,79.0,Successful,Debit Card
PAY0008828,INV0009104,CUST01258,2025-04-08,79.0,Successful,Debit Card
PAY0008829,INV0009105,CUST01258,2025-05-05,79.0,Successful,Debit Card
PAY0008830,INV0009106,CUST01258,2025-05-30,79.0,Successful,Debit Card
PAY0008831,INV0009107,CUST01258,2025-07-05,79.0,Successful,Credit Card
PAY0008832,INV0009108,CUST01259,2024-04-20,79.0,Successful,Debit Card
PAY0008833,INV0009109,CUST01259,2024-05-17,79.0,Successful,ACH
PAY0008834,INV0009110,CUST01259,2024-06-13,79.0,Successful,ACH
PAY0008835,INV0009111,CUST01259,2024-07-15,79.0,Successful,ACH
PAY0008836,INV0009112,CUST01259,2024-08-17,79.0,Successful,ACH
PAY0008837,INV0009113,CUST01259,2024-09-17,79.0,Successful,Credit Card
PAY0008838,INV0009114,CUST01259,2024-10-24,79.0,Successful,Credit Card
PAY0008839,INV0009115,CUST01259,2024-11-12,29.0,Successful,Bank Transfer
PAY0008840,INV0009116,CUST01259,2024-12-14,29.0,Successful,ACH
PAY0008841,INV0009117,CUST01259,2025-01-16,29.0,Successful,Debit Card
PAY0008842,INV0009118,CUST01259,2025-02-15,29.0,Successful,ACH
PAY0008843,INV0009119,CUST01259,2025-03-15,29.0,Successful,ACH
PAY0008844,INV0009120,CUST01260,2025-09-20,29.0,Refunded,ACH
PAY0008845,INV0009121,CUST01260,2025-10-28,29.0,Successful,Bank Transfer
PAY0008846,INV0009122,CUST01260,2025-11-29,29.0,Successful,ACH
PAY0008847,INV0009123,CUST01260,2025-12-21,29.0,Successful,Credit Card
PAY0008848,INV0009124,CUST01261,2024-10-09,79.0,Successful,Credit Card
PAY0008849,INV0009125,CUST01261,2024-11-06,79.0,Successful,Credit Card
PAY0008850,INV0009126,CUST01261,2024-12-06,79.0,Successful,ACH
PAY0008851,INV0009127,CUST01261,2025-01-14,79.0,Successful,ACH
PAY0008852,INV0009128,CUST01261,2025-02-14,79.0,Successful,Debit Card
PAY0008853,INV0009129,CUST01261,2025-03-09,79.0,Successful,Bank Transfer
PAY0008854,INV0009130,CUST01261,2025-04-04,79.0,Successful,Debit Card
PAY0008855,INV0009131,CUST01261,2025-05-06,79.0,Successful,Credit Card
PAY0008856,INV0009132,CUST01261,2025-05-31,79.0,Successful,Credit Card
PAY0008857,INV0009133,CUST01261,2025-07-13,79.0,Refunded,Credit Card
PAY0008858,INV0009134,CUST01261,2025-08-05,79.0,Refunded,ACH
PAY0008859,INV0009135,CUST01261,2025-09-07,79.0,Successful,ACH
PAY0008860,INV0009136,CUST01261,2025-10-13,79.0,Successful,ACH
PAY0008861,INV0009137,CUST01261,2025-11-10,79.0,Successful,Credit Card
PAY0008862,INV0009138,CUST01261,2025-12-01,79.0,Successful,Debit Card
PAY0008863,INV0009139,CUST01261,2026-01-07,79.0,Successful,Credit Card
PAY0008864,INV0009140,CUST01262,2025-04-21,79.0,Successful,Debit Card
PAY0008865,INV0009141,CUST01262,2025-06-01,79.0,Successful,Credit Card
PAY0008866,INV0009142,CUST01262,2025-06-25,79.0,Successful,ACH
PAY0008867,INV0009143,CUST01263,2025-06-17,805.8,Successful,Credit Card
PAY0008868,INV0009144,CUST01264,2025-07-17,199.0,Successful,Debit Card
PAY0008869,INV0009145,CUST01264,2025-08-23,199.0,Successful,ACH
PAY0008870,INV0009146,CUST01264,2025-09-29,199.0,Successful,Bank Transfer
PAY0008871,INV0009147,CUST01264,2025-10-22,199.0,Successful,Debit Card
PAY0008872,INV0009148,CUST01264,2025-11-29,199.0,Successful,Debit Card
PAY0008873,INV0009149,CUST01264,2025-12-18,199.0,Successful,Debit Card
PAY0008874,INV0009150,CUST01265,2025-03-04,805.8,Successful,Credit Card
PAY0008875,INV0009151,CUST01266,2024-08-16,79.0,Successful,Bank Transfer
PAY0008876,INV0009152,CUST01266,2024-09-18,79.0,Successful,Bank Transfer
PAY0008877,INV0009153,CUST01266,2024-10-17,79.0,Successful,ACH
PAY0008878,INV0009154,CUST01266,2024-11-19,79.0,Successful,Debit Card
PAY0008879,INV0009155,CUST01266,2024-12-23,79.0,Successful,Bank Transfer
PAY0008880,INV0009156,CUST01266,2025-01-15,79.0,Successful,ACH
PAY0008881,INV0009157,CUST01266,2025-02-13,79.0,Successful,ACH
PAY0008882,INV0009158,CUST01266,2025-03-26,79.0,Successful,Bank Transfer
PAY0008883,INV0009159,CUST01266,2025-04-13,79.0,Successful,Credit Card
PAY0008884,INV0009160,CUST01266,2025-05-14,79.0,Successful,Debit Card
PAY0008885,INV0009162,CUST01266,2025-07-26,79.0,Successful,Debit Card
PAY0008886,INV0009163,CUST01266,2025-08-16,79.0,Successful,Debit Card
PAY0008887,INV0009164,CUST01266,2025-09-16,79.0,Successful,Debit Card
PAY0008888,INV0009165,CUST01266,2025-10-27,79.0,Successful,ACH
PAY0008889,INV0009166,CUST01266,2025-11-24,79.0,Successful,ACH
PAY0008890,INV0009167,CUST01266,2025-12-26,79.0,Successful,ACH
PAY0008891,INV0009168,CUST01267,2025-09-27,29.0,Successful,ACH
PAY0008892,INV0009169,CUST01267,2025-11-09,29.0,Successful,Debit Card
PAY0008893,INV0009170,CUST01267,2025-12-11,29.0,Successful,Bank Transfer
PAY0008894,INV0009171,CUST01267,2026-01-02,29.0,Successful,ACH
PAY0008895,INV0009172,CUST01268,2025-09-16,805.8,Successful,Credit Card
PAY0008896,INV0009173,CUST01269,2025-09-14,29.0,Successful,ACH
PAY0008897,INV0009175,CUST01269,2025-11-26,29.0,Successful,ACH
PAY0008898,INV0009176,CUST01269,2025-12-12,29.0,Successful,Credit Card
PAY0008899,INV0009177,CUST01270,2024-05-08,295.8,Successful,ACH
PAY0008900,INV0009178,CUST01271,2025-10-22,199.0,Successful,Debit Card
PAY0008901,INV0009179,CUST01271,2025-11-20,199.0,Successful,Credit Card
PAY0008902,INV0009180,CUST01271,2025-12-28,199.0,Successful,ACH
PAY0008903,INV0009181,CUST01272,2024-10-02,199.0,Successful,Credit Card
PAY0008904,INV0009182,CUST01272,2024-10-29,199.0,Successful,Credit Card
PAY0008905,INV0009183,CUST01272,2024-11-25,199.0,Successful,Bank Transfer
PAY0008906,INV0009184,CUST01272,2025-01-04,199.0,Successful,Credit Card
PAY0008907,INV0009185,CUST01272,2025-01-21,199.0,Successful,ACH
PAY0008908,INV0009186,CUST01272,2025-02-22,199.0,Successful,ACH
PAY0008909,INV0009187,CUST01272,2025-04-03,199.0,Successful,Debit Card
PAY0008910,INV0009188,CUST01272,2025-05-05,199.0,Successful,Bank Transfer
PAY0008911,INV0009189,CUST01272,2025-05-31,199.0,Successful,ACH
PAY0008912,INV0009190,CUST01272,2025-06-22,199.0,Successful,Bank Transfer
PAY0008913,INV0009191,CUST01272,2025-07-26,199.0,Successful,Bank Transfer
PAY0008914,INV0009192,CUST01272,2025-08-24,199.0,Successful,Debit Card
PAY0008915,INV0009193,CUST01273,2025-02-10,79.0,Successful,Credit Card
PAY0008916,INV0009194,CUST01273,2025-03-10,79.0,Successful,Credit Card
PAY0008917,INV0009195,CUST01273,2025-04-05,79.0,Successful,Debit Card
PAY0008918,INV0009196,CUST01273,2025-05-07,79.0,Successful,Debit Card
PAY0008919,INV0009197,CUST01273,2025-06-02,79.0,Successful,Bank Transfer
PAY0008920,INV0009198,CUST01273,2025-07-11,79.0,Successful,ACH
PAY0008921,INV0009199,CUST01274,2024-07-02,29.0,Successful,ACH
PAY0008922,INV0009200,CUST01274,2024-08-15,29.0,Successful,Debit Card
PAY0008923,INV0009201,CUST01274,2024-09-07,29.0,Successful,ACH
PAY0008924,INV0009202,CUST01274,2024-10-12,29.0,Successful,Bank Transfer
PAY0008925,INV0009203,CUST01274,2024-11-02,29.0,Successful,Bank Transfer
PAY0008926,INV0009204,CUST01274,2024-12-02,29.0,Successful,ACH
PAY0008927,INV0009205,CUST01274,2025-01-12,29.0,Successful,Debit Card
PAY0008928,INV0009206,CUST01274,2025-02-11,29.0,Successful,Debit Card
PAY0008929,INV0009207,CUST01274,2025-03-14,29.0,Successful,Bank Transfer
PAY0008930,INV0009208,CUST01274,2025-04-15,29.0,Successful,Credit Card
PAY0008931,INV0009209,CUST01274,2025-05-10,29.0,Successful,Credit Card
PAY0008932,INV0009210,CUST01274,2025-06-02,29.0,Successful,Debit Card
PAY0008933,INV0009211,CUST01274,2025-07-02,29.0,Successful,Credit Card
PAY0008934,INV0009212,CUST01274,2025-08-15,29.0,Successful,Credit Card
PAY0008935,INV0009213,CUST01274,2025-09-02,29.0,Refunded,Debit Card
PAY0008936,INV0009214,CUST01274,2025-10-09,29.0,Successful,Debit Card
PAY0008937,INV0009215,CUST01274,2025-11-07,29.0,Successful,Bank Transfer
PAY0008938,INV0009216,CUST01274,2025-12-09,29.0,Successful,Credit Card
PAY0008939,INV0009218,CUST01275,2025-10-24,199.0,Successful,Bank Transfer
PAY0008940,INV0009219,CUST01275,2025-12-01,199.0,Successful,Credit Card
PAY0008941,INV0009220,CUST01275,2025-12-23,199.0,Successful,Bank Transfer
PAY0008942,INV0009221,CUST01276,2025-07-08,295.8,Successful,Bank Transfer
PAY0008943,INV0009222,CUST01277,2025-04-03,79.0,Successful,ACH
PAY0008944,INV0009223,CUST01277,2025-05-11,79.0,Successful,Credit Card
PAY0008945,INV0009224,CUST01277,2025-06-11,79.0,Successful,Credit Card
PAY0008946,INV0009225,CUST01277,2025-07-12,79.0,Successful,Credit Card
PAY0008947,INV0009226,CUST01277,2025-08-03,79.0,Successful,Bank Transfer
PAY0008948,INV0009227,CUST01277,2025-09-09,79.0,Successful,Debit Card
PAY0008949,INV0009228,CUST01277,2025-09-29,79.0,Successful,Credit Card
PAY0008950,INV0009229,CUST01277,2025-11-09,79.0,Successful,Bank Transfer
PAY0008951,INV0009230,CUST01277,2025-12-02,79.0,Successful,Credit Card
PAY0008952,INV0009231,CUST01277,2026-01-09,79.0,Successful,Bank Transfer
PAY0008953,INV0009232,CUST01278,2025-08-16,805.8,Successful,ACH
PAY0008954,INV0009233,CUST01279,2024-06-11,29.0,Successful,ACH
PAY0008955,INV0009234,CUST01279,2024-07-06,29.0,Successful,Debit Card
PAY0008956,INV0009235,CUST01279,2024-08-11,29.0,Successful,Bank Transfer
PAY0008957,INV0009236,CUST01280,2024-10-02,199.0,Successful,Credit Card
PAY0008958,INV0009237,CUST01280,2024-11-08,199.0,Successful,Bank Transfer
PAY0008959,INV0009238,CUST01280,2024-12-06,199.0,Successful,Credit Card
PAY0008960,INV0009239,CUST01281,2025-06-24,79.0,Successful,Credit Card
PAY0008961,INV0009240,CUST01281,2025-07-21,79.0,Successful,Debit Card
PAY0008962,INV0009241,CUST01281,2025-08-22,79.0,Failed,Credit Card
PAY0008963,INV0009242,CUST01282,2025-02-26,29.0,Successful,Debit Card
PAY0008964,INV0009243,CUST01282,2025-04-01,29.0,Successful,Debit Card
PAY0008965,INV0009244,CUST01282,2025-04-29,29.0,Successful,Bank Transfer
PAY0008966,INV0009245,CUST01282,2025-05-21,29.0,Successful,ACH
PAY0008967,INV0009246,CUST01282,2025-06-29,29.0,Successful,Debit Card
PAY0008968,INV0009247,CUST01282,2025-07-22,29.0,Successful,Bank Transfer
PAY0008969,INV0009248,CUST01282,2025-08-26,29.0,Successful,Debit Card
PAY0008970,INV0009249,CUST01282,2025-09-24,29.0,Successful,Debit Card
PAY0008971,INV0009250,CUST01282,2025-10-23,29.0,Successful,Debit Card
PAY0008972,INV0009251,CUST01282,2025-11-20,29.0,Successful,Debit Card
PAY0008973,INV0009252,CUST01282,2025-12-19,29.0,Successful,Bank Transfer
PAY0008974,INV0009253,CUST01283,2025-07-13,79.0,Successful,Credit Card
PAY0008975,INV0009254,CUST01283,2025-08-17,79.0,Successful,Bank Transfer
PAY0008976,INV0009255,CUST01283,2025-09-20,79.0,Successful,Credit Card
PAY0008977,INV0009256,CUST01283,2025-10-15,79.0,Successful,Bank Transfer
PAY0008978,INV0009257,CUST01283,2025-11-20,79.0,Successful,Credit Card
PAY0008979,INV0009258,CUST01283,2025-12-11,79.0,Successful,Debit Card
PAY0008980,INV0009259,CUST01284,2024-05-08,199.0,Successful,ACH
PAY0008981,INV0009260,CUST01284,2024-06-08,199.0,Successful,Credit Card
PAY0008982,INV0009262,CUST01284,2024-08-10,199.0,Failed,Debit Card
PAY0008983,INV0009263,CUST01284,2024-09-12,199.0,Successful,ACH
PAY0008984,INV0009264,CUST01284,2024-10-16,199.0,Successful,Bank Transfer
PAY0008985,INV0009265,CUST01284,2024-11-18,199.0,Successful,ACH
PAY0008986,INV0009266,CUST01284,2024-12-07,199.0,Successful,ACH
PAY0008987,INV0009267,CUST01284,2025-01-14,199.0,Successful,Bank Transfer
PAY0008988,INV0009268,CUST01284,2025-02-17,199.0,Successful,Credit Card
PAY0008989,INV0009269,CUST01284,2025-03-13,199.0,Successful,Credit Card
PAY0008990,INV0009270,CUST01284,2025-04-17,199.0,Successful,ACH
PAY0008991,INV0009271,CUST01285,2025-02-16,805.8,Successful,Credit Card
PAY0008992,INV0009272,CUST01286,2024-04-07,79.0,Successful,Bank Transfer
PAY0008993,INV0009273,CUST01286,2024-05-03,79.0,Successful,Debit Card
PAY0008994,INV0009274,CUST01286,2024-06-06,79.0,Successful,Credit Card
PAY0008995,INV0009275,CUST01286,2024-06-24,79.0,Successful,Credit Card
PAY0008996,INV0009276,CUST01286,2024-08-07,79.0,Successful,Bank Transfer
PAY0008997,INV0009277,CUST01286,2024-09-02,79.0,Successful,Debit Card
PAY0008998,INV0009278,CUST01286,2024-10-06,79.0,Successful,Debit Card
PAY0008999,INV0009279,CUST01286,2024-10-29,79.0,Successful,ACH
PAY0009000,INV0009280,CUST01286,2024-12-08,79.0,Successful,Credit Card
PAY0009001,INV0009282,CUST01286,2025-01-24,79.0,Successful,ACH
PAY0009002,INV0009283,CUST01286,2025-03-02,79.0,Successful,Credit Card
PAY0009003,INV0009284,CUST01286,2025-04-06,79.0,Successful,Debit Card
PAY0009004,INV0009285,CUST01286,2025-04-28,79.0,Successful,ACH
PAY0009005,INV0009286,CUST01286,2025-05-28,79.0,Successful,Debit Card
PAY0009006,INV0009287,CUST01286,2025-07-08,79.0,Successful,Credit Card
PAY0009007,INV0009288,CUST01286,2025-07-29,79.0,Successful,Bank Transfer
PAY0009008,INV0009289,CUST01286,2025-09-04,79.0,Successful,Debit Card
PAY0009009,INV0009290,CUST01287,2024-06-30,805.8,Successful,Credit Card
PAY0009010,INV0009291,CUST01288,2025-12-17,199.0,Successful,Debit Card
PAY0009011,INV0009292,CUST01289,2025-05-20,79.0,Successful,ACH
PAY0009012,INV0009293,CUST01289,2025-06-18,79.0,Successful,Credit Card
PAY0009013,INV0009294,CUST01289,2025-07-14,79.0,Successful,Debit Card
PAY0009014,INV0009295,CUST01290,2024-06-01,29.0,Successful,Credit Card
PAY0009015,INV0009296,CUST01290,2024-07-08,29.0,Successful,ACH
PAY0009016,INV0009297,CUST01290,2024-07-27,29.0,Successful,Credit Card
PAY0009017,INV0009298,CUST01290,2024-09-05,29.0,Successful,Debit Card
PAY0009018,INV0009299,CUST01290,2024-10-08,79.0,Successful,ACH
PAY0009019,INV0009300,CUST01290,2024-10-31,79.0,Successful,Credit Card
PAY0009020,INV0009301,CUST01291,2025-05-16,79.0,Successful,ACH
PAY0009021,INV0009302,CUST01291,2025-06-26,79.0,Successful,ACH
PAY0009022,INV0009303,CUST01291,2025-07-19,79.0,Successful,Debit Card
PAY0009023,INV0009304,CUST01291,2025-08-21,79.0,Successful,Credit Card
PAY0009024,INV0009305,CUST01291,2025-09-21,79.0,Successful,Credit Card
PAY0009025,INV0009306,CUST01291,2025-10-22,79.0,Successful,ACH
PAY0009026,INV0009307,CUST01291,2025-11-23,79.0,Successful,Credit Card
PAY0009027,INV0009308,CUST01291,2025-12-27,79.0,Successful,Debit Card
PAY0009028,INV0009309,CUST01292,2025-06-07,29.0,Successful,ACH
PAY0009029,INV0009310,CUST01292,2025-06-29,29.0,Successful,Credit Card
PAY0009030,INV0009311,CUST01292,2025-07-28,29.0,Successful,Debit Card
PAY0009031,INV0009312,CUST01292,2025-09-10,29.0,Successful,Credit Card
PAY0009032,INV0009313,CUST01292,2025-10-01,29.0,Failed,Credit Card
PAY0009033,INV0009314,CUST01292,2025-11-04,29.0,Successful,Bank Transfer
PAY0009034,INV0009315,CUST01292,2025-12-06,29.0,Successful,Credit Card
PAY0009035,INV0009316,CUST01292,2025-12-29,29.0,Successful,Debit Card
PAY0009036,INV0009317,CUST01293,2024-02-22,805.8,Successful,Debit Card
PAY0009037,INV0009318,CUST01293,2025-02-08,805.8,Successful,ACH
PAY0009038,INV0009319,CUST01294,2025-02-22,805.8,Successful,ACH
PAY0009039,INV0009320,CUST01295,2025-12-02,805.8,Successful,Bank Transfer
PAY0009040,INV0009321,CUST01296,2024-03-24,79.0,Successful,Credit Card
PAY0009041,INV0009322,CUST01296,2024-04-17,79.0,Successful,Credit Card
PAY0009042,INV0009323,CUST01296,2024-05-21,79.0,Successful,ACH
PAY0009043,INV0009324,CUST01296,2024-06-16,199.0,Successful,ACH
PAY0009044,INV0009325,CUST01296,2024-07-26,199.0,Successful,Credit Card
PAY0009045,INV0009326,CUST01296,2024-08-20,199.0,Successful,Debit Card
PAY0009046,INV0009327,CUST01296,2024-09-23,199.0,Successful,Credit Card
PAY0009047,INV0009328,CUST01296,2024-10-15,199.0,Successful,Debit Card
PAY0009048,INV0009329,CUST01296,2024-11-20,199.0,Successful,Debit Card
PAY0009049,INV0009330,CUST01296,2024-12-18,199.0,Successful,ACH
PAY0009050,INV0009331,CUST01296,2025-01-15,199.0,Successful,Debit Card
PAY0009051,INV0009332,CUST01296,2025-03-01,199.0,Successful,ACH
PAY0009052,INV0009333,CUST01297,2025-05-04,805.8,Successful,Credit Card
PAY0009053,INV0009334,CUST01298,2024-01-28,295.8,Successful,Debit Card
PAY0009054,INV0009335,CUST01299,2025-04-27,199.0,Successful,ACH
PAY0009055,INV0009336,CUST01299,2025-05-21,199.0,Successful,Credit Card
PAY0009056,INV0009337,CUST01299,2025-06-20,199.0,Successful,ACH
PAY0009057,INV0009338,CUST01300,2024-05-06,79.0,Successful,Debit Card
PAY0009058,INV0009339,CUST01300,2024-06-06,79.0,Successful,Bank Transfer
PAY0009059,INV0009340,CUST01300,2024-07-11,79.0,Successful,Bank Transfer
PAY0009060,INV0009341,CUST01300,2024-07-31,79.0,Successful,Bank Transfer
PAY0009061,INV0009342,CUST01300,2024-08-29,79.0,Successful,Bank Transfer
PAY0009062,INV0009343,CUST01300,2024-09-29,79.0,Successful,Credit Card
PAY0009063,INV0009344,CUST01300,2024-11-10,79.0,Successful,Credit Card
PAY0009064,INV0009345,CUST01300,2024-12-02,79.0,Successful,Credit Card
PAY0009065,INV0009346,CUST01300,2025-01-09,79.0,Successful,Bank Transfer
PAY0009066,INV0009347,CUST01300,2025-01-29,79.0,Successful,Bank Transfer
PAY0009067,INV0009348,CUST01300,2025-03-01,79.0,Successful,Debit Card
PAY0009068,INV0009349,CUST01300,2025-03-31,79.0,Successful,Bank Transfer
PAY0009069,INV0009350,CUST01300,2025-05-07,79.0,Successful,Debit Card
PAY0009070,INV0009351,CUST01300,2025-06-03,79.0,Successful,Bank Transfer
PAY0009071,INV0009352,CUST01300,2025-07-09,79.0,Successful,Debit Card
PAY0009072,INV0009353,CUST01300,2025-08-01,79.0,Successful,Debit Card
PAY0009073,INV0009354,CUST01300,2025-08-28,79.0,Successful,Debit Card
PAY0009074,INV0009355,CUST01300,2025-10-05,79.0,Successful,Bank Transfer
PAY0009075,INV0009356,CUST01300,2025-11-06,79.0,Successful,Bank Transfer
PAY0009076,INV0009357,CUST01300,2025-12-03,79.0,Successful,Bank Transfer
PAY0009077,INV0009358,CUST01300,2026-01-07,79.0,Successful,ACH
PAY0009078,INV0009359,CUST01301,2024-08-10,79.0,Successful,Bank Transfer
PAY0009079,INV0009360,CUST01301,2024-08-30,79.0,Successful,ACH
PAY0009080,INV0009361,CUST01301,2024-09-28,79.0,Successful,Bank Transfer
PAY0009081,INV0009362,CUST01301,2024-11-05,79.0,Successful,Credit Card
PAY0009082,INV0009363,CUST01301,2024-12-02,79.0,Successful,Bank Transfer
PAY0009083,INV0009364,CUST01301,2025-01-01,79.0,Failed,Bank Transfer
PAY0009084,INV0009365,CUST01301,2025-02-06,79.0,Failed,Bank Transfer
PAY0009085,INV0009366,CUST01301,2025-03-10,79.0,Successful,ACH
PAY0009086,INV0009367,CUST01301,2025-04-06,79.0,Successful,Bank Transfer
PAY0009087,INV0009368,CUST01301,2025-05-02,79.0,Successful,Bank Transfer
PAY0009088,INV0009369,CUST01301,2025-06-02,79.0,Successful,Credit Card
PAY0009089,INV0009370,CUST01301,2025-07-11,79.0,Failed,ACH
PAY0009090,INV0009371,CUST01302,2024-12-04,79.0,Successful,ACH
PAY0009091,INV0009372,CUST01302,2025-01-09,79.0,Successful,Debit Card
PAY0009092,INV0009373,CUST01302,2025-02-03,79.0,Successful,ACH
PAY0009093,INV0009374,CUST01302,2025-03-14,79.0,Successful,Debit Card
PAY0009094,INV0009375,CUST01302,2025-04-09,79.0,Successful,Credit Card
PAY0009095,INV0009376,CUST01302,2025-04-30,79.0,Successful,Debit Card
PAY0009096,INV0009377,CUST01302,2025-06-03,79.0,Successful,Credit Card
PAY0009097,INV0009378,CUST01302,2025-07-13,79.0,Successful,ACH
PAY0009098,INV0009379,CUST01302,2025-08-08,79.0,Successful,Bank Transfer
PAY0009099,INV0009380,CUST01302,2025-09-10,79.0,Successful,Credit Card
PAY0009100,INV0009381,CUST01302,2025-10-04,79.0,Successful,ACH
PAY0009101,INV0009383,CUST01302,2025-12-13,79.0,Successful,Debit Card
PAY0009102,INV0009384,CUST01302,2026-01-02,79.0,Successful,Bank Transfer
PAY0009103,INV0009385,CUST01303,2024-12-08,79.0,Successful,Credit Card
PAY0009104,INV0009386,CUST01303,2024-12-29,79.0,Successful,Debit Card
PAY0009105,INV0009387,CUST01303,2025-02-08,79.0,Successful,Debit Card
PAY0009106,INV0009388,CUST01303,2025-03-05,79.0,Successful,Debit Card
PAY0009107,INV0009389,CUST01303,2025-04-08,79.0,Successful,Bank Transfer
PAY0009108,INV0009390,CUST01303,2025-05-09,79.0,Successful,Debit Card
PAY0009109,INV0009391,CUST01303,2025-05-27,79.0,Successful,Debit Card
PAY0009110,INV0009392,CUST01303,2025-07-01,79.0,Successful,Bank Transfer
PAY0009111,INV0009393,CUST01303,2025-08-08,79.0,Successful,Debit Card
PAY0009112,INV0009395,CUST01303,2025-10-09,79.0,Successful,Debit Card
PAY0009113,INV0009396,CUST01303,2025-10-27,79.0,Successful,Bank Transfer
PAY0009114,INV0009397,CUST01303,2025-11-29,79.0,Successful,Bank Transfer
PAY0009115,INV0009398,CUST01303,2025-12-31,79.0,Successful,ACH
PAY0009116,INV0009399,CUST01304,2025-08-31,805.8,Failed,Credit Card
PAY0009117,INV0009400,CUST01305,2025-03-02,29.0,Successful,Bank Transfer
PAY0009118,INV0009401,CUST01305,2025-04-07,29.0,Successful,Credit Card
PAY0009119,INV0009402,CUST01305,2025-05-04,29.0,Successful,Debit Card
PAY0009120,INV0009403,CUST01305,2025-06-13,29.0,Successful,Credit Card
PAY0009121,INV0009404,CUST01305,2025-07-04,29.0,Successful,Bank Transfer
PAY0009122,INV0009406,CUST01305,2025-09-09,29.0,Successful,Debit Card
PAY0009123,INV0009407,CUST01305,2025-10-03,29.0,Successful,Bank Transfer
PAY0009124,INV0009408,CUST01305,2025-11-15,29.0,Failed,Debit Card
PAY0009125,INV0009409,CUST01305,2025-12-06,29.0,Successful,ACH
PAY0009126,INV0009410,CUST01306,2024-09-11,79.0,Successful,Debit Card
PAY0009127,INV0009411,CUST01306,2024-10-09,79.0,Successful,Bank Transfer
PAY0009128,INV0009412,CUST01306,2024-11-20,79.0,Refunded,Credit Card
PAY0009129,INV0009413,CUST01306,2024-12-13,79.0,Failed,Credit Card
PAY0009130,INV0009414,CUST01306,2025-01-08,79.0,Successful,Debit Card
PAY0009131,INV0009415,CUST01306,2025-02-12,79.0,Successful,Bank Transfer
PAY0009132,INV0009416,CUST01306,2025-03-09,79.0,Refunded,Bank Transfer
PAY0009133,INV0009417,CUST01306,2025-04-09,79.0,Successful,Debit Card
PAY0009134,INV0009418,CUST01306,2025-05-16,79.0,Successful,Bank Transfer
PAY0009135,INV0009419,CUST01306,2025-06-18,79.0,Successful,Credit Card
PAY0009136,INV0009420,CUST01306,2025-07-19,79.0,Successful,Bank Transfer
PAY0009137,INV0009421,CUST01306,2025-08-21,79.0,Successful,Bank Transfer
PAY0009138,INV0009422,CUST01307,2024-06-18,79.0,Successful,ACH
PAY0009139,INV0009423,CUST01307,2024-07-14,79.0,Successful,Bank Transfer
PAY0009140,INV0009424,CUST01307,2024-08-13,79.0,Successful,Credit Card
PAY0009141,INV0009425,CUST01308,2024-07-12,29.0,Successful,Bank Transfer
PAY0009142,INV0009426,CUST01308,2024-08-15,29.0,Successful,ACH
PAY0009143,INV0009427,CUST01308,2024-09-06,29.0,Failed,ACH
PAY0009144,INV0009428,CUST01308,2024-10-07,29.0,Successful,Bank Transfer
PAY0009145,INV0009429,CUST01308,2024-11-15,29.0,Successful,Bank Transfer
PAY0009146,INV0009430,CUST01308,2024-12-06,29.0,Successful,Credit Card
PAY0009147,INV0009431,CUST01308,2025-01-12,29.0,Successful,ACH
PAY0009148,INV0009432,CUST01308,2025-02-03,29.0,Successful,Credit Card
PAY0009149,INV0009433,CUST01308,2025-03-10,29.0,Successful,ACH
PAY0009150,INV0009434,CUST01308,2025-04-17,29.0,Successful,ACH
PAY0009151,INV0009435,CUST01308,2025-05-09,29.0,Successful,Credit Card
PAY0009152,INV0009436,CUST01308,2025-06-07,29.0,Successful,Debit Card
PAY0009153,INV0009437,CUST01309,2025-03-12,29.0,Successful,Credit Card
PAY0009154,INV0009438,CUST01309,2025-04-08,29.0,Successful,Bank Transfer
PAY0009155,INV0009439,CUST01309,2025-05-08,29.0,Successful,Bank Transfer
PAY0009156,INV0009440,CUST01309,2025-06-17,29.0,Successful,Bank Transfer
PAY0009157,INV0009441,CUST01309,2025-07-04,29.0,Successful,Debit Card
PAY0009158,INV0009442,CUST01309,2025-08-13,29.0,Successful,Credit Card
PAY0009159,INV0009443,CUST01309,2025-09-08,29.0,Successful,ACH
PAY0009160,INV0009444,CUST01309,2025-10-15,29.0,Successful,ACH
PAY0009161,INV0009445,CUST01309,2025-11-17,29.0,Successful,Credit Card
PAY0009162,INV0009446,CUST01309,2025-12-17,29.0,Successful,Bank Transfer
PAY0009163,INV0009447,CUST01310,2024-08-11,2029.8,Successful,Debit Card
PAY0009164,INV0009448,CUST01310,2025-08-14,2029.8,Successful,Credit Card
PAY0009165,INV0009449,CUST01311,2024-09-02,29.0,Successful,Bank Transfer
PAY0009166,INV0009450,CUST01311,2024-10-12,29.0,Successful,ACH
PAY0009167,INV0009451,CUST01311,2024-11-16,29.0,Successful,ACH
PAY0009168,INV0009452,CUST01311,2024-12-03,29.0,Successful,Debit Card
PAY0009169,INV0009453,CUST01311,2025-01-03,29.0,Successful,ACH
PAY0009170,INV0009454,CUST01311,2025-02-10,29.0,Successful,ACH
PAY0009171,INV0009455,CUST01311,2025-03-16,29.0,Failed,ACH
PAY0009172,INV0009456,CUST01311,2025-04-08,29.0,Successful,Bank Transfer
PAY0009173,INV0009457,CUST01311,2025-05-06,29.0,Successful,Bank Transfer
PAY0009174,INV0009458,CUST01311,2025-06-06,29.0,Successful,Bank Transfer
PAY0009175,INV0009459,CUST01311,2025-07-16,29.0,Successful,Bank Transfer
PAY0009176,INV0009460,CUST01311,2025-08-03,29.0,Successful,Credit Card
PAY0009177,INV0009461,CUST01311,2025-09-09,29.0,Successful,Debit Card
PAY0009178,INV0009462,CUST01311,2025-10-07,29.0,Successful,Credit Card
PAY0009179,INV0009463,CUST01311,2025-11-12,29.0,Successful,Credit Card
PAY0009180,INV0009464,CUST01311,2025-12-04,29.0,Successful,Bank Transfer
PAY0009181,INV0009465,CUST01312,2025-06-08,199.0,Successful,Bank Transfer
PAY0009182,INV0009466,CUST01312,2025-07-01,199.0,Successful,Credit Card
PAY0009183,INV0009467,CUST01312,2025-08-06,199.0,Successful,ACH
PAY0009184,INV0009468,CUST01312,2025-08-30,199.0,Successful,Credit Card
PAY0009185,INV0009469,CUST01312,2025-10-04,199.0,Successful,Debit Card
PAY0009186,INV0009470,CUST01312,2025-11-09,199.0,Successful,ACH
PAY0009187,INV0009471,CUST01312,2025-12-01,199.0,Successful,Credit Card
PAY0009188,INV0009472,CUST01312,2026-01-10,199.0,Successful,Credit Card
PAY0009189,INV0009473,CUST01313,2024-12-29,2029.8,Successful,ACH
PAY0009190,INV0009474,CUST01313,2025-12-26,2029.8,Successful,ACH
PAY0009191,INV0009475,CUST01314,2025-07-08,79.0,Successful,ACH
PAY0009192,INV0009476,CUST01314,2025-08-08,79.0,Successful,Bank Transfer
PAY0009193,INV0009477,CUST01314,2025-08-28,79.0,Successful,Bank Transfer
PAY0009194,INV0009478,CUST01314,2025-10-11,79.0,Successful,Debit Card
PAY0009195,INV0009479,CUST01314,2025-11-03,79.0,Successful,Debit Card
PAY0009196,INV0009480,CUST01314,2025-12-03,79.0,Successful,Bank Transfer
PAY0009197,INV0009481,CUST01315,2025-05-04,29.0,Successful,ACH
PAY0009198,INV0009482,CUST01315,2025-05-23,29.0,Successful,Debit Card
PAY0009199,INV0009483,CUST01315,2025-06-22,29.0,Successful,ACH
PAY0009200,INV0009484,CUST01315,2025-07-22,29.0,Successful,Credit Card
PAY0009201,INV0009485,CUST01315,2025-08-21,29.0,Successful,Bank Transfer
PAY0009202,INV0009486,CUST01315,2025-10-02,29.0,Successful,Debit Card
PAY0009203,INV0009487,CUST01315,2025-11-04,29.0,Failed,Debit Card
PAY0009204,INV0009488,CUST01315,2025-12-01,29.0,Successful,Debit Card
PAY0009205,INV0009489,CUST01315,2025-12-27,29.0,Successful,Bank Transfer
PAY0009206,INV0009490,CUST01316,2024-07-21,29.0,Successful,ACH
PAY0009207,INV0009491,CUST01316,2024-08-26,29.0,Successful,Debit Card
PAY0009208,INV0009492,CUST01316,2024-09-24,29.0,Successful,Bank Transfer
PAY0009209,INV0009493,CUST01316,2024-10-28,29.0,Successful,ACH
PAY0009210,INV0009494,CUST01316,2024-11-20,29.0,Successful,Credit Card
PAY0009211,INV0009495,CUST01316,2024-12-31,29.0,Successful,ACH
PAY0009212,INV0009496,CUST01316,2025-01-30,29.0,Successful,ACH
PAY0009213,INV0009497,CUST01316,2025-02-20,29.0,Successful,Debit Card
PAY0009214,INV0009498,CUST01316,2025-03-27,29.0,Successful,Credit Card
PAY0009215,INV0009499,CUST01316,2025-04-27,29.0,Successful,ACH
PAY0009216,INV0009500,CUST01316,2025-05-20,29.0,Successful,Debit Card
PAY0009217,INV0009501,CUST01316,2025-06-26,29.0,Successful,Debit Card
PAY0009218,INV0009502,CUST01317,2025-06-02,29.0,Successful,Debit Card
PAY0009219,INV0009503,CUST01317,2025-07-06,29.0,Successful,ACH
PAY0009220,INV0009504,CUST01317,2025-07-27,29.0,Successful,Credit Card
PAY0009221,INV0009505,CUST01317,2025-09-08,29.0,Successful,ACH
PAY0009222,INV0009506,CUST01317,2025-10-09,29.0,Successful,Credit Card
PAY0009223,INV0009507,CUST01317,2025-11-08,29.0,Successful,Bank Transfer
PAY0009224,INV0009508,CUST01317,2025-11-30,29.0,Successful,ACH
PAY0009225,INV0009509,CUST01317,2025-12-30,29.0,Successful,Bank Transfer
PAY0009226,INV0009510,CUST01318,2025-10-30,199.0,Successful,ACH
PAY0009227,INV0009511,CUST01318,2025-11-27,199.0,Successful,Debit Card
PAY0009228,INV0009512,CUST01318,2026-01-06,199.0,Successful,Credit Card
PAY0009229,INV0009513,CUST01319,2025-10-08,79.0,Failed,Debit Card
PAY0009230,INV0009514,CUST01319,2025-11-01,79.0,Successful,Bank Transfer
PAY0009231,INV0009515,CUST01319,2025-11-29,79.0,Successful,Bank Transfer
PAY0009232,INV0009516,CUST01320,2024-02-27,29.0,Successful,ACH
PAY0009233,INV0009517,CUST01320,2024-04-06,29.0,Successful,Bank Transfer
PAY0009234,INV0009518,CUST01320,2024-05-08,29.0,Successful,Credit Card
PAY0009235,INV0009519,CUST01320,2024-06-07,29.0,Successful,Credit Card
PAY0009236,INV0009520,CUST01320,2024-07-07,29.0,Successful,ACH
PAY0009237,INV0009521,CUST01320,2024-08-02,29.0,Successful,Credit Card
PAY0009238,INV0009522,CUST01320,2024-08-24,29.0,Successful,Debit Card
PAY0009239,INV0009523,CUST01320,2024-10-04,29.0,Successful,Bank Transfer
PAY0009240,INV0009524,CUST01320,2024-11-07,29.0,Successful,Bank Transfer
PAY0009241,INV0009525,CUST01320,2024-11-29,29.0,Successful,Credit Card
PAY0009242,INV0009526,CUST01320,2024-12-28,29.0,Successful,Bank Transfer
PAY0009243,INV0009527,CUST01320,2025-01-27,29.0,Successful,Credit Card
PAY0009244,INV0009528,CUST01321,2025-05-15,29.0,Successful,ACH
PAY0009245,INV0009529,CUST01321,2025-06-22,29.0,Successful,ACH
PAY0009246,INV0009530,CUST01321,2025-07-14,29.0,Successful,ACH
PAY0009247,INV0009531,CUST01321,2025-08-26,29.0,Successful,Credit Card
PAY0009248,INV0009532,CUST01321,2025-09-19,29.0,Successful,ACH
PAY0009249,INV0009533,CUST01321,2025-10-23,29.0,Successful,ACH
PAY0009250,INV0009534,CUST01322,2025-09-10,2029.8,Successful,ACH
PAY0009251,INV0009535,CUST01323,2024-09-04,79.0,Successful,Credit Card
PAY0009252,INV0009536,CUST01323,2024-10-05,79.0,Successful,Credit Card
PAY0009253,INV0009537,CUST01323,2024-11-06,79.0,Successful,Debit Card
PAY0009254,INV0009538,CUST01323,2024-11-25,79.0,Successful,Debit Card
PAY0009255,INV0009539,CUST01323,2025-01-07,79.0,Successful,Credit Card
PAY0009256,INV0009540,CUST01323,2025-02-02,79.0,Successful,Bank Transfer
PAY0009257,INV0009541,CUST01323,2025-03-10,79.0,Successful,Bank Transfer
PAY0009258,INV0009542,CUST01323,2025-03-30,79.0,Successful,ACH
PAY0009259,INV0009543,CUST01323,2025-05-06,79.0,Successful,Credit Card
PAY0009260,INV0009544,CUST01323,2025-06-07,79.0,Successful,ACH
PAY0009261,INV0009545,CUST01323,2025-06-26,79.0,Successful,Debit Card
PAY0009262,INV0009546,CUST01323,2025-07-25,79.0,Successful,ACH
PAY0009263,INV0009547,CUST01323,2025-09-07,79.0,Successful,Debit Card
PAY0009264,INV0009548,CUST01323,2025-10-03,79.0,Successful,Bank Transfer
PAY0009265,INV0009549,CUST01323,2025-10-28,79.0,Successful,ACH
PAY0009266,INV0009550,CUST01323,2025-11-26,79.0,Successful,Debit Card
PAY0009267,INV0009551,CUST01323,2026-01-07,79.0,Successful,Bank Transfer
PAY0009268,INV0009552,CUST01324,2025-03-03,29.0,Successful,Debit Card
PAY0009269,INV0009553,CUST01324,2025-03-31,29.0,Successful,Debit Card
PAY0009270,INV0009554,CUST01324,2025-05-11,29.0,Successful,Debit Card
PAY0009271,INV0009555,CUST01324,2025-06-04,29.0,Successful,Bank Transfer
PAY0009272,INV0009556,CUST01324,2025-07-06,29.0,Successful,ACH
PAY0009273,INV0009557,CUST01324,2025-07-27,29.0,Successful,Credit Card
PAY0009274,INV0009558,CUST01324,2025-09-08,29.0,Successful,ACH
PAY0009275,INV0009559,CUST01324,2025-10-07,29.0,Successful,Bank Transfer
PAY0009276,INV0009560,CUST01324,2025-11-05,29.0,Successful,Bank Transfer
PAY0009277,INV0009561,CUST01324,2025-12-11,29.0,Successful,Debit Card
PAY0009278,INV0009562,CUST01324,2025-12-28,29.0,Successful,ACH
PAY0009279,INV0009563,CUST01325,2025-04-29,199.0,Successful,ACH
PAY0009280,INV0009564,CUST01325,2025-06-05,199.0,Successful,Debit Card
PAY0009281,INV0009566,CUST01325,2025-07-28,199.0,Successful,ACH
PAY0009282,INV0009567,CUST01325,2025-09-11,199.0,Successful,Debit Card
PAY0009283,INV0009568,CUST01325,2025-10-11,199.0,Successful,Debit Card
PAY0009284,INV0009569,CUST01325,2025-10-30,199.0,Successful,Debit Card
PAY0009285,INV0009570,CUST01325,2025-12-02,199.0,Successful,ACH
PAY0009286,INV0009571,CUST01325,2025-12-28,199.0,Successful,Debit Card
PAY0009287,INV0009572,CUST01326,2024-08-17,199.0,Successful,ACH
PAY0009288,INV0009573,CUST01326,2024-09-23,199.0,Successful,Credit Card
PAY0009289,INV0009574,CUST01326,2024-10-16,199.0,Successful,Credit Card
PAY0009290,INV0009575,CUST01326,2024-11-24,199.0,Successful,Debit Card
PAY0009291,INV0009576,CUST01326,2024-12-18,199.0,Successful,Bank Transfer
PAY0009292,INV0009578,CUST01326,2025-02-22,199.0,Successful,ACH
PAY0009293,INV0009579,CUST01326,2025-03-13,199.0,Successful,ACH
PAY0009294,INV0009580,CUST01326,2025-04-22,199.0,Failed,Debit Card
PAY0009295,INV0009581,CUST01326,2025-05-23,199.0,Successful,Bank Transfer
PAY0009296,INV0009582,CUST01326,2025-06-11,199.0,Successful,Bank Transfer
PAY0009297,INV0009583,CUST01326,2025-07-10,199.0,Successful,Debit Card
PAY0009298,INV0009584,CUST01327,2024-06-03,79.0,Successful,Credit Card
PAY0009299,INV0009585,CUST01327,2024-07-03,79.0,Failed,ACH
PAY0009300,INV0009586,CUST01327,2024-07-27,79.0,Successful,Debit Card
PAY0009301,INV0009587,CUST01327,2024-08-31,79.0,Successful,Debit Card
PAY0009302,INV0009588,CUST01327,2024-09-20,79.0,Successful,Bank Transfer
PAY0009303,INV0009589,CUST01327,2024-10-25,79.0,Successful,Bank Transfer
PAY0009304,INV0009590,CUST01327,2024-11-30,79.0,Successful,Credit Card
PAY0009305,INV0009591,CUST01327,2024-12-29,79.0,Successful,ACH
PAY0009306,INV0009592,CUST01327,2025-01-24,79.0,Successful,Bank Transfer
PAY0009307,INV0009593,CUST01327,2025-02-23,79.0,Successful,ACH
PAY0009308,INV0009594,CUST01327,2025-03-22,79.0,Successful,Bank Transfer
PAY0009309,INV0009595,CUST01327,2025-04-21,79.0,Successful,Credit Card
PAY0009310,INV0009596,CUST01327,2025-05-31,79.0,Successful,ACH
PAY0009311,INV0009597,CUST01327,2025-07-04,79.0,Successful,ACH
PAY0009312,INV0009598,CUST01327,2025-07-25,79.0,Successful,ACH
PAY0009313,INV0009599,CUST01327,2025-08-22,79.0,Successful,Bank Transfer
PAY0009314,INV0009600,CUST01327,2025-09-23,79.0,Successful,Debit Card
PAY0009315,INV0009601,CUST01327,2025-11-03,79.0,Successful,Bank Transfer
PAY0009316,INV0009602,CUST01327,2025-12-04,79.0,Successful,Bank Transfer
PAY0009317,INV0009603,CUST01327,2025-12-20,79.0,Successful,Bank Transfer
PAY0009318,INV0009604,CUST01328,2024-08-07,29.0,Successful,ACH
PAY0009319,INV0009605,CUST01328,2024-09-03,29.0,Successful,Credit Card
PAY0009320,INV0009606,CUST01328,2024-09-28,79.0,Successful,Bank Transfer
PAY0009321,INV0009607,CUST01328,2024-10-29,79.0,Successful,ACH
PAY0009322,INV0009608,CUST01328,2024-12-05,79.0,Successful,Debit Card
PAY0009323,INV0009609,CUST01328,2025-01-03,79.0,Successful,ACH
PAY0009324,INV0009610,CUST01329,2024-10-22,79.0,Successful,Debit Card
PAY0009325,INV0009611,CUST01329,2024-11-18,79.0,Successful,Credit Card
PAY0009326,INV0009612,CUST01329,2024-12-19,79.0,Successful,Debit Card
PAY0009327,INV0009613,CUST01329,2025-01-19,79.0,Successful,Bank Transfer
PAY0009328,INV0009614,CUST01329,2025-02-19,79.0,Successful,ACH
PAY0009329,INV0009615,CUST01329,2025-03-29,79.0,Successful,Debit Card
PAY0009330,INV0009616,CUST01329,2025-04-16,79.0,Successful,Bank Transfer
PAY0009331,INV0009617,CUST01329,2025-05-27,79.0,Successful,Bank Transfer
PAY0009332,INV0009618,CUST01329,2025-06-29,79.0,Successful,Credit Card
PAY0009333,INV0009619,CUST01329,2025-07-27,79.0,Successful,Debit Card
PAY0009334,INV0009620,CUST01329,2025-08-26,79.0,Successful,Debit Card
PAY0009335,INV0009621,CUST01329,2025-09-27,79.0,Successful,Debit Card
PAY0009336,INV0009622,CUST01330,2024-07-09,29.0,Successful,Debit Card
PAY0009337,INV0009623,CUST01330,2024-07-27,29.0,Successful,Credit Card
PAY0009338,INV0009624,CUST01330,2024-09-08,29.0,Successful,Bank Transfer
PAY0009339,INV0009625,CUST01330,2024-10-08,29.0,Successful,Credit Card
PAY0009340,INV0009626,CUST01330,2024-10-27,29.0,Successful,Debit Card
PAY0009341,INV0009627,CUST01330,2024-12-01,29.0,Successful,Credit Card
PAY0009342,INV0009628,CUST01330,2025-01-06,29.0,Successful,Credit Card
PAY0009343,INV0009629,CUST01330,2025-01-30,29.0,Successful,Debit Card
PAY0009344,INV0009630,CUST01330,2025-03-06,29.0,Refunded,Debit Card
PAY0009345,INV0009631,CUST01330,2025-04-08,29.0,Successful,ACH
PAY0009346,INV0009633,CUST01330,2025-05-28,29.0,Successful,Bank Transfer
PAY0009347,INV0009634,CUST01330,2025-06-28,29.0,Successful,ACH
PAY0009348,INV0009635,CUST01330,2025-08-08,29.0,Successful,Bank Transfer
PAY0009349,INV0009636,CUST01330,2025-09-06,29.0,Successful,Credit Card
PAY0009350,INV0009637,CUST01330,2025-10-07,29.0,Refunded,Credit Card
PAY0009351,INV0009638,CUST01330,2025-11-08,29.0,Successful,Bank Transfer
PAY0009352,INV0009639,CUST01330,2025-11-29,29.0,Successful,Debit Card
PAY0009353,INV0009640,CUST01331,2025-10-16,199.0,Successful,ACH
PAY0009354,INV0009641,CUST01331,2025-11-17,199.0,Successful,Bank Transfer
PAY0009355,INV0009642,CUST01331,2025-12-30,199.0,Successful,Debit Card
PAY0009356,INV0009643,CUST01332,2024-04-06,199.0,Successful,Bank Transfer
PAY0009357,INV0009644,CUST01332,2024-05-14,199.0,Successful,Bank Transfer
PAY0009358,INV0009645,CUST01332,2024-05-31,199.0,Successful,Bank Transfer
PAY0009359,INV0009646,CUST01332,2024-07-12,199.0,Successful,Credit Card
PAY0009360,INV0009647,CUST01332,2024-08-03,199.0,Successful,Bank Transfer
PAY0009361,INV0009648,CUST01332,2024-09-07,199.0,Successful,Bank Transfer
PAY0009362,INV0009649,CUST01332,2024-10-04,199.0,Successful,ACH
PAY0009363,INV0009650,CUST01332,2024-11-09,199.0,Successful,Credit Card
PAY0009364,INV0009651,CUST01332,2024-12-09,199.0,Successful,Bank Transfer
PAY0009365,INV0009652,CUST01332,2025-01-02,199.0,Successful,Debit Card
PAY0009366,INV0009654,CUST01332,2025-03-04,199.0,Successful,Debit Card
PAY0009367,INV0009655,CUST01332,2025-04-07,199.0,Successful,Credit Card
PAY0009368,INV0009656,CUST01332,2025-05-12,199.0,Successful,Debit Card
PAY0009369,INV0009657,CUST01332,2025-05-29,199.0,Successful,ACH
PAY0009370,INV0009658,CUST01332,2025-07-03,199.0,Successful,ACH
PAY0009371,INV0009659,CUST01332,2025-08-12,199.0,Successful,Credit Card
PAY0009372,INV0009660,CUST01332,2025-09-11,199.0,Successful,Credit Card
PAY0009373,INV0009661,CUST01332,2025-10-06,199.0,Successful,Bank Transfer
PAY0009374,INV0009662,CUST01332,2025-11-02,199.0,Successful,Debit Card
PAY0009375,INV0009663,CUST01332,2025-12-13,199.0,Successful,ACH
PAY0009376,INV0009664,CUST01332,2026-01-08,199.0,Successful,Bank Transfer
PAY0009377,INV0009665,CUST01333,2025-09-04,29.0,Successful,Bank Transfer
PAY0009378,INV0009666,CUST01333,2025-10-05,29.0,Successful,ACH
PAY0009379,INV0009667,CUST01333,2025-11-04,29.0,Refunded,ACH
PAY0009380,INV0009668,CUST01333,2025-12-07,29.0,Successful,ACH
PAY0009381,INV0009669,CUST01333,2025-12-31,29.0,Successful,ACH
PAY0009382,INV0009670,CUST01334,2024-09-15,79.0,Successful,Credit Card
PAY0009383,INV0009671,CUST01334,2024-10-10,79.0,Successful,Bank Transfer
PAY0009384,INV0009672,CUST01334,2024-11-19,79.0,Successful,Bank Transfer
PAY0009385,INV0009673,CUST01334,2024-12-17,79.0,Successful,ACH
PAY0009386,INV0009674,CUST01334,2025-01-10,79.0,Successful,ACH
PAY0009387,INV0009675,CUST01334,2025-02-16,79.0,Successful,Debit Card
PAY0009388,INV0009676,CUST01334,2025-03-18,79.0,Successful,Debit Card
PAY0009389,INV0009677,CUST01334,2025-04-16,79.0,Successful,ACH
PAY0009390,INV0009678,CUST01334,2025-05-24,79.0,Successful,Bank Transfer
PAY0009391,INV0009679,CUST01334,2025-06-16,79.0,Successful,Bank Transfer
PAY0009392,INV0009680,CUST01334,2025-07-10,79.0,Successful,Credit Card
PAY0009393,INV0009681,CUST01334,2025-08-10,79.0,Successful,Debit Card
PAY0009394,INV0009682,CUST01334,2025-09-23,79.0,Successful,Debit Card
PAY0009395,INV0009683,CUST01334,2025-10-24,79.0,Successful,Credit Card
PAY0009396,INV0009684,CUST01334,2025-11-18,79.0,Successful,Credit Card
PAY0009397,INV0009685,CUST01334,2025-12-14,79.0,Successful,ACH
PAY0009398,INV0009686,CUST01335,2025-08-18,79.0,Successful,Debit Card
PAY0009399,INV0009687,CUST01335,2025-09-16,79.0,Successful,Bank Transfer
PAY0009400,INV0009688,CUST01335,2025-10-12,79.0,Successful,Bank Transfer
PAY0009401,INV0009689,CUST01336,2025-05-11,805.8,Successful,Bank Transfer
PAY0009402,INV0009690,CUST01337,2025-05-14,29.0,Successful,Credit Card
PAY0009403,INV0009691,CUST01337,2025-06-15,29.0,Successful,Debit Card
PAY0009404,INV0009692,CUST01337,2025-07-13,29.0,Successful,Credit Card
PAY0009405,INV0009693,CUST01337,2025-08-11,29.0,Successful,Bank Transfer
PAY0009406,INV0009694,CUST01337,2025-09-20,29.0,Successful,Debit Card
PAY0009407,INV0009695,CUST01337,2025-10-09,29.0,Successful,ACH
PAY0009408,INV0009696,CUST01337,2025-11-17,29.0,Successful,ACH
PAY0009409,INV0009698,CUST01338,2025-06-06,29.0,Successful,Bank Transfer
PAY0009410,INV0009699,CUST01338,2025-07-04,29.0,Successful,Credit Card
PAY0009411,INV0009700,CUST01338,2025-08-06,29.0,Successful,Debit Card
PAY0009412,INV0009701,CUST01338,2025-08-29,29.0,Successful,ACH
PAY0009413,INV0009702,CUST01338,2025-09-29,29.0,Successful,Debit Card
PAY0009414,INV0009703,CUST01338,2025-10-29,29.0,Successful,ACH
PAY0009415,INV0009704,CUST01338,2025-12-01,29.0,Successful,Credit Card
PAY0009416,INV0009705,CUST01338,2026-01-01,29.0,Successful,Bank Transfer
PAY0009417,INV0009706,CUST01339,2024-08-23,79.0,Successful,Credit Card
PAY0009418,INV0009707,CUST01339,2024-09-26,79.0,Failed,Bank Transfer
PAY0009419,INV0009708,CUST01339,2024-10-21,79.0,Successful,ACH
PAY0009420,INV0009709,CUST01339,2024-11-23,79.0,Successful,Debit Card
PAY0009421,INV0009710,CUST01339,2024-12-15,79.0,Successful,Bank Transfer
PAY0009422,INV0009711,CUST01339,2025-01-26,79.0,Successful,ACH
PAY0009423,INV0009712,CUST01339,2025-02-21,79.0,Refunded,ACH
PAY0009424,INV0009713,CUST01339,2025-03-23,79.0,Successful,Debit Card
PAY0009425,INV0009714,CUST01339,2025-04-25,79.0,Successful,ACH
PAY0009426,INV0009715,CUST01339,2025-05-14,79.0,Successful,Credit Card
PAY0009427,INV0009716,CUST01339,2025-06-18,79.0,Successful,Debit Card
PAY0009428,INV0009717,CUST01339,2025-07-22,79.0,Successful,Debit Card
PAY0009429,INV0009718,CUST01339,2025-08-23,79.0,Successful,Debit Card
PAY0009430,INV0009719,CUST01339,2025-09-22,79.0,Successful,ACH
PAY0009431,INV0009720,CUST01339,2025-10-26,79.0,Successful,Bank Transfer
PAY0009432,INV0009721,CUST01339,2025-11-25,79.0,Successful,ACH
PAY0009433,INV0009723,CUST01340,2024-01-20,29.0,Successful,ACH
PAY0009434,INV0009724,CUST01340,2024-02-21,29.0,Successful,ACH
PAY0009435,INV0009725,CUST01340,2024-04-01,29.0,Successful,Credit Card
PAY0009436,INV0009726,CUST01340,2024-04-29,29.0,Successful,Debit Card
PAY0009437,INV0009727,CUST01340,2024-05-26,29.0,Successful,Bank Transfer
PAY0009438,INV0009728,CUST01340,2024-07-02,29.0,Successful,Credit Card
PAY0009439,INV0009729,CUST01340,2024-07-30,29.0,Successful,Credit Card
PAY0009440,INV0009730,CUST01340,2024-08-18,29.0,Successful,Credit Card
PAY0009441,INV0009731,CUST01340,2024-09-20,29.0,Successful,ACH
PAY0009442,INV0009732,CUST01340,2024-10-21,29.0,Successful,Debit Card
PAY0009443,INV0009733,CUST01340,2024-11-25,29.0,Successful,Debit Card
PAY0009444,INV0009734,CUST01340,2024-12-23,29.0,Successful,Bank Transfer
PAY0009445,INV0009735,CUST01340,2025-01-25,29.0,Successful,ACH
PAY0009446,INV0009736,CUST01340,2025-02-21,29.0,Successful,ACH
PAY0009447,INV0009737,CUST01340,2025-03-19,29.0,Successful,Credit Card
PAY0009448,INV0009738,CUST01340,2025-04-24,29.0,Successful,Credit Card
PAY0009449,INV0009739,CUST01340,2025-05-28,29.0,Successful,Debit Card
PAY0009450,INV0009740,CUST01340,2025-06-27,29.0,Successful,Debit Card
PAY0009451,INV0009741,CUST01341,2025-08-10,29.0,Successful,Credit Card
PAY0009452,INV0009742,CUST01341,2025-09-09,29.0,Successful,Credit Card
PAY0009453,INV0009743,CUST01341,2025-10-12,29.0,Successful,Debit Card
PAY0009454,INV0009744,CUST01341,2025-11-17,29.0,Successful,Debit Card
PAY0009455,INV0009745,CUST01341,2025-12-21,29.0,Successful,ACH
PAY0009456,INV0009746,CUST01342,2024-06-05,79.0,Successful,Bank Transfer
PAY0009457,INV0009747,CUST01342,2024-06-25,79.0,Successful,Credit Card
PAY0009458,INV0009748,CUST01342,2024-07-31,79.0,Successful,Credit Card
PAY0009459,INV0009749,CUST01342,2024-09-05,79.0,Successful,Credit Card
PAY0009460,INV0009750,CUST01342,2024-09-29,79.0,Successful,Debit Card
PAY0009461,INV0009751,CUST01342,2024-11-03,79.0,Successful,Bank Transfer
PAY0009462,INV0009752,CUST01342,2024-11-23,79.0,Successful,Debit Card
PAY0009463,INV0009754,CUST01342,2025-01-28,79.0,Successful,Debit Card
PAY0009464,INV0009755,CUST01342,2025-02-22,79.0,Successful,Bank Transfer
PAY0009465,INV0009756,CUST01342,2025-04-02,79.0,Successful,Credit Card
PAY0009466,INV0009757,CUST01342,2025-05-06,79.0,Successful,ACH
PAY0009467,INV0009758,CUST01343,2025-10-08,295.8,Successful,Bank Transfer
PAY0009468,INV0009759,CUST01344,2025-02-03,29.0,Successful,Debit Card
PAY0009469,INV0009760,CUST01344,2025-03-10,29.0,Successful,Bank Transfer
PAY0009470,INV0009761,CUST01344,2025-04-02,29.0,Successful,Credit Card
PAY0009471,INV0009762,CUST01344,2025-05-06,29.0,Successful,Debit Card
PAY0009472,INV0009763,CUST01344,2025-06-05,29.0,Successful,Debit Card
PAY0009473,INV0009764,CUST01344,2025-07-06,29.0,Successful,Bank Transfer
PAY0009474,INV0009765,CUST01344,2025-08-03,29.0,Successful,Credit Card
PAY0009475,INV0009766,CUST01344,2025-09-12,29.0,Successful,Debit Card
PAY0009476,INV0009767,CUST01344,2025-10-04,29.0,Successful,Credit Card
PAY0009477,INV0009768,CUST01344,2025-11-12,29.0,Refunded,Credit Card
PAY0009478,INV0009769,CUST01344,2025-12-02,29.0,Successful,Debit Card
PAY0009479,INV0009770,CUST01344,2026-01-09,29.0,Successful,Bank Transfer
PAY0009480,INV0009771,CUST01345,2025-03-27,29.0,Successful,Bank Transfer
PAY0009481,INV0009772,CUST01345,2025-04-19,29.0,Successful,Debit Card
PAY0009482,INV0009773,CUST01345,2025-05-17,29.0,Successful,Credit Card
PAY0009483,INV0009774,CUST01345,2025-06-17,29.0,Successful,Debit Card
PAY0009484,INV0009775,CUST01345,2025-07-24,29.0,Successful,Bank Transfer
PAY0009485,INV0009776,CUST01345,2025-08-25,29.0,Successful,Bank Transfer
PAY0009486,INV0009777,CUST01345,2025-09-21,29.0,Successful,Credit Card
PAY0009487,INV0009778,CUST01345,2025-10-24,29.0,Successful,Debit Card
PAY0009488,INV0009779,CUST01345,2025-11-20,29.0,Successful,Debit Card
PAY0009489,INV0009780,CUST01345,2025-12-25,29.0,Successful,ACH
PAY0009490,INV0009781,CUST01346,2025-12-14,199.0,Successful,Bank Transfer
PAY0009491,INV0009782,CUST01347,2025-06-22,79.0,Successful,ACH
PAY0009492,INV0009783,CUST01347,2025-07-18,79.0,Successful,Bank Transfer
PAY0009493,INV0009784,CUST01347,2025-08-26,79.0,Successful,Debit Card
PAY0009494,INV0009785,CUST01347,2025-09-19,79.0,Successful,Debit Card
PAY0009495,INV0009786,CUST01347,2025-10-25,79.0,Successful,ACH
PAY0009496,INV0009787,CUST01347,2025-11-22,79.0,Successful,Credit Card
PAY0009497,INV0009788,CUST01347,2025-12-14,79.0,Successful,Debit Card
PAY0009498,INV0009789,CUST01348,2024-05-05,199.0,Successful,ACH
PAY0009499,INV0009790,CUST01348,2024-06-02,199.0,Successful,Debit Card
PAY0009500,INV0009791,CUST01348,2024-06-26,199.0,Successful,Bank Transfer
PAY0009501,INV0009792,CUST01348,2024-07-28,199.0,Successful,Debit Card
PAY0009502,INV0009793,CUST01348,2024-08-28,199.0,Successful,Debit Card
PAY0009503,INV0009794,CUST01348,2024-10-01,199.0,Refunded,Credit Card
PAY0009504,INV0009795,CUST01348,2024-10-31,199.0,Successful,Debit Card
PAY0009505,INV0009796,CUST01348,2024-12-03,199.0,Successful,ACH
PAY0009506,INV0009797,CUST01348,2024-12-26,199.0,Successful,Debit Card
PAY0009507,INV0009798,CUST01348,2025-01-26,199.0,Successful,ACH
PAY0009508,INV0009799,CUST01348,2025-03-10,199.0,Successful,ACH
PAY0009509,INV0009800,CUST01348,2025-04-07,199.0,Successful,ACH
PAY0009510,INV0009801,CUST01348,2025-05-08,199.0,Successful,ACH
PAY0009511,INV0009802,CUST01348,2025-05-24,199.0,Successful,Bank Transfer
PAY0009512,INV0009803,CUST01348,2025-06-27,199.0,Successful,ACH
PAY0009513,INV0009804,CUST01348,2025-07-30,199.0,Successful,Credit Card
PAY0009514,INV0009805,CUST01348,2025-09-07,199.0,Successful,Debit Card
PAY0009515,INV0009806,CUST01348,2025-09-30,199.0,Successful,Bank Transfer
PAY0009516,INV0009807,CUST01348,2025-10-28,199.0,Successful,Debit Card
PAY0009517,INV0009808,CUST01348,2025-12-04,199.0,Successful,ACH
PAY0009518,INV0009809,CUST01348,2025-12-30,199.0,Successful,ACH
PAY0009519,INV0009810,CUST01349,2025-01-11,79.0,Successful,ACH
PAY0009520,INV0009811,CUST01349,2025-02-16,79.0,Successful,Bank Transfer
PAY0009521,INV0009812,CUST01349,2025-03-18,79.0,Successful,Bank Transfer
PAY0009522,INV0009813,CUST01349,2025-04-23,79.0,Successful,Debit Card
PAY0009523,INV0009814,CUST01349,2025-05-23,79.0,Successful,Bank Transfer
PAY0009524,INV0009815,CUST01349,2025-06-13,79.0,Successful,ACH
PAY0009525,INV0009816,CUST01349,2025-07-25,79.0,Successful,Debit Card
PAY0009526,INV0009817,CUST01349,2025-08-11,79.0,Successful,ACH
PAY0009527,INV0009818,CUST01349,2025-09-14,79.0,Successful,Debit Card
PAY0009528,INV0009819,CUST01349,2025-10-15,79.0,Successful,Bank Transfer
PAY0009529,INV0009820,CUST01349,2025-11-12,79.0,Refunded,Credit Card
PAY0009530,INV0009821,CUST01349,2025-12-15,79.0,Successful,Bank Transfer
PAY0009531,INV0009823,CUST01350,2024-07-06,199.0,Successful,Bank Transfer
PAY0009532,INV0009824,CUST01350,2024-08-04,199.0,Successful,Bank Transfer
PAY0009533,INV0009825,CUST01350,2024-08-31,199.0,Successful,ACH
PAY0009534,INV0009826,CUST01350,2024-10-01,199.0,Successful,ACH
PAY0009535,INV0009827,CUST01350,2024-11-03,199.0,Successful,ACH
PAY0009536,INV0009829,CUST01350,2024-12-31,199.0,Successful,Bank Transfer
PAY0009537,INV0009830,CUST01350,2025-01-25,199.0,Successful,ACH
PAY0009538,INV0009831,CUST01350,2025-03-08,199.0,Successful,Debit Card
PAY0009539,INV0009832,CUST01350,2025-03-25,199.0,Successful,Debit Card
PAY0009540,INV0009833,CUST01350,2025-04-23,199.0,Successful,Debit Card
PAY0009541,INV0009834,CUST01351,2025-08-24,79.0,Successful,Debit Card
PAY0009542,INV0009835,CUST01351,2025-09-30,79.0,Successful,Bank Transfer
PAY0009543,INV0009836,CUST01351,2025-10-27,79.0,Successful,Debit Card
PAY0009544,INV0009837,CUST01351,2025-11-27,79.0,Successful,Credit Card
PAY0009545,INV0009838,CUST01351,2025-12-28,79.0,Successful,Debit Card
PAY0009546,INV0009839,CUST01352,2024-11-25,79.0,Successful,Debit Card
PAY0009547,INV0009840,CUST01352,2025-01-06,79.0,Successful,Credit Card
PAY0009548,INV0009841,CUST01352,2025-02-08,79.0,Successful,Credit Card
PAY0009549,INV0009842,CUST01352,2025-02-28,79.0,Successful,Debit Card
PAY0009550,INV0009843,CUST01352,2025-04-07,79.0,Successful,Debit Card
PAY0009551,INV0009844,CUST01352,2025-04-29,79.0,Successful,Debit Card
PAY0009552,INV0009846,CUST01352,2025-06-27,79.0,Successful,Bank Transfer
PAY0009553,INV0009847,CUST01352,2025-07-25,79.0,Successful,Debit Card
PAY0009554,INV0009848,CUST01352,2025-09-03,79.0,Failed,Debit Card
PAY0009555,INV0009849,CUST01352,2025-10-07,79.0,Successful,ACH
PAY0009556,INV0009850,CUST01352,2025-11-03,79.0,Successful,Credit Card
PAY0009557,INV0009851,CUST01352,2025-12-09,79.0,Failed,Credit Card
PAY0009558,INV0009852,CUST01352,2026-01-04,79.0,Successful,Credit Card
PAY0009559,INV0009853,CUST01353,2024-10-17,79.0,Successful,Debit Card
PAY0009560,INV0009854,CUST01353,2024-11-13,79.0,Successful,ACH
PAY0009561,INV0009855,CUST01353,2024-12-15,79.0,Successful,Bank Transfer
PAY0009562,INV0009856,CUST01353,2025-01-25,79.0,Successful,ACH
PAY0009563,INV0009857,CUST01353,2025-02-15,79.0,Successful,Credit Card
PAY0009564,INV0009858,CUST01353,2025-03-21,79.0,Successful,Bank Transfer
PAY0009565,INV0009859,CUST01353,2025-04-25,79.0,Successful,Debit Card
PAY0009566,INV0009860,CUST01353,2025-05-24,79.0,Successful,Credit Card
PAY0009567,INV0009861,CUST01353,2025-06-21,79.0,Successful,Credit Card
PAY0009568,INV0009862,CUST01353,2025-07-19,79.0,Successful,Debit Card
PAY0009569,INV0009863,CUST01353,2025-08-22,79.0,Successful,Credit Card
PAY0009570,INV0009864,CUST01353,2025-09-14,79.0,Successful,Bank Transfer
PAY0009571,INV0009865,CUST01353,2025-10-11,79.0,Failed,Debit Card
PAY0009572,INV0009866,CUST01353,2025-11-22,79.0,Successful,Debit Card
PAY0009573,INV0009867,CUST01353,2025-12-22,79.0,Successful,Debit Card
PAY0009574,INV0009868,CUST01354,2025-06-04,295.8,Successful,Debit Card
PAY0009575,INV0009869,CUST01355,2025-04-08,29.0,Successful,Credit Card
PAY0009576,INV0009870,CUST01355,2025-05-09,29.0,Successful,ACH
PAY0009577,INV0009871,CUST01355,2025-06-10,29.0,Successful,Debit Card
PAY0009578,INV0009872,CUST01355,2025-07-14,29.0,Successful,Credit Card
PAY0009579,INV0009873,CUST01355,2025-08-20,29.0,Successful,Bank Transfer
PAY0009580,INV0009874,CUST01355,2025-09-09,29.0,Successful,Bank Transfer
PAY0009581,INV0009875,CUST01355,2025-10-19,29.0,Successful,Debit Card
PAY0009582,INV0009876,CUST01355,2025-11-08,29.0,Successful,Credit Card
PAY0009583,INV0009877,CUST01355,2025-12-16,29.0,Successful,ACH
PAY0009584,INV0009878,CUST01356,2024-07-18,79.0,Successful,Credit Card
PAY0009585,INV0009879,CUST01356,2024-08-12,79.0,Successful,ACH
PAY0009586,INV0009881,CUST01356,2024-10-26,79.0,Successful,Debit Card
PAY0009587,INV0009882,CUST01356,2024-11-12,79.0,Successful,Credit Card
PAY0009588,INV0009883,CUST01356,2024-12-15,79.0,Successful,ACH
PAY0009589,INV0009884,CUST01356,2025-01-12,79.0,Successful,Credit Card
PAY0009590,INV0009885,CUST01356,2025-02-24,79.0,Successful,ACH
PAY0009591,INV0009886,CUST01356,2025-03-14,79.0,Successful,Bank Transfer
PAY0009592,INV0009887,CUST01356,2025-04-19,79.0,Successful,Bank Transfer
PAY0009593,INV0009888,CUST01356,2025-05-18,79.0,Successful,Bank Transfer
PAY0009594,INV0009889,CUST01356,2025-06-26,79.0,Failed,Debit Card
PAY0009595,INV0009890,CUST01356,2025-07-22,79.0,Successful,ACH
PAY0009596,INV0009891,CUST01356,2025-08-25,79.0,Refunded,Debit Card
PAY0009597,INV0009892,CUST01356,2025-09-23,79.0,Successful,Credit Card
PAY0009598,INV0009893,CUST01356,2025-10-14,79.0,Successful,Bank Transfer
PAY0009599,INV0009894,CUST01356,2025-11-19,79.0,Successful,Debit Card
PAY0009600,INV0009895,CUST01356,2025-12-21,79.0,Failed,Debit Card
PAY0009601,INV0009896,CUST01357,2024-07-08,29.0,Successful,Debit Card
PAY0009602,INV0009898,CUST01357,2024-09-03,29.0,Successful,Debit Card
PAY0009603,INV0009899,CUST01357,2024-10-11,29.0,Failed,Credit Card
PAY0009604,INV0009900,CUST01357,2024-11-05,29.0,Successful,Bank Transfer
PAY0009605,INV0009901,CUST01357,2024-12-04,29.0,Successful,ACH
PAY0009606,INV0009902,CUST01357,2025-01-10,29.0,Successful,Credit Card
PAY0009607,INV0009903,CUST01357,2025-02-13,29.0,Successful,ACH
PAY0009608,INV0009904,CUST01357,2025-03-16,29.0,Successful,Bank Transfer
PAY0009609,INV0009905,CUST01357,2025-04-11,29.0,Successful,Debit Card
PAY0009610,INV0009906,CUST01357,2025-05-04,29.0,Successful,ACH
PAY0009611,INV0009907,CUST01357,2025-06-10,29.0,Successful,Credit Card
PAY0009612,INV0009908,CUST01357,2025-07-07,29.0,Successful,Credit Card
PAY0009613,INV0009909,CUST01357,2025-08-11,29.0,Successful,Credit Card
PAY0009614,INV0009910,CUST01357,2025-09-17,29.0,Successful,ACH
PAY0009615,INV0009911,CUST01357,2025-10-08,29.0,Successful,Bank Transfer
PAY0009616,INV0009912,CUST01357,2025-11-09,29.0,Successful,Bank Transfer
PAY0009617,INV0009913,CUST01357,2025-12-12,29.0,Successful,Debit Card
PAY0009618,INV0009914,CUST01358,2024-05-01,79.0,Successful,Credit Card
PAY0009619,INV0009915,CUST01358,2024-06-03,79.0,Successful,Credit Card
PAY0009620,INV0009916,CUST01358,2024-06-29,79.0,Successful,Bank Transfer
PAY0009621,INV0009917,CUST01358,2024-08-01,79.0,Successful,Credit Card
PAY0009622,INV0009918,CUST01358,2024-08-27,79.0,Successful,Credit Card
PAY0009623,INV0009919,CUST01358,2024-09-30,79.0,Successful,ACH
PAY0009624,INV0009920,CUST01358,2024-11-07,79.0,Successful,Bank Transfer
PAY0009625,INV0009921,CUST01358,2024-11-30,79.0,Successful,Debit Card
PAY0009626,INV0009922,CUST01358,2025-01-08,79.0,Successful,Debit Card
PAY0009627,INV0009923,CUST01358,2025-02-02,79.0,Successful,Bank Transfer
PAY0009628,INV0009924,CUST01358,2025-03-02,79.0,Successful,Bank Transfer
PAY0009629,INV0009925,CUST01358,2025-04-01,79.0,Successful,Debit Card
PAY0009630,INV0009926,CUST01358,2025-05-06,79.0,Successful,Bank Transfer
PAY0009631,INV0009927,CUST01358,2025-06-04,79.0,Failed,ACH
PAY0009632,INV0009928,CUST01358,2025-07-09,79.0,Successful,Debit Card
PAY0009633,INV0009929,CUST01358,2025-07-31,79.0,Successful,Debit Card
PAY0009634,INV0009930,CUST01358,2025-09-06,79.0,Successful,Bank Transfer
PAY0009635,INV0009931,CUST01358,2025-09-29,79.0,Successful,Bank Transfer
PAY0009636,INV0009932,CUST01359,2025-06-26,79.0,Successful,Bank Transfer
PAY0009637,INV0009933,CUST01359,2025-07-23,79.0,Successful,Debit Card
PAY0009638,INV0009934,CUST01359,2025-08-26,79.0,Successful,Bank Transfer
PAY0009639,INV0009935,CUST01359,2025-09-24,79.0,Successful,Debit Card
PAY0009640,INV0009936,CUST01359,2025-10-23,79.0,Successful,Debit Card
PAY0009641,INV0009937,CUST01359,2025-12-01,79.0,Successful,Credit Card
PAY0009642,INV0009938,CUST01359,2025-12-28,79.0,Successful,Credit Card
PAY0009643,INV0009939,CUST01360,2025-05-04,79.0,Successful,Credit Card
PAY0009644,INV0009940,CUST01360,2025-06-11,79.0,Successful,Credit Card
PAY0009645,INV0009941,CUST01360,2025-07-12,79.0,Successful,ACH
PAY0009646,INV0009942,CUST01360,2025-08-13,79.0,Successful,Bank Transfer
PAY0009647,INV0009943,CUST01360,2025-09-13,79.0,Successful,Bank Transfer
PAY0009648,INV0009944,CUST01360,2025-10-04,79.0,Successful,Bank Transfer
PAY0009649,INV0009945,CUST01360,2025-11-14,79.0,Successful,ACH
PAY0009650,INV0009946,CUST01360,2025-12-12,79.0,Successful,ACH
PAY0009651,INV0009947,CUST01360,2026-01-13,79.0,Successful,Debit Card
PAY0009652,INV0009949,CUST01361,2024-12-01,79.0,Successful,ACH
PAY0009653,INV0009950,CUST01361,2025-01-04,79.0,Successful,ACH
PAY0009654,INV0009951,CUST01362,2025-06-30,199.0,Successful,ACH
PAY0009655,INV0009952,CUST01362,2025-07-27,199.0,Successful,Bank Transfer
PAY0009656,INV0009953,CUST01362,2025-08-18,199.0,Successful,Credit Card
PAY0009657,INV0009954,CUST01362,2025-09-18,199.0,Successful,Bank Transfer
PAY0009658,INV0009955,CUST01362,2025-10-24,199.0,Successful,Debit Card
PAY0009659,INV0009956,CUST01362,2025-11-27,199.0,Successful,Debit Card
PAY0009660,INV0009957,CUST01362,2025-12-31,199.0,Successful,Bank Transfer
PAY0009661,INV0009958,CUST01363,2025-05-20,805.8,Successful,ACH
PAY0009662,INV0009959,CUST01364,2025-04-28,29.0,Successful,Bank Transfer
PAY0009663,INV0009960,CUST01364,2025-05-24,29.0,Successful,Credit Card
PAY0009664,INV0009961,CUST01364,2025-06-27,29.0,Failed,Bank Transfer
PAY0009665,INV0009962,CUST01364,2025-07-15,29.0,Successful,Credit Card
PAY0009666,INV0009963,CUST01364,2025-08-17,29.0,Successful,Bank Transfer
PAY0009667,INV0009964,CUST01364,2025-09-16,29.0,Successful,Debit Card
PAY0009668,INV0009965,CUST01364,2025-10-28,29.0,Successful,Debit Card
PAY0009669,INV0009966,CUST01364,2025-11-25,29.0,Successful,Credit Card
PAY0009670,INV0009967,CUST01364,2025-12-28,29.0,Successful,Debit Card
PAY0009671,INV0009968,CUST01365,2024-06-29,295.8,Successful,Debit Card
PAY0009672,INV0009969,CUST01366,2024-02-27,29.0,Successful,Bank Transfer
PAY0009673,INV0009970,CUST01366,2024-03-23,29.0,Successful,Credit Card
PAY0009674,INV0009971,CUST01366,2024-04-29,29.0,Successful,ACH
PAY0009675,INV0009972,CUST01366,2024-05-19,29.0,Successful,Bank Transfer
PAY0009676,INV0009973,CUST01366,2024-06-19,29.0,Successful,Bank Transfer
PAY0009677,INV0009974,CUST01366,2024-07-26,29.0,Successful,Credit Card
PAY0009678,INV0009975,CUST01367,2025-09-28,29.0,Successful,Credit Card
PAY0009679,INV0009976,CUST01367,2025-11-02,29.0,Successful,Credit Card
PAY0009680,INV0009977,CUST01367,2025-11-26,29.0,Successful,ACH
PAY0009681,INV0009978,CUST01367,2025-12-31,29.0,Successful,Credit Card
PAY0009682,INV0009979,CUST01368,2024-07-01,29.0,Successful,Debit Card
PAY0009683,INV0009980,CUST01368,2024-08-01,29.0,Successful,Credit Card
PAY0009684,INV0009981,CUST01368,2024-09-12,29.0,Successful,Credit Card
PAY0009685,INV0009982,CUST01368,2024-10-06,29.0,Successful,Bank Transfer
PAY0009686,INV0009983,CUST01368,2024-11-11,29.0,Successful,Debit Card
PAY0009687,INV0009984,CUST01368,2024-11-30,29.0,Successful,Credit Card
PAY0009688,INV0009985,CUST01368,2025-01-12,29.0,Successful,ACH
PAY0009689,INV0009986,CUST01368,2025-01-29,29.0,Successful,Bank Transfer
PAY0009690,INV0009987,CUST01368,2025-03-10,29.0,Successful,Bank Transfer
PAY0009691,INV0009988,CUST01368,2025-04-02,29.0,Successful,Credit Card
PAY0009692,INV0009989,CUST01368,2025-05-03,29.0,Successful,ACH
PAY0009693,INV0009990,CUST01368,2025-06-04,29.0,Failed,Bank Transfer
PAY0009694,INV0009991,CUST01368,2025-07-06,29.0,Successful,Bank Transfer
PAY0009695,INV0009993,CUST01368,2025-09-07,29.0,Successful,ACH
PAY0009696,INV0009994,CUST01368,2025-10-10,29.0,Successful,ACH
PAY0009697,INV0009995,CUST01368,2025-11-03,29.0,Successful,Bank Transfer
PAY0009698,INV0009996,CUST01368,2025-12-11,29.0,Successful,Debit Card
PAY0009699,INV0009997,CUST01369,2024-06-15,79.0,Successful,Bank Transfer
PAY0009700,INV0009998,CUST01369,2024-07-22,79.0,Successful,Debit Card
PAY0009701,INV0009999,CUST01369,2024-08-21,79.0,Failed,ACH
PAY0009702,INV0010000,CUST01369,2024-09-16,79.0,Refunded,Debit Card
PAY0009703,INV0010001,CUST01369,2024-10-26,79.0,Successful,Credit Card
PAY0009704,INV0010002,CUST01369,2024-11-27,79.0,Successful,Debit Card
PAY0009705,INV0010003,CUST01369,2024-12-18,79.0,Successful,Bank Transfer
PAY0009706,INV0010004,CUST01369,2025-01-28,79.0,Successful,ACH
PAY0009707,INV0010005,CUST01369,2025-02-25,79.0,Successful,Bank Transfer
PAY0009708,INV0010006,CUST01369,2025-03-15,79.0,Successful,Bank Transfer
PAY0009709,INV0010007,CUST01369,2025-04-19,79.0,Successful,Bank Transfer
PAY0009710,INV0010008,CUST01369,2025-05-29,79.0,Successful,Credit Card
PAY0009711,INV0010009,CUST01370,2025-03-29,79.0,Successful,ACH
PAY0009712,INV0010010,CUST01370,2025-04-30,79.0,Successful,Bank Transfer
PAY0009713,INV0010011,CUST01370,2025-06-07,79.0,Successful,Credit Card
PAY0009714,INV0010012,CUST01371,2025-11-27,29.0,Successful,ACH
PAY0009715,INV0010013,CUST01371,2025-12-17,29.0,Successful,ACH
PAY0009716,INV0010014,CUST01372,2025-07-16,79.0,Successful,ACH
PAY0009717,INV0010015,CUST01372,2025-08-10,79.0,Successful,ACH
PAY0009718,INV0010016,CUST01372,2025-09-14,79.0,Successful,ACH
PAY0009719,INV0010017,CUST01372,2025-10-21,79.0,Successful,Bank Transfer
PAY0009720,INV0010018,CUST01372,2025-11-21,79.0,Successful,ACH
PAY0009721,INV0010019,CUST01372,2025-12-10,79.0,Successful,ACH
PAY0009722,INV0010020,CUST01373,2025-03-02,29.0,Successful,ACH
PAY0009723,INV0010021,CUST01373,2025-03-30,29.0,Successful,Credit Card
PAY0009724,INV0010022,CUST01373,2025-04-24,29.0,Successful,ACH
PAY0009725,INV0010023,CUST01373,2025-05-31,29.0,Successful,Credit Card
PAY0009726,INV0010025,CUST01373,2025-07-24,29.0,Successful,Debit Card
PAY0009727,INV0010026,CUST01374,2024-12-03,79.0,Successful,Debit Card
PAY0009728,INV0010027,CUST01374,2025-01-02,79.0,Successful,Bank Transfer
PAY0009729,INV0010028,CUST01374,2025-01-26,79.0,Successful,Bank Transfer
PAY0009730,INV0010029,CUST01375,2025-11-04,805.8,Successful,Credit Card
PAY0009731,INV0010030,CUST01376,2025-08-15,199.0,Successful,ACH
PAY0009732,INV0010031,CUST01376,2025-09-09,199.0,Failed,ACH
PAY0009733,INV0010032,CUST01376,2025-10-07,199.0,Successful,Credit Card
PAY0009734,INV0010033,CUST01376,2025-11-06,199.0,Successful,ACH
PAY0009735,INV0010034,CUST01376,2025-12-07,199.0,Successful,ACH
PAY0009736,INV0010036,CUST01377,2025-06-16,29.0,Successful,Bank Transfer
PAY0009737,INV0010037,CUST01377,2025-07-09,29.0,Successful,ACH
PAY0009738,INV0010038,CUST01378,2024-11-16,199.0,Successful,Bank Transfer
PAY0009739,INV0010039,CUST01378,2024-12-12,199.0,Successful,ACH
PAY0009740,INV0010040,CUST01378,2025-01-18,199.0,Successful,Debit Card
PAY0009741,INV0010041,CUST01378,2025-02-18,199.0,Successful,Bank Transfer
PAY0009742,INV0010042,CUST01378,2025-03-15,199.0,Successful,Debit Card
PAY0009743,INV0010043,CUST01378,2025-04-26,199.0,Successful,Debit Card
PAY0009744,INV0010044,CUST01378,2025-05-23,199.0,Successful,ACH
PAY0009745,INV0010045,CUST01378,2025-06-21,199.0,Successful,Credit Card
PAY0009746,INV0010046,CUST01378,2025-07-24,199.0,Successful,Debit Card
PAY0009747,INV0010047,CUST01378,2025-08-25,199.0,Successful,Debit Card
PAY0009748,INV0010049,CUST01378,2025-10-16,199.0,Successful,ACH
PAY0009749,INV0010050,CUST01378,2025-11-22,199.0,Successful,Bank Transfer
PAY0009750,INV0010051,CUST01378,2025-12-26,199.0,Successful,Credit Card
PAY0009751,INV0010052,CUST01379,2025-01-15,79.0,Successful,Debit Card
PAY0009752,INV0010053,CUST01379,2025-02-09,79.0,Successful,Debit Card
PAY0009753,INV0010054,CUST01379,2025-03-02,79.0,Failed,Debit Card
PAY0009754,INV0010055,CUST01379,2025-04-05,79.0,Successful,Bank Transfer
PAY0009755,INV0010056,CUST01380,2025-08-28,29.0,Successful,Bank Transfer
PAY0009756,INV0010057,CUST01380,2025-09-27,29.0,Successful,Bank Transfer
PAY0009757,INV0010058,CUST01380,2025-10-26,29.0,Successful,ACH
PAY0009758,INV0010059,CUST01380,2025-11-21,29.0,Successful,Credit Card
PAY0009759,INV0010060,CUST01380,2026-01-02,29.0,Successful,ACH
PAY0009760,INV0010061,CUST01381,2024-08-01,199.0,Successful,Credit Card
PAY0009761,INV0010062,CUST01381,2024-08-20,199.0,Successful,Debit Card
PAY0009762,INV0010063,CUST01381,2024-09-25,199.0,Successful,Credit Card
PAY0009763,INV0010064,CUST01382,2025-06-20,2029.8,Successful,Debit Card
PAY0009764,INV0010065,CUST01383,2025-11-17,29.0,Successful,Credit Card
PAY0009765,INV0010066,CUST01383,2025-12-24,29.0,Successful,Credit Card
PAY0009766,INV0010067,CUST01384,2025-01-24,79.0,Successful,ACH
PAY0009767,INV0010068,CUST01384,2025-02-14,79.0,Successful,Debit Card
PAY0009768,INV0010069,CUST01384,2025-03-14,79.0,Successful,Bank Transfer
PAY0009769,INV0010070,CUST01384,2025-04-28,79.0,Successful,Credit Card
PAY0009770,INV0010071,CUST01384,2025-05-15,79.0,Successful,ACH
PAY0009771,INV0010072,CUST01384,2025-06-22,79.0,Successful,Debit Card
PAY0009772,INV0010073,CUST01385,2024-11-26,29.0,Successful,Bank Transfer
PAY0009773,INV0010074,CUST01385,2024-12-20,29.0,Successful,ACH
PAY0009774,INV0010075,CUST01385,2025-01-19,29.0,Successful,Bank Transfer
PAY0009775,INV0010076,CUST01385,2025-02-14,29.0,Successful,Credit Card
PAY0009776,INV0010077,CUST01385,2025-03-17,29.0,Successful,Debit Card
PAY0009777,INV0010078,CUST01385,2025-04-22,29.0,Failed,Debit Card
PAY0009778,INV0010079,CUST01385,2025-05-24,29.0,Successful,Debit Card
PAY0009779,INV0010080,CUST01385,2025-06-24,29.0,Successful,ACH
PAY0009780,INV0010081,CUST01385,2025-07-20,29.0,Successful,Credit Card
PAY0009781,INV0010082,CUST01385,2025-08-26,29.0,Successful,ACH
PAY0009782,INV0010083,CUST01385,2025-09-17,29.0,Successful,Bank Transfer
PAY0009783,INV0010084,CUST01385,2025-10-17,29.0,Successful,Credit Card
PAY0009784,INV0010085,CUST01386,2025-04-11,79.0,Successful,ACH
PAY0009785,INV0010086,CUST01386,2025-05-07,79.0,Successful,ACH
PAY0009786,INV0010087,CUST01386,2025-06-06,79.0,Successful,ACH
PAY0009787,INV0010088,CUST01386,2025-07-14,79.0,Successful,Credit Card
PAY0009788,INV0010089,CUST01386,2025-08-05,79.0,Successful,Debit Card
PAY0009789,INV0010090,CUST01386,2025-09-14,79.0,Successful,Bank Transfer
PAY0009790,INV0010091,CUST01386,2025-10-06,79.0,Successful,Bank Transfer
PAY0009791,INV0010092,CUST01386,2025-11-12,79.0,Successful,Bank Transfer
PAY0009792,INV0010093,CUST01386,2025-12-10,79.0,Successful,Credit Card
PAY0009793,INV0010094,CUST01386,2026-01-10,79.0,Successful,Bank Transfer
PAY0009794,INV0010095,CUST01387,2024-06-28,29.0,Successful,Debit Card
PAY0009795,INV0010096,CUST01387,2024-07-19,29.0,Successful,ACH
PAY0009796,INV0010097,CUST01387,2024-08-28,29.0,Successful,Credit Card
PAY0009797,INV0010098,CUST01387,2024-10-01,29.0,Successful,Credit Card
PAY0009798,INV0010099,CUST01387,2024-10-31,29.0,Successful,Bank Transfer
PAY0009799,INV0010100,CUST01387,2024-11-28,29.0,Successful,Credit Card
PAY0009800,INV0010101,CUST01387,2024-12-18,29.0,Successful,Debit Card
PAY0009801,INV0010102,CUST01387,2025-01-17,29.0,Successful,Debit Card
PAY0009802,INV0010103,CUST01387,2025-02-28,29.0,Successful,ACH
PAY0009803,INV0010104,CUST01387,2025-03-22,29.0,Successful,Bank Transfer
PAY0009804,INV0010105,CUST01387,2025-04-27,29.0,Successful,Debit Card
PAY0009805,INV0010106,CUST01387,2025-05-29,29.0,Successful,Bank Transfer
PAY0009806,INV0010107,CUST01387,2025-07-01,29.0,Successful,Credit Card
PAY0009807,INV0010108,CUST01387,2025-07-27,29.0,Successful,Bank Transfer
PAY0009808,INV0010109,CUST01387,2025-08-25,29.0,Successful,ACH
PAY0009809,INV0010110,CUST01387,2025-09-18,29.0,Successful,ACH
PAY0009810,INV0010111,CUST01387,2025-10-27,29.0,Successful,Bank Transfer
PAY0009811,INV0010112,CUST01387,2025-11-26,29.0,Successful,Credit Card
PAY0009812,INV0010113,CUST01388,2024-05-29,29.0,Successful,Debit Card
PAY0009813,INV0010114,CUST01388,2024-06-29,29.0,Successful,ACH
PAY0009814,INV0010115,CUST01388,2024-07-28,29.0,Successful,Bank Transfer
PAY0009815,INV0010116,CUST01388,2024-09-06,29.0,Successful,Debit Card
PAY0009816,INV0010117,CUST01388,2024-09-29,29.0,Successful,Debit Card
PAY0009817,INV0010118,CUST01388,2024-11-06,29.0,Successful,Credit Card
PAY0009818,INV0010119,CUST01388,2024-11-28,29.0,Successful,Bank Transfer
PAY0009819,INV0010121,CUST01388,2025-01-25,29.0,Successful,Bank Transfer
PAY0009820,INV0010122,CUST01388,2025-03-02,29.0,Successful,ACH
PAY0009821,INV0010123,CUST01388,2025-04-04,29.0,Successful,Bank Transfer
PAY0009822,INV0010124,CUST01388,2025-05-01,29.0,Successful,Bank Transfer
PAY0009823,INV0010125,CUST01388,2025-06-05,29.0,Successful,Bank Transfer
PAY0009824,INV0010126,CUST01388,2025-06-24,29.0,Successful,Debit Card
PAY0009825,INV0010127,CUST01388,2025-08-06,29.0,Successful,Credit Card
PAY0009826,INV0010128,CUST01388,2025-08-26,29.0,Successful,Debit Card
PAY0009827,INV0010129,CUST01388,2025-09-28,29.0,Successful,Credit Card
PAY0009828,INV0010130,CUST01388,2025-10-25,29.0,Successful,Credit Card
PAY0009829,INV0010131,CUST01389,2024-11-11,29.0,Successful,Credit Card
PAY0009830,INV0010132,CUST01389,2024-12-13,29.0,Successful,Credit Card
PAY0009831,INV0010133,CUST01389,2025-01-08,29.0,Successful,Bank Transfer
PAY0009832,INV0010134,CUST01390,2024-03-19,295.8,Successful,ACH
PAY0009833,INV0010135,CUST01390,2025-03-12,805.8,Successful,Credit Card
PAY0009834,INV0010136,CUST01391,2024-01-10,295.8,Successful,Credit Card
PAY0009835,INV0010137,CUST01391,2025-01-13,295.8,Successful,Debit Card
PAY0009836,INV0010138,CUST01392,2026-01-03,295.8,Successful,ACH
PAY0009837,INV0010139,CUST01393,2024-11-04,295.8,Successful,ACH
PAY0009838,INV0010140,CUST01393,2025-10-24,295.8,Successful,Credit Card
PAY0009839,INV0010141,CUST01394,2025-09-03,29.0,Failed,Debit Card
PAY0009840,INV0010142,CUST01394,2025-09-23,29.0,Successful,Debit Card
PAY0009841,INV0010143,CUST01394,2025-10-31,29.0,Successful,Bank Transfer
PAY0009842,INV0010144,CUST01394,2025-12-04,29.0,Successful,Debit Card
PAY0009843,INV0010145,CUST01394,2025-12-28,29.0,Successful,Debit Card
PAY0009844,INV0010146,CUST01395,2024-02-11,199.0,Successful,Credit Card
PAY0009845,INV0010147,CUST01395,2024-03-11,199.0,Successful,Credit Card
PAY0009846,INV0010148,CUST01395,2024-04-11,199.0,Successful,Credit Card
PAY0009847,INV0010149,CUST01395,2024-05-05,199.0,Successful,ACH
PAY0009848,INV0010150,CUST01395,2024-06-04,199.0,Successful,Credit Card
PAY0009849,INV0010151,CUST01395,2024-07-02,199.0,Successful,Credit Card
PAY0009850,INV0010152,CUST01395,2024-07-30,199.0,Successful,Debit Card
PAY0009851,INV0010153,CUST01395,2024-08-30,199.0,Successful,Credit Card
PAY0009852,INV0010154,CUST01395,2024-10-02,199.0,Successful,Bank Transfer
PAY0009853,INV0010155,CUST01395,2024-11-01,199.0,Successful,ACH
PAY0009854,INV0010156,CUST01395,2024-12-07,199.0,Successful,Debit Card
PAY0009855,INV0010157,CUST01395,2025-01-11,199.0,Successful,ACH
PAY0009856,INV0010158,CUST01396,2024-05-11,29.0,Successful,Bank Transfer
PAY0009857,INV0010159,CUST01396,2024-06-19,29.0,Successful,ACH
PAY0009858,INV0010160,CUST01396,2024-07-08,79.0,Successful,Bank Transfer
PAY0009859,INV0010161,CUST01396,2024-08-13,79.0,Successful,Debit Card
PAY0009860,INV0010162,CUST01396,2024-09-09,79.0,Successful,Debit Card
PAY0009861,INV0010163,CUST01396,2024-10-19,79.0,Successful,Bank Transfer
PAY0009862,INV0010164,CUST01397,2025-12-11,79.0,Successful,Credit Card
PAY0009863,INV0010165,CUST01398,2025-05-25,199.0,Refunded,Debit Card
PAY0009864,INV0010166,CUST01398,2025-07-04,199.0,Successful,Bank Transfer
PAY0009865,INV0010167,CUST01398,2025-07-27,199.0,Successful,Debit Card
PAY0009866,INV0010168,CUST01398,2025-09-01,199.0,Successful,Debit Card
PAY0009867,INV0010169,CUST01398,2025-10-03,199.0,Successful,Credit Card
PAY0009868,INV0010170,CUST01398,2025-10-22,199.0,Successful,Debit Card
PAY0009869,INV0010171,CUST01398,2025-12-04,199.0,Successful,Credit Card
PAY0009870,INV0010172,CUST01398,2025-12-21,199.0,Successful,ACH
PAY0009871,INV0010173,CUST01399,2025-08-26,2029.8,Successful,ACH
PAY0009872,INV0010174,CUST01400,2025-12-15,199.0,Successful,Credit Card
PAY0009873,INV0010175,CUST01401,2024-09-28,29.0,Successful,ACH
PAY0009874,INV0010176,CUST01401,2024-11-06,29.0,Successful,Debit Card
PAY0009875,INV0010177,CUST01401,2024-12-05,29.0,Successful,Credit Card
PAY0009876,INV0010178,CUST01401,2025-01-02,29.0,Successful,ACH
PAY0009877,INV0010179,CUST01401,2025-02-01,29.0,Successful,Credit Card
PAY0009878,INV0010180,CUST01401,2025-02-25,29.0,Successful,ACH
PAY0009879,INV0010181,CUST01401,2025-03-27,29.0,Successful,ACH
PAY0009880,INV0010182,CUST01401,2025-04-28,29.0,Successful,Bank Transfer
PAY0009881,INV0010183,CUST01401,2025-05-24,29.0,Successful,Debit Card
PAY0009882,INV0010184,CUST01401,2025-07-01,29.0,Successful,ACH
PAY0009883,INV0010185,CUST01401,2025-07-23,29.0,Successful,Credit Card
PAY0009884,INV0010186,CUST01401,2025-09-01,29.0,Successful,ACH
PAY0009885,INV0010187,CUST01401,2025-10-04,29.0,Successful,Bank Transfer
PAY0009886,INV0010188,CUST01401,2025-10-25,29.0,Successful,ACH
PAY0009887,INV0010189,CUST01401,2025-12-05,29.0,Successful,Debit Card
PAY0009888,INV0010190,CUST01401,2025-12-23,29.0,Successful,ACH
PAY0009889,INV0010192,CUST01403,2025-03-06,79.0,Successful,Credit Card
PAY0009890,INV0010193,CUST01403,2025-04-11,79.0,Successful,Bank Transfer
PAY0009891,INV0010194,CUST01403,2025-05-20,79.0,Successful,Credit Card
PAY0009892,INV0010195,CUST01403,2025-06-13,79.0,Successful,Debit Card
PAY0009893,INV0010196,CUST01403,2025-07-20,79.0,Successful,Debit Card
PAY0009894,INV0010197,CUST01403,2025-08-17,79.0,Successful,Credit Card
PAY0009895,INV0010198,CUST01403,2025-09-08,79.0,Failed,Bank Transfer
PAY0009896,INV0010199,CUST01403,2025-10-13,79.0,Successful,Debit Card
PAY0009897,INV0010200,CUST01403,2025-11-06,79.0,Successful,Bank Transfer
PAY0009898,INV0010201,CUST01403,2025-12-18,79.0,Successful,Debit Card
PAY0009899,INV0010202,CUST01404,2025-07-03,29.0,Successful,Bank Transfer
PAY0009900,INV0010203,CUST01404,2025-08-10,29.0,Successful,Credit Card
PAY0009901,INV0010204,CUST01404,2025-09-06,29.0,Successful,Bank Transfer
PAY0009902,INV0010205,CUST01404,2025-10-10,29.0,Successful,Debit Card
PAY0009903,INV0010206,CUST01404,2025-11-03,29.0,Successful,ACH
PAY0009904,INV0010207,CUST01404,2025-12-10,29.0,Successful,Debit Card
PAY0009905,INV0010209,CUST01405,2024-05-16,79.0,Failed,ACH
PAY0009906,INV0010210,CUST01405,2024-06-13,79.0,Successful,Bank Transfer
PAY0009907,INV0010211,CUST01405,2024-07-10,79.0,Successful,Credit Card
PAY0009908,INV0010212,CUST01405,2024-08-15,79.0,Successful,Bank Transfer
PAY0009909,INV0010213,CUST01405,2024-09-07,79.0,Successful,ACH
PAY0009910,INV0010214,CUST01405,2024-10-08,79.0,Successful,Debit Card
PAY0009911,INV0010215,CUST01405,2024-11-21,79.0,Successful,ACH
PAY0009912,INV0010216,CUST01405,2024-12-14,79.0,Successful,Credit Card
PAY0009913,INV0010217,CUST01405,2025-01-16,79.0,Successful,Credit Card
PAY0009914,INV0010218,CUST01405,2025-02-20,79.0,Successful,ACH
PAY0009915,INV0010219,CUST01405,2025-03-20,79.0,Successful,Bank Transfer
PAY0009916,INV0010220,CUST01405,2025-04-07,79.0,Refunded,Credit Card
PAY0009917,INV0010221,CUST01405,2025-05-17,79.0,Successful,Credit Card
PAY0009918,INV0010222,CUST01405,2025-06-15,79.0,Successful,ACH
PAY0009919,INV0010223,CUST01405,2025-07-14,79.0,Successful,Debit Card
PAY0009920,INV0010224,CUST01405,2025-08-18,79.0,Successful,Debit Card
PAY0009921,INV0010225,CUST01405,2025-09-19,79.0,Successful,Credit Card
PAY0009922,INV0010226,CUST01406,2025-12-07,29.0,Successful,Credit Card
PAY0009923,INV0010227,CUST01407,2024-04-14,199.0,Successful,Bank Transfer
PAY0009924,INV0010228,CUST01407,2024-05-17,199.0,Successful,Credit Card
PAY0009925,INV0010229,CUST01407,2024-06-09,199.0,Successful,Debit Card
PAY0009926,INV0010230,CUST01407,2024-07-17,199.0,Successful,Debit Card
PAY0009927,INV0010231,CUST01407,2024-08-10,199.0,Successful,Credit Card
PAY0009928,INV0010232,CUST01407,2024-09-14,199.0,Successful,Credit Card
PAY0009929,INV0010233,CUST01407,2024-10-11,199.0,Successful,ACH
PAY0009930,INV0010235,CUST01407,2024-12-18,199.0,Successful,Credit Card
PAY0009931,INV0010236,CUST01407,2025-01-12,199.0,Successful,Debit Card
PAY0009932,INV0010237,CUST01407,2025-02-17,199.0,Successful,Bank Transfer
PAY0009933,INV0010238,CUST01407,2025-03-15,199.0,Successful,Credit Card
PAY0009934,INV0010239,CUST01407,2025-04-15,199.0,Successful,ACH
PAY0009935,INV0010240,CUST01407,2025-05-22,199.0,Successful,Debit Card
PAY0009936,INV0010241,CUST01407,2025-06-22,199.0,Successful,Debit Card
PAY0009937,INV0010242,CUST01407,2025-07-22,199.0,Successful,Debit Card
PAY0009938,INV0010243,CUST01407,2025-08-13,199.0,Successful,Debit Card
PAY0009939,INV0010244,CUST01407,2025-09-23,199.0,Successful,Debit Card
PAY0009940,INV0010245,CUST01408,2024-05-23,295.8,Successful,Debit Card
PAY0009941,INV0010246,CUST01408,2025-06-03,295.8,Successful,Bank Transfer
PAY0009942,INV0010247,CUST01409,2024-12-17,295.8,Successful,Bank Transfer
PAY0009943,INV0010248,CUST01409,2025-12-17,295.8,Successful,Bank Transfer
PAY0009944,INV0010249,CUST01410,2025-06-14,79.0,Successful,Credit Card
PAY0009945,INV0010250,CUST01410,2025-07-02,79.0,Successful,Credit Card
PAY0009946,INV0010252,CUST01410,2025-09-06,79.0,Successful,Bank Transfer
PAY0009947,INV0010253,CUST01410,2025-10-07,79.0,Successful,Bank Transfer
PAY0009948,INV0010255,CUST01410,2025-12-12,79.0,Successful,Debit Card
PAY0009949,INV0010256,CUST01410,2026-01-13,79.0,Successful,Debit Card
PAY0009950,INV0010257,CUST01411,2025-03-11,29.0,Successful,Bank Transfer
PAY0009951,INV0010258,CUST01411,2025-04-09,29.0,Successful,Debit Card
PAY0009952,INV0010259,CUST01411,2025-05-17,29.0,Failed,Bank Transfer
PAY0009953,INV0010260,CUST01411,2025-06-18,29.0,Successful,Bank Transfer
PAY0009954,INV0010261,CUST01411,2025-07-17,29.0,Successful,ACH
PAY0009955,INV0010262,CUST01411,2025-08-11,29.0,Successful,Debit Card
PAY0009956,INV0010263,CUST01411,2025-09-09,29.0,Successful,Bank Transfer
PAY0009957,INV0010265,CUST01411,2025-11-08,29.0,Successful,Bank Transfer
PAY0009958,INV0010266,CUST01411,2025-12-08,29.0,Successful,Credit Card
PAY0009959,INV0010267,CUST01412,2024-01-23,805.8,Successful,Bank Transfer
PAY0009960,INV0010268,CUST01412,2025-01-21,805.8,Successful,ACH
PAY0009961,INV0010269,CUST01413,2025-04-02,79.0,Successful,Debit Card
PAY0009962,INV0010270,CUST01413,2025-05-04,79.0,Successful,Bank Transfer
PAY0009963,INV0010271,CUST01413,2025-06-07,79.0,Successful,Credit Card
PAY0009964,INV0010272,CUST01413,2025-07-12,79.0,Successful,Credit Card
PAY0009965,INV0010273,CUST01413,2025-07-30,79.0,Successful,ACH
PAY0009966,INV0010274,CUST01413,2025-09-05,79.0,Successful,Debit Card
PAY0009967,INV0010275,CUST01413,2025-10-04,79.0,Successful,Bank Transfer
PAY0009968,INV0010276,CUST01413,2025-11-09,79.0,Successful,Credit Card
PAY0009969,INV0010277,CUST01413,2025-11-29,79.0,Successful,Credit Card
PAY0009970,INV0010278,CUST01413,2026-01-06,79.0,Successful,Debit Card
PAY0009971,INV0010279,CUST01414,2024-07-09,805.8,Successful,ACH
PAY0009972,INV0010280,CUST01414,2025-07-07,805.8,Successful,Bank Transfer
PAY0009973,INV0010281,CUST01415,2024-08-22,805.8,Successful,ACH
PAY0009974,INV0010282,CUST01416,2024-11-25,79.0,Successful,Debit Card
PAY0009975,INV0010283,CUST01416,2024-12-24,79.0,Successful,Debit Card
PAY0009976,INV0010284,CUST01416,2025-01-20,79.0,Successful,ACH
PAY0009977,INV0010285,CUST01416,2025-02-23,79.0,Successful,Credit Card
PAY0009978,INV0010286,CUST01416,2025-03-16,79.0,Successful,ACH
PAY0009979,INV0010287,CUST01416,2025-04-24,79.0,Successful,Debit Card
PAY0009980,INV0010288,CUST01416,2025-05-19,79.0,Successful,Debit Card
PAY0009981,INV0010289,CUST01416,2025-06-15,29.0,Successful,Debit Card
PAY0009982,INV0010290,CUST01416,2025-07-17,29.0,Successful,Bank Transfer
PAY0009983,INV0010291,CUST01416,2025-08-22,29.0,Successful,Bank Transfer
PAY0009984,INV0010292,CUST01416,2025-09-18,29.0,Successful,ACH
PAY0009985,INV0010293,CUST01416,2025-10-22,29.0,Successful,Debit Card
PAY0009986,INV0010294,CUST01417,2025-12-09,199.0,Successful,ACH
PAY0009987,INV0010295,CUST01418,2025-03-22,29.0,Successful,Bank Transfer
PAY0009988,INV0010296,CUST01418,2025-04-29,29.0,Successful,Credit Card
PAY0009989,INV0010297,CUST01418,2025-05-31,29.0,Successful,Credit Card
PAY0009990,INV0010298,CUST01418,2025-06-20,29.0,Successful,ACH
PAY0009991,INV0010299,CUST01418,2025-07-30,29.0,Successful,Debit Card
PAY0009992,INV0010300,CUST01418,2025-08-29,29.0,Successful,Credit Card
PAY0009993,INV0010301,CUST01418,2025-09-30,29.0,Successful,Bank Transfer
PAY0009994,INV0010302,CUST01418,2025-10-21,29.0,Successful,ACH
PAY0009995,INV0010303,CUST01418,2025-11-19,29.0,Successful,ACH
PAY0009996,INV0010304,CUST01418,2025-12-23,29.0,Successful,Debit Card
PAY0009997,INV0010305,CUST01419,2025-05-10,29.0,Successful,Debit Card
PAY0009998,INV0010307,CUST01419,2025-06-26,29.0,Successful,ACH
PAY0009999,INV0010308,CUST01419,2025-07-26,29.0,Successful,Debit Card
PAY0010000,INV0010309,CUST01419,2025-09-01,29.0,Successful,ACH
PAY0010001,INV0010310,CUST01419,2025-10-09,29.0,Successful,ACH
PAY0010002,INV0010311,CUST01419,2025-11-04,29.0,Successful,Bank Transfer
PAY0010003,INV0010312,CUST01419,2025-11-27,29.0,Successful,Bank Transfer
PAY0010004,INV0010313,CUST01419,2025-12-27,29.0,Successful,ACH
PAY0010005,INV0010314,CUST01420,2025-11-29,295.8,Successful,Bank Transfer
PAY0010006,INV0010315,CUST01421,2025-08-30,29.0,Successful,Debit Card
PAY0010007,INV0010316,CUST01421,2025-10-01,29.0,Successful,Debit Card
PAY0010008,INV0010317,CUST01421,2025-11-03,29.0,Successful,ACH
PAY0010009,INV0010318,CUST01422,2024-04-05,29.0,Successful,ACH
PAY0010010,INV0010319,CUST01422,2024-05-17,29.0,Successful,Debit Card
PAY0010011,INV0010320,CUST01422,2024-06-04,29.0,Successful,Debit Card
PAY0010012,INV0010321,CUST01422,2024-07-17,29.0,Successful,Bank Transfer
PAY0010013,INV0010322,CUST01422,2024-08-17,29.0,Successful,Bank Transfer
PAY0010014,INV0010323,CUST01422,2024-09-05,29.0,Successful,Credit Card
PAY0010015,INV0010324,CUST01422,2024-10-06,29.0,Successful,Bank Transfer
PAY0010016,INV0010325,CUST01422,2024-11-03,29.0,Successful,ACH
PAY0010017,INV0010326,CUST01422,2024-12-13,29.0,Successful,Credit Card
PAY0010018,INV0010327,CUST01422,2025-01-09,29.0,Successful,Debit Card
PAY0010019,INV0010328,CUST01422,2025-02-13,29.0,Successful,Credit Card
PAY0010020,INV0010329,CUST01422,2025-03-04,29.0,Successful,Credit Card
PAY0010021,INV0010330,CUST01423,2024-12-30,2029.8,Successful,Bank Transfer
PAY0010022,INV0010331,CUST01424,2025-06-14,805.8,Successful,ACH
PAY0010023,INV0010332,CUST01425,2025-07-01,79.0,Successful,ACH
PAY0010024,INV0010333,CUST01425,2025-08-03,79.0,Successful,Bank Transfer
PAY0010025,INV0010334,CUST01425,2025-09-09,79.0,Successful,Bank Transfer
PAY0010026,INV0010335,CUST01425,2025-10-10,79.0,Successful,Credit Card
PAY0010027,INV0010336,CUST01425,2025-10-27,79.0,Successful,ACH
PAY0010028,INV0010337,CUST01425,2025-11-27,79.0,Failed,Bank Transfer
PAY0010029,INV0010338,CUST01425,2026-01-06,79.0,Successful,Credit Card
PAY0010030,INV0010339,CUST01426,2025-07-11,199.0,Successful,ACH
PAY0010031,INV0010340,CUST01426,2025-08-05,199.0,Successful,Bank Transfer
PAY0010032,INV0010341,CUST01426,2025-09-15,199.0,Successful,Credit Card
PAY0010033,INV0010342,CUST01426,2025-10-16,199.0,Successful,Debit Card
PAY0010034,INV0010343,CUST01426,2025-11-09,199.0,Successful,Credit Card
PAY0010035,INV0010344,CUST01426,2025-12-15,199.0,Successful,ACH
PAY0010036,INV0010345,CUST01427,2025-06-08,29.0,Successful,Debit Card
PAY0010037,INV0010346,CUST01427,2025-07-03,29.0,Successful,Bank Transfer
PAY0010038,INV0010347,CUST01427,2025-08-13,29.0,Successful,ACH
PAY0010039,INV0010348,CUST01427,2025-09-03,29.0,Successful,Debit Card
PAY0010040,INV0010349,CUST01427,2025-10-12,29.0,Successful,Credit Card
PAY0010041,INV0010350,CUST01427,2025-11-12,29.0,Successful,Credit Card
PAY0010042,INV0010351,CUST01427,2025-12-13,29.0,Successful,ACH
PAY0010043,INV0010352,CUST01427,2026-01-14,29.0,Successful,Credit Card
PAY0010044,INV0010353,CUST01428,2025-04-06,29.0,Successful,Credit Card
PAY0010045,INV0010354,CUST01428,2025-05-03,29.0,Successful,ACH
PAY0010046,INV0010355,CUST01428,2025-05-30,29.0,Successful,Debit Card
PAY0010047,INV0010356,CUST01428,2025-07-04,29.0,Successful,ACH
PAY0010048,INV0010357,CUST01428,2025-08-08,29.0,Successful,ACH
PAY0010049,INV0010358,CUST01428,2025-08-28,29.0,Successful,Debit Card
PAY0010050,INV0010359,CUST01428,2025-10-09,29.0,Successful,Debit Card
PAY0010051,INV0010360,CUST01428,2025-11-10,29.0,Successful,Credit Card
PAY0010052,INV0010361,CUST01428,2025-12-07,29.0,Successful,ACH
PAY0010053,INV0010362,CUST01428,2026-01-09,29.0,Successful,Bank Transfer
PAY0010054,INV0010363,CUST01429,2025-01-25,805.8,Successful,Debit Card
PAY0010055,INV0010364,CUST01430,2024-11-24,295.8,Successful,Credit Card
PAY0010056,INV0010365,CUST01431,2025-01-17,29.0,Successful,Debit Card
PAY0010057,INV0010366,CUST01431,2025-02-07,29.0,Successful,Credit Card
PAY0010058,INV0010367,CUST01431,2025-03-14,29.0,Successful,Credit Card
PAY0010059,INV0010368,CUST01431,2025-04-16,29.0,Successful,ACH
PAY0010060,INV0010369,CUST01431,2025-05-19,29.0,Successful,Bank Transfer
PAY0010061,INV0010370,CUST01431,2025-06-11,29.0,Successful,Debit Card
PAY0010062,INV0010371,CUST01431,2025-07-13,29.0,Successful,ACH
PAY0010063,INV0010372,CUST01431,2025-08-19,29.0,Successful,Debit Card
PAY0010064,INV0010373,CUST01431,2025-09-11,29.0,Successful,Debit Card
PAY0010065,INV0010374,CUST01431,2025-10-14,29.0,Successful,ACH
PAY0010066,INV0010375,CUST01431,2025-11-05,29.0,Successful,Credit Card
PAY0010067,INV0010376,CUST01431,2025-12-15,29.0,Successful,Credit Card
PAY0010068,INV0010377,CUST01432,2024-12-08,79.0,Successful,Debit Card
PAY0010069,INV0010378,CUST01432,2025-01-02,79.0,Successful,Credit Card
PAY0010070,INV0010379,CUST01432,2025-02-02,79.0,Successful,ACH
PAY0010071,INV0010380,CUST01432,2025-03-10,79.0,Successful,Credit Card
PAY0010072,INV0010381,CUST01432,2025-04-02,79.0,Successful,Credit Card
PAY0010073,INV0010382,CUST01432,2025-05-16,79.0,Successful,Bank Transfer
PAY0010074,INV0010383,CUST01432,2025-06-02,79.0,Successful,Bank Transfer
PAY0010075,INV0010384,CUST01432,2025-07-06,79.0,Successful,Debit Card
PAY0010076,INV0010385,CUST01432,2025-08-13,79.0,Successful,Credit Card
PAY0010077,INV0010386,CUST01432,2025-09-06,79.0,Successful,Credit Card
PAY0010078,INV0010387,CUST01432,2025-10-16,79.0,Successful,ACH
PAY0010079,INV0010388,CUST01432,2025-11-12,79.0,Successful,ACH
PAY0010080,INV0010389,CUST01432,2025-12-10,79.0,Successful,Bank Transfer
PAY0010081,INV0010390,CUST01433,2025-12-12,79.0,Successful,ACH
PAY0010082,INV0010391,CUST01434,2024-10-31,295.8,Successful,Credit Card
PAY0010083,INV0010392,CUST01435,2025-05-06,29.0,Successful,Credit Card
PAY0010084,INV0010393,CUST01435,2025-06-16,29.0,Successful,Bank Transfer
PAY0010085,INV0010394,CUST01435,2025-07-05,29.0,Failed,Credit Card
PAY0010086,INV0010395,CUST01435,2025-08-06,29.0,Successful,Debit Card
PAY0010087,INV0010396,CUST01435,2025-09-05,29.0,Successful,Debit Card
PAY0010088,INV0010397,CUST01435,2025-10-13,29.0,Successful,ACH
PAY0010089,INV0010398,CUST01435,2025-11-17,29.0,Successful,Debit Card
PAY0010090,INV0010399,CUST01435,2025-12-04,29.0,Successful,Debit Card
PAY0010091,INV0010400,CUST01436,2025-12-02,295.8,Successful,Bank Transfer
PAY0010092,INV0010401,CUST01437,2024-05-08,79.0,Successful,Bank Transfer
PAY0010093,INV0010402,CUST01437,2024-06-07,79.0,Successful,Credit Card
PAY0010094,INV0010403,CUST01437,2024-07-14,79.0,Successful,Debit Card
PAY0010095,INV0010404,CUST01437,2024-08-11,79.0,Successful,ACH
PAY0010096,INV0010405,CUST01437,2024-09-16,79.0,Successful,Credit Card
PAY0010097,INV0010406,CUST01437,2024-10-06,79.0,Successful,ACH
PAY0010098,INV0010407,CUST01437,2024-11-16,79.0,Successful,Debit Card
PAY0010099,INV0010408,CUST01437,2024-12-06,79.0,Failed,ACH
PAY0010100,INV0010409,CUST01437,2025-01-08,79.0,Successful,Bank Transfer
PAY0010101,INV0010410,CUST01437,2025-02-17,79.0,Successful,ACH
PAY0010102,INV0010411,CUST01437,2025-03-12,79.0,Successful,Bank Transfer
PAY0010103,INV0010412,CUST01437,2025-04-07,79.0,Successful,Credit Card
PAY0010104,INV0010413,CUST01437,2025-05-07,79.0,Successful,Bank Transfer
PAY0010105,INV0010414,CUST01437,2025-06-07,79.0,Successful,ACH
PAY0010106,INV0010415,CUST01437,2025-07-10,79.0,Successful,Bank Transfer
PAY0010107,INV0010416,CUST01437,2025-08-03,79.0,Successful,Credit Card
PAY0010108,INV0010417,CUST01437,2025-09-09,79.0,Successful,Credit Card
PAY0010109,INV0010418,CUST01437,2025-10-08,79.0,Successful,Bank Transfer
PAY0010110,INV0010419,CUST01438,2024-06-27,79.0,Successful,Bank Transfer
PAY0010111,INV0010420,CUST01438,2024-07-28,79.0,Successful,Credit Card
PAY0010112,INV0010421,CUST01438,2024-09-03,79.0,Successful,Credit Card
PAY0010113,INV0010422,CUST01438,2024-09-25,79.0,Successful,Bank Transfer
PAY0010114,INV0010423,CUST01438,2024-11-04,79.0,Successful,Credit Card
PAY0010115,INV0010424,CUST01438,2024-11-30,79.0,Successful,Credit Card
PAY0010116,INV0010425,CUST01438,2024-12-23,79.0,Successful,Bank Transfer
PAY0010117,INV0010426,CUST01438,2025-01-27,79.0,Successful,ACH
PAY0010118,INV0010427,CUST01438,2025-02-22,79.0,Successful,Debit Card
PAY0010119,INV0010428,CUST01438,2025-04-05,79.0,Successful,Bank Transfer
PAY0010120,INV0010429,CUST01438,2025-05-04,79.0,Successful,Bank Transfer
PAY0010121,INV0010430,CUST01438,2025-05-31,79.0,Successful,Bank Transfer
PAY0010122,INV0010431,CUST01439,2024-05-13,29.0,Successful,Bank Transfer
PAY0010123,INV0010432,CUST01439,2024-06-18,29.0,Successful,Credit Card
PAY0010124,INV0010433,CUST01439,2024-07-19,29.0,Successful,Bank Transfer
PAY0010125,INV0010434,CUST01439,2024-08-20,29.0,Successful,Debit Card
PAY0010126,INV0010435,CUST01439,2024-09-18,29.0,Successful,Debit Card
PAY0010127,INV0010436,CUST01439,2024-10-07,29.0,Successful,Debit Card
PAY0010128,INV0010437,CUST01439,2024-11-15,29.0,Successful,Debit Card
PAY0010129,INV0010438,CUST01439,2024-12-18,29.0,Successful,ACH
PAY0010130,INV0010439,CUST01439,2025-01-08,29.0,Successful,Credit Card
PAY0010131,INV0010440,CUST01439,2025-02-12,29.0,Failed,ACH
PAY0010132,INV0010441,CUST01439,2025-03-17,29.0,Successful,ACH
PAY0010133,INV0010442,CUST01439,2025-04-09,29.0,Successful,Debit Card
PAY0010134,INV0010444,CUST01439,2025-06-09,29.0,Successful,Bank Transfer
PAY0010135,INV0010445,CUST01439,2025-07-14,29.0,Successful,Bank Transfer
PAY0010136,INV0010446,CUST01439,2025-08-06,29.0,Successful,Credit Card
PAY0010137,INV0010447,CUST01439,2025-09-15,29.0,Successful,ACH
PAY0010138,INV0010448,CUST01439,2025-10-20,29.0,Successful,ACH
PAY0010139,INV0010449,CUST01440,2026-01-01,79.0,Failed,ACH
PAY0010140,INV0010450,CUST01441,2025-01-14,2029.8,Successful,Bank Transfer
PAY0010141,INV0010451,CUST01441,2026-01-14,2029.8,Successful,Credit Card
PAY0010142,INV0010452,CUST01442,2025-06-22,199.0,Successful,Credit Card
PAY0010143,INV0010453,CUST01442,2025-07-17,199.0,Successful,Bank Transfer
PAY0010144,INV0010454,CUST01442,2025-08-10,199.0,Successful,ACH
PAY0010145,INV0010455,CUST01442,2025-09-12,199.0,Successful,Debit Card
PAY0010146,INV0010456,CUST01442,2025-10-12,199.0,Successful,Bank Transfer
PAY0010147,INV0010457,CUST01442,2025-11-19,199.0,Successful,ACH
PAY0010148,INV0010458,CUST01442,2025-12-21,199.0,Successful,Bank Transfer
PAY0010149,INV0010459,CUST01443,2024-09-26,29.0,Successful,ACH
PAY0010150,INV0010460,CUST01443,2024-10-21,29.0,Successful,ACH
PAY0010151,INV0010461,CUST01443,2024-11-27,29.0,Successful,Debit Card
PAY0010152,INV0010462,CUST01443,2024-12-21,29.0,Successful,Credit Card
PAY0010153,INV0010463,CUST01443,2025-01-19,29.0,Successful,Debit Card
PAY0010154,INV0010464,CUST01443,2025-02-25,29.0,Successful,Bank Transfer
PAY0010155,INV0010465,CUST01443,2025-03-21,29.0,Successful,ACH
PAY0010156,INV0010466,CUST01443,2025-04-20,79.0,Failed,Credit Card
PAY0010157,INV0010467,CUST01443,2025-05-28,79.0,Successful,Credit Card
PAY0010158,INV0010468,CUST01443,2025-06-28,79.0,Successful,Bank Transfer
PAY0010159,INV0010469,CUST01443,2025-07-14,79.0,Refunded,Credit Card
PAY0010160,INV0010470,CUST01443,2025-08-15,79.0,Successful,Bank Transfer
PAY0010161,INV0010471,CUST01444,2024-02-08,805.8,Successful,Bank Transfer
PAY0010162,INV0010472,CUST01445,2025-11-26,805.8,Successful,Debit Card
PAY0010163,INV0010473,CUST01446,2024-06-15,79.0,Successful,Bank Transfer
PAY0010164,INV0010474,CUST01446,2024-07-12,79.0,Successful,ACH
PAY0010165,INV0010475,CUST01446,2024-08-20,79.0,Successful,ACH
PAY0010166,INV0010476,CUST01446,2024-09-17,79.0,Successful,Credit Card
PAY0010167,INV0010477,CUST01446,2024-10-09,79.0,Successful,Credit Card
PAY0010168,INV0010478,CUST01446,2024-11-17,79.0,Successful,Bank Transfer
PAY0010169,INV0010479,CUST01446,2024-12-19,79.0,Successful,Bank Transfer
PAY0010170,INV0010480,CUST01446,2025-01-20,79.0,Successful,ACH
PAY0010171,INV0010481,CUST01446,2025-02-07,79.0,Successful,Debit Card
PAY0010172,INV0010482,CUST01446,2025-03-11,79.0,Successful,Bank Transfer
PAY0010173,INV0010483,CUST01446,2025-04-13,79.0,Successful,Bank Transfer
PAY0010174,INV0010484,CUST01446,2025-05-20,79.0,Successful,Bank Transfer
PAY0010175,INV0010485,CUST01446,2025-06-14,79.0,Successful,Credit Card
PAY0010176,INV0010486,CUST01446,2025-07-12,79.0,Successful,Bank Transfer
PAY0010177,INV0010487,CUST01446,2025-08-07,79.0,Successful,ACH
PAY0010178,INV0010488,CUST01446,2025-09-20,79.0,Successful,Bank Transfer
PAY0010179,INV0010489,CUST01446,2025-10-09,79.0,Successful,Bank Transfer
PAY0010180,INV0010490,CUST01446,2025-11-19,79.0,Successful,Credit Card
PAY0010181,INV0010491,CUST01446,2025-12-17,79.0,Successful,Bank Transfer
PAY0010182,INV0010492,CUST01447,2025-11-13,29.0,Successful,Credit Card
PAY0010183,INV0010493,CUST01447,2025-12-19,29.0,Successful,ACH
PAY0010184,INV0010494,CUST01448,2024-08-05,295.8,Successful,Bank Transfer
PAY0010185,INV0010495,CUST01449,2025-07-14,29.0,Successful,Debit Card
PAY0010186,INV0010496,CUST01449,2025-08-18,29.0,Successful,Credit Card
PAY0010187,INV0010497,CUST01449,2025-09-20,29.0,Failed,Credit Card
PAY0010188,INV0010498,CUST01449,2025-10-18,29.0,Failed,ACH
PAY0010189,INV0010499,CUST01449,2025-11-12,29.0,Successful,Bank Transfer
PAY0010190,INV0010500,CUST01449,2025-12-17,29.0,Successful,Bank Transfer
PAY0010191,INV0010501,CUST01450,2024-02-08,29.0,Successful,Debit Card
PAY0010192,INV0010502,CUST01450,2024-03-08,29.0,Successful,Bank Transfer
PAY0010193,INV0010503,CUST01450,2024-04-17,29.0,Successful,ACH
PAY0010194,INV0010504,CUST01450,2024-05-03,29.0,Successful,Debit Card
PAY0010195,INV0010505,CUST01450,2024-06-08,29.0,Failed,Bank Transfer
PAY0010196,INV0010506,CUST01450,2024-07-17,29.0,Successful,ACH
PAY0010197,INV0010507,CUST01450,2024-08-15,29.0,Successful,Bank Transfer
PAY0010198,INV0010508,CUST01450,2024-09-17,29.0,Successful,Bank Transfer
PAY0010199,INV0010509,CUST01450,2024-10-16,29.0,Successful,ACH
PAY0010200,INV0010510,CUST01450,2024-11-03,29.0,Successful,Debit Card
PAY0010201,INV0010511,CUST01450,2024-12-08,29.0,Successful,Credit Card
PAY0010202,INV0010512,CUST01450,2025-01-15,29.0,Successful,Bank Transfer
PAY0010203,INV0010513,CUST01451,2025-01-26,29.0,Successful,Debit Card
PAY0010204,INV0010514,CUST01451,2025-03-01,29.0,Successful,ACH
PAY0010205,INV0010515,CUST01451,2025-04-03,29.0,Successful,Bank Transfer
PAY0010206,INV0010516,CUST01451,2025-04-25,29.0,Successful,ACH
PAY0010207,INV0010517,CUST01451,2025-05-26,29.0,Successful,Credit Card
PAY0010208,INV0010518,CUST01451,2025-06-30,29.0,Successful,Bank Transfer
PAY0010209,INV0010519,CUST01451,2025-07-22,29.0,Successful,ACH
PAY0010210,INV0010520,CUST01451,2025-08-22,29.0,Successful,Bank Transfer
PAY0010211,INV0010522,CUST01451,2025-11-01,29.0,Successful,Bank Transfer
PAY0010212,INV0010523,CUST01451,2025-11-24,29.0,Successful,Debit Card
PAY0010213,INV0010524,CUST01451,2025-12-31,29.0,Successful,Bank Transfer
PAY0010214,INV0010525,CUST01452,2026-01-08,79.0,Successful,Credit Card
PAY0010215,INV0010526,CUST01453,2025-05-15,79.0,Successful,Credit Card
PAY0010216,INV0010527,CUST01453,2025-06-26,79.0,Successful,ACH
PAY0010217,INV0010528,CUST01453,2025-07-29,79.0,Successful,ACH
PAY0010218,INV0010529,CUST01453,2025-08-27,79.0,Successful,ACH
PAY0010219,INV0010530,CUST01453,2025-09-27,79.0,Successful,Credit Card
PAY0010220,INV0010531,CUST01453,2025-10-29,79.0,Successful,Credit Card
PAY0010221,INV0010532,CUST01453,2025-11-29,79.0,Successful,Credit Card
PAY0010222,INV0010533,CUST01453,2025-12-23,79.0,Successful,ACH
PAY0010223,INV0010534,CUST01454,2025-05-15,79.0,Successful,Credit Card
PAY0010224,INV0010535,CUST01454,2025-06-13,79.0,Successful,Credit Card
PAY0010225,INV0010536,CUST01454,2025-07-07,79.0,Failed,Debit Card
PAY0010226,INV0010537,CUST01454,2025-08-16,79.0,Failed,Credit Card
PAY0010227,INV0010538,CUST01454,2025-09-14,79.0,Successful,Credit Card
PAY0010228,INV0010539,CUST01454,2025-10-14,79.0,Successful,Bank Transfer
PAY0010229,INV0010540,CUST01454,2025-11-12,79.0,Successful,Debit Card
PAY0010230,INV0010541,CUST01454,2025-12-15,79.0,Successful,Credit Card
PAY0010231,INV0010542,CUST01455,2024-10-08,295.8,Successful,ACH
PAY0010232,INV0010543,CUST01456,2024-11-02,79.0,Successful,Credit Card
PAY0010233,INV0010544,CUST01456,2024-12-03,79.0,Successful,Bank Transfer
PAY0010234,INV0010545,CUST01456,2025-01-01,79.0,Successful,ACH
PAY0010235,INV0010546,CUST01456,2025-01-20,79.0,Successful,ACH
PAY0010236,INV0010547,CUST01456,2025-03-04,79.0,Successful,Debit Card
PAY0010237,INV0010548,CUST01456,2025-04-02,79.0,Successful,ACH
PAY0010238,INV0010549,CUST01456,2025-05-02,79.0,Successful,ACH
PAY0010239,INV0010550,CUST01456,2025-05-30,79.0,Successful,Credit Card
PAY0010240,INV0010551,CUST01456,2025-06-25,79.0,Failed,Debit Card
PAY0010241,INV0010552,CUST01456,2025-08-02,79.0,Successful,ACH
PAY0010242,INV0010553,CUST01456,2025-08-24,79.0,Successful,ACH
PAY0010243,INV0010554,CUST01456,2025-10-03,79.0,Successful,Bank Transfer
PAY0010244,INV0010555,CUST01456,2025-10-26,79.0,Successful,Credit Card
PAY0010245,INV0010556,CUST01456,2025-11-23,79.0,Successful,ACH
PAY0010246,INV0010557,CUST01456,2025-12-23,79.0,Successful,Bank Transfer
PAY0010247,INV0010558,CUST01457,2025-01-12,805.8,Successful,ACH
PAY0010248,INV0010559,CUST01458,2025-02-08,79.0,Successful,ACH
PAY0010249,INV0010560,CUST01458,2025-03-11,79.0,Successful,Debit Card
PAY0010250,INV0010561,CUST01458,2025-03-25,79.0,Successful,Debit Card
PAY0010251,INV0010562,CUST01458,2025-05-09,79.0,Successful,Bank Transfer
PAY0010252,INV0010563,CUST01458,2025-05-26,79.0,Successful,Bank Transfer
PAY0010253,INV0010564,CUST01458,2025-06-28,79.0,Successful,ACH
PAY0010254,INV0010565,CUST01458,2025-08-08,79.0,Successful,Bank Transfer
PAY0010255,INV0010566,CUST01458,2025-09-02,79.0,Successful,Credit Card
PAY0010256,INV0010567,CUST01458,2025-10-08,79.0,Successful,Debit Card
PAY0010257,INV0010568,CUST01458,2025-10-25,79.0,Successful,ACH
PAY0010258,INV0010569,CUST01458,2025-12-08,79.0,Successful,Debit Card
PAY0010259,INV0010570,CUST01458,2026-01-01,79.0,Successful,ACH
PAY0010260,INV0010571,CUST01459,2025-01-09,29.0,Successful,Debit Card
PAY0010261,INV0010572,CUST01459,2025-02-09,29.0,Successful,ACH
PAY0010262,INV0010573,CUST01459,2025-03-01,29.0,Successful,Bank Transfer
PAY0010263,INV0010574,CUST01459,2025-04-02,29.0,Successful,Debit Card
PAY0010264,INV0010575,CUST01459,2025-05-02,29.0,Successful,Credit Card
PAY0010265,INV0010576,CUST01459,2025-06-02,29.0,Successful,ACH
PAY0010266,INV0010577,CUST01459,2025-06-29,29.0,Successful,ACH
PAY0010267,INV0010578,CUST01459,2025-08-05,29.0,Successful,Credit Card
PAY0010268,INV0010579,CUST01459,2025-09-07,29.0,Successful,Debit Card
PAY0010269,INV0010580,CUST01459,2025-09-26,29.0,Successful,Bank Transfer
PAY0010270,INV0010581,CUST01459,2025-11-05,29.0,Successful,Bank Transfer
PAY0010271,INV0010582,CUST01459,2025-11-30,29.0,Successful,Credit Card
PAY0010272,INV0010583,CUST01459,2026-01-01,29.0,Successful,ACH
PAY0010273,INV0010584,CUST01460,2025-09-02,79.0,Successful,Debit Card
PAY0010274,INV0010585,CUST01460,2025-10-14,79.0,Successful,ACH
PAY0010275,INV0010586,CUST01460,2025-11-08,79.0,Successful,Debit Card
PAY0010276,INV0010587,CUST01460,2025-12-03,79.0,Successful,Credit Card
PAY0010277,INV0010588,CUST01460,2026-01-05,79.0,Successful,Bank Transfer
PAY0010278,INV0010589,CUST01461,2024-05-11,29.0,Successful,Credit Card
PAY0010279,INV0010590,CUST01461,2024-06-03,29.0,Successful,ACH
PAY0010280,INV0010591,CUST01461,2024-07-08,29.0,Successful,Credit Card
PAY0010281,INV0010592,CUST01461,2024-07-29,29.0,Successful,Credit Card
PAY0010282,INV0010593,CUST01461,2024-09-05,29.0,Successful,ACH
PAY0010283,INV0010594,CUST01461,2024-10-05,29.0,Successful,Debit Card
PAY0010284,INV0010595,CUST01461,2024-11-09,29.0,Successful,Bank Transfer
PAY0010285,INV0010596,CUST01461,2024-12-05,79.0,Successful,ACH
PAY0010286,INV0010597,CUST01461,2024-12-31,79.0,Successful,ACH
PAY0010287,INV0010598,CUST01461,2025-02-02,79.0,Successful,Debit Card
PAY0010288,INV0010599,CUST01461,2025-03-02,79.0,Successful,Debit Card
PAY0010289,INV0010600,CUST01461,2025-04-09,79.0,Successful,Bank Transfer
PAY0010290,INV0010601,CUST01461,2025-05-05,79.0,Successful,ACH
PAY0010291,INV0010602,CUST01461,2025-06-02,79.0,Refunded,Credit Card
PAY0010292,INV0010603,CUST01461,2025-07-06,79.0,Successful,ACH
PAY0010293,INV0010604,CUST01461,2025-07-29,79.0,Successful,ACH
PAY0010294,INV0010605,CUST01461,2025-09-03,79.0,Successful,Debit Card
PAY0010295,INV0010606,CUST01461,2025-10-01,79.0,Successful,Bank Transfer
PAY0010296,INV0010607,CUST01462,2025-04-25,29.0,Successful,ACH
PAY0010297,INV0010608,CUST01462,2025-05-29,29.0,Failed,ACH
PAY0010298,INV0010609,CUST01462,2025-07-01,29.0,Successful,Debit Card
PAY0010299,INV0010610,CUST01462,2025-07-25,29.0,Successful,ACH
PAY0010300,INV0010611,CUST01462,2025-08-24,29.0,Successful,Bank Transfer
PAY0010301,INV0010612,CUST01462,2025-09-28,29.0,Successful,Debit Card
PAY0010302,INV0010613,CUST01462,2025-10-20,29.0,Successful,Credit Card
PAY0010303,INV0010614,CUST01462,2025-12-01,29.0,Successful,Bank Transfer
PAY0010304,INV0010616,CUST01463,2024-10-11,79.0,Successful,Bank Transfer
PAY0010305,INV0010617,CUST01463,2024-11-04,79.0,Successful,Bank Transfer
PAY0010306,INV0010618,CUST01463,2024-12-09,79.0,Successful,Credit Card
PAY0010307,INV0010619,CUST01463,2025-01-12,79.0,Successful,Bank Transfer
PAY0010308,INV0010620,CUST01463,2025-02-06,79.0,Successful,Credit Card
PAY0010309,INV0010621,CUST01463,2025-03-14,79.0,Successful,ACH
PAY0010310,INV0010622,CUST01463,2025-04-03,79.0,Successful,Debit Card
PAY0010311,INV0010623,CUST01463,2025-04-30,79.0,Successful,ACH
PAY0010312,INV0010624,CUST01463,2025-05-31,79.0,Successful,ACH
PAY0010313,INV0010625,CUST01463,2025-06-29,79.0,Successful,ACH
PAY0010314,INV0010626,CUST01463,2025-08-05,79.0,Successful,Bank Transfer
PAY0010315,INV0010627,CUST01463,2025-09-08,79.0,Successful,Bank Transfer
PAY0010316,INV0010628,CUST01464,2025-01-27,79.0,Successful,Bank Transfer
PAY0010317,INV0010629,CUST01464,2025-03-03,79.0,Successful,Bank Transfer
PAY0010318,INV0010630,CUST01464,2025-04-01,79.0,Successful,Debit Card
PAY0010319,INV0010631,CUST01464,2025-05-06,79.0,Successful,Credit Card
PAY0010320,INV0010632,CUST01464,2025-06-05,79.0,Failed,ACH
PAY0010321,INV0010633,CUST01464,2025-07-05,79.0,Successful,Bank Transfer
PAY0010322,INV0010634,CUST01464,2025-07-28,79.0,Successful,Credit Card
PAY0010323,INV0010635,CUST01464,2025-08-27,79.0,Successful,Credit Card
PAY0010324,INV0010636,CUST01464,2025-10-01,79.0,Successful,Credit Card
PAY0010325,INV0010637,CUST01464,2025-10-28,79.0,Successful,Credit Card
PAY0010326,INV0010638,CUST01464,2025-11-22,79.0,Failed,ACH
PAY0010327,INV0010639,CUST01464,2025-12-27,79.0,Successful,Bank Transfer
PAY0010328,INV0010640,CUST01465,2024-04-17,79.0,Successful,Debit Card
PAY0010329,INV0010641,CUST01465,2024-05-23,79.0,Successful,ACH
PAY0010330,INV0010642,CUST01465,2024-06-24,79.0,Successful,Bank Transfer
PAY0010331,INV0010643,CUST01465,2024-07-24,79.0,Successful,ACH
PAY0010332,INV0010644,CUST01465,2024-08-16,79.0,Successful,ACH
PAY0010333,INV0010645,CUST01465,2024-09-14,79.0,Successful,Debit Card
PAY0010334,INV0010646,CUST01465,2024-10-14,79.0,Successful,Debit Card
PAY0010335,INV0010647,CUST01465,2024-11-17,79.0,Successful,Debit Card
PAY0010336,INV0010648,CUST01465,2024-12-19,79.0,Successful,Bank Transfer
PAY0010337,INV0010649,CUST01465,2025-01-20,79.0,Successful,ACH
PAY0010338,INV0010650,CUST01465,2025-02-25,79.0,Successful,Bank Transfer
PAY0010339,INV0010651,CUST01465,2025-03-25,79.0,Successful,Bank Transfer
PAY0010340,INV0010652,CUST01466,2024-06-23,29.0,Successful,Credit Card
PAY0010341,INV0010653,CUST01466,2024-07-30,29.0,Successful,Credit Card
PAY0010342,INV0010654,CUST01466,2024-08-27,29.0,Successful,Credit Card
PAY0010343,INV0010655,CUST01466,2024-09-30,29.0,Successful,Credit Card
PAY0010344,INV0010656,CUST01466,2024-10-26,29.0,Successful,Credit Card
PAY0010345,INV0010657,CUST01466,2024-11-24,29.0,Successful,Bank Transfer
PAY0010346,INV0010658,CUST01466,2024-12-26,29.0,Successful,Bank Transfer
PAY0010347,INV0010659,CUST01466,2025-01-24,29.0,Successful,Credit Card
PAY0010348,INV0010660,CUST01466,2025-03-04,29.0,Successful,ACH
PAY0010349,INV0010661,CUST01466,2025-03-25,29.0,Successful,Debit Card
PAY0010350,INV0010662,CUST01466,2025-05-01,29.0,Successful,Debit Card
PAY0010351,INV0010663,CUST01466,2025-05-23,29.0,Successful,ACH
PAY0010352,INV0010664,CUST01466,2025-07-04,29.0,Successful,Bank Transfer
PAY0010353,INV0010665,CUST01466,2025-08-03,29.0,Successful,Debit Card
PAY0010354,INV0010666,CUST01466,2025-08-20,29.0,Successful,Credit Card
PAY0010355,INV0010667,CUST01466,2025-09-30,29.0,Successful,Debit Card
PAY0010356,INV0010668,CUST01466,2025-10-24,29.0,Successful,Bank Transfer
PAY0010357,INV0010669,CUST01466,2025-12-01,29.0,Successful,Credit Card
PAY0010358,INV0010670,CUST01467,2025-05-30,199.0,Successful,Debit Card
PAY0010359,INV0010671,CUST01467,2025-07-04,199.0,Successful,Credit Card
PAY0010360,INV0010672,CUST01467,2025-07-30,199.0,Successful,Bank Transfer
PAY0010361,INV0010673,CUST01467,2025-09-04,199.0,Successful,Debit Card
PAY0010362,INV0010674,CUST01467,2025-10-06,199.0,Failed,ACH
PAY0010363,INV0010676,CUST01467,2025-11-29,199.0,Successful,Bank Transfer
PAY0010364,INV0010677,CUST01467,2025-12-24,199.0,Successful,Bank Transfer
PAY0010365,INV0010678,CUST01468,2024-10-24,805.8,Successful,Credit Card
PAY0010366,INV0010679,CUST01469,2024-08-20,79.0,Successful,Credit Card
PAY0010367,INV0010680,CUST01469,2024-09-20,79.0,Successful,Bank Transfer
PAY0010368,INV0010681,CUST01469,2024-11-01,79.0,Successful,Credit Card
PAY0010369,INV0010682,CUST01469,2024-12-03,79.0,Successful,Credit Card
PAY0010370,INV0010683,CUST01469,2024-12-31,79.0,Successful,Debit Card
PAY0010371,INV0010684,CUST01469,2025-01-31,79.0,Successful,Debit Card
PAY0010372,INV0010685,CUST01469,2025-02-25,79.0,Successful,Bank Transfer
PAY0010373,INV0010686,CUST01469,2025-04-03,79.0,Successful,ACH
PAY0010374,INV0010687,CUST01469,2025-04-28,79.0,Successful,Bank Transfer
PAY0010375,INV0010688,CUST01469,2025-05-20,79.0,Successful,ACH
PAY0010376,INV0010689,CUST01469,2025-06-29,79.0,Successful,Credit Card
PAY0010377,INV0010690,CUST01469,2025-07-22,79.0,Successful,Bank Transfer
PAY0010378,INV0010691,CUST01469,2025-08-29,79.0,Successful,ACH
PAY0010379,INV0010692,CUST01469,2025-09-28,79.0,Successful,Bank Transfer
PAY0010380,INV0010693,CUST01469,2025-11-03,79.0,Successful,Debit Card
PAY0010381,INV0010694,CUST01469,2025-12-01,79.0,Successful,Debit Card
PAY0010382,INV0010695,CUST01469,2025-12-26,79.0,Successful,Debit Card
PAY0010383,INV0010696,CUST01470,2025-09-03,29.0,Successful,Debit Card
PAY0010384,INV0010698,CUST01470,2025-11-07,29.0,Successful,ACH
PAY0010385,INV0010700,CUST01470,2025-12-31,29.0,Successful,Credit Card
PAY0010386,INV0010701,CUST01471,2025-03-16,79.0,Successful,ACH
PAY0010387,INV0010703,CUST01471,2025-05-26,79.0,Successful,Credit Card
PAY0010388,INV0010704,CUST01471,2025-06-24,79.0,Successful,ACH
PAY0010389,INV0010705,CUST01471,2025-07-23,79.0,Successful,Debit Card
PAY0010390,INV0010706,CUST01471,2025-08-19,79.0,Successful,ACH
PAY0010391,INV0010707,CUST01471,2025-09-24,79.0,Failed,Bank Transfer
PAY0010392,INV0010708,CUST01471,2025-10-26,79.0,Successful,Debit Card
PAY0010393,INV0010709,CUST01471,2025-11-27,79.0,Successful,Debit Card
PAY0010394,INV0010710,CUST01471,2025-12-19,79.0,Successful,Bank Transfer
PAY0010395,INV0010711,CUST01472,2025-06-08,29.0,Successful,Debit Card
PAY0010396,INV0010712,CUST01472,2025-07-15,29.0,Successful,Bank Transfer
PAY0010397,INV0010713,CUST01472,2025-08-02,29.0,Successful,ACH
PAY0010398,INV0010714,CUST01472,2025-09-07,29.0,Successful,ACH
PAY0010399,INV0010715,CUST01472,2025-10-06,29.0,Failed,Debit Card
PAY0010400,INV0010716,CUST01472,2025-11-03,29.0,Successful,Credit Card
PAY0010401,INV0010717,CUST01472,2025-12-02,29.0,Successful,ACH
PAY0010402,INV0010718,CUST01472,2025-12-31,29.0,Successful,Credit Card
PAY0010403,INV0010719,CUST01473,2024-07-31,199.0,Successful,ACH
PAY0010404,INV0010720,CUST01473,2024-08-29,199.0,Successful,ACH
PAY0010405,INV0010721,CUST01473,2024-10-04,199.0,Failed,Credit Card
PAY0010406,INV0010722,CUST01474,2025-11-27,295.8,Successful,Bank Transfer
PAY0010407,INV0010723,CUST01475,2025-08-21,199.0,Successful,ACH
PAY0010408,INV0010724,CUST01475,2025-09-20,199.0,Successful,Debit Card
PAY0010409,INV0010725,CUST01475,2025-10-26,199.0,Successful,Bank Transfer
PAY0010410,INV0010726,CUST01475,2025-11-27,199.0,Successful,ACH
PAY0010411,INV0010727,CUST01475,2025-12-19,199.0,Successful,Debit Card
PAY0010412,INV0010728,CUST01476,2024-10-15,199.0,Successful,ACH
PAY0010413,INV0010729,CUST01476,2024-11-08,199.0,Successful,Debit Card
PAY0010414,INV0010730,CUST01476,2024-12-11,199.0,Successful,Debit Card
PAY0010415,INV0010731,CUST01477,2025-08-16,805.8,Successful,Bank Transfer
PAY0010416,INV0010732,CUST01478,2025-04-21,29.0,Successful,Credit Card
PAY0010417,INV0010733,CUST01478,2025-05-21,29.0,Successful,ACH
PAY0010418,INV0010734,CUST01478,2025-07-03,29.0,Successful,Debit Card
PAY0010419,INV0010735,CUST01479,2025-03-27,79.0,Successful,Debit Card
PAY0010420,INV0010736,CUST01479,2025-04-26,79.0,Failed,Credit Card
PAY0010421,INV0010737,CUST01479,2025-05-24,79.0,Successful,Credit Card
PAY0010422,INV0010738,CUST01479,2025-07-05,79.0,Successful,Bank Transfer
PAY0010423,INV0010739,CUST01479,2025-07-23,79.0,Successful,Bank Transfer
PAY0010424,INV0010740,CUST01479,2025-08-28,79.0,Successful,ACH
PAY0010425,INV0010741,CUST01479,2025-10-01,79.0,Successful,Bank Transfer
PAY0010426,INV0010742,CUST01479,2025-10-29,79.0,Successful,Debit Card
PAY0010427,INV0010743,CUST01479,2025-11-27,79.0,Successful,Bank Transfer
PAY0010428,INV0010744,CUST01479,2025-12-30,79.0,Successful,Bank Transfer
PAY0010429,INV0010745,CUST01480,2025-10-20,29.0,Successful,ACH
PAY0010430,INV0010746,CUST01480,2025-11-25,29.0,Successful,Credit Card
PAY0010431,INV0010747,CUST01480,2025-12-24,29.0,Successful,ACH
PAY0010432,INV0010748,CUST01481,2025-10-28,29.0,Successful,Bank Transfer
PAY0010433,INV0010750,CUST01481,2026-01-06,29.0,Successful,Debit Card
PAY0010434,INV0010751,CUST01482,2024-09-06,79.0,Successful,Bank Transfer
PAY0010435,INV0010752,CUST01482,2024-10-09,79.0,Successful,Credit Card
PAY0010436,INV0010753,CUST01482,2024-11-10,79.0,Successful,Bank Transfer
PAY0010437,INV0010754,CUST01482,2024-12-08,79.0,Successful,Credit Card
PAY0010438,INV0010755,CUST01482,2025-01-16,79.0,Successful,Bank Transfer
PAY0010439,INV0010756,CUST01482,2025-02-09,79.0,Successful,Debit Card
PAY0010440,INV0010757,CUST01482,2025-03-04,79.0,Successful,Credit Card
PAY0010441,INV0010758,CUST01482,2025-04-02,79.0,Successful,ACH
PAY0010442,INV0010759,CUST01482,2025-05-07,79.0,Successful,Credit Card
PAY0010443,INV0010760,CUST01482,2025-06-08,79.0,Successful,ACH
PAY0010444,INV0010761,CUST01482,2025-07-07,79.0,Successful,Credit Card
PAY0010445,INV0010762,CUST01482,2025-08-06,79.0,Successful,Debit Card
PAY0010446,INV0010763,CUST01483,2025-04-23,79.0,Successful,Bank Transfer
PAY0010447,INV0010764,CUST01483,2025-05-23,79.0,Successful,Debit Card
PAY0010448,INV0010765,CUST01483,2025-07-05,79.0,Successful,Bank Transfer
PAY0010449,INV0010766,CUST01483,2025-07-24,79.0,Successful,Debit Card
PAY0010450,INV0010767,CUST01483,2025-08-26,79.0,Successful,Bank Transfer
PAY0010451,INV0010768,CUST01483,2025-10-05,79.0,Successful,Credit Card
PAY0010452,INV0010769,CUST01483,2025-11-02,79.0,Successful,Debit Card
PAY0010453,INV0010770,CUST01483,2025-11-22,79.0,Successful,Credit Card
PAY0010454,INV0010771,CUST01483,2025-12-29,79.0,Successful,ACH
PAY0010455,INV0010772,CUST01484,2024-08-03,79.0,Successful,Debit Card
PAY0010456,INV0010773,CUST01484,2024-09-07,79.0,Successful,Debit Card
PAY0010457,INV0010774,CUST01484,2024-10-02,79.0,Successful,Bank Transfer
PAY0010458,INV0010775,CUST01484,2024-11-04,79.0,Successful,Debit Card
PAY0010459,INV0010776,CUST01484,2024-12-09,79.0,Successful,Credit Card
PAY0010460,INV0010777,CUST01484,2025-01-05,79.0,Successful,Bank Transfer
PAY0010461,INV0010778,CUST01484,2025-01-31,79.0,Successful,Credit Card
PAY0010462,INV0010779,CUST01484,2025-03-10,79.0,Successful,ACH
PAY0010463,INV0010780,CUST01484,2025-03-31,79.0,Successful,Bank Transfer
PAY0010464,INV0010781,CUST01484,2025-05-05,79.0,Successful,Credit Card
PAY0010465,INV0010782,CUST01484,2025-05-26,79.0,Successful,Debit Card
PAY0010466,INV0010783,CUST01484,2025-07-07,79.0,Successful,Bank Transfer
PAY0010467,INV0010784,CUST01484,2025-08-02,79.0,Successful,ACH
PAY0010468,INV0010785,CUST01484,2025-08-29,79.0,Failed,ACH
PAY0010469,INV0010786,CUST01484,2025-10-07,79.0,Successful,Bank Transfer
PAY0010470,INV0010787,CUST01484,2025-11-02,79.0,Successful,Debit Card
PAY0010471,INV0010788,CUST01484,2025-12-09,79.0,Successful,Bank Transfer
PAY0010472,INV0010789,CUST01484,2026-01-07,79.0,Successful,Credit Card
PAY0010473,INV0010790,CUST01485,2025-11-15,79.0,Successful,Bank Transfer
PAY0010474,INV0010791,CUST01485,2025-12-14,79.0,Successful,ACH
PAY0010475,INV0010792,CUST01486,2024-02-05,79.0,Successful,ACH
PAY0010476,INV0010793,CUST01486,2024-03-04,79.0,Successful,Credit Card
PAY0010477,INV0010794,CUST01486,2024-04-02,79.0,Successful,Bank Transfer
PAY0010478,INV0010795,CUST01486,2024-04-30,79.0,Successful,ACH
PAY0010479,INV0010796,CUST01486,2024-06-05,79.0,Successful,Credit Card
PAY0010480,INV0010797,CUST01486,2024-07-04,79.0,Successful,Credit Card
PAY0010481,INV0010798,CUST01487,2024-03-13,805.8,Successful,Credit Card
PAY0010482,INV0010799,CUST01488,2025-02-19,79.0,Successful,Bank Transfer
PAY0010483,INV0010800,CUST01488,2025-03-19,79.0,Successful,Credit Card
PAY0010484,INV0010801,CUST01488,2025-04-13,79.0,Successful,ACH
PAY0010485,INV0010802,CUST01488,2025-05-20,79.0,Successful,Debit Card
PAY0010486,INV0010803,CUST01488,2025-06-22,79.0,Successful,ACH
PAY0010487,INV0010805,CUST01488,2025-08-18,79.0,Successful,Bank Transfer
PAY0010488,INV0010806,CUST01488,2025-09-20,79.0,Failed,ACH
PAY0010489,INV0010807,CUST01488,2025-10-11,79.0,Successful,ACH
PAY0010490,INV0010808,CUST01488,2025-11-19,79.0,Successful,Bank Transfer
PAY0010491,INV0010809,CUST01488,2025-12-23,79.0,Successful,Credit Card
PAY0010492,INV0010810,CUST01489,2024-04-27,805.8,Successful,Bank Transfer
PAY0010493,INV0010811,CUST01489,2025-05-05,805.8,Successful,Bank Transfer
PAY0010494,INV0010812,CUST01490,2025-05-29,2029.8,Successful,ACH
PAY0010495,INV0010813,CUST01491,2024-12-11,79.0,Successful,ACH
PAY0010496,INV0010814,CUST01491,2025-01-16,79.0,Failed,Bank Transfer
PAY0010497,INV0010815,CUST01491,2025-02-14,79.0,Successful,Credit Card
PAY0010498,INV0010816,CUST01492,2025-03-12,29.0,Successful,Credit Card
PAY0010499,INV0010817,CUST01492,2025-04-24,29.0,Successful,ACH
PAY0010500,INV0010818,CUST01492,2025-05-18,29.0,Successful,Debit Card
PAY0010501,INV0010819,CUST01492,2025-06-18,29.0,Successful,ACH
PAY0010502,INV0010820,CUST01492,2025-07-20,29.0,Successful,Credit Card
PAY0010503,INV0010821,CUST01492,2025-08-11,29.0,Failed,ACH
PAY0010504,INV0010823,CUST01492,2025-10-24,29.0,Successful,ACH
PAY0010505,INV0010824,CUST01492,2025-11-11,29.0,Successful,Credit Card
PAY0010506,INV0010825,CUST01492,2025-12-11,29.0,Successful,Credit Card
PAY0010507,INV0010827,CUST01493,2025-05-07,79.0,Successful,Bank Transfer
PAY0010508,INV0010829,CUST01493,2025-06-27,79.0,Successful,Bank Transfer
PAY0010509,INV0010830,CUST01493,2025-08-01,79.0,Refunded,Credit Card
PAY0010510,INV0010831,CUST01493,2025-08-31,79.0,Successful,ACH
PAY0010511,INV0010832,CUST01493,2025-10-11,79.0,Successful,Debit Card
PAY0010512,INV0010833,CUST01493,2025-11-03,79.0,Failed,Credit Card
PAY0010513,INV0010834,CUST01493,2025-12-03,79.0,Successful,ACH
PAY0010514,INV0010835,CUST01493,2026-01-01,79.0,Successful,ACH
PAY0010515,INV0010836,CUST01494,2025-07-14,805.8,Successful,Credit Card
PAY0010516,INV0010837,CUST01495,2025-05-05,79.0,Successful,Bank Transfer
PAY0010517,INV0010838,CUST01495,2025-06-05,79.0,Successful,Bank Transfer
PAY0010518,INV0010839,CUST01495,2025-07-04,79.0,Successful,ACH
PAY0010519,INV0010840,CUST01496,2025-01-21,79.0,Successful,Bank Transfer
PAY0010520,INV0010841,CUST01496,2025-02-21,79.0,Successful,Debit Card
PAY0010521,INV0010842,CUST01496,2025-03-19,79.0,Successful,ACH
PAY0010522,INV0010843,CUST01496,2025-04-17,79.0,Successful,ACH
PAY0010523,INV0010844,CUST01496,2025-05-20,79.0,Successful,Bank Transfer
PAY0010524,INV0010845,CUST01496,2025-06-10,79.0,Successful,Credit Card
PAY0010525,INV0010846,CUST01496,2025-07-18,79.0,Failed,ACH
PAY0010526,INV0010847,CUST01496,2025-08-21,79.0,Successful,Credit Card
PAY0010527,INV0010848,CUST01496,2025-09-20,79.0,Successful,Bank Transfer
PAY0010528,INV0010849,CUST01496,2025-10-09,79.0,Successful,Credit Card
PAY0010529,INV0010850,CUST01496,2025-11-17,79.0,Successful,Credit Card
PAY0010530,INV0010851,CUST01496,2025-12-07,79.0,Successful,Bank Transfer
PAY0010531,INV0010852,CUST01497,2025-10-30,79.0,Successful,Credit Card
PAY0010532,INV0010853,CUST01497,2025-11-29,79.0,Successful,Credit Card
PAY0010533,INV0010854,CUST01497,2025-12-23,79.0,Successful,ACH
PAY0010534,INV0010855,CUST01498,2025-12-10,295.8,Successful,Credit Card
PAY0010535,INV0010856,CUST01499,2024-11-14,79.0,Successful,ACH
PAY0010536,INV0010857,CUST01499,2024-12-19,79.0,Successful,Debit Card
PAY0010537,INV0010858,CUST01499,2025-01-16,79.0,Successful,ACH
PAY0010538,INV0010859,CUST01499,2025-02-14,79.0,Successful,Bank Transfer
PAY0010539,INV0010860,CUST01499,2025-03-20,79.0,Successful,Debit Card
PAY0010540,INV0010861,CUST01499,2025-04-27,79.0,Successful,Bank Transfer
PAY0010541,INV0010862,CUST01500,2025-07-12,29.0,Successful,ACH
PAY0010542,INV0010863,CUST01500,2025-08-07,29.0,Failed,Credit Card
PAY0010543,INV0010864,CUST01500,2025-09-12,29.0,Successful,Bank Transfer
PAY0010544,INV0010865,CUST01500,2025-10-16,29.0,Successful,Debit Card
PAY0010545,INV0010867,CUST01500,2025-12-09,29.0,Successful,Bank Transfer
PAY0010546,INV0010868,CUST01501,2025-02-21,295.8,Successful,Bank Transfer
PAY0010547,INV0010869,CUST01502,2024-11-14,29.0,Successful,ACH
PAY0010548,INV0010870,CUST01502,2024-12-15,29.0,Successful,Credit Card
PAY0010549,INV0010871,CUST01502,2025-01-04,29.0,Successful,ACH
PAY0010550,INV0010872,CUST01502,2025-02-04,29.0,Successful,ACH
PAY0010551,INV0010873,CUST01502,2025-03-09,29.0,Successful,Debit Card
PAY0010552,INV0010874,CUST01502,2025-04-10,29.0,Successful,ACH
PAY0010553,INV0010875,CUST01502,2025-05-04,29.0,Successful,Credit Card
PAY0010554,INV0010876,CUST01502,2025-06-12,29.0,Successful,Bank Transfer
PAY0010555,INV0010877,CUST01502,2025-07-03,29.0,Successful,Bank Transfer
PAY0010556,INV0010878,CUST01502,2025-07-31,29.0,Failed,Debit Card
PAY0010557,INV0010879,CUST01502,2025-09-10,29.0,Successful,Debit Card
PAY0010558,INV0010880,CUST01502,2025-10-13,29.0,Successful,Debit Card
PAY0010559,INV0010881,CUST01503,2025-10-24,199.0,Successful,Bank Transfer
PAY0010560,INV0010882,CUST01503,2025-12-06,199.0,Successful,ACH
PAY0010561,INV0010883,CUST01503,2025-12-23,199.0,Successful,ACH
PAY0010562,INV0010884,CUST01504,2025-06-02,29.0,Successful,Debit Card
PAY0010563,INV0010885,CUST01504,2025-06-20,29.0,Successful,Debit Card
PAY0010564,INV0010886,CUST01504,2025-07-24,29.0,Successful,Bank Transfer
PAY0010565,INV0010888,CUST01504,2025-10-02,29.0,Successful,Debit Card
PAY0010566,INV0010889,CUST01504,2025-10-22,29.0,Successful,Credit Card
PAY0010567,INV0010890,CUST01504,2025-11-24,29.0,Successful,Credit Card
PAY0010568,INV0010891,CUST01504,2025-12-24,29.0,Successful,Debit Card
PAY0010569,INV0010892,CUST01505,2025-03-19,79.0,Successful,Debit Card
PAY0010570,INV0010893,CUST01505,2025-04-14,79.0,Failed,Bank Transfer
PAY0010571,INV0010894,CUST01505,2025-05-17,79.0,Successful,ACH
PAY0010572,INV0010895,CUST01505,2025-06-17,79.0,Successful,Credit Card
PAY0010573,INV0010896,CUST01505,2025-07-16,79.0,Successful,Bank Transfer
PAY0010574,INV0010897,CUST01505,2025-08-13,79.0,Failed,Debit Card
PAY0010575,INV0010898,CUST01505,2025-09-12,79.0,Successful,Credit Card
PAY0010576,INV0010899,CUST01505,2025-10-12,79.0,Successful,Bank Transfer
PAY0010577,INV0010900,CUST01505,2025-11-12,79.0,Successful,Bank Transfer
PAY0010578,INV0010901,CUST01505,2025-12-16,79.0,Successful,Bank Transfer
PAY0010579,INV0010902,CUST01506,2025-12-23,29.0,Successful,ACH
PAY0010580,INV0010903,CUST01507,2025-04-22,29.0,Successful,Credit Card
PAY0010581,INV0010904,CUST01507,2025-05-23,29.0,Successful,Bank Transfer
PAY0010582,INV0010905,CUST01507,2025-06-17,29.0,Successful,Bank Transfer
PAY0010583,INV0010906,CUST01508,2025-10-17,29.0,Successful,ACH
PAY0010584,INV0010907,CUST01508,2025-11-17,29.0,Successful,Credit Card
PAY0010585,INV0010908,CUST01508,2025-12-15,29.0,Successful,Bank Transfer
PAY0010586,INV0010909,CUST01509,2024-08-06,79.0,Successful,Bank Transfer
PAY0010587,INV0010910,CUST01509,2024-08-28,79.0,Successful,Credit Card
PAY0010588,INV0010911,CUST01509,2024-09-29,79.0,Successful,Bank Transfer
PAY0010589,INV0010912,CUST01509,2024-11-03,79.0,Successful,Debit Card
PAY0010590,INV0010913,CUST01509,2024-12-08,79.0,Successful,Credit Card
PAY0010591,INV0010914,CUST01509,2025-01-04,79.0,Successful,Credit Card
PAY0010592,INV0010915,CUST01509,2025-02-02,79.0,Failed,Debit Card
PAY0010593,INV0010916,CUST01509,2025-03-10,79.0,Successful,Debit Card
PAY0010594,INV0010917,CUST01509,2025-03-25,79.0,Successful,Credit Card
PAY0010595,INV0010918,CUST01509,2025-04-25,79.0,Successful,ACH
PAY0010596,INV0010919,CUST01509,2025-05-24,79.0,Successful,Bank Transfer
PAY0010597,INV0010920,CUST01509,2025-06-24,79.0,Successful,Debit Card
PAY0010598,INV0010921,CUST01509,2025-08-06,79.0,Successful,ACH
PAY0010599,INV0010922,CUST01509,2025-08-25,79.0,Successful,ACH
PAY0010600,INV0010923,CUST01509,2025-10-04,79.0,Successful,Bank Transfer
PAY0010601,INV0010924,CUST01509,2025-10-25,79.0,Successful,Debit Card
PAY0010602,INV0010925,CUST01509,2025-11-25,79.0,Successful,Credit Card
PAY0010603,INV0010926,CUST01509,2026-01-07,79.0,Successful,Bank Transfer
PAY0010604,INV0010927,CUST01510,2024-06-25,79.0,Successful,Debit Card
PAY0010605,INV0010928,CUST01510,2024-07-17,79.0,Successful,ACH
PAY0010606,INV0010929,CUST01510,2024-08-13,79.0,Successful,Debit Card
PAY0010607,INV0010930,CUST01511,2025-09-05,199.0,Successful,Bank Transfer
PAY0010608,INV0010931,CUST01511,2025-10-10,199.0,Successful,ACH
PAY0010609,INV0010932,CUST01511,2025-11-12,199.0,Successful,Debit Card
PAY0010610,INV0010933,CUST01511,2025-12-15,199.0,Successful,Credit Card
PAY0010611,INV0010934,CUST01511,2026-01-12,199.0,Successful,Credit Card
PAY0010612,INV0010935,CUST01512,2025-05-07,199.0,Successful,ACH
PAY0010613,INV0010936,CUST01512,2025-06-19,199.0,Successful,Bank Transfer
PAY0010614,INV0010937,CUST01512,2025-07-19,199.0,Successful,Credit Card
PAY0010615,INV0010938,CUST01512,2025-08-16,199.0,Successful,Credit Card
PAY0010616,INV0010939,CUST01512,2025-09-19,199.0,Successful,Bank Transfer
PAY0010617,INV0010940,CUST01512,2025-10-07,199.0,Successful,Bank Transfer
PAY0010618,INV0010941,CUST01513,2024-10-22,29.0,Successful,Credit Card
PAY0010619,INV0010942,CUST01513,2024-11-19,29.0,Successful,Credit Card
PAY0010620,INV0010943,CUST01513,2024-12-24,29.0,Successful,Debit Card
PAY0010621,INV0010944,CUST01513,2025-01-16,29.0,Successful,Debit Card
PAY0010622,INV0010945,CUST01513,2025-02-19,29.0,Successful,Bank Transfer
PAY0010623,INV0010947,CUST01513,2025-04-19,29.0,Successful,Debit Card
PAY0010624,INV0010948,CUST01513,2025-05-25,29.0,Successful,Debit Card
PAY0010625,INV0010949,CUST01513,2025-06-30,29.0,Successful,Bank Transfer
PAY0010626,INV0010950,CUST01513,2025-07-28,29.0,Failed,Credit Card
PAY0010627,INV0010951,CUST01513,2025-08-26,29.0,Successful,Bank Transfer
PAY0010628,INV0010952,CUST01513,2025-09-29,29.0,Successful,Bank Transfer
PAY0010629,INV0010953,CUST01513,2025-10-27,29.0,Successful,Debit Card
PAY0010630,INV0010955,CUST01513,2025-12-19,29.0,Successful,ACH
PAY0010631,INV0010956,CUST01514,2025-01-24,295.8,Successful,Debit Card
PAY0010632,INV0010957,CUST01515,2025-08-04,29.0,Successful,Debit Card
PAY0010633,INV0010958,CUST01515,2025-08-31,29.0,Successful,Credit Card
PAY0010634,INV0010959,CUST01515,2025-10-06,29.0,Successful,Debit Card
PAY0010635,INV0010960,CUST01515,2025-11-08,29.0,Successful,Bank Transfer
PAY0010636,INV0010961,CUST01515,2025-12-01,29.0,Successful,Credit Card
PAY0010637,INV0010962,CUST01515,2026-01-01,29.0,Successful,ACH
PAY0010638,INV0010963,CUST01516,2025-04-26,29.0,Successful,Credit Card
PAY0010639,INV0010964,CUST01516,2025-05-29,29.0,Successful,Debit Card
PAY0010640,INV0010965,CUST01516,2025-06-23,29.0,Successful,Debit Card
PAY0010641,INV0010966,CUST01516,2025-07-28,29.0,Successful,Debit Card
PAY0010642,INV0010967,CUST01516,2025-08-24,29.0,Successful,ACH
PAY0010643,INV0010968,CUST01516,2025-09-23,29.0,Successful,ACH
PAY0010644,INV0010969,CUST01516,2025-10-27,29.0,Successful,Credit Card
PAY0010645,INV0010970,CUST01516,2025-12-03,29.0,Successful,Bank Transfer
PAY0010646,INV0010971,CUST01516,2025-12-28,29.0,Successful,Debit Card
PAY0010647,INV0010972,CUST01517,2025-02-27,2029.8,Successful,Credit Card
PAY0010648,INV0010973,CUST01518,2025-01-24,295.8,Successful,Credit Card
PAY0010649,INV0010974,CUST01519,2025-04-13,79.0,Successful,ACH
PAY0010650,INV0010975,CUST01519,2025-05-19,79.0,Successful,Credit Card
PAY0010651,INV0010976,CUST01519,2025-06-11,79.0,Successful,Credit Card
PAY0010652,INV0010977,CUST01519,2025-07-19,79.0,Successful,Debit Card
PAY0010653,INV0010978,CUST01519,2025-08-10,79.0,Successful,Bank Transfer
PAY0010654,INV0010979,CUST01519,2025-09-12,79.0,Successful,Bank Transfer
PAY0010655,INV0010980,CUST01519,2025-10-24,79.0,Successful,Credit Card
PAY0010656,INV0010981,CUST01519,2025-11-21,79.0,Successful,Bank Transfer
PAY0010657,INV0010982,CUST01519,2025-12-24,79.0,Successful,Credit Card
PAY0010658,INV0010983,CUST01520,2024-07-19,79.0,Successful,Debit Card
PAY0010659,INV0010984,CUST01520,2024-08-15,79.0,Successful,Credit Card
PAY0010660,INV0010985,CUST01520,2024-09-16,79.0,Successful,ACH
PAY0010661,INV0010986,CUST01520,2024-10-29,79.0,Successful,Credit Card
PAY0010662,INV0010987,CUST01520,2024-11-16,79.0,Successful,ACH
PAY0010663,INV0010988,CUST01520,2024-12-29,79.0,Successful,Credit Card
PAY0010664,INV0010989,CUST01520,2025-01-29,79.0,Successful,ACH
PAY0010665,INV0010990,CUST01520,2025-02-22,79.0,Successful,Debit Card
PAY0010666,INV0010991,CUST01520,2025-03-17,79.0,Successful,Debit Card
PAY0010667,INV0010992,CUST01520,2025-04-20,199.0,Successful,Bank Transfer
PAY0010668,INV0010993,CUST01520,2025-05-17,199.0,Successful,Debit Card
PAY0010669,INV0010994,CUST01520,2025-06-15,199.0,Successful,Debit Card
PAY0010670,INV0010995,CUST01521,2025-05-30,199.0,Successful,Bank Transfer
PAY0010671,INV0010996,CUST01521,2025-06-23,199.0,Successful,Bank Transfer
PAY0010672,INV0010997,CUST01521,2025-07-28,199.0,Failed,ACH
PAY0010673,INV0010998,CUST01521,2025-08-25,199.0,Successful,Bank Transfer
PAY0010674,INV0010999,CUST01521,2025-09-26,199.0,Successful,ACH
PAY0010675,INV0011000,CUST01521,2025-10-27,199.0,Successful,Bank Transfer
PAY0010676,INV0011001,CUST01521,2025-11-24,199.0,Successful,Bank Transfer
PAY0010677,INV0011002,CUST01521,2025-12-31,199.0,Successful,Bank Transfer
PAY0010678,INV0011003,CUST01522,2024-10-27,199.0,Successful,Debit Card
PAY0010679,INV0011004,CUST01522,2024-11-18,199.0,Successful,Bank Transfer
PAY0010680,INV0011005,CUST01522,2024-12-25,199.0,Successful,Credit Card
PAY0010681,INV0011006,CUST01522,2025-01-28,199.0,Successful,Debit Card
PAY0010682,INV0011007,CUST01522,2025-02-18,199.0,Successful,Credit Card
PAY0010683,INV0011008,CUST01522,2025-03-21,199.0,Successful,ACH
PAY0010684,INV0011009,CUST01522,2025-04-21,199.0,Successful,ACH
PAY0010685,INV0011010,CUST01522,2025-05-31,199.0,Successful,Bank Transfer
PAY0010686,INV0011011,CUST01522,2025-06-18,199.0,Successful,Debit Card
PAY0010687,INV0011012,CUST01522,2025-07-31,199.0,Successful,ACH
PAY0010688,INV0011013,CUST01522,2025-08-31,199.0,Successful,Bank Transfer
PAY0010689,INV0011014,CUST01522,2025-09-22,199.0,Successful,ACH
PAY0010690,INV0011015,CUST01522,2025-10-25,199.0,Successful,Credit Card
PAY0010691,INV0011016,CUST01522,2025-11-17,199.0,Successful,Credit Card
PAY0010692,INV0011017,CUST01522,2025-12-23,199.0,Successful,Credit Card
PAY0010693,INV0011018,CUST01523,2024-06-05,805.8,Successful,Credit Card
PAY0010694,INV0011019,CUST01524,2024-09-22,29.0,Successful,Debit Card
PAY0010695,INV0011020,CUST01524,2024-10-25,29.0,Successful,Credit Card
PAY0010696,INV0011021,CUST01524,2024-11-12,29.0,Successful,ACH
PAY0010697,INV0011022,CUST01524,2024-12-18,29.0,Successful,Bank Transfer
PAY0010698,INV0011023,CUST01524,2025-01-12,29.0,Successful,Credit Card
PAY0010699,INV0011024,CUST01524,2025-02-25,29.0,Successful,ACH
PAY0010700,INV0011025,CUST01524,2025-03-14,29.0,Successful,Credit Card
PAY0010701,INV0011026,CUST01524,2025-04-25,29.0,Successful,Debit Card
PAY0010702,INV0011027,CUST01524,2025-05-13,29.0,Successful,ACH
PAY0010703,INV0011028,CUST01524,2025-06-24,29.0,Successful,ACH
PAY0010704,INV0011029,CUST01524,2025-07-23,29.0,Successful,Credit Card
PAY0010705,INV0011030,CUST01524,2025-08-16,29.0,Successful,Bank Transfer
PAY0010706,INV0011031,CUST01525,2024-01-16,79.0,Successful,Bank Transfer
PAY0010707,INV0011032,CUST01525,2024-02-26,79.0,Successful,Debit Card
PAY0010708,INV0011033,CUST01525,2024-03-25,79.0,Successful,Bank Transfer
PAY0010709,INV0011034,CUST01525,2024-04-26,79.0,Successful,Credit Card
PAY0010710,INV0011035,CUST01525,2024-05-18,79.0,Successful,ACH
PAY0010711,INV0011036,CUST01525,2024-06-15,79.0,Successful,ACH
PAY0010712,INV0011037,CUST01526,2025-12-16,295.8,Successful,Debit Card
PAY0010713,INV0011038,CUST01527,2024-03-30,805.8,Successful,Bank Transfer
PAY0010714,INV0011039,CUST01527,2025-03-17,805.8,Successful,Bank Transfer
PAY0010715,INV0011040,CUST01528,2025-05-02,29.0,Successful,Debit Card
PAY0010716,INV0011041,CUST01528,2025-06-03,29.0,Successful,ACH
PAY0010717,INV0011042,CUST01528,2025-07-03,29.0,Failed,Credit Card
PAY0010718,INV0011043,CUST01528,2025-08-07,29.0,Successful,Credit Card
PAY0010719,INV0011044,CUST01528,2025-09-11,29.0,Successful,Credit Card
PAY0010720,INV0011045,CUST01528,2025-10-08,29.0,Successful,Bank Transfer
PAY0010721,INV0011046,CUST01528,2025-11-09,29.0,Successful,Credit Card
PAY0010722,INV0011047,CUST01528,2025-11-28,29.0,Successful,Credit Card
PAY0010723,INV0011048,CUST01528,2026-01-05,29.0,Successful,ACH
PAY0010724,INV0011049,CUST01529,2024-01-13,199.0,Successful,Debit Card
PAY0010725,INV0011050,CUST01529,2024-02-11,199.0,Successful,ACH
PAY0010726,INV0011051,CUST01529,2024-03-11,199.0,Successful,Bank Transfer
PAY0010727,INV0011052,CUST01529,2024-04-14,199.0,Successful,ACH
PAY0010728,INV0011053,CUST01529,2024-05-12,199.0,Successful,Bank Transfer
PAY0010729,INV0011054,CUST01529,2024-06-19,199.0,Successful,Credit Card
PAY0010730,INV0011055,CUST01529,2024-07-13,199.0,Successful,ACH
PAY0010731,INV0011056,CUST01529,2024-08-12,199.0,Successful,Credit Card
PAY0010732,INV0011057,CUST01529,2024-09-20,79.0,Successful,ACH
PAY0010733,INV0011058,CUST01529,2024-10-21,79.0,Successful,Debit Card
PAY0010734,INV0011059,CUST01529,2024-11-08,79.0,Successful,Credit Card
PAY0010735,INV0011060,CUST01529,2024-12-16,79.0,Successful,Bank Transfer
PAY0010736,INV0011061,CUST01530,2025-11-19,295.8,Successful,ACH
PAY0010737,INV0011062,CUST01531,2024-09-24,79.0,Successful,ACH
PAY0010738,INV0011063,CUST01531,2024-11-07,79.0,Successful,Debit Card
PAY0010739,INV0011064,CUST01531,2024-12-02,79.0,Successful,Debit Card
PAY0010740,INV0011065,CUST01531,2025-01-01,79.0,Refunded,Debit Card
PAY0010741,INV0011066,CUST01531,2025-02-02,79.0,Successful,Debit Card
PAY0010742,INV0011067,CUST01531,2025-03-02,79.0,Successful,Credit Card
PAY0010743,INV0011068,CUST01531,2025-03-29,79.0,Successful,Credit Card
PAY0010744,INV0011069,CUST01531,2025-05-05,79.0,Successful,Bank Transfer
PAY0010745,INV0011070,CUST01531,2025-05-31,79.0,Successful,Credit Card
PAY0010746,INV0011071,CUST01531,2025-07-02,79.0,Successful,Credit Card
PAY0010747,INV0011072,CUST01531,2025-08-05,79.0,Successful,Credit Card
PAY0010748,INV0011073,CUST01531,2025-09-03,79.0,Successful,Bank Transfer
PAY0010749,INV0011074,CUST01532,2024-05-21,805.8,Successful,Debit Card
PAY0010750,INV0011075,CUST01532,2025-05-30,2029.8,Successful,Debit Card
PAY0010751,INV0011076,CUST01533,2024-09-26,29.0,Successful,Bank Transfer
PAY0010752,INV0011077,CUST01533,2024-10-29,29.0,Failed,Debit Card
PAY0010753,INV0011078,CUST01533,2024-11-29,29.0,Successful,Bank Transfer
PAY0010754,INV0011079,CUST01533,2024-12-26,29.0,Successful,Credit Card
PAY0010755,INV0011080,CUST01533,2025-01-28,29.0,Successful,ACH
PAY0010756,INV0011081,CUST01533,2025-03-03,29.0,Successful,Bank Transfer
PAY0010757,INV0011082,CUST01533,2025-03-27,29.0,Successful,Bank Transfer
PAY0010758,INV0011083,CUST01533,2025-05-01,29.0,Successful,Debit Card
PAY0010759,INV0011084,CUST01533,2025-05-25,29.0,Successful,ACH
PAY0010760,INV0011085,CUST01533,2025-06-24,29.0,Successful,Debit Card
PAY0010761,INV0011086,CUST01533,2025-08-07,29.0,Successful,Bank Transfer
PAY0010762,INV0011087,CUST01533,2025-08-29,29.0,Successful,Bank Transfer
PAY0010763,INV0011089,CUST01533,2025-10-28,29.0,Successful,Credit Card
PAY0010764,INV0011090,CUST01533,2025-12-04,29.0,Successful,Debit Card
PAY0010765,INV0011091,CUST01533,2026-01-06,29.0,Successful,Debit Card
PAY0010766,INV0011092,CUST01534,2024-10-29,199.0,Successful,Credit Card
PAY0010767,INV0011093,CUST01534,2024-11-24,199.0,Successful,Bank Transfer
PAY0010768,INV0011094,CUST01534,2024-12-27,199.0,Successful,Debit Card
PAY0010769,INV0011095,CUST01534,2025-01-25,199.0,Successful,Bank Transfer
PAY0010770,INV0011096,CUST01534,2025-02-24,199.0,Successful,Debit Card
PAY0010771,INV0011097,CUST01534,2025-03-26,199.0,Successful,Bank Transfer
PAY0010772,INV0011098,CUST01534,2025-04-27,199.0,Successful,Debit Card
PAY0010773,INV0011099,CUST01534,2025-05-16,199.0,Successful,Credit Card
PAY0010774,INV0011100,CUST01534,2025-06-29,199.0,Successful,Debit Card
PAY0010775,INV0011101,CUST01534,2025-07-15,199.0,Successful,Bank Transfer
PAY0010776,INV0011102,CUST01534,2025-08-20,199.0,Successful,Credit Card
PAY0010777,INV0011103,CUST01534,2025-09-19,199.0,Successful,ACH
PAY0010778,INV0011104,CUST01534,2025-10-28,199.0,Successful,ACH
PAY0010779,INV0011105,CUST01534,2025-11-29,199.0,Successful,Debit Card
PAY0010780,INV0011106,CUST01534,2025-12-26,199.0,Successful,Debit Card
PAY0010781,INV0011107,CUST01535,2025-10-04,29.0,Failed,Bank Transfer
PAY0010782,INV0011108,CUST01535,2025-10-28,29.0,Successful,Bank Transfer
PAY0010783,INV0011109,CUST01535,2025-12-04,29.0,Successful,ACH
PAY0010784,INV0011110,CUST01535,2026-01-02,29.0,Successful,Debit Card
PAY0010785,INV0011111,CUST01536,2024-06-26,79.0,Successful,Bank Transfer
PAY0010786,INV0011112,CUST01536,2024-07-21,79.0,Successful,Debit Card
PAY0010787,INV0011113,CUST01536,2024-08-19,79.0,Successful,Debit Card
PAY0010788,INV0011114,CUST01536,2024-09-28,79.0,Successful,Credit Card
PAY0010789,INV0011115,CUST01536,2024-10-30,79.0,Successful,Bank Transfer
PAY0010790,INV0011117,CUST01536,2024-12-21,79.0,Successful,Bank Transfer
PAY0010791,INV0011118,CUST01536,2025-01-22,79.0,Successful,Debit Card
PAY0010792,INV0011119,CUST01536,2025-02-21,79.0,Successful,ACH
PAY0010793,INV0011120,CUST01536,2025-03-25,79.0,Successful,Debit Card
PAY0010794,INV0011121,CUST01536,2025-04-19,79.0,Successful,Debit Card
PAY0010795,INV0011122,CUST01536,2025-05-28,79.0,Successful,ACH
PAY0010796,INV0011123,CUST01537,2025-07-28,295.8,Successful,ACH
PAY0010797,INV0011124,CUST01538,2024-03-03,199.0,Successful,Credit Card
PAY0010798,INV0011125,CUST01538,2024-04-08,199.0,Successful,ACH
PAY0010799,INV0011126,CUST01538,2024-05-03,199.0,Successful,Debit Card
PAY0010800,INV0011127,CUST01539,2025-05-05,79.0,Successful,Credit Card
PAY0010801,INV0011128,CUST01539,2025-05-27,79.0,Successful,Debit Card
PAY0010802,INV0011129,CUST01539,2025-07-08,79.0,Successful,ACH
PAY0010803,INV0011130,CUST01539,2025-08-10,79.0,Successful,ACH
PAY0010804,INV0011131,CUST01539,2025-09-05,79.0,Successful,Debit Card
PAY0010805,INV0011132,CUST01539,2025-10-05,79.0,Successful,ACH
PAY0010806,INV0011133,CUST01539,2025-10-28,79.0,Successful,Bank Transfer
PAY0010807,INV0011134,CUST01539,2025-11-28,79.0,Successful,Debit Card
PAY0010808,INV0011135,CUST01539,2025-12-27,79.0,Successful,Credit Card
PAY0010809,INV0011136,CUST01540,2025-05-28,79.0,Successful,Bank Transfer
PAY0010810,INV0011138,CUST01540,2025-08-02,79.0,Successful,Debit Card
PAY0010811,INV0011139,CUST01540,2025-08-31,79.0,Successful,Credit Card
PAY0010812,INV0011140,CUST01540,2025-10-03,79.0,Successful,Credit Card
PAY0010813,INV0011141,CUST01540,2025-10-31,79.0,Successful,Debit Card
PAY0010814,INV0011142,CUST01540,2025-12-06,79.0,Successful,Debit Card
PAY0010815,INV0011143,CUST01540,2026-01-04,79.0,Successful,Credit Card
PAY0010816,INV0011144,CUST01541,2025-04-21,79.0,Successful,Bank Transfer
PAY0010817,INV0011145,CUST01541,2025-05-28,79.0,Successful,Bank Transfer
PAY0010818,INV0011146,CUST01541,2025-06-24,79.0,Successful,Bank Transfer
PAY0010819,INV0011147,CUST01541,2025-07-22,79.0,Successful,Credit Card
PAY0010820,INV0011148,CUST01541,2025-08-18,79.0,Successful,ACH
PAY0010821,INV0011149,CUST01541,2025-09-14,79.0,Successful,Credit Card
PAY0010822,INV0011150,CUST01541,2025-10-27,79.0,Successful,ACH
PAY0010823,INV0011151,CUST01541,2025-11-20,79.0,Successful,Bank Transfer
PAY0010824,INV0011152,CUST01541,2025-12-19,79.0,Successful,ACH
PAY0010825,INV0011154,CUST01543,2024-06-27,79.0,Successful,Credit Card
PAY0010826,INV0011155,CUST01543,2024-08-05,79.0,Successful,Bank Transfer
PAY0010827,INV0011156,CUST01543,2024-08-23,79.0,Successful,Bank Transfer
PAY0010828,INV0011157,CUST01544,2025-09-04,29.0,Successful,Credit Card
PAY0010829,INV0011158,CUST01544,2025-09-28,29.0,Successful,Credit Card
PAY0010830,INV0011159,CUST01544,2025-10-26,29.0,Successful,ACH
PAY0010831,INV0011160,CUST01544,2025-12-05,29.0,Successful,Credit Card
PAY0010832,INV0011161,CUST01544,2026-01-02,29.0,Successful,Bank Transfer
PAY0010833,INV0011162,CUST01545,2025-03-15,29.0,Successful,ACH
PAY0010834,INV0011163,CUST01545,2025-04-09,29.0,Successful,Bank Transfer
PAY0010835,INV0011164,CUST01545,2025-05-14,29.0,Successful,Credit Card
PAY0010836,INV0011165,CUST01546,2024-12-10,79.0,Successful,Debit Card
PAY0010837,INV0011166,CUST01546,2025-01-17,79.0,Successful,Credit Card
PAY0010838,INV0011167,CUST01546,2025-02-13,79.0,Successful,Credit Card
PAY0010839,INV0011168,CUST01546,2025-03-17,79.0,Successful,ACH
PAY0010840,INV0011169,CUST01546,2025-04-15,79.0,Successful,Credit Card
PAY0010841,INV0011170,CUST01546,2025-05-05,79.0,Refunded,Bank Transfer
PAY0010842,INV0011171,CUST01546,2025-06-15,79.0,Successful,Debit Card
PAY0010843,INV0011172,CUST01546,2025-07-17,79.0,Successful,Credit Card
PAY0010844,INV0011173,CUST01546,2025-08-07,79.0,Successful,Credit Card
PAY0010845,INV0011174,CUST01546,2025-09-03,79.0,Successful,Credit Card
PAY0010846,INV0011175,CUST01546,2025-10-10,79.0,Failed,Credit Card
PAY0010847,INV0011176,CUST01546,2025-11-15,79.0,Successful,Bank Transfer
PAY0010848,INV0011177,CUST01546,2025-12-11,79.0,Successful,Credit Card
PAY0010849,INV0011178,CUST01547,2025-02-22,199.0,Successful,Credit Card
PAY0010850,INV0011179,CUST01547,2025-03-22,199.0,Successful,ACH
PAY0010851,INV0011180,CUST01547,2025-04-12,199.0,Successful,Bank Transfer
PAY0010852,INV0011181,CUST01547,2025-05-11,199.0,Successful,Bank Transfer
PAY0010853,INV0011182,CUST01547,2025-06-13,199.0,Successful,ACH
PAY0010854,INV0011183,CUST01547,2025-07-16,199.0,Successful,Debit Card
PAY0010855,INV0011184,CUST01547,2025-08-14,199.0,Successful,ACH
PAY0010856,INV0011185,CUST01547,2025-09-08,199.0,Successful,Debit Card
PAY0010857,INV0011186,CUST01547,2025-10-19,199.0,Successful,ACH
PAY0010858,INV0011187,CUST01547,2025-11-09,199.0,Successful,Credit Card
PAY0010859,INV0011188,CUST01547,2025-12-22,199.0,Successful,Bank Transfer
PAY0010860,INV0011189,CUST01548,2024-02-10,79.0,Successful,Credit Card
PAY0010861,INV0011190,CUST01548,2024-03-02,79.0,Successful,ACH
PAY0010862,INV0011191,CUST01548,2024-04-03,79.0,Successful,ACH
PAY0010863,INV0011192,CUST01548,2024-05-07,79.0,Successful,Credit Card
PAY0010864,INV0011193,CUST01548,2024-06-03,79.0,Successful,Bank Transfer
PAY0010865,INV0011194,CUST01548,2024-07-07,79.0,Successful,Bank Transfer
PAY0010866,INV0011195,CUST01548,2024-08-10,79.0,Successful,Debit Card
PAY0010867,INV0011196,CUST01548,2024-09-12,79.0,Successful,Credit Card
PAY0010868,INV0011197,CUST01548,2024-10-14,79.0,Successful,Debit Card
PAY0010869,INV0011198,CUST01548,2024-10-31,79.0,Successful,Bank Transfer
PAY0010870,INV0011199,CUST01548,2024-12-02,79.0,Successful,Bank Transfer
PAY0010871,INV0011200,CUST01548,2025-01-07,79.0,Successful,ACH
PAY0010872,INV0011201,CUST01549,2025-04-19,199.0,Successful,ACH
PAY0010873,INV0011202,CUST01549,2025-05-20,199.0,Successful,Debit Card
PAY0010874,INV0011203,CUST01549,2025-06-14,199.0,Successful,Debit Card
PAY0010875,INV0011204,CUST01549,2025-07-24,199.0,Successful,Credit Card
PAY0010876,INV0011205,CUST01549,2025-08-22,199.0,Successful,Bank Transfer
PAY0010877,INV0011206,CUST01549,2025-09-14,199.0,Successful,ACH
PAY0010878,INV0011207,CUST01549,2025-10-24,199.0,Successful,Debit Card
PAY0010879,INV0011208,CUST01549,2025-11-17,199.0,Successful,ACH
PAY0010880,INV0011209,CUST01549,2025-12-11,199.0,Successful,ACH
PAY0010881,INV0011210,CUST01550,2024-12-08,29.0,Successful,ACH
PAY0010882,INV0011211,CUST01550,2025-01-18,29.0,Failed,ACH
PAY0010883,INV0011212,CUST01550,2025-02-17,29.0,Successful,ACH
PAY0010884,INV0011213,CUST01550,2025-03-07,29.0,Successful,Debit Card
PAY0010885,INV0011214,CUST01550,2025-04-08,29.0,Successful,Bank Transfer
PAY0010886,INV0011215,CUST01550,2025-05-14,29.0,Successful,Debit Card
PAY0010887,INV0011216,CUST01550,2025-06-14,29.0,Successful,Bank Transfer
PAY0010888,INV0011217,CUST01550,2025-07-08,29.0,Successful,Bank Transfer
PAY0010889,INV0011218,CUST01550,2025-08-11,29.0,Successful,ACH
PAY0010890,INV0011219,CUST01550,2025-09-17,29.0,Successful,Credit Card
PAY0010891,INV0011220,CUST01550,2025-10-17,29.0,Successful,Credit Card
PAY0010892,INV0011221,CUST01550,2025-11-17,29.0,Successful,Bank Transfer
PAY0010893,INV0011222,CUST01550,2025-12-10,29.0,Successful,Bank Transfer
PAY0010894,INV0011223,CUST01551,2024-12-05,79.0,Successful,Credit Card
PAY0010895,INV0011224,CUST01551,2025-01-07,79.0,Successful,ACH
PAY0010896,INV0011225,CUST01551,2025-02-11,79.0,Successful,ACH
PAY0010897,INV0011226,CUST01551,2025-03-11,79.0,Successful,Credit Card
PAY0010898,INV0011227,CUST01551,2025-04-11,79.0,Successful,Credit Card
PAY0010899,INV0011228,CUST01551,2025-05-04,79.0,Successful,Bank Transfer
PAY0010900,INV0011229,CUST01551,2025-05-30,79.0,Failed,ACH
PAY0010901,INV0011230,CUST01551,2025-07-05,79.0,Successful,Debit Card
PAY0010902,INV0011231,CUST01551,2025-08-09,79.0,Successful,Bank Transfer
PAY0010903,INV0011232,CUST01551,2025-09-08,79.0,Successful,ACH
PAY0010904,INV0011233,CUST01551,2025-10-06,79.0,Successful,Credit Card
PAY0010905,INV0011234,CUST01551,2025-11-03,79.0,Successful,Bank Transfer
PAY0010906,INV0011235,CUST01551,2025-11-29,79.0,Successful,ACH
PAY0010907,INV0011236,CUST01551,2026-01-09,79.0,Failed,Credit Card
PAY0010908,INV0011237,CUST01552,2024-08-09,199.0,Successful,ACH
PAY0010909,INV0011238,CUST01552,2024-09-19,199.0,Successful,ACH
PAY0010910,INV0011239,CUST01552,2024-10-10,199.0,Successful,Bank Transfer
PAY0010911,INV0011240,CUST01553,2024-03-01,79.0,Successful,ACH
PAY0010912,INV0011241,CUST01553,2024-04-04,79.0,Successful,ACH
PAY0010913,INV0011242,CUST01553,2024-05-08,79.0,Successful,Bank Transfer
PAY0010914,INV0011243,CUST01553,2024-06-09,79.0,Successful,Bank Transfer
PAY0010915,INV0011244,CUST01553,2024-07-10,79.0,Successful,ACH
PAY0010916,INV0011245,CUST01553,2024-07-27,79.0,Successful,ACH
PAY0010917,INV0011246,CUST01553,2024-09-10,79.0,Successful,ACH
PAY0010918,INV0011247,CUST01553,2024-10-09,79.0,Failed,Bank Transfer
PAY0010919,INV0011248,CUST01553,2024-11-10,79.0,Successful,Debit Card
PAY0010920,INV0011249,CUST01553,2024-12-08,79.0,Successful,Debit Card
PAY0010921,INV0011250,CUST01553,2025-01-05,79.0,Successful,Bank Transfer
PAY0010922,INV0011252,CUST01554,2024-04-14,79.0,Successful,Debit Card
PAY0010923,INV0011253,CUST01554,2024-05-15,79.0,Successful,Bank Transfer
PAY0010924,INV0011254,CUST01554,2024-06-19,79.0,Successful,Bank Transfer
PAY0010925,INV0011255,CUST01554,2024-07-13,79.0,Failed,Debit Card
PAY0010926,INV0011256,CUST01554,2024-08-11,79.0,Successful,ACH
PAY0010927,INV0011257,CUST01554,2024-09-07,79.0,Successful,ACH
PAY0010928,INV0011258,CUST01554,2024-10-10,79.0,Refunded,Bank Transfer
PAY0010929,INV0011259,CUST01554,2024-11-11,79.0,Successful,Bank Transfer
PAY0010930,INV0011260,CUST01554,2024-12-12,79.0,Successful,Bank Transfer
PAY0010931,INV0011261,CUST01554,2025-01-09,79.0,Successful,Bank Transfer
PAY0010932,INV0011262,CUST01554,2025-02-09,79.0,Successful,Credit Card
PAY0010933,INV0011263,CUST01554,2025-03-11,79.0,Successful,Bank Transfer
PAY0010934,INV0011264,CUST01555,2024-04-02,79.0,Successful,Bank Transfer
PAY0010935,INV0011265,CUST01555,2024-05-07,79.0,Successful,ACH
PAY0010936,INV0011266,CUST01555,2024-06-16,79.0,Successful,Credit Card
PAY0010937,INV0011267,CUST01555,2024-07-11,79.0,Successful,Credit Card
PAY0010938,INV0011268,CUST01555,2024-08-10,79.0,Successful,Credit Card
PAY0010939,INV0011269,CUST01555,2024-09-02,79.0,Failed,Credit Card
PAY0010940,INV0011270,CUST01555,2024-10-14,79.0,Successful,ACH
PAY0010941,INV0011271,CUST01555,2024-11-11,79.0,Failed,Debit Card
PAY0010942,INV0011272,CUST01555,2024-12-09,79.0,Successful,Debit Card
PAY0010943,INV0011273,CUST01555,2025-01-08,199.0,Successful,Debit Card
PAY0010944,INV0011274,CUST01555,2025-02-06,199.0,Successful,Credit Card
PAY0010945,INV0011275,CUST01555,2025-03-03,199.0,Successful,ACH
PAY0010946,INV0011276,CUST01556,2024-10-28,29.0,Successful,Debit Card
PAY0010947,INV0011277,CUST01556,2024-11-23,29.0,Successful,ACH
PAY0010948,INV0011278,CUST01556,2025-01-02,79.0,Successful,Credit Card
PAY0010949,INV0011279,CUST01556,2025-01-27,79.0,Successful,Credit Card
PAY0010950,INV0011280,CUST01556,2025-03-05,79.0,Successful,ACH
PAY0010951,INV0011281,CUST01556,2025-03-20,79.0,Successful,Credit Card
PAY0010952,INV0011282,CUST01556,2025-05-02,79.0,Successful,Credit Card
PAY0010953,INV0011283,CUST01556,2025-05-28,79.0,Successful,Bank Transfer
PAY0010954,INV0011284,CUST01556,2025-06-29,79.0,Successful,Debit Card
PAY0010955,INV0011285,CUST01556,2025-08-02,79.0,Successful,Debit Card
PAY0010956,INV0011286,CUST01556,2025-08-22,79.0,Successful,ACH
PAY0010957,INV0011287,CUST01556,2025-09-29,79.0,Successful,ACH
PAY0010958,INV0011288,CUST01557,2025-05-26,29.0,Successful,Bank Transfer
PAY0010959,INV0011289,CUST01557,2025-06-29,29.0,Successful,ACH
PAY0010960,INV0011290,CUST01557,2025-07-28,29.0,Successful,Credit Card
PAY0010961,INV0011291,CUST01557,2025-08-18,29.0,Successful,Debit Card
PAY0010962,INV0011292,CUST01557,2025-09-25,29.0,Successful,Credit Card
PAY0010963,INV0011293,CUST01557,2025-10-27,29.0,Successful,Credit Card
PAY0010964,INV0011294,CUST01557,2025-11-23,29.0,Refunded,ACH
PAY0010965,INV0011295,CUST01557,2025-12-20,29.0,Successful,Debit Card
PAY0010966,INV0011296,CUST01558,2025-12-16,29.0,Successful,ACH
PAY0010967,INV0011297,CUST01559,2025-06-20,79.0,Successful,Bank Transfer
PAY0010968,INV0011298,CUST01559,2025-07-17,79.0,Successful,Bank Transfer
PAY0010969,INV0011299,CUST01559,2025-08-12,79.0,Successful,ACH
PAY0010970,INV0011300,CUST01559,2025-09-10,79.0,Successful,Bank Transfer
PAY0010971,INV0011301,CUST01559,2025-10-17,79.0,Successful,ACH
PAY0010972,INV0011302,CUST01559,2025-11-17,79.0,Successful,Credit Card
PAY0010973,INV0011303,CUST01559,2025-12-23,79.0,Failed,Bank Transfer
PAY0010974,INV0011304,CUST01560,2024-10-15,199.0,Successful,Bank Transfer
PAY0010975,INV0011305,CUST01560,2024-11-14,199.0,Successful,Debit Card
PAY0010976,INV0011306,CUST01560,2024-12-06,199.0,Successful,ACH
PAY0010977,INV0011307,CUST01560,2025-01-03,199.0,Successful,Credit Card
PAY0010978,INV0011308,CUST01560,2025-02-06,199.0,Failed,Credit Card
PAY0010979,INV0011309,CUST01560,2025-03-02,199.0,Successful,Credit Card
PAY0010980,INV0011310,CUST01560,2025-04-04,199.0,Successful,ACH
PAY0010981,INV0011311,CUST01560,2025-05-13,199.0,Successful,Credit Card
PAY0010982,INV0011312,CUST01560,2025-06-04,199.0,Successful,Bank Transfer
PAY0010983,INV0011313,CUST01560,2025-07-03,199.0,Successful,Bank Transfer
PAY0010984,INV0011314,CUST01560,2025-08-07,199.0,Successful,Credit Card
PAY0010985,INV0011315,CUST01560,2025-09-07,199.0,Successful,Credit Card
PAY0010986,INV0011316,CUST01560,2025-10-02,199.0,Successful,ACH
PAY0010987,INV0011317,CUST01560,2025-11-07,199.0,Successful,Debit Card
PAY0010988,INV0011318,CUST01560,2025-12-03,199.0,Successful,Bank Transfer
PAY0010989,INV0011319,CUST01561,2025-01-27,29.0,Refunded,Credit Card
PAY0010990,INV0011320,CUST01561,2025-02-24,29.0,Successful,Debit Card
PAY0010991,INV0011321,CUST01561,2025-03-20,29.0,Successful,Credit Card
PAY0010992,INV0011322,CUST01561,2025-04-16,29.0,Failed,Credit Card
PAY0010993,INV0011323,CUST01561,2025-05-24,29.0,Successful,Bank Transfer
PAY0010994,INV0011324,CUST01561,2025-06-16,29.0,Successful,Bank Transfer
PAY0010995,INV0011325,CUST01561,2025-07-23,29.0,Refunded,Credit Card
PAY0010996,INV0011326,CUST01561,2025-08-27,29.0,Successful,Debit Card
PAY0010997,INV0011327,CUST01561,2025-09-14,29.0,Successful,Debit Card
PAY0010998,INV0011328,CUST01561,2025-10-15,29.0,Successful,ACH
PAY0010999,INV0011329,CUST01561,2025-11-27,29.0,Failed,Credit Card
PAY0011000,INV0011330,CUST01561,2025-12-19,29.0,Successful,Bank Transfer
PAY0011001,INV0011331,CUST01562,2024-02-12,29.0,Successful,ACH
PAY0011002,INV0011332,CUST01562,2024-03-16,29.0,Successful,Credit Card
PAY0011003,INV0011333,CUST01562,2024-04-25,29.0,Successful,Credit Card
PAY0011004,INV0011334,CUST01562,2024-05-23,29.0,Successful,Credit Card
PAY0011005,INV0011335,CUST01562,2024-06-17,29.0,Successful,ACH
PAY0011006,INV0011336,CUST01562,2024-07-26,29.0,Successful,Credit Card
PAY0011007,INV0011337,CUST01562,2024-08-17,29.0,Successful,Bank Transfer
PAY0011008,INV0011338,CUST01562,2024-09-26,29.0,Successful,Bank Transfer
PAY0011009,INV0011339,CUST01562,2024-10-24,29.0,Successful,ACH
PAY0011010,INV0011340,CUST01562,2024-11-24,29.0,Successful,Bank Transfer
PAY0011011,INV0011341,CUST01562,2024-12-18,29.0,Refunded,ACH
PAY0011012,INV0011342,CUST01562,2025-01-20,29.0,Successful,ACH
PAY0011013,INV0011343,CUST01562,2025-02-17,29.0,Successful,Credit Card
PAY0011014,INV0011344,CUST01562,2025-03-14,29.0,Successful,Bank Transfer
PAY0011015,INV0011345,CUST01562,2025-04-24,29.0,Successful,ACH
PAY0011016,INV0011346,CUST01562,2025-05-23,29.0,Successful,Credit Card
PAY0011017,INV0011347,CUST01562,2025-06-24,29.0,Successful,ACH
PAY0011018,INV0011348,CUST01562,2025-07-23,29.0,Successful,Bank Transfer
PAY0011019,INV0011349,CUST01562,2025-08-13,29.0,Successful,ACH
PAY0011020,INV0011350,CUST01562,2025-09-25,29.0,Successful,Bank Transfer
PAY0011021,INV0011351,CUST01562,2025-10-26,29.0,Successful,Credit Card
PAY0011022,INV0011352,CUST01562,2025-11-21,29.0,Successful,ACH
PAY0011023,INV0011353,CUST01562,2025-12-19,29.0,Refunded,Debit Card
PAY0011024,INV0011354,CUST01563,2025-06-03,805.8,Successful,ACH
PAY0011025,INV0011355,CUST01564,2025-04-29,295.8,Successful,ACH
PAY0011026,INV0011356,CUST01565,2024-05-15,805.8,Successful,ACH
PAY0011027,INV0011357,CUST01566,2024-11-08,79.0,Successful,ACH
PAY0011028,INV0011358,CUST01566,2024-12-11,79.0,Successful,Credit Card
PAY0011029,INV0011359,CUST01566,2024-12-30,79.0,Successful,Credit Card
PAY0011030,INV0011361,CUST01567,2025-07-13,79.0,Successful,Bank Transfer
PAY0011031,INV0011362,CUST01567,2025-08-24,79.0,Successful,ACH
PAY0011032,INV0011363,CUST01567,2025-09-17,79.0,Refunded,Debit Card
PAY0011033,INV0011364,CUST01567,2025-10-16,79.0,Successful,Credit Card
PAY0011034,INV0011365,CUST01567,2025-11-23,79.0,Successful,Credit Card
PAY0011035,INV0011366,CUST01567,2025-12-16,79.0,Successful,Credit Card
PAY0011036,INV0011367,CUST01568,2025-11-08,29.0,Refunded,Credit Card
PAY0011037,INV0011368,CUST01568,2025-12-11,29.0,Successful,Bank Transfer
PAY0011038,INV0011369,CUST01569,2025-09-06,2029.8,Successful,Bank Transfer
PAY0011039,INV0011370,CUST01570,2024-07-14,295.8,Successful,Credit Card
PAY0011040,INV0011371,CUST01570,2025-07-04,295.8,Successful,Credit Card
PAY0011041,INV0011372,CUST01571,2025-03-03,29.0,Successful,Bank Transfer
PAY0011042,INV0011373,CUST01571,2025-04-17,29.0,Successful,Bank Transfer
PAY0011043,INV0011374,CUST01571,2025-05-04,29.0,Successful,Credit Card
PAY0011044,INV0011375,CUST01571,2025-06-17,29.0,Successful,Bank Transfer
PAY0011045,INV0011376,CUST01571,2025-07-05,29.0,Successful,ACH
PAY0011046,INV0011377,CUST01571,2025-08-09,29.0,Successful,Bank Transfer
PAY0011047,INV0011378,CUST01571,2025-09-10,29.0,Successful,Bank Transfer
PAY0011048,INV0011379,CUST01571,2025-10-05,29.0,Successful,Debit Card
PAY0011049,INV0011380,CUST01571,2025-11-05,29.0,Successful,Debit Card
PAY0011050,INV0011381,CUST01571,2025-12-16,29.0,Successful,Debit Card
PAY0011051,INV0011382,CUST01572,2025-12-02,29.0,Successful,Debit Card
PAY0011052,INV0011383,CUST01572,2025-12-20,29.0,Successful,Debit Card
PAY0011053,INV0011384,CUST01573,2024-08-14,79.0,Successful,Debit Card
PAY0011054,INV0011385,CUST01573,2024-09-18,79.0,Successful,ACH
PAY0011055,INV0011386,CUST01573,2024-10-05,79.0,Successful,Credit Card
PAY0011056,INV0011387,CUST01573,2024-11-17,79.0,Refunded,ACH
PAY0011057,INV0011388,CUST01573,2024-12-16,79.0,Successful,Bank Transfer
PAY0011058,INV0011389,CUST01573,2025-01-18,79.0,Successful,Credit Card
PAY0011059,INV0011390,CUST01573,2025-02-15,79.0,Successful,ACH
PAY0011060,INV0011391,CUST01573,2025-03-17,79.0,Successful,Debit Card
PAY0011061,INV0011392,CUST01573,2025-04-16,79.0,Failed,Credit Card
PAY0011062,INV0011393,CUST01573,2025-05-12,79.0,Successful,Credit Card
PAY0011063,INV0011394,CUST01573,2025-06-18,79.0,Successful,Debit Card
PAY0011064,INV0011395,CUST01573,2025-07-16,79.0,Successful,Debit Card
PAY0011065,INV0011396,CUST01574,2025-11-24,2029.8,Successful,ACH
PAY0011066,INV0011397,CUST01575,2024-05-14,29.0,Successful,Credit Card
PAY0011067,INV0011398,CUST01575,2024-06-05,29.0,Successful,Bank Transfer
PAY0011068,INV0011399,CUST01575,2024-07-06,29.0,Successful,Debit Card
PAY0011069,INV0011400,CUST01575,2024-08-05,29.0,Successful,ACH
PAY0011070,INV0011401,CUST01575,2024-09-05,29.0,Successful,Debit Card
PAY0011071,INV0011402,CUST01575,2024-09-30,29.0,Successful,ACH
PAY0011072,INV0011403,CUST01575,2024-11-12,29.0,Successful,Bank Transfer
PAY0011073,INV0011404,CUST01575,2024-12-02,29.0,Successful,Debit Card
PAY0011074,INV0011405,CUST01575,2025-01-12,29.0,Successful,Credit Card
PAY0011075,INV0011406,CUST01575,2025-02-13,29.0,Failed,ACH
PAY0011076,INV0011407,CUST01575,2025-03-15,29.0,Successful,Bank Transfer
PAY0011077,INV0011408,CUST01575,2025-04-11,29.0,Successful,Bank Transfer
PAY0011078,INV0011409,CUST01575,2025-05-12,29.0,Successful,Debit Card
PAY0011079,INV0011410,CUST01575,2025-06-02,29.0,Successful,Credit Card
PAY0011080,INV0011411,CUST01575,2025-07-09,29.0,Failed,Bank Transfer
PAY0011081,INV0011412,CUST01575,2025-08-02,29.0,Successful,Debit Card
PAY0011082,INV0011413,CUST01575,2025-09-10,29.0,Successful,Debit Card
PAY0011083,INV0011414,CUST01575,2025-10-11,29.0,Failed,Bank Transfer
PAY0011084,INV0011416,CUST01575,2025-12-04,29.0,Successful,Bank Transfer
PAY0011085,INV0011417,CUST01575,2026-01-12,29.0,Successful,Bank Transfer
PAY0011086,INV0011418,CUST01576,2025-11-11,29.0,Successful,Debit Card
PAY0011087,INV0011419,CUST01576,2025-12-14,29.0,Successful,ACH
PAY0011088,INV0011420,CUST01577,2025-10-10,79.0,Successful,Credit Card
PAY0011089,INV0011421,CUST01577,2025-10-31,79.0,Successful,Debit Card
PAY0011090,INV0011422,CUST01577,2025-12-10,79.0,Successful,Debit Card
PAY0011091,INV0011423,CUST01577,2026-01-03,79.0,Successful,Debit Card
PAY0011092,INV0011424,CUST01578,2024-11-12,79.0,Successful,Credit Card
PAY0011093,INV0011425,CUST01578,2024-12-06,79.0,Successful,Credit Card
PAY0011094,INV0011426,CUST01578,2025-01-16,79.0,Successful,Credit Card
PAY0011095,INV0011427,CUST01578,2025-02-14,79.0,Successful,ACH
PAY0011096,INV0011428,CUST01578,2025-03-11,79.0,Successful,Debit Card
PAY0011097,INV0011429,CUST01578,2025-04-14,79.0,Successful,ACH
PAY0011098,INV0011430,CUST01578,2025-05-10,79.0,Failed,Debit Card
PAY0011099,INV0011431,CUST01578,2025-06-14,79.0,Successful,Credit Card
PAY0011100,INV0011432,CUST01578,2025-07-11,79.0,Successful,Debit Card
PAY0011101,INV0011433,CUST01578,2025-08-20,79.0,Successful,ACH
PAY0011102,INV0011435,CUST01578,2025-10-20,79.0,Successful,Debit Card
PAY0011103,INV0011436,CUST01578,2025-11-10,79.0,Successful,Credit Card
PAY0011104,INV0011437,CUST01578,2025-12-14,79.0,Successful,ACH
PAY0011105,INV0011438,CUST01579,2024-02-01,295.8,Successful,Debit Card
PAY0011106,INV0011439,CUST01579,2025-01-27,295.8,Successful,Credit Card
PAY0011107,INV0011440,CUST01580,2025-05-18,79.0,Successful,Credit Card
PAY0011108,INV0011441,CUST01580,2025-06-09,79.0,Successful,Credit Card
PAY0011109,INV0011442,CUST01580,2025-07-19,79.0,Successful,Credit Card
PAY0011110,INV0011443,CUST01580,2025-08-18,79.0,Successful,ACH
PAY0011111,INV0011444,CUST01580,2025-09-13,79.0,Successful,Bank Transfer
PAY0011112,INV0011445,CUST01580,2025-10-22,79.0,Successful,Debit Card
PAY0011113,INV0011446,CUST01581,2024-04-01,29.0,Successful,Debit Card
PAY0011114,INV0011447,CUST01581,2024-05-06,29.0,Successful,ACH
PAY0011115,INV0011448,CUST01581,2024-06-07,29.0,Successful,Debit Card
PAY0011116,INV0011449,CUST01581,2024-07-14,29.0,Successful,ACH
PAY0011117,INV0011450,CUST01581,2024-08-02,29.0,Successful,Bank Transfer
PAY0011118,INV0011451,CUST01581,2024-09-04,29.0,Successful,Bank Transfer
PAY0011119,INV0011452,CUST01581,2024-10-07,29.0,Successful,ACH
PAY0011120,INV0011453,CUST01581,2024-11-12,29.0,Successful,Bank Transfer
PAY0011121,INV0011454,CUST01581,2024-12-13,29.0,Successful,Credit Card
PAY0011122,INV0011455,CUST01581,2025-01-04,29.0,Successful,Credit Card
PAY0011123,INV0011456,CUST01581,2025-02-13,29.0,Successful,ACH
PAY0011124,INV0011457,CUST01581,2025-03-07,29.0,Successful,Bank Transfer
PAY0011125,INV0011458,CUST01581,2025-04-09,29.0,Successful,ACH
PAY0011126,INV0011459,CUST01581,2025-05-04,29.0,Successful,ACH
PAY0011127,INV0011460,CUST01581,2025-06-04,29.0,Successful,Credit Card
PAY0011128,INV0011461,CUST01581,2025-07-11,29.0,Successful,ACH
PAY0011129,INV0011462,CUST01581,2025-08-12,29.0,Successful,Debit Card
PAY0011130,INV0011463,CUST01581,2025-09-12,29.0,Successful,Bank Transfer
PAY0011131,INV0011464,CUST01581,2025-10-08,29.0,Successful,Bank Transfer
PAY0011132,INV0011465,CUST01581,2025-11-01,29.0,Successful,Credit Card
PAY0011133,INV0011466,CUST01581,2025-11-29,29.0,Successful,Debit Card
PAY0011134,INV0011467,CUST01581,2026-01-01,29.0,Successful,Debit Card
PAY0011135,INV0011468,CUST01582,2024-02-02,79.0,Successful,Debit Card
PAY0011136,INV0011469,CUST01582,2024-03-04,79.0,Successful,Debit Card
PAY0011137,INV0011470,CUST01582,2024-03-28,79.0,Failed,ACH
PAY0011138,INV0011471,CUST01582,2024-05-07,79.0,Successful,Bank Transfer
PAY0011139,INV0011472,CUST01582,2024-05-30,79.0,Successful,Bank Transfer
PAY0011140,INV0011473,CUST01582,2024-07-08,79.0,Successful,Debit Card
PAY0011141,INV0011474,CUST01582,2024-08-04,79.0,Successful,ACH
PAY0011142,INV0011475,CUST01582,2024-09-01,79.0,Successful,Bank Transfer
PAY0011143,INV0011476,CUST01582,2024-10-02,79.0,Failed,Debit Card
PAY0011144,INV0011477,CUST01582,2024-10-31,79.0,Successful,Credit Card
PAY0011145,INV0011478,CUST01582,2024-12-06,79.0,Successful,Debit Card
PAY0011146,INV0011479,CUST01582,2025-01-07,79.0,Successful,Bank Transfer
PAY0011147,INV0011480,CUST01583,2025-05-26,29.0,Successful,Debit Card
PAY0011148,INV0011481,CUST01583,2025-06-19,29.0,Successful,Bank Transfer
PAY0011149,INV0011482,CUST01583,2025-07-20,29.0,Successful,Bank Transfer
PAY0011150,INV0011483,CUST01583,2025-08-12,29.0,Successful,Bank Transfer
PAY0011151,INV0011484,CUST01583,2025-09-18,29.0,Successful,Debit Card
PAY0011152,INV0011485,CUST01583,2025-10-22,29.0,Successful,Bank Transfer
PAY0011153,INV0011486,CUST01583,2025-11-21,29.0,Successful,Credit Card
PAY0011154,INV0011487,CUST01583,2025-12-26,29.0,Successful,Credit Card
PAY0011155,INV0011488,CUST01584,2024-07-28,295.8,Successful,Credit Card
PAY0011156,INV0011489,CUST01585,2024-12-21,79.0,Successful,Debit Card
PAY0011157,INV0011490,CUST01585,2025-01-12,79.0,Successful,Credit Card
PAY0011158,INV0011491,CUST01585,2025-02-20,79.0,Successful,Bank Transfer
PAY0011159,INV0011492,CUST01585,2025-03-10,79.0,Successful,Credit Card
PAY0011160,INV0011493,CUST01585,2025-04-17,79.0,Successful,Bank Transfer
PAY0011161,INV0011494,CUST01585,2025-05-22,79.0,Successful,Credit Card
PAY0011162,INV0011495,CUST01585,2025-06-12,79.0,Successful,Credit Card
PAY0011163,INV0011496,CUST01585,2025-07-22,79.0,Successful,ACH
PAY0011164,INV0011497,CUST01585,2025-08-16,79.0,Successful,Credit Card
PAY0011165,INV0011498,CUST01585,2025-09-20,79.0,Successful,Debit Card
PAY0011166,INV0011499,CUST01585,2025-10-14,79.0,Successful,ACH
PAY0011167,INV0011500,CUST01585,2025-11-22,79.0,Successful,Debit Card
PAY0011168,INV0011501,CUST01585,2025-12-10,79.0,Successful,Credit Card
PAY0011169,INV0011502,CUST01586,2025-03-10,79.0,Successful,Bank Transfer
PAY0011170,INV0011503,CUST01586,2025-04-13,79.0,Successful,ACH
PAY0011171,INV0011504,CUST01586,2025-05-16,79.0,Successful,Bank Transfer
PAY0011172,INV0011505,CUST01586,2025-06-06,79.0,Successful,Credit Card
PAY0011173,INV0011506,CUST01586,2025-07-13,79.0,Successful,Debit Card
PAY0011174,INV0011507,CUST01586,2025-08-04,79.0,Successful,ACH
PAY0011175,INV0011508,CUST01586,2025-09-15,79.0,Successful,Credit Card
PAY0011176,INV0011509,CUST01586,2025-10-13,79.0,Successful,Bank Transfer
PAY0011177,INV0011510,CUST01586,2025-11-16,79.0,Successful,Credit Card
PAY0011178,INV0011511,CUST01586,2025-12-07,79.0,Successful,Credit Card
PAY0011179,INV0011512,CUST01587,2024-02-19,79.0,Successful,Credit Card
PAY0011180,INV0011513,CUST01587,2024-03-10,79.0,Successful,Credit Card
PAY0011181,INV0011514,CUST01587,2024-04-18,79.0,Successful,Debit Card
PAY0011182,INV0011515,CUST01587,2024-05-17,79.0,Successful,ACH
PAY0011183,INV0011516,CUST01587,2024-06-21,79.0,Successful,Debit Card
PAY0011184,INV0011517,CUST01587,2024-07-19,79.0,Successful,ACH
PAY0011185,INV0011518,CUST01588,2024-09-04,295.8,Successful,Bank Transfer
PAY0011186,INV0011519,CUST01589,2025-07-29,79.0,Successful,Credit Card
PAY0011187,INV0011520,CUST01589,2025-08-28,79.0,Successful,Bank Transfer
PAY0011188,INV0011521,CUST01589,2025-09-21,79.0,Successful,ACH
PAY0011189,INV0011522,CUST01590,2024-05-04,295.8,Successful,Bank Transfer
PAY0011190,INV0011523,CUST01591,2024-02-01,79.0,Successful,Bank Transfer
PAY0011191,INV0011524,CUST01591,2024-02-28,79.0,Successful,ACH
PAY0011192,INV0011525,CUST01591,2024-03-28,79.0,Successful,ACH
PAY0011193,INV0011526,CUST01591,2024-04-28,79.0,Successful,Bank Transfer
PAY0011194,INV0011527,CUST01591,2024-05-25,79.0,Successful,Credit Card
PAY0011195,INV0011528,CUST01591,2024-06-25,79.0,Successful,Bank Transfer
PAY0011196,INV0011529,CUST01591,2024-07-27,79.0,Refunded,Credit Card
PAY0011197,INV0011530,CUST01591,2024-09-04,79.0,Successful,Debit Card
PAY0011198,INV0011531,CUST01591,2024-09-30,79.0,Successful,Debit Card
PAY0011199,INV0011532,CUST01591,2024-11-02,199.0,Successful,Debit Card
PAY0011200,INV0011533,CUST01591,2024-12-02,199.0,Successful,Debit Card
PAY0011201,INV0011534,CUST01591,2025-01-02,199.0,Successful,Bank Transfer
PAY0011202,INV0011535,CUST01592,2025-03-30,79.0,Successful,ACH
PAY0011203,INV0011536,CUST01592,2025-05-03,79.0,Successful,Debit Card
PAY0011204,INV0011537,CUST01592,2025-06-08,79.0,Successful,Credit Card
PAY0011205,INV0011539,CUST01592,2025-07-30,79.0,Successful,Credit Card
PAY0011206,INV0011540,CUST01592,2025-08-29,79.0,Successful,Credit Card
PAY0011207,INV0011541,CUST01592,2025-10-08,79.0,Successful,Debit Card
PAY0011208,INV0011542,CUST01592,2025-11-01,79.0,Successful,ACH
PAY0011209,INV0011543,CUST01592,2025-12-09,79.0,Successful,Credit Card
PAY0011210,INV0011544,CUST01592,2025-12-27,79.0,Successful,Bank Transfer
PAY0011211,INV0011545,CUST01593,2025-09-22,29.0,Successful,Credit Card
PAY0011212,INV0011546,CUST01593,2025-10-15,29.0,Successful,Credit Card
PAY0011213,INV0011547,CUST01593,2025-11-22,29.0,Successful,Credit Card
PAY0011214,INV0011548,CUST01593,2025-12-15,29.0,Successful,ACH
PAY0011215,INV0011549,CUST01594,2024-11-01,79.0,Successful,Debit Card
PAY0011216,INV0011550,CUST01594,2024-12-12,79.0,Successful,ACH
PAY0011217,INV0011551,CUST01594,2024-12-30,79.0,Successful,Bank Transfer
PAY0011218,INV0011552,CUST01594,2025-02-10,79.0,Successful,Debit Card
PAY0011219,INV0011553,CUST01594,2025-02-28,79.0,Successful,ACH
PAY0011220,INV0011554,CUST01594,2025-04-08,79.0,Successful,Bank Transfer
PAY0011221,INV0011555,CUST01594,2025-05-11,79.0,Successful,Bank Transfer
PAY0011222,INV0011556,CUST01594,2025-05-31,79.0,Successful,Bank Transfer
PAY0011223,INV0011557,CUST01594,2025-07-03,79.0,Successful,Bank Transfer
PAY0011224,INV0011558,CUST01594,2025-07-29,79.0,Refunded,Bank Transfer
PAY0011225,INV0011559,CUST01594,2025-09-11,79.0,Successful,Bank Transfer
PAY0011226,INV0011560,CUST01594,2025-09-29,79.0,Successful,Bank Transfer
PAY0011227,INV0011561,CUST01594,2025-11-07,79.0,Successful,Credit Card
PAY0011228,INV0011562,CUST01594,2025-12-03,79.0,Failed,Credit Card
PAY0011229,INV0011563,CUST01594,2025-12-30,79.0,Successful,Bank Transfer
PAY0011230,INV0011564,CUST01595,2025-05-13,79.0,Successful,Debit Card
PAY0011231,INV0011565,CUST01595,2025-06-07,79.0,Successful,Bank Transfer
PAY0011232,INV0011566,CUST01595,2025-07-13,79.0,Successful,ACH
PAY0011233,INV0011568,CUST01595,2025-09-01,79.0,Successful,Bank Transfer
PAY0011234,INV0011569,CUST01595,2025-10-03,79.0,Successful,Bank Transfer
PAY0011235,INV0011570,CUST01595,2025-11-12,79.0,Successful,ACH
PAY0011236,INV0011571,CUST01595,2025-12-12,79.0,Successful,Bank Transfer
PAY0011237,INV0011572,CUST01595,2026-01-07,79.0,Successful,Bank Transfer
PAY0011238,INV0011573,CUST01596,2024-10-26,79.0,Successful,Debit Card
PAY0011239,INV0011574,CUST01596,2024-12-01,79.0,Successful,ACH
PAY0011240,INV0011575,CUST01596,2024-12-19,79.0,Successful,Debit Card
PAY0011241,INV0011576,CUST01596,2025-01-17,79.0,Successful,Credit Card
PAY0011242,INV0011577,CUST01596,2025-02-21,79.0,Successful,Credit Card
PAY0011243,INV0011578,CUST01596,2025-03-20,79.0,Successful,Debit Card
PAY0011244,INV0011579,CUST01597,2024-07-04,79.0,Successful,ACH
PAY0011245,INV0011580,CUST01597,2024-08-08,79.0,Successful,Debit Card
PAY0011246,INV0011581,CUST01597,2024-08-29,79.0,Successful,ACH
PAY0011247,INV0011582,CUST01597,2024-10-04,79.0,Successful,Bank Transfer
PAY0011248,INV0011583,CUST01597,2024-11-07,79.0,Successful,Credit Card
PAY0011249,INV0011584,CUST01597,2024-12-10,79.0,Successful,Bank Transfer
PAY0011250,INV0011585,CUST01597,2025-01-06,79.0,Successful,Bank Transfer
PAY0011251,INV0011586,CUST01597,2025-02-10,79.0,Successful,Debit Card
PAY0011252,INV0011587,CUST01597,2025-03-11,79.0,Successful,Debit Card
PAY0011253,INV0011588,CUST01597,2025-03-31,79.0,Successful,Credit Card
PAY0011254,INV0011589,CUST01597,2025-05-07,79.0,Successful,Credit Card
PAY0011255,INV0011590,CUST01597,2025-06-10,79.0,Successful,Bank Transfer
PAY0011256,INV0011591,CUST01598,2025-05-25,29.0,Successful,Debit Card
PAY0011257,INV0011592,CUST01598,2025-06-24,29.0,Successful,ACH
PAY0011258,INV0011593,CUST01598,2025-07-23,29.0,Successful,Bank Transfer
PAY0011259,INV0011594,CUST01598,2025-08-26,29.0,Successful,Bank Transfer
PAY0011260,INV0011595,CUST01598,2025-09-21,29.0,Successful,Debit Card
PAY0011261,INV0011596,CUST01598,2025-10-30,29.0,Successful,ACH
PAY0011262,INV0011597,CUST01598,2025-11-28,29.0,Successful,Credit Card
PAY0011263,INV0011598,CUST01598,2026-01-03,29.0,Successful,ACH
PAY0011264,INV0011599,CUST01599,2025-01-13,805.8,Successful,Bank Transfer
PAY0011265,INV0011600,CUST01600,2025-06-01,79.0,Successful,Debit Card
PAY0011266,INV0011601,CUST01600,2025-07-15,79.0,Successful,Credit Card
PAY0011267,INV0011602,CUST01600,2025-08-07,79.0,Successful,Credit Card
PAY0011268,INV0011603,CUST01600,2025-09-10,79.0,Successful,Debit Card
PAY0011269,INV0011604,CUST01600,2025-10-10,79.0,Successful,Debit Card
PAY0011270,INV0011605,CUST01600,2025-11-07,79.0,Successful,ACH
PAY0011271,INV0011606,CUST01601,2025-10-04,29.0,Failed,Bank Transfer
PAY0011272,INV0011607,CUST01601,2025-11-05,29.0,Successful,Credit Card
PAY0011273,INV0011608,CUST01601,2025-11-27,29.0,Successful,Credit Card
PAY0011274,INV0011609,CUST01601,2025-12-27,29.0,Successful,Debit Card
PAY0011275,INV0011610,CUST01602,2024-12-25,295.8,Successful,ACH
PAY0011276,INV0011611,CUST01602,2025-12-27,295.8,Successful,Debit Card
PAY0011277,INV0011612,CUST01603,2024-06-14,79.0,Successful,Credit Card
PAY0011278,INV0011613,CUST01603,2024-07-09,79.0,Successful,Bank Transfer
PAY0011279,INV0011614,CUST01603,2024-08-18,29.0,Successful,Credit Card
PAY0011280,INV0011615,CUST01603,2024-09-18,29.0,Successful,Debit Card
PAY0011281,INV0011616,CUST01603,2024-10-10,29.0,Successful,ACH
PAY0011282,INV0011617,CUST01603,2024-11-17,29.0,Successful,Debit Card
PAY0011283,INV0011618,CUST01603,2024-12-09,29.0,Successful,Credit Card
PAY0011284,INV0011619,CUST01603,2025-01-11,29.0,Successful,Credit Card
PAY0011285,INV0011620,CUST01603,2025-02-11,29.0,Refunded,Debit Card
PAY0011286,INV0011621,CUST01603,2025-03-18,29.0,Successful,Bank Transfer
PAY0011287,INV0011622,CUST01603,2025-04-06,29.0,Successful,Debit Card
PAY0011288,INV0011623,CUST01603,2025-05-13,29.0,Successful,Debit Card
PAY0011289,INV0011624,CUST01604,2026-01-06,805.8,Successful,ACH
PAY0011290,INV0011625,CUST01605,2024-04-23,805.8,Successful,Debit Card
PAY0011291,INV0011626,CUST01605,2025-05-03,805.8,Successful,Debit Card
PAY0011292,INV0011627,CUST01606,2025-08-05,29.0,Successful,Credit Card
PAY0011293,INV0011628,CUST01606,2025-09-11,29.0,Successful,Credit Card
PAY0011294,INV0011629,CUST01606,2025-10-11,29.0,Successful,Debit Card
PAY0011295,INV0011630,CUST01606,2025-11-03,29.0,Successful,Bank Transfer
PAY0011296,INV0011631,CUST01606,2025-12-05,29.0,Successful,Debit Card
PAY0011297,INV0011632,CUST01606,2026-01-02,29.0,Successful,Bank Transfer
PAY0011298,INV0011633,CUST01607,2024-08-11,29.0,Successful,Debit Card
PAY0011299,INV0011634,CUST01607,2024-09-12,29.0,Successful,Bank Transfer
PAY0011300,INV0011635,CUST01607,2024-10-09,29.0,Successful,Credit Card
PAY0011301,INV0011636,CUST01608,2025-06-09,79.0,Successful,Credit Card
PAY0011302,INV0011637,CUST01608,2025-07-15,79.0,Failed,Credit Card
PAY0011303,INV0011638,CUST01608,2025-08-05,79.0,Successful,Bank Transfer
PAY0011304,INV0011639,CUST01608,2025-09-12,79.0,Successful,ACH
PAY0011305,INV0011640,CUST01608,2025-10-16,79.0,Successful,Bank Transfer
PAY0011306,INV0011641,CUST01608,2025-11-17,79.0,Failed,Credit Card
PAY0011307,INV0011642,CUST01608,2025-12-08,79.0,Successful,Credit Card
PAY0011308,INV0011643,CUST01609,2024-12-21,79.0,Successful,Credit Card
PAY0011309,INV0011644,CUST01609,2025-01-09,79.0,Successful,Debit Card
PAY0011310,INV0011645,CUST01609,2025-02-22,79.0,Successful,Debit Card
PAY0011311,INV0011646,CUST01609,2025-03-17,79.0,Successful,Debit Card
PAY0011312,INV0011647,CUST01609,2025-04-23,79.0,Successful,ACH
PAY0011313,INV0011648,CUST01609,2025-05-21,79.0,Successful,Debit Card
PAY0011314,INV0011649,CUST01610,2025-03-16,295.8,Successful,Bank Transfer
PAY0011315,INV0011650,CUST01611,2024-12-17,79.0,Successful,ACH
PAY0011316,INV0011651,CUST01611,2025-01-20,79.0,Successful,Debit Card
PAY0011317,INV0011652,CUST01611,2025-02-18,79.0,Successful,Credit Card
PAY0011318,INV0011653,CUST01611,2025-03-23,79.0,Successful,Credit Card
PAY0011319,INV0011654,CUST01611,2025-04-26,79.0,Successful,ACH
PAY0011320,INV0011655,CUST01611,2025-05-28,79.0,Successful,Bank Transfer
PAY0011321,INV0011656,CUST01612,2025-03-06,29.0,Successful,Bank Transfer
PAY0011322,INV0011657,CUST01612,2025-04-02,29.0,Successful,ACH
PAY0011323,INV0011658,CUST01612,2025-05-13,29.0,Successful,Debit Card
PAY0011324,INV0011659,CUST01612,2025-06-05,29.0,Successful,Credit Card
PAY0011325,INV0011660,CUST01612,2025-07-06,29.0,Successful,Debit Card
PAY0011326,INV0011661,CUST01612,2025-08-04,29.0,Successful,Credit Card
PAY0011327,INV0011662,CUST01612,2025-08-29,29.0,Successful,Credit Card
PAY0011328,INV0011663,CUST01612,2025-10-01,29.0,Successful,Credit Card
PAY0011329,INV0011664,CUST01612,2025-11-01,29.0,Successful,Bank Transfer
PAY0011330,INV0011665,CUST01612,2025-11-29,29.0,Successful,Credit Card
PAY0011331,INV0011666,CUST01612,2026-01-11,29.0,Successful,Bank Transfer
PAY0011332,INV0011667,CUST01613,2024-09-05,199.0,Successful,Bank Transfer
PAY0011333,INV0011668,CUST01613,2024-10-03,199.0,Successful,Bank Transfer
PAY0011334,INV0011669,CUST01613,2024-10-23,199.0,Successful,Credit Card
PAY0011335,INV0011670,CUST01613,2024-11-25,199.0,Successful,Credit Card
PAY0011336,INV0011671,CUST01613,2024-12-22,199.0,Successful,Bank Transfer
PAY0011337,INV0011672,CUST01613,2025-01-27,199.0,Successful,ACH
PAY0011338,INV0011673,CUST01613,2025-02-28,199.0,Successful,Bank Transfer
PAY0011339,INV0011674,CUST01613,2025-03-29,199.0,Successful,Debit Card
PAY0011340,INV0011675,CUST01613,2025-04-29,199.0,Successful,ACH
PAY0011341,INV0011677,CUST01613,2025-07-06,199.0,Failed,ACH
PAY0011342,INV0011678,CUST01613,2025-08-03,199.0,Successful,Debit Card
PAY0011343,INV0011679,CUST01613,2025-08-22,199.0,Successful,ACH
PAY0011344,INV0011680,CUST01613,2025-09-28,199.0,Successful,Debit Card
PAY0011345,INV0011681,CUST01613,2025-11-02,199.0,Successful,Credit Card
PAY0011346,INV0011682,CUST01613,2025-12-05,199.0,Successful,Bank Transfer
PAY0011347,INV0011683,CUST01613,2025-12-27,199.0,Successful,Bank Transfer
PAY0011348,INV0011684,CUST01614,2025-04-28,199.0,Successful,ACH
PAY0011349,INV0011685,CUST01614,2025-05-29,199.0,Successful,Debit Card
PAY0011350,INV0011686,CUST01614,2025-06-15,199.0,Successful,Credit Card
PAY0011351,INV0011687,CUST01614,2025-07-28,199.0,Successful,Debit Card
PAY0011352,INV0011689,CUST01614,2025-09-25,199.0,Successful,ACH
PAY0011353,INV0011690,CUST01614,2025-10-22,199.0,Successful,Credit Card
PAY0011354,INV0011691,CUST01614,2025-11-16,199.0,Successful,Credit Card
PAY0011355,INV0011692,CUST01614,2025-12-28,199.0,Successful,Credit Card
PAY0011356,INV0011693,CUST01615,2024-02-01,805.8,Successful,Credit Card
PAY0011357,INV0011694,CUST01615,2025-02-14,805.8,Successful,Bank Transfer
PAY0011358,INV0011695,CUST01616,2024-04-03,79.0,Successful,Credit Card
PAY0011359,INV0011696,CUST01616,2024-05-02,79.0,Successful,Credit Card
PAY0011360,INV0011697,CUST01616,2024-06-06,79.0,Successful,Credit Card
PAY0011361,INV0011698,CUST01616,2024-07-02,79.0,Successful,Credit Card
PAY0011362,INV0011699,CUST01616,2024-07-30,79.0,Successful,Debit Card
PAY0011363,INV0011700,CUST01616,2024-09-11,79.0,Successful,Bank Transfer
PAY0011364,INV0011701,CUST01616,2024-10-02,79.0,Successful,Bank Transfer
PAY0011365,INV0011702,CUST01616,2024-11-05,79.0,Successful,Debit Card
PAY0011366,INV0011703,CUST01616,2024-12-01,79.0,Successful,Bank Transfer
PAY0011367,INV0011704,CUST01616,2025-01-08,79.0,Successful,Bank Transfer
PAY0011368,INV0011705,CUST01616,2025-02-04,199.0,Successful,Debit Card
PAY0011369,INV0011706,CUST01616,2025-03-03,199.0,Failed,Credit Card
PAY0011370,INV0011707,CUST01617,2025-03-28,2029.8,Successful,ACH
PAY0011371,INV0011708,CUST01618,2025-08-25,295.8,Successful,ACH
PAY0011372,INV0011709,CUST01619,2025-03-20,199.0,Successful,Debit Card
PAY0011373,INV0011710,CUST01619,2025-04-18,199.0,Successful,Bank Transfer
PAY0011374,INV0011711,CUST01619,2025-05-08,199.0,Successful,Credit Card
PAY0011375,INV0011713,CUST01619,2025-07-13,199.0,Successful,Credit Card
PAY0011376,INV0011714,CUST01619,2025-08-14,199.0,Successful,Debit Card
PAY0011377,INV0011715,CUST01619,2025-09-18,199.0,Successful,ACH
PAY0011378,INV0011716,CUST01619,2025-10-16,199.0,Successful,Credit Card
PAY0011379,INV0011717,CUST01619,2025-11-13,199.0,Successful,ACH
PAY0011380,INV0011718,CUST01619,2025-12-20,199.0,Successful,Debit Card
PAY0011381,INV0011719,CUST01620,2024-11-30,79.0,Successful,Credit Card
PAY0011382,INV0011720,CUST01620,2024-12-27,79.0,Successful,Debit Card
PAY0011383,INV0011721,CUST01620,2025-01-26,79.0,Successful,Debit Card
PAY0011384,INV0011722,CUST01620,2025-02-28,79.0,Successful,Credit Card
PAY0011385,INV0011723,CUST01620,2025-03-26,79.0,Successful,Debit Card
PAY0011386,INV0011724,CUST01620,2025-04-27,79.0,Successful,Credit Card
PAY0011387,INV0011725,CUST01620,2025-05-25,79.0,Successful,ACH
PAY0011388,INV0011726,CUST01620,2025-06-22,79.0,Successful,ACH
PAY0011389,INV0011727,CUST01620,2025-08-01,79.0,Successful,Credit Card
PAY0011390,INV0011728,CUST01620,2025-08-27,79.0,Successful,ACH
PAY0011391,INV0011729,CUST01620,2025-09-25,79.0,Successful,Credit Card
PAY0011392,INV0011730,CUST01620,2025-10-29,79.0,Successful,Credit Card
PAY0011393,INV0011731,CUST01621,2025-12-29,199.0,Successful,Credit Card
PAY0011394,INV0011732,CUST01622,2025-12-30,199.0,Successful,Bank Transfer
PAY0011395,INV0011733,CUST01623,2024-07-22,79.0,Successful,Credit Card
PAY0011396,INV0011734,CUST01623,2024-09-04,79.0,Successful,Credit Card
PAY0011397,INV0011735,CUST01623,2024-10-02,79.0,Successful,Bank Transfer
PAY0011398,INV0011736,CUST01623,2024-10-29,79.0,Successful,Debit Card
PAY0011399,INV0011737,CUST01623,2024-11-26,79.0,Successful,Credit Card
PAY0011400,INV0011738,CUST01623,2025-01-04,79.0,Successful,Credit Card
PAY0011401,INV0011739,CUST01624,2025-02-12,29.0,Successful,ACH
PAY0011402,INV0011740,CUST01624,2025-03-08,29.0,Successful,Credit Card
PAY0011403,INV0011741,CUST01624,2025-04-14,29.0,Successful,ACH
PAY0011404,INV0011742,CUST01624,2025-05-06,29.0,Successful,Credit Card
PAY0011405,INV0011743,CUST01624,2025-06-18,29.0,Successful,Credit Card
PAY0011406,INV0011744,CUST01624,2025-07-15,29.0,Successful,Bank Transfer
PAY0011407,INV0011745,CUST01624,2025-08-09,29.0,Successful,Bank Transfer
PAY0011408,INV0011746,CUST01624,2025-09-06,29.0,Successful,ACH
PAY0011409,INV0011747,CUST01624,2025-10-11,29.0,Successful,Credit Card
PAY0011410,INV0011748,CUST01624,2025-11-13,29.0,Successful,ACH
PAY0011411,INV0011749,CUST01624,2025-12-18,29.0,Successful,ACH
PAY0011412,INV0011751,CUST01625,2024-09-08,199.0,Failed,Bank Transfer
PAY0011413,INV0011752,CUST01625,2024-10-11,199.0,Successful,Debit Card
PAY0011414,INV0011753,CUST01625,2024-11-14,199.0,Successful,Bank Transfer
PAY0011415,INV0011754,CUST01625,2024-12-14,199.0,Successful,ACH
PAY0011416,INV0011755,CUST01625,2025-01-20,199.0,Successful,Bank Transfer
PAY0011417,INV0011756,CUST01625,2025-02-10,199.0,Successful,ACH
PAY0011418,INV0011757,CUST01625,2025-03-11,199.0,Successful,ACH
PAY0011419,INV0011758,CUST01625,2025-04-19,199.0,Successful,Debit Card
PAY0011420,INV0011759,CUST01625,2025-05-07,199.0,Successful,ACH
PAY0011421,INV0011760,CUST01625,2025-06-12,199.0,Successful,ACH
PAY0011422,INV0011761,CUST01625,2025-07-17,199.0,Successful,Credit Card
PAY0011423,INV0011762,CUST01626,2025-10-21,29.0,Successful,ACH
PAY0011424,INV0011763,CUST01626,2025-11-25,29.0,Successful,Debit Card
PAY0011425,INV0011764,CUST01626,2025-12-16,29.0,Successful,Credit Card
PAY0011426,INV0011765,CUST01627,2024-09-08,79.0,Successful,Debit Card
PAY0011427,INV0011766,CUST01627,2024-10-10,79.0,Successful,ACH
PAY0011428,INV0011767,CUST01627,2024-11-16,79.0,Successful,ACH
PAY0011429,INV0011768,CUST01627,2024-12-16,79.0,Successful,Debit Card
PAY0011430,INV0011769,CUST01627,2025-01-17,79.0,Successful,Bank Transfer
PAY0011431,INV0011770,CUST01627,2025-02-11,79.0,Successful,Credit Card
PAY0011432,INV0011771,CUST01627,2025-03-19,79.0,Successful,Credit Card
PAY0011433,INV0011772,CUST01627,2025-04-19,79.0,Successful,ACH
PAY0011434,INV0011773,CUST01627,2025-05-16,79.0,Successful,ACH
PAY0011435,INV0011774,CUST01627,2025-06-07,79.0,Successful,ACH
PAY0011436,INV0011775,CUST01627,2025-07-19,79.0,Successful,Debit Card
PAY0011437,INV0011776,CUST01627,2025-08-07,79.0,Successful,ACH
PAY0011438,INV0011777,CUST01627,2025-09-16,79.0,Successful,Debit Card
PAY0011439,INV0011778,CUST01627,2025-10-16,79.0,Successful,Bank Transfer
PAY0011440,INV0011779,CUST01627,2025-11-07,79.0,Successful,ACH
PAY0011441,INV0011780,CUST01627,2025-12-12,79.0,Successful,Bank Transfer
PAY0011442,INV0011781,CUST01628,2024-03-17,79.0,Successful,ACH
PAY0011443,INV0011782,CUST01628,2024-04-16,79.0,Successful,Bank Transfer
PAY0011444,INV0011783,CUST01628,2024-05-06,79.0,Successful,Credit Card
PAY0011445,INV0011784,CUST01628,2024-06-10,79.0,Successful,Credit Card
PAY0011446,INV0011786,CUST01628,2024-08-16,199.0,Successful,Bank Transfer
PAY0011447,INV0011787,CUST01628,2024-09-15,199.0,Successful,ACH
PAY0011448,INV0011788,CUST01628,2024-10-16,199.0,Successful,ACH
PAY0011449,INV0011789,CUST01628,2024-11-10,199.0,Successful,ACH
PAY0011450,INV0011790,CUST01628,2024-12-16,199.0,Successful,Bank Transfer
PAY0011451,INV0011791,CUST01628,2025-01-10,199.0,Successful,Bank Transfer
PAY0011452,INV0011792,CUST01628,2025-02-12,199.0,Successful,Credit Card
PAY0011453,INV0011793,CUST01628,2025-03-16,199.0,Successful,ACH
PAY0011454,INV0011794,CUST01628,2025-04-05,199.0,Successful,Credit Card
PAY0011455,INV0011795,CUST01628,2025-05-14,199.0,Successful,Debit Card
PAY0011456,INV0011796,CUST01628,2025-06-16,199.0,Successful,ACH
PAY0011457,INV0011797,CUST01628,2025-07-14,199.0,Successful,Debit Card
PAY0011458,INV0011798,CUST01628,2025-08-10,199.0,Successful,Bank Transfer
PAY0011459,INV0011799,CUST01629,2024-05-11,805.8,Successful,Debit Card
PAY0011460,INV0011800,CUST01630,2024-11-16,29.0,Successful,Debit Card
PAY0011461,INV0011801,CUST01630,2024-12-10,29.0,Successful,Debit Card
PAY0011462,INV0011802,CUST01630,2025-01-14,29.0,Successful,ACH
PAY0011463,INV0011803,CUST01630,2025-02-14,29.0,Successful,Bank Transfer
PAY0011464,INV0011804,CUST01630,2025-03-10,29.0,Successful,Credit Card
PAY0011465,INV0011805,CUST01630,2025-04-16,29.0,Successful,Credit Card
PAY0011466,INV0011806,CUST01630,2025-05-08,29.0,Successful,Debit Card
PAY0011467,INV0011807,CUST01630,2025-06-06,29.0,Successful,Credit Card
PAY0011468,INV0011808,CUST01630,2025-07-12,29.0,Successful,Debit Card
PAY0011469,INV0011809,CUST01630,2025-08-04,29.0,Successful,Credit Card
PAY0011470,INV0011810,CUST01630,2025-09-11,29.0,Successful,Bank Transfer
PAY0011471,INV0011811,CUST01630,2025-10-16,29.0,Successful,Bank Transfer
PAY0011472,INV0011812,CUST01630,2025-11-13,29.0,Successful,Credit Card
PAY0011473,INV0011813,CUST01630,2025-12-05,29.0,Successful,Debit Card
PAY0011474,INV0011814,CUST01631,2025-08-24,29.0,Successful,ACH
PAY0011475,INV0011815,CUST01631,2025-09-29,29.0,Successful,Debit Card
PAY0011476,INV0011816,CUST01631,2025-10-19,29.0,Successful,Bank Transfer
PAY0011477,INV0011817,CUST01631,2025-11-20,29.0,Successful,ACH
PAY0011478,INV0011818,CUST01631,2025-12-27,29.0,Successful,Credit Card
PAY0011479,INV0011819,CUST01632,2025-01-02,79.0,Successful,Bank Transfer
PAY0011480,INV0011820,CUST01632,2025-02-02,79.0,Successful,Credit Card
PAY0011481,INV0011821,CUST01632,2025-03-01,79.0,Successful,Debit Card
PAY0011482,INV0011822,CUST01632,2025-03-28,79.0,Successful,Credit Card
PAY0011483,INV0011823,CUST01632,2025-05-01,79.0,Successful,ACH
PAY0011484,INV0011824,CUST01632,2025-06-04,79.0,Successful,ACH
PAY0011485,INV0011825,CUST01632,2025-06-29,79.0,Successful,Bank Transfer
PAY0011486,INV0011826,CUST01632,2025-07-26,79.0,Successful,Debit Card
PAY0011487,INV0011827,CUST01632,2025-09-06,79.0,Successful,Bank Transfer
PAY0011488,INV0011828,CUST01632,2025-10-08,79.0,Successful,Debit Card
PAY0011489,INV0011829,CUST01632,2025-10-26,79.0,Successful,Credit Card
PAY0011490,INV0011830,CUST01632,2025-12-03,79.0,Successful,ACH
PAY0011491,INV0011831,CUST01632,2026-01-08,79.0,Successful,Debit Card
PAY0011492,INV0011832,CUST01633,2025-02-05,199.0,Successful,Bank Transfer
PAY0011493,INV0011833,CUST01633,2025-03-01,199.0,Successful,Bank Transfer
PAY0011494,INV0011834,CUST01633,2025-04-03,199.0,Successful,Credit Card
PAY0011495,INV0011835,CUST01633,2025-04-30,199.0,Successful,Credit Card
PAY0011496,INV0011837,CUST01633,2025-07-03,199.0,Successful,Bank Transfer
PAY0011497,INV0011838,CUST01633,2025-07-23,199.0,Successful,Debit Card
PAY0011498,INV0011839,CUST01633,2025-08-24,199.0,Successful,ACH
PAY0011499,INV0011840,CUST01633,2025-09-29,199.0,Successful,Credit Card
PAY0011500,INV0011841,CUST01633,2025-10-24,199.0,Successful,Credit Card
PAY0011501,INV0011842,CUST01633,2025-11-29,199.0,Successful,Bank Transfer
PAY0011502,INV0011843,CUST01633,2025-12-22,199.0,Successful,Debit Card
PAY0011503,INV0011844,CUST01634,2025-01-12,79.0,Successful,Credit Card
PAY0011504,INV0011845,CUST01634,2025-02-13,79.0,Successful,Debit Card
PAY0011505,INV0011846,CUST01634,2025-03-19,79.0,Successful,ACH
PAY0011506,INV0011847,CUST01634,2025-04-10,79.0,Successful,Bank Transfer
PAY0011507,INV0011848,CUST01634,2025-05-11,79.0,Successful,Credit Card
PAY0011508,INV0011849,CUST01634,2025-06-19,79.0,Successful,Credit Card
PAY0011509,INV0011850,CUST01635,2024-03-25,805.8,Successful,Credit Card
PAY0011510,INV0011851,CUST01636,2024-08-18,79.0,Successful,ACH
PAY0011511,INV0011853,CUST01636,2024-10-18,79.0,Successful,Debit Card
PAY0011512,INV0011854,CUST01637,2025-08-26,79.0,Successful,Bank Transfer
PAY0011513,INV0011855,CUST01637,2025-09-28,79.0,Failed,Credit Card
PAY0011514,INV0011856,CUST01637,2025-10-30,79.0,Failed,ACH
PAY0011515,INV0011857,CUST01637,2025-12-02,79.0,Successful,Debit Card
PAY0011516,INV0011858,CUST01637,2025-12-26,79.0,Successful,Bank Transfer
PAY0011517,INV0011859,CUST01638,2025-08-29,295.8,Successful,ACH
PAY0011518,INV0011860,CUST01639,2025-03-14,2029.8,Successful,Credit Card
PAY0011519,INV0011861,CUST01640,2026-01-12,805.8,Successful,ACH
PAY0011520,INV0011862,CUST01641,2025-12-16,29.0,Successful,Credit Card
PAY0011521,INV0011863,CUST01642,2025-08-07,29.0,Successful,Debit Card
PAY0011522,INV0011864,CUST01642,2025-08-28,29.0,Failed,ACH
PAY0011523,INV0011865,CUST01642,2025-09-28,29.0,Successful,Credit Card
PAY0011524,INV0011866,CUST01642,2025-11-01,29.0,Successful,ACH
PAY0011525,INV0011867,CUST01642,2025-11-30,29.0,Successful,Credit Card
PAY0011526,INV0011868,CUST01642,2026-01-03,29.0,Successful,Debit Card
PAY0011527,INV0011869,CUST01643,2024-04-23,805.8,Successful,Credit Card
PAY0011528,INV0011870,CUST01643,2025-04-26,805.8,Successful,Bank Transfer
PAY0011529,INV0011871,CUST01644,2024-05-04,29.0,Successful,Credit Card
PAY0011530,INV0011872,CUST01644,2024-06-06,29.0,Successful,ACH
PAY0011531,INV0011873,CUST01644,2024-07-04,29.0,Successful,Credit Card
PAY0011532,INV0011874,CUST01644,2024-08-13,29.0,Successful,Credit Card
PAY0011533,INV0011875,CUST01644,2024-09-14,29.0,Successful,Credit Card
PAY0011534,INV0011876,CUST01644,2024-10-11,29.0,Successful,ACH
PAY0011535,INV0011877,CUST01644,2024-11-14,29.0,Successful,Bank Transfer
PAY0011536,INV0011878,CUST01644,2024-12-11,29.0,Successful,Bank Transfer
PAY0011537,INV0011879,CUST01644,2025-01-13,29.0,Successful,Debit Card
PAY0011538,INV0011880,CUST01644,2025-02-12,29.0,Successful,ACH
PAY0011539,INV0011881,CUST01644,2025-03-06,29.0,Successful,ACH
PAY0011540,INV0011882,CUST01644,2025-04-09,29.0,Successful,Debit Card
PAY0011541,INV0011883,CUST01645,2024-02-13,29.0,Successful,Credit Card
PAY0011542,INV0011884,CUST01645,2024-03-03,29.0,Failed,Bank Transfer
PAY0011543,INV0011885,CUST01645,2024-03-31,29.0,Successful,Credit Card
PAY0011544,INV0011886,CUST01645,2024-04-30,29.0,Successful,Credit Card
PAY0011545,INV0011887,CUST01645,2024-06-11,29.0,Successful,Bank Transfer
PAY0011546,INV0011888,CUST01645,2024-07-01,29.0,Successful,Debit Card
PAY0011547,INV0011889,CUST01645,2024-08-13,29.0,Successful,ACH
PAY0011548,INV0011890,CUST01645,2024-09-03,29.0,Successful,Bank Transfer
PAY0011549,INV0011891,CUST01645,2024-10-10,29.0,Successful,ACH
PAY0011550,INV0011892,CUST01645,2024-11-10,29.0,Successful,Bank Transfer
PAY0011551,INV0011893,CUST01645,2024-12-08,29.0,Successful,Bank Transfer
PAY0011552,INV0011894,CUST01645,2025-01-01,29.0,Failed,Credit Card
PAY0011553,INV0011895,CUST01645,2025-02-07,29.0,Successful,Credit Card
PAY0011554,INV0011896,CUST01645,2025-03-14,29.0,Successful,ACH
PAY0011555,INV0011897,CUST01645,2025-04-05,29.0,Successful,ACH
PAY0011556,INV0011899,CUST01645,2025-05-31,29.0,Successful,Bank Transfer
PAY0011557,INV0011900,CUST01645,2025-07-13,29.0,Successful,Bank Transfer
PAY0011558,INV0011901,CUST01645,2025-08-03,29.0,Successful,ACH
PAY0011559,INV0011902,CUST01645,2025-09-03,29.0,Successful,Credit Card
PAY0011560,INV0011903,CUST01645,2025-10-13,29.0,Successful,Credit Card
PAY0011561,INV0011904,CUST01645,2025-11-09,29.0,Successful,ACH
PAY0011562,INV0011905,CUST01645,2025-12-04,29.0,Successful,ACH
PAY0011563,INV0011906,CUST01645,2026-01-05,29.0,Successful,ACH
PAY0011564,INV0011907,CUST01646,2024-03-01,29.0,Successful,Credit Card
PAY0011565,INV0011908,CUST01646,2024-03-22,29.0,Successful,Credit Card
PAY0011566,INV0011909,CUST01646,2024-04-21,29.0,Successful,Bank Transfer
PAY0011567,INV0011910,CUST01646,2024-05-27,29.0,Refunded,Debit Card
PAY0011568,INV0011911,CUST01646,2024-06-27,29.0,Successful,Bank Transfer
PAY0011569,INV0011912,CUST01646,2024-08-03,29.0,Successful,Debit Card
PAY0011570,INV0011913,CUST01646,2024-08-22,29.0,Successful,Debit Card
PAY0011571,INV0011914,CUST01646,2024-09-21,29.0,Successful,Credit Card
PAY0011572,INV0011915,CUST01646,2024-10-22,29.0,Successful,Credit Card
PAY0011573,INV0011916,CUST01646,2024-11-25,29.0,Successful,Credit Card
PAY0011574,INV0011917,CUST01646,2024-12-24,29.0,Successful,Credit Card
PAY0011575,INV0011918,CUST01646,2025-01-27,29.0,Successful,ACH
PAY0011576,INV0011919,CUST01646,2025-02-24,29.0,Successful,Credit Card
PAY0011577,INV0011920,CUST01646,2025-03-29,29.0,Successful,Bank Transfer
PAY0011578,INV0011921,CUST01646,2025-05-04,29.0,Successful,Debit Card
PAY0011579,INV0011922,CUST01646,2025-05-26,29.0,Successful,ACH
PAY0011580,INV0011923,CUST01646,2025-06-21,29.0,Successful,Credit Card
PAY0011581,INV0011924,CUST01646,2025-07-26,29.0,Successful,ACH
PAY0011582,INV0011925,CUST01646,2025-09-02,29.0,Successful,Bank Transfer
PAY0011583,INV0011926,CUST01646,2025-09-27,29.0,Successful,ACH
PAY0011584,INV0011927,CUST01646,2025-10-25,29.0,Successful,ACH
PAY0011585,INV0011928,CUST01646,2025-11-20,29.0,Successful,Credit Card
PAY0011586,INV0011929,CUST01646,2026-01-03,29.0,Successful,Debit Card
PAY0011587,INV0011930,CUST01647,2024-07-20,2029.8,Successful,Debit Card
PAY0011588,INV0011931,CUST01648,2024-03-25,29.0,Failed,Debit Card
PAY0011589,INV0011932,CUST01648,2024-04-12,29.0,Failed,ACH
PAY0011590,INV0011933,CUST01648,2024-05-23,29.0,Successful,ACH
PAY0011591,INV0011934,CUST01648,2024-06-21,79.0,Successful,ACH
PAY0011592,INV0011935,CUST01648,2024-07-13,79.0,Failed,Debit Card
PAY0011593,INV0011936,CUST01648,2024-08-21,79.0,Successful,Bank Transfer
PAY0011594,INV0011937,CUST01649,2025-08-12,79.0,Successful,Credit Card
PAY0011595,INV0011938,CUST01649,2025-09-12,79.0,Successful,Credit Card
PAY0011596,INV0011939,CUST01649,2025-10-05,79.0,Successful,Debit Card
PAY0011597,INV0011940,CUST01649,2025-11-15,79.0,Successful,Credit Card
PAY0011598,INV0011941,CUST01649,2025-12-08,79.0,Successful,Bank Transfer
PAY0011599,INV0011942,CUST01650,2025-09-27,29.0,Failed,Debit Card
PAY0011600,INV0011943,CUST01650,2025-10-16,29.0,Successful,ACH
PAY0011601,INV0011944,CUST01650,2025-11-27,29.0,Successful,Bank Transfer
PAY0011602,INV0011945,CUST01650,2025-12-19,29.0,Successful,Credit Card
PAY0011603,INV0011946,CUST01651,2025-04-16,79.0,Successful,Credit Card
PAY0011604,INV0011947,CUST01651,2025-05-19,79.0,Successful,Credit Card
PAY0011605,INV0011948,CUST01651,2025-06-06,79.0,Successful,Bank Transfer
PAY0011606,INV0011949,CUST01651,2025-07-20,79.0,Successful,ACH
PAY0011607,INV0011950,CUST01651,2025-08-10,79.0,Failed,Bank Transfer
PAY0011608,INV0011951,CUST01651,2025-09-07,79.0,Successful,Debit Card
PAY0011609,INV0011952,CUST01651,2025-10-18,79.0,Successful,Debit Card
PAY0011610,INV0011953,CUST01651,2025-11-10,79.0,Successful,ACH
PAY0011611,INV0011954,CUST01651,2025-12-11,79.0,Successful,Bank Transfer
PAY0011612,INV0011955,CUST01652,2024-04-11,199.0,Successful,Debit Card
PAY0011613,INV0011956,CUST01652,2024-05-04,199.0,Successful,Debit Card
PAY0011614,INV0011957,CUST01652,2024-06-09,199.0,Successful,ACH
PAY0011615,INV0011958,CUST01653,2024-09-03,805.8,Successful,Debit Card
PAY0011616,INV0011959,CUST01653,2025-09-06,805.8,Successful,Credit Card
PAY0011617,INV0011960,CUST01654,2024-10-18,79.0,Successful,Credit Card
PAY0011618,INV0011961,CUST01654,2024-11-16,79.0,Successful,Debit Card
PAY0011619,INV0011962,CUST01654,2024-12-12,79.0,Successful,Bank Transfer
PAY0011620,INV0011963,CUST01655,2025-08-22,29.0,Successful,Bank Transfer
PAY0011621,INV0011964,CUST01655,2025-09-20,29.0,Successful,Bank Transfer
PAY0011622,INV0011965,CUST01655,2025-10-23,29.0,Successful,Credit Card
PAY0011623,INV0011966,CUST01655,2025-11-16,29.0,Successful,Debit Card
PAY0011624,INV0011967,CUST01655,2025-12-11,29.0,Successful,Bank Transfer
PAY0011625,INV0011968,CUST01656,2025-10-29,805.8,Successful,Debit Card
PAY0011626,INV0011969,CUST01657,2025-08-15,805.8,Refunded,Debit Card
PAY0011627,INV0011970,CUST01658,2024-05-12,29.0,Successful,Debit Card
PAY0011628,INV0011971,CUST01658,2024-06-07,29.0,Successful,Bank Transfer
PAY0011629,INV0011972,CUST01658,2024-07-16,29.0,Successful,Debit Card
PAY0011630,INV0011973,CUST01658,2024-08-05,29.0,Successful,ACH
PAY0011631,INV0011974,CUST01658,2024-09-18,29.0,Successful,Credit Card
PAY0011632,INV0011975,CUST01658,2024-10-08,29.0,Successful,Bank Transfer
PAY0011633,INV0011976,CUST01658,2024-11-16,29.0,Successful,ACH
PAY0011634,INV0011977,CUST01658,2024-12-08,29.0,Successful,ACH
PAY0011635,INV0011978,CUST01658,2025-01-16,29.0,Successful,ACH
PAY0011636,INV0011979,CUST01658,2025-02-18,29.0,Successful,Credit Card
PAY0011637,INV0011980,CUST01658,2025-03-16,29.0,Successful,ACH
PAY0011638,INV0011981,CUST01658,2025-04-10,29.0,Successful,Bank Transfer
PAY0011639,INV0011982,CUST01658,2025-05-04,29.0,Failed,ACH
PAY0011640,INV0011983,CUST01658,2025-06-07,29.0,Refunded,ACH
PAY0011641,INV0011984,CUST01658,2025-07-09,29.0,Successful,Credit Card
PAY0011642,INV0011985,CUST01658,2025-08-18,29.0,Successful,Credit Card
PAY0011643,INV0011986,CUST01658,2025-09-16,29.0,Successful,Credit Card
PAY0011644,INV0011987,CUST01658,2025-10-13,29.0,Failed,Debit Card
PAY0011645,INV0011988,CUST01659,2024-10-15,79.0,Successful,Debit Card
PAY0011646,INV0011989,CUST01659,2024-11-21,79.0,Successful,Credit Card
PAY0011647,INV0011990,CUST01659,2024-12-13,79.0,Successful,Credit Card
PAY0011648,INV0011991,CUST01659,2025-01-21,79.0,Successful,Debit Card
PAY0011649,INV0011992,CUST01659,2025-02-15,79.0,Successful,Credit Card
PAY0011650,INV0011993,CUST01659,2025-03-12,79.0,Successful,Credit Card
PAY0011651,INV0011994,CUST01660,2024-04-11,29.0,Successful,Debit Card
PAY0011652,INV0011995,CUST01660,2024-05-01,29.0,Successful,Credit Card
PAY0011653,INV0011996,CUST01660,2024-05-28,79.0,Successful,Credit Card
PAY0011654,INV0011997,CUST01660,2024-07-08,79.0,Successful,Debit Card
PAY0011655,INV0011998,CUST01660,2024-07-29,79.0,Successful,Bank Transfer
PAY0011656,INV0011999,CUST01660,2024-09-03,79.0,Successful,Debit Card
PAY0011657,INV0012000,CUST01660,2024-10-01,79.0,Successful,Bank Transfer
PAY0011658,INV0012001,CUST01660,2024-10-29,79.0,Successful,Debit Card
PAY0011659,INV0012002,CUST01660,2024-12-05,79.0,Successful,Debit Card
PAY0011660,INV0012003,CUST01660,2025-01-09,79.0,Successful,Credit Card
PAY0011661,INV0012004,CUST01660,2025-02-02,79.0,Successful,Debit Card
PAY0011662,INV0012005,CUST01660,2025-03-02,79.0,Successful,Debit Card
PAY0011663,INV0012006,CUST01661,2025-06-02,295.8,Successful,Debit Card
PAY0011664,INV0012007,CUST01662,2025-03-02,29.0,Successful,Debit Card
PAY0011665,INV0012008,CUST01662,2025-04-02,29.0,Successful,Bank Transfer
PAY0011666,INV0012009,CUST01662,2025-05-06,29.0,Successful,Debit Card
PAY0011667,INV0012010,CUST01662,2025-06-02,29.0,Successful,Credit Card
PAY0011668,INV0012011,CUST01662,2025-07-05,29.0,Successful,ACH
PAY0011669,INV0012012,CUST01662,2025-07-30,29.0,Failed,Credit Card
PAY0011670,INV0012013,CUST01662,2025-08-30,29.0,Successful,Credit Card
PAY0011671,INV0012014,CUST01662,2025-10-07,29.0,Successful,Bank Transfer
PAY0011672,INV0012015,CUST01662,2025-11-01,29.0,Successful,ACH
PAY0011673,INV0012016,CUST01662,2025-12-08,29.0,Successful,Credit Card
PAY0011674,INV0012017,CUST01662,2026-01-12,29.0,Successful,Debit Card
PAY0011675,INV0012018,CUST01663,2024-04-14,295.8,Successful,Credit Card
PAY0011676,INV0012019,CUST01664,2024-06-06,79.0,Successful,ACH
PAY0011677,INV0012020,CUST01664,2024-07-10,79.0,Successful,Debit Card
PAY0011678,INV0012021,CUST01664,2024-08-09,79.0,Successful,Bank Transfer
PAY0011679,INV0012022,CUST01664,2024-09-01,79.0,Successful,Bank Transfer
PAY0011680,INV0012023,CUST01664,2024-10-08,79.0,Successful,Bank Transfer
PAY0011681,INV0012024,CUST01664,2024-11-07,79.0,Successful,Debit Card
PAY0011682,INV0012025,CUST01664,2024-11-28,79.0,Successful,Bank Transfer
PAY0011683,INV0012026,CUST01664,2024-12-28,79.0,Successful,ACH
PAY0011684,INV0012027,CUST01664,2025-01-28,79.0,Successful,ACH
PAY0011685,INV0012028,CUST01664,2025-03-01,79.0,Successful,Credit Card
PAY0011686,INV0012029,CUST01664,2025-04-04,79.0,Successful,Debit Card
PAY0011687,INV0012030,CUST01664,2025-05-12,79.0,Successful,Bank Transfer
PAY0011688,INV0012031,CUST01664,2025-06-05,79.0,Successful,ACH
PAY0011689,INV0012032,CUST01664,2025-07-01,79.0,Successful,Bank Transfer
PAY0011690,INV0012033,CUST01664,2025-08-04,79.0,Successful,Debit Card
PAY0011691,INV0012034,CUST01664,2025-09-04,79.0,Successful,Credit Card
PAY0011692,INV0012035,CUST01664,2025-10-10,79.0,Successful,ACH
PAY0011693,INV0012036,CUST01664,2025-11-08,79.0,Successful,Credit Card
PAY0011694,INV0012037,CUST01665,2025-03-06,29.0,Successful,Credit Card
PAY0011695,INV0012038,CUST01665,2025-03-31,29.0,Successful,Debit Card
PAY0011696,INV0012039,CUST01665,2025-04-28,29.0,Successful,Debit Card
PAY0011697,INV0012040,CUST01665,2025-05-29,29.0,Successful,ACH
PAY0011698,INV0012041,CUST01665,2025-06-23,29.0,Successful,ACH
PAY0011699,INV0012042,CUST01665,2025-07-27,29.0,Successful,Bank Transfer
PAY0011700,INV0012043,CUST01665,2025-09-05,29.0,Successful,Debit Card
PAY0011701,INV0012044,CUST01665,2025-09-26,29.0,Successful,Debit Card
PAY0011702,INV0012045,CUST01665,2025-10-30,29.0,Successful,Debit Card
PAY0011703,INV0012046,CUST01665,2025-11-26,29.0,Successful,Debit Card
PAY0011704,INV0012047,CUST01665,2025-12-31,29.0,Successful,Bank Transfer
PAY0011705,INV0012048,CUST01666,2024-07-19,79.0,Successful,ACH
PAY0011706,INV0012049,CUST01666,2024-08-07,79.0,Successful,Bank Transfer
PAY0011707,INV0012050,CUST01666,2024-09-05,79.0,Successful,Bank Transfer
PAY0011708,INV0012051,CUST01666,2024-10-07,199.0,Successful,Credit Card
PAY0011709,INV0012052,CUST01666,2024-11-17,199.0,Successful,Credit Card
PAY0011710,INV0012053,CUST01666,2024-12-12,199.0,Successful,Debit Card
PAY0011711,INV0012054,CUST01667,2024-12-03,79.0,Successful,Debit Card
PAY0011712,INV0012055,CUST01667,2025-01-01,79.0,Successful,Credit Card
PAY0011713,INV0012056,CUST01667,2025-01-31,79.0,Successful,Debit Card
PAY0011714,INV0012057,CUST01667,2025-03-10,79.0,Successful,Credit Card
PAY0011715,INV0012058,CUST01667,2025-03-30,199.0,Successful,Credit Card
PAY0011716,INV0012059,CUST01667,2025-05-08,199.0,Successful,Credit Card
PAY0011717,INV0012060,CUST01668,2024-03-04,295.8,Successful,Credit Card
PAY0011718,INV0012061,CUST01669,2025-06-02,79.0,Successful,Debit Card
PAY0011719,INV0012062,CUST01669,2025-06-23,79.0,Successful,Debit Card
PAY0011720,INV0012063,CUST01669,2025-07-24,79.0,Failed,Bank Transfer
PAY0011721,INV0012064,CUST01669,2025-08-29,79.0,Successful,ACH
PAY0011722,INV0012065,CUST01669,2025-09-21,79.0,Successful,Bank Transfer
PAY0011723,INV0012066,CUST01669,2025-10-25,199.0,Successful,Bank Transfer
PAY0011724,INV0012067,CUST01670,2024-10-09,295.8,Successful,Debit Card
PAY0011725,INV0012068,CUST01671,2025-05-11,79.0,Successful,Bank Transfer
PAY0011726,INV0012069,CUST01671,2025-06-23,79.0,Failed,ACH
PAY0011727,INV0012070,CUST01671,2025-07-24,79.0,Successful,ACH
PAY0011728,INV0012071,CUST01671,2025-08-19,79.0,Successful,ACH
PAY0011729,INV0012072,CUST01671,2025-09-20,79.0,Successful,Credit Card
PAY0011730,INV0012073,CUST01671,2025-10-25,79.0,Successful,Credit Card
PAY0011731,INV0012074,CUST01672,2024-10-15,29.0,Successful,Credit Card
PAY0011732,INV0012075,CUST01672,2024-11-06,29.0,Successful,Bank Transfer
PAY0011733,INV0012076,CUST01672,2024-12-03,29.0,Successful,Debit Card
PAY0011734,INV0012077,CUST01672,2025-01-14,29.0,Successful,Bank Transfer
PAY0011735,INV0012078,CUST01672,2025-02-04,29.0,Successful,ACH
PAY0011736,INV0012079,CUST01672,2025-03-15,29.0,Successful,Bank Transfer
PAY0011737,INV0012080,CUST01672,2025-04-10,29.0,Successful,ACH
PAY0011738,INV0012081,CUST01672,2025-05-08,29.0,Successful,Credit Card
PAY0011739,INV0012082,CUST01672,2025-06-06,29.0,Successful,Debit Card
PAY0011740,INV0012083,CUST01672,2025-07-08,29.0,Successful,Debit Card
PAY0011741,INV0012084,CUST01672,2025-08-07,29.0,Successful,Bank Transfer
PAY0011742,INV0012085,CUST01672,2025-09-09,29.0,Successful,Credit Card
PAY0011743,INV0012086,CUST01673,2025-08-04,295.8,Successful,Credit Card
PAY0011744,INV0012087,CUST01674,2025-04-06,29.0,Successful,Debit Card
PAY0011745,INV0012088,CUST01674,2025-05-05,29.0,Successful,Bank Transfer
PAY0011746,INV0012089,CUST01674,2025-06-03,29.0,Successful,Bank Transfer
PAY0011747,INV0012090,CUST01674,2025-07-11,29.0,Successful,Bank Transfer
PAY0011748,INV0012091,CUST01674,2025-08-15,29.0,Successful,Debit Card
PAY0011749,INV0012092,CUST01674,2025-09-11,29.0,Successful,ACH
PAY0011750,INV0012093,CUST01674,2025-10-03,29.0,Successful,Credit Card
PAY0011751,INV0012094,CUST01674,2025-11-06,29.0,Successful,ACH
PAY0011752,INV0012095,CUST01674,2025-12-09,29.0,Successful,Credit Card
PAY0011753,INV0012096,CUST01675,2025-01-25,79.0,Successful,Bank Transfer
PAY0011754,INV0012097,CUST01675,2025-03-03,79.0,Successful,Bank Transfer
PAY0011755,INV0012098,CUST01675,2025-03-21,79.0,Successful,Debit Card
PAY0011756,INV0012099,CUST01675,2025-04-23,79.0,Successful,Debit Card
PAY0011757,INV0012100,CUST01675,2025-05-19,79.0,Successful,ACH
PAY0011758,INV0012101,CUST01675,2025-06-30,79.0,Successful,Credit Card
PAY0011759,INV0012102,CUST01675,2025-07-25,79.0,Successful,Bank Transfer
PAY0011760,INV0012103,CUST01675,2025-08-27,79.0,Successful,Debit Card
PAY0011761,INV0012104,CUST01675,2025-09-29,79.0,Successful,ACH
PAY0011762,INV0012105,CUST01675,2025-10-24,79.0,Successful,Bank Transfer
PAY0011763,INV0012107,CUST01675,2025-12-23,79.0,Successful,Bank Transfer
PAY0011764,INV0012108,CUST01676,2025-07-24,2029.8,Successful,Credit Card
PAY0011765,INV0012109,CUST01677,2025-11-04,79.0,Successful,Credit Card
PAY0011766,INV0012110,CUST01677,2025-12-09,79.0,Successful,ACH
PAY0011767,INV0012111,CUST01677,2026-01-03,79.0,Successful,Debit Card
PAY0011768,INV0012112,CUST01678,2024-10-16,79.0,Successful,ACH
PAY0011769,INV0012113,CUST01678,2024-11-10,79.0,Successful,Bank Transfer
PAY0011770,INV0012114,CUST01678,2024-12-19,79.0,Successful,Bank Transfer
PAY0011771,INV0012115,CUST01678,2025-01-16,79.0,Successful,Bank Transfer
PAY0011772,INV0012116,CUST01678,2025-02-07,79.0,Successful,Bank Transfer
PAY0011773,INV0012117,CUST01678,2025-03-10,79.0,Successful,Credit Card
PAY0011774,INV0012118,CUST01678,2025-04-11,79.0,Successful,Debit Card
PAY0011775,INV0012119,CUST01678,2025-05-07,79.0,Successful,ACH
PAY0011776,INV0012120,CUST01678,2025-06-17,79.0,Successful,ACH
PAY0011777,INV0012121,CUST01678,2025-07-11,79.0,Successful,Credit Card
PAY0011778,INV0012122,CUST01678,2025-08-12,79.0,Successful,ACH
PAY0011779,INV0012123,CUST01678,2025-09-14,79.0,Successful,Credit Card
PAY0011780,INV0012125,CUST01679,2025-11-17,199.0,Successful,Debit Card
PAY0011781,INV0012126,CUST01679,2025-12-14,199.0,Successful,Bank Transfer
PAY0011782,INV0012127,CUST01680,2024-06-16,29.0,Successful,Debit Card
PAY0011783,INV0012128,CUST01680,2024-07-29,29.0,Successful,Credit Card
PAY0011784,INV0012129,CUST01680,2024-08-23,29.0,Successful,Credit Card
PAY0011785,INV0012130,CUST01680,2024-09-21,29.0,Successful,Credit Card
PAY0011786,INV0012131,CUST01680,2024-10-15,29.0,Successful,ACH
PAY0011787,INV0012132,CUST01680,2024-11-22,29.0,Successful,Bank Transfer
PAY0011788,INV0012133,CUST01680,2024-12-16,29.0,Successful,Debit Card
PAY0011789,INV0012134,CUST01680,2025-01-24,29.0,Successful,ACH
PAY0011790,INV0012135,CUST01680,2025-02-22,29.0,Successful,Bank Transfer
PAY0011791,INV0012136,CUST01680,2025-03-19,29.0,Successful,Bank Transfer
PAY0011792,INV0012137,CUST01680,2025-04-16,29.0,Successful,Bank Transfer
PAY0011793,INV0012138,CUST01680,2025-05-16,29.0,Successful,Debit Card
PAY0011794,INV0012139,CUST01680,2025-06-26,29.0,Successful,Bank Transfer
PAY0011795,INV0012141,CUST01680,2025-08-27,29.0,Successful,Bank Transfer
PAY0011796,INV0012142,CUST01680,2025-09-23,29.0,Successful,Credit Card
PAY0011797,INV0012143,CUST01680,2025-10-17,29.0,Successful,Bank Transfer
PAY0011798,INV0012144,CUST01680,2025-11-25,29.0,Successful,Bank Transfer
PAY0011799,INV0012145,CUST01680,2025-12-24,29.0,Successful,Bank Transfer
PAY0011800,INV0012146,CUST01681,2025-02-22,29.0,Successful,Bank Transfer
PAY0011801,INV0012147,CUST01681,2025-03-21,29.0,Successful,Bank Transfer
PAY0011802,INV0012148,CUST01681,2025-04-21,29.0,Successful,ACH
PAY0011803,INV0012149,CUST01681,2025-05-19,29.0,Successful,Credit Card
PAY0011804,INV0012150,CUST01681,2025-06-19,29.0,Successful,Debit Card
PAY0011805,INV0012151,CUST01681,2025-07-23,29.0,Successful,Credit Card
PAY0011806,INV0012152,CUST01681,2025-08-20,29.0,Successful,Debit Card
PAY0011807,INV0012153,CUST01681,2025-09-23,29.0,Successful,Credit Card
PAY0011808,INV0012154,CUST01681,2025-10-21,29.0,Successful,Debit Card
PAY0011809,INV0012155,CUST01681,2025-11-14,29.0,Successful,Bank Transfer
PAY0011810,INV0012156,CUST01681,2025-12-13,29.0,Successful,Bank Transfer
PAY0011811,INV0012157,CUST01682,2025-03-28,29.0,Successful,Credit Card
PAY0011812,INV0012158,CUST01682,2025-05-03,29.0,Successful,Debit Card
PAY0011813,INV0012159,CUST01682,2025-05-22,29.0,Successful,ACH
PAY0011814,INV0012160,CUST01682,2025-06-23,29.0,Failed,ACH
PAY0011815,INV0012161,CUST01682,2025-07-20,29.0,Successful,Bank Transfer
PAY0011816,INV0012162,CUST01682,2025-08-30,29.0,Successful,Debit Card
PAY0011817,INV0012163,CUST01682,2025-09-27,29.0,Successful,Credit Card
PAY0011818,INV0012164,CUST01682,2025-10-21,29.0,Successful,Debit Card
PAY0011819,INV0012165,CUST01682,2025-11-22,29.0,Successful,ACH
PAY0011820,INV0012166,CUST01682,2026-01-01,29.0,Successful,Debit Card
PAY0011821,INV0012167,CUST01683,2025-12-14,805.8,Successful,ACH
PAY0011822,INV0012168,CUST01684,2024-10-14,29.0,Successful,Bank Transfer
PAY0011823,INV0012170,CUST01684,2024-12-18,29.0,Successful,Debit Card
PAY0011824,INV0012171,CUST01685,2025-09-19,79.0,Successful,ACH
PAY0011825,INV0012172,CUST01685,2025-10-20,79.0,Successful,Credit Card
PAY0011826,INV0012173,CUST01685,2025-11-20,79.0,Successful,ACH
PAY0011827,INV0012175,CUST01686,2025-09-30,29.0,Successful,Debit Card
PAY0011828,INV0012176,CUST01686,2025-10-26,29.0,Successful,Debit Card
PAY0011829,INV0012177,CUST01686,2025-11-26,29.0,Successful,ACH
PAY0011830,INV0012178,CUST01686,2025-12-30,29.0,Successful,Bank Transfer
PAY0011831,INV0012179,CUST01687,2025-07-26,79.0,Successful,Credit Card
PAY0011832,INV0012180,CUST01687,2025-09-05,79.0,Successful,Bank Transfer
PAY0011833,INV0012181,CUST01687,2025-09-26,79.0,Successful,ACH
PAY0011834,INV0012182,CUST01687,2025-10-25,79.0,Successful,Debit Card
PAY0011835,INV0012183,CUST01687,2025-12-02,79.0,Successful,Credit Card
PAY0011836,INV0012184,CUST01687,2026-01-03,79.0,Successful,ACH
PAY0011837,INV0012185,CUST01688,2025-07-11,29.0,Successful,ACH
PAY0011838,INV0012186,CUST01688,2025-08-11,29.0,Successful,Bank Transfer
PAY0011839,INV0012187,CUST01688,2025-09-14,29.0,Successful,Bank Transfer
PAY0011840,INV0012188,CUST01688,2025-10-16,29.0,Failed,Credit Card
PAY0011841,INV0012189,CUST01688,2025-11-09,29.0,Successful,ACH
PAY0011842,INV0012190,CUST01688,2025-12-13,29.0,Successful,Credit Card
PAY0011843,INV0012191,CUST01689,2025-12-01,805.8,Successful,Credit Card
PAY0011844,INV0012192,CUST01690,2025-09-12,79.0,Successful,ACH
PAY0011845,INV0012193,CUST01690,2025-10-22,79.0,Successful,Debit Card
PAY0011846,INV0012194,CUST01690,2025-11-08,79.0,Successful,ACH
PAY0011847,INV0012195,CUST01690,2025-12-14,79.0,Successful,Credit Card
PAY0011848,INV0012196,CUST01691,2024-05-14,805.8,Successful,Bank Transfer
PAY0011849,INV0012197,CUST01692,2024-01-31,29.0,Successful,ACH
PAY0011850,INV0012198,CUST01692,2024-02-29,29.0,Successful,Bank Transfer
PAY0011851,INV0012199,CUST01692,2024-03-25,29.0,Successful,Debit Card
PAY0011852,INV0012200,CUST01692,2024-04-30,29.0,Successful,ACH
PAY0011853,INV0012201,CUST01692,2024-06-03,29.0,Successful,ACH
PAY0011854,INV0012202,CUST01692,2024-07-05,29.0,Successful,Credit Card
PAY0011855,INV0012203,CUST01692,2024-07-26,29.0,Successful,Credit Card
PAY0011856,INV0012204,CUST01692,2024-08-24,29.0,Successful,Debit Card
PAY0011857,INV0012205,CUST01692,2024-09-27,29.0,Successful,Credit Card
PAY0011858,INV0012206,CUST01692,2024-10-30,29.0,Successful,Credit Card
PAY0011859,INV0012207,CUST01692,2024-11-27,29.0,Successful,Credit Card
PAY0011860,INV0012208,CUST01692,2024-12-25,29.0,Successful,Debit Card
PAY0011861,INV0012209,CUST01693,2024-07-27,199.0,Successful,Bank Transfer
PAY0011862,INV0012210,CUST01693,2024-08-30,199.0,Successful,ACH
PAY0011863,INV0012211,CUST01693,2024-09-21,199.0,Successful,Bank Transfer
PAY0011864,INV0012212,CUST01693,2024-10-30,199.0,Successful,Bank Transfer
PAY0011865,INV0012213,CUST01693,2024-11-28,199.0,Successful,Bank Transfer
PAY0011866,INV0012214,CUST01693,2024-12-19,199.0,Successful,Debit Card
PAY0011867,INV0012215,CUST01693,2025-01-25,199.0,Successful,ACH
PAY0011868,INV0012216,CUST01693,2025-02-16,199.0,Successful,ACH
PAY0011869,INV0012218,CUST01693,2025-04-24,199.0,Successful,Bank Transfer
PAY0011870,INV0012219,CUST01693,2025-05-24,199.0,Successful,Credit Card
PAY0011871,INV0012220,CUST01693,2025-06-25,199.0,Successful,Debit Card
PAY0011872,INV0012221,CUST01693,2025-07-29,199.0,Successful,Bank Transfer
PAY0011873,INV0012222,CUST01693,2025-08-16,199.0,Successful,Credit Card
PAY0011874,INV0012223,CUST01693,2025-09-24,199.0,Successful,ACH
PAY0011875,INV0012224,CUST01693,2025-10-25,199.0,Successful,ACH
PAY0011876,INV0012225,CUST01693,2025-11-28,199.0,Successful,Credit Card
PAY0011877,INV0012226,CUST01693,2025-12-28,199.0,Successful,Bank Transfer
PAY0011878,INV0012227,CUST01694,2024-09-02,199.0,Successful,Bank Transfer
PAY0011879,INV0012228,CUST01694,2024-09-28,199.0,Successful,Debit Card
PAY0011880,INV0012229,CUST01694,2024-11-05,199.0,Successful,Bank Transfer
PAY0011881,INV0012230,CUST01694,2024-12-05,199.0,Successful,Credit Card
PAY0011882,INV0012231,CUST01694,2025-01-05,199.0,Successful,Debit Card
PAY0011883,INV0012232,CUST01694,2025-02-11,199.0,Successful,Debit Card
PAY0011884,INV0012233,CUST01694,2025-03-14,199.0,Successful,Credit Card
PAY0011885,INV0012234,CUST01694,2025-04-01,199.0,Successful,Credit Card
PAY0011886,INV0012235,CUST01694,2025-05-11,199.0,Successful,ACH
PAY0011887,INV0012236,CUST01694,2025-06-04,199.0,Successful,Debit Card
PAY0011888,INV0012237,CUST01694,2025-07-12,199.0,Successful,ACH
PAY0011889,INV0012238,CUST01694,2025-08-09,199.0,Successful,Bank Transfer
PAY0011890,INV0012239,CUST01694,2025-08-29,199.0,Successful,Credit Card
PAY0011891,INV0012240,CUST01694,2025-10-08,199.0,Successful,Credit Card
PAY0011892,INV0012241,CUST01694,2025-10-30,199.0,Successful,Debit Card
PAY0011893,INV0012242,CUST01694,2025-12-05,199.0,Successful,Credit Card
PAY0011894,INV0012243,CUST01694,2026-01-06,199.0,Successful,ACH
PAY0011895,INV0012244,CUST01695,2026-01-05,79.0,Successful,Bank Transfer
PAY0011896,INV0012245,CUST01696,2024-04-30,805.8,Successful,Credit Card
PAY0011897,INV0012246,CUST01697,2025-07-27,29.0,Successful,Debit Card
PAY0011898,INV0012247,CUST01697,2025-08-27,29.0,Successful,ACH
PAY0011899,INV0012248,CUST01697,2025-10-01,29.0,Successful,Debit Card
PAY0011900,INV0012249,CUST01697,2025-10-30,29.0,Successful,Debit Card
PAY0011901,INV0012250,CUST01697,2025-12-04,29.0,Failed,Bank Transfer
PAY0011902,INV0012252,CUST01698,2024-03-11,79.0,Successful,ACH
PAY0011903,INV0012253,CUST01698,2024-04-17,79.0,Successful,Credit Card
PAY0011904,INV0012254,CUST01698,2024-05-15,79.0,Successful,Bank Transfer
PAY0011905,INV0012255,CUST01698,2024-06-19,79.0,Successful,Debit Card
PAY0011906,INV0012256,CUST01698,2024-07-16,79.0,Successful,ACH
PAY0011907,INV0012257,CUST01698,2024-08-21,79.0,Successful,Credit Card
PAY0011908,INV0012258,CUST01698,2024-09-10,79.0,Successful,ACH
PAY0011909,INV0012259,CUST01698,2024-10-19,79.0,Successful,ACH
PAY0011910,INV0012260,CUST01698,2024-11-08,79.0,Successful,Bank Transfer
PAY0011911,INV0012262,CUST01698,2025-01-18,79.0,Successful,Bank Transfer
PAY0011912,INV0012263,CUST01698,2025-02-22,79.0,Successful,Credit Card
PAY0011913,INV0012264,CUST01698,2025-03-16,79.0,Successful,Credit Card
PAY0011914,INV0012265,CUST01698,2025-04-20,79.0,Successful,ACH
PAY0011915,INV0012266,CUST01698,2025-05-20,79.0,Successful,Credit Card
PAY0011916,INV0012267,CUST01698,2025-06-18,79.0,Successful,Credit Card
PAY0011917,INV0012268,CUST01698,2025-07-20,79.0,Successful,Bank Transfer
PAY0011918,INV0012269,CUST01698,2025-08-18,79.0,Successful,ACH
PAY0011919,INV0012270,CUST01699,2025-08-12,199.0,Successful,ACH
PAY0011920,INV0012271,CUST01699,2025-09-07,199.0,Successful,Debit Card
PAY0011921,INV0012272,CUST01699,2025-10-14,199.0,Successful,ACH
PAY0011922,INV0012273,CUST01699,2025-11-19,199.0,Successful,ACH
PAY0011923,INV0012274,CUST01699,2025-12-21,199.0,Successful,Credit Card
PAY0011924,INV0012275,CUST01700,2024-07-16,805.8,Successful,Debit Card
PAY0011925,INV0012276,CUST01700,2025-07-23,805.8,Successful,Bank Transfer
PAY0011926,INV0012277,CUST01701,2025-12-02,199.0,Successful,Credit Card
PAY0011927,INV0012278,CUST01701,2026-01-11,199.0,Successful,ACH
PAY0011928,INV0012279,CUST01702,2025-10-19,79.0,Successful,Debit Card
PAY0011929,INV0012280,CUST01702,2025-12-03,79.0,Successful,Credit Card
PAY0011930,INV0012281,CUST01702,2026-01-02,79.0,Successful,Bank Transfer
PAY0011931,INV0012282,CUST01703,2025-03-23,79.0,Successful,Debit Card
PAY0011932,INV0012283,CUST01703,2025-05-01,79.0,Successful,ACH
PAY0011933,INV0012284,CUST01703,2025-05-20,79.0,Successful,Debit Card
PAY0011934,INV0012285,CUST01704,2025-05-28,29.0,Successful,Bank Transfer
PAY0011935,INV0012286,CUST01704,2025-06-25,29.0,Successful,Debit Card
PAY0011936,INV0012287,CUST01704,2025-08-06,29.0,Successful,ACH
PAY0011937,INV0012288,CUST01704,2025-08-24,29.0,Successful,Debit Card
PAY0011938,INV0012289,CUST01704,2025-09-26,29.0,Successful,Credit Card
PAY0011939,INV0012290,CUST01704,2025-11-06,29.0,Successful,ACH
PAY0011940,INV0012291,CUST01705,2024-03-03,79.0,Successful,Credit Card
PAY0011941,INV0012292,CUST01705,2024-03-30,79.0,Successful,Bank Transfer
PAY0011942,INV0012293,CUST01705,2024-04-20,79.0,Successful,ACH
PAY0011943,INV0012294,CUST01705,2024-05-23,79.0,Successful,Debit Card
PAY0011944,INV0012296,CUST01705,2024-07-29,79.0,Successful,Bank Transfer
PAY0011945,INV0012297,CUST01705,2024-08-21,79.0,Successful,Debit Card
PAY0011946,INV0012298,CUST01705,2024-09-30,79.0,Successful,Credit Card
PAY0011947,INV0012299,CUST01705,2024-11-02,79.0,Successful,Credit Card
PAY0011948,INV0012300,CUST01705,2024-12-02,79.0,Successful,Bank Transfer
PAY0011949,INV0012301,CUST01705,2025-01-02,79.0,Successful,Debit Card
PAY0011950,INV0012302,CUST01705,2025-01-21,79.0,Successful,Debit Card
PAY0011951,INV0012303,CUST01706,2024-01-14,805.8,Successful,Bank Transfer
PAY0011952,INV0012304,CUST01706,2025-01-07,805.8,Successful,Credit Card
PAY0011953,INV0012305,CUST01707,2024-08-28,295.8,Successful,Bank Transfer
PAY0011954,INV0012306,CUST01708,2024-08-01,79.0,Successful,Credit Card
PAY0011955,INV0012307,CUST01708,2024-09-04,79.0,Successful,ACH
PAY0011956,INV0012308,CUST01708,2024-09-30,79.0,Successful,Bank Transfer
PAY0011957,INV0012309,CUST01708,2024-10-23,79.0,Successful,ACH
PAY0011958,INV0012310,CUST01708,2024-12-05,79.0,Successful,Bank Transfer
PAY0011959,INV0012311,CUST01708,2025-01-02,79.0,Successful,ACH
PAY0011960,INV0012313,CUST01708,2025-02-27,79.0,Failed,Debit Card
PAY0011961,INV0012314,CUST01708,2025-03-31,79.0,Successful,Bank Transfer
PAY0011962,INV0012315,CUST01708,2025-04-21,79.0,Successful,Credit Card
PAY0011963,INV0012316,CUST01708,2025-05-26,79.0,Successful,Credit Card
PAY0011964,INV0012317,CUST01708,2025-07-03,79.0,Successful,Credit Card
PAY0011965,INV0012318,CUST01708,2025-08-02,79.0,Successful,Bank Transfer
PAY0011966,INV0012319,CUST01708,2025-08-31,79.0,Successful,Debit Card
PAY0011967,INV0012320,CUST01708,2025-10-01,79.0,Successful,Bank Transfer
PAY0011968,INV0012321,CUST01708,2025-11-01,79.0,Successful,Credit Card
PAY0011969,INV0012322,CUST01708,2025-11-26,79.0,Successful,ACH
PAY0011970,INV0012323,CUST01708,2025-12-31,79.0,Successful,Debit Card
PAY0011971,INV0012324,CUST01709,2024-02-07,29.0,Successful,Credit Card
PAY0011972,INV0012325,CUST01709,2024-03-15,29.0,Successful,Credit Card
PAY0011973,INV0012326,CUST01709,2024-04-07,29.0,Successful,Credit Card
PAY0011974,INV0012327,CUST01709,2024-05-11,29.0,Successful,Bank Transfer
PAY0011975,INV0012328,CUST01709,2024-06-13,29.0,Successful,Debit Card
PAY0011976,INV0012329,CUST01709,2024-07-14,29.0,Successful,Credit Card
PAY0011977,INV0012330,CUST01709,2024-07-31,29.0,Successful,Debit Card
PAY0011978,INV0012331,CUST01709,2024-09-02,29.0,Successful,Debit Card
PAY0011979,INV0012332,CUST01709,2024-10-05,29.0,Successful,Credit Card
PAY0011980,INV0012333,CUST01709,2024-11-13,29.0,Successful,Bank Transfer
PAY0011981,INV0012334,CUST01709,2024-12-14,29.0,Successful,Debit Card
PAY0011982,INV0012335,CUST01709,2025-01-01,29.0,Successful,ACH
PAY0011983,INV0012336,CUST01709,2025-02-05,29.0,Successful,Debit Card
PAY0011984,INV0012337,CUST01709,2025-03-09,29.0,Successful,ACH
PAY0011985,INV0012338,CUST01709,2025-04-07,29.0,Successful,Bank Transfer
PAY0011986,INV0012339,CUST01709,2025-05-08,29.0,Successful,Debit Card
PAY0011987,INV0012340,CUST01709,2025-06-01,29.0,Successful,Bank Transfer
PAY0011988,INV0012341,CUST01709,2025-07-13,29.0,Successful,Debit Card
PAY0011989,INV0012342,CUST01710,2024-09-19,79.0,Successful,Debit Card
PAY0011990,INV0012343,CUST01710,2024-10-23,79.0,Refunded,ACH
PAY0011991,INV0012344,CUST01710,2024-11-22,79.0,Successful,Bank Transfer
PAY0011992,INV0012345,CUST01710,2024-12-21,79.0,Successful,Debit Card
PAY0011993,INV0012346,CUST01710,2025-01-28,79.0,Successful,Credit Card
PAY0011994,INV0012347,CUST01710,2025-02-26,79.0,Successful,Bank Transfer
PAY0011995,INV0012348,CUST01710,2025-03-20,79.0,Successful,Credit Card
PAY0011996,INV0012349,CUST01710,2025-04-15,79.0,Successful,ACH
PAY0011997,INV0012350,CUST01710,2025-05-21,79.0,Successful,Debit Card
PAY0011998,INV0012351,CUST01710,2025-06-16,79.0,Successful,Bank Transfer
PAY0011999,INV0012352,CUST01710,2025-07-19,79.0,Successful,Credit Card
PAY0012000,INV0012353,CUST01710,2025-08-16,79.0,Successful,ACH
PAY0012001,INV0012355,CUST01710,2025-10-19,79.0,Successful,Debit Card
PAY0012002,INV0012356,CUST01710,2025-11-18,79.0,Successful,Bank Transfer
PAY0012003,INV0012357,CUST01710,2025-12-28,79.0,Successful,ACH
PAY0012004,INV0012358,CUST01711,2024-03-11,295.8,Failed,Bank Transfer
PAY0012005,INV0012359,CUST01711,2025-03-03,295.8,Successful,Credit Card
PAY0012006,INV0012360,CUST01712,2025-09-13,199.0,Successful,Bank Transfer
PAY0012007,INV0012361,CUST01712,2025-10-08,199.0,Successful,Debit Card
PAY0012008,INV0012362,CUST01712,2025-11-14,199.0,Successful,Bank Transfer
PAY0012009,INV0012363,CUST01712,2025-12-10,199.0,Successful,ACH
PAY0012010,INV0012364,CUST01713,2025-08-26,29.0,Successful,Debit Card
PAY0012011,INV0012365,CUST01713,2025-09-21,29.0,Successful,Credit Card
PAY0012012,INV0012366,CUST01713,2025-10-16,29.0,Successful,ACH
PAY0012013,INV0012367,CUST01713,2025-11-20,29.0,Successful,Bank Transfer
PAY0012014,INV0012368,CUST01713,2025-12-21,29.0,Successful,Credit Card
PAY0012015,INV0012369,CUST01714,2024-11-18,295.8,Successful,Credit Card
PAY0012016,INV0012370,CUST01714,2025-12-01,295.8,Successful,Bank Transfer
PAY0012017,INV0012371,CUST01715,2024-03-14,29.0,Successful,Credit Card
PAY0012018,INV0012372,CUST01715,2024-04-18,29.0,Successful,Debit Card
PAY0012019,INV0012373,CUST01715,2024-05-10,29.0,Successful,ACH
PAY0012020,INV0012374,CUST01715,2024-06-19,29.0,Successful,Credit Card
PAY0012021,INV0012375,CUST01715,2024-07-12,29.0,Successful,Bank Transfer
PAY0012022,INV0012376,CUST01715,2024-08-16,29.0,Successful,ACH
PAY0012023,INV0012377,CUST01715,2024-09-13,29.0,Successful,Debit Card
PAY0012024,INV0012378,CUST01715,2024-10-14,29.0,Failed,Credit Card
PAY0012025,INV0012379,CUST01715,2024-11-09,29.0,Successful,ACH
PAY0012026,INV0012380,CUST01715,2024-12-19,29.0,Successful,Debit Card
PAY0012027,INV0012381,CUST01715,2025-01-19,29.0,Successful,Debit Card
PAY0012028,INV0012382,CUST01715,2025-02-15,29.0,Refunded,Bank Transfer
PAY0012029,INV0012383,CUST01715,2025-03-06,29.0,Successful,Bank Transfer
PAY0012030,INV0012384,CUST01715,2025-04-16,29.0,Successful,Debit Card
PAY0012031,INV0012385,CUST01715,2025-05-08,29.0,Successful,ACH
PAY0012032,INV0012386,CUST01715,2025-06-18,29.0,Successful,ACH
PAY0012033,INV0012387,CUST01715,2025-07-07,29.0,Successful,Debit Card
PAY0012034,INV0012388,CUST01715,2025-08-19,29.0,Successful,Bank Transfer
PAY0012035,INV0012389,CUST01716,2024-03-15,29.0,Refunded,Credit Card
PAY0012036,INV0012390,CUST01716,2024-04-14,29.0,Successful,Credit Card
PAY0012037,INV0012391,CUST01716,2024-05-10,29.0,Successful,Credit Card
PAY0012038,INV0012392,CUST01716,2024-06-23,29.0,Successful,Credit Card
PAY0012039,INV0012393,CUST01716,2024-07-12,29.0,Successful,Debit Card
PAY0012040,INV0012394,CUST01716,2024-08-15,29.0,Successful,Bank Transfer
PAY0012041,INV0012395,CUST01716,2024-09-21,29.0,Successful,Debit Card
PAY0012042,INV0012396,CUST01716,2024-10-23,29.0,Successful,Debit Card
PAY0012043,INV0012397,CUST01716,2024-11-23,29.0,Successful,Credit Card
PAY0012044,INV0012398,CUST01716,2024-12-15,29.0,Successful,Debit Card
PAY0012045,INV0012399,CUST01716,2025-01-12,29.0,Successful,Bank Transfer
PAY0012046,INV0012400,CUST01716,2025-02-19,29.0,Successful,Credit Card
PAY0012047,INV0012401,CUST01716,2025-03-10,29.0,Successful,Credit Card
PAY0012048,INV0012402,CUST01716,2025-04-17,29.0,Successful,Credit Card
PAY0012049,INV0012403,CUST01716,2025-05-19,29.0,Successful,Bank Transfer
PAY0012050,INV0012404,CUST01716,2025-06-18,29.0,Successful,ACH
PAY0012051,INV0012405,CUST01716,2025-07-23,29.0,Successful,Bank Transfer
PAY0012052,INV0012406,CUST01716,2025-08-17,29.0,Successful,Debit Card
PAY0012053,INV0012407,CUST01716,2025-09-11,29.0,Successful,Bank Transfer
PAY0012054,INV0012408,CUST01716,2025-10-18,29.0,Successful,Bank Transfer
PAY0012055,INV0012409,CUST01716,2025-11-13,29.0,Successful,ACH
PAY0012056,INV0012410,CUST01716,2025-12-09,29.0,Successful,Debit Card
PAY0012057,INV0012411,CUST01717,2025-01-31,79.0,Successful,ACH
PAY0012058,INV0012412,CUST01717,2025-02-28,79.0,Successful,Debit Card
PAY0012059,INV0012413,CUST01717,2025-04-05,79.0,Successful,Credit Card
PAY0012060,INV0012414,CUST01717,2025-04-27,79.0,Successful,Credit Card
PAY0012061,INV0012415,CUST01717,2025-06-09,79.0,Successful,ACH
PAY0012062,INV0012416,CUST01717,2025-07-07,79.0,Successful,Bank Transfer
PAY0012063,INV0012418,CUST01718,2025-10-15,79.0,Successful,Credit Card
PAY0012064,INV0012419,CUST01718,2025-11-20,79.0,Successful,ACH
PAY0012065,INV0012421,CUST01719,2025-04-26,2029.8,Successful,Debit Card
PAY0012066,INV0012422,CUST01720,2025-10-31,79.0,Successful,Credit Card
PAY0012067,INV0012423,CUST01720,2025-12-12,79.0,Successful,Credit Card
PAY0012068,INV0012424,CUST01720,2026-01-06,79.0,Successful,Credit Card
PAY0012069,INV0012425,CUST01721,2025-08-27,79.0,Successful,ACH
PAY0012070,INV0012426,CUST01721,2025-09-29,79.0,Successful,Bank Transfer
PAY0012071,INV0012427,CUST01721,2025-10-29,79.0,Refunded,Credit Card
PAY0012072,INV0012428,CUST01721,2025-11-27,79.0,Successful,Bank Transfer
PAY0012073,INV0012429,CUST01721,2026-01-02,79.0,Successful,Bank Transfer
PAY0012074,INV0012430,CUST01722,2025-08-31,79.0,Successful,Credit Card
PAY0012075,INV0012431,CUST01722,2025-10-13,79.0,Failed,Bank Transfer
PAY0012076,INV0012432,CUST01722,2025-11-03,79.0,Successful,ACH
PAY0012077,INV0012433,CUST01722,2025-12-11,79.0,Successful,Debit Card
PAY0012078,INV0012434,CUST01722,2026-01-13,79.0,Successful,ACH
PAY0012079,INV0012435,CUST01723,2025-10-21,79.0,Successful,ACH
PAY0012080,INV0012436,CUST01723,2025-11-24,79.0,Successful,Credit Card
PAY0012081,INV0012437,CUST01723,2025-12-26,79.0,Successful,Credit Card
PAY0012082,INV0012438,CUST01724,2024-07-13,29.0,Successful,Debit Card
PAY0012083,INV0012439,CUST01724,2024-08-12,29.0,Successful,ACH
PAY0012084,INV0012440,CUST01724,2024-09-20,29.0,Failed,Debit Card
PAY0012085,INV0012441,CUST01724,2024-10-15,29.0,Successful,Credit Card
PAY0012086,INV0012442,CUST01724,2024-11-20,29.0,Successful,Debit Card
PAY0012087,INV0012443,CUST01724,2024-12-14,29.0,Successful,Credit Card
PAY0012088,INV0012444,CUST01724,2025-01-15,29.0,Successful,Bank Transfer
PAY0012089,INV0012445,CUST01724,2025-02-24,29.0,Successful,ACH
PAY0012090,INV0012446,CUST01724,2025-03-17,29.0,Successful,Bank Transfer
PAY0012091,INV0012447,CUST01724,2025-04-24,29.0,Successful,Debit Card
PAY0012092,INV0012448,CUST01724,2025-05-12,29.0,Successful,Credit Card
PAY0012093,INV0012449,CUST01724,2025-06-11,29.0,Successful,Credit Card
PAY0012094,INV0012450,CUST01725,2024-11-30,29.0,Successful,Bank Transfer
PAY0012095,INV0012451,CUST01725,2024-12-26,29.0,Successful,Credit Card
PAY0012096,INV0012452,CUST01725,2025-01-29,29.0,Successful,Debit Card
PAY0012097,INV0012453,CUST01725,2025-03-02,29.0,Successful,Debit Card
PAY0012098,INV0012454,CUST01725,2025-03-30,29.0,Successful,Bank Transfer
PAY0012099,INV0012455,CUST01725,2025-04-23,29.0,Successful,Bank Transfer
PAY0012100,INV0012456,CUST01725,2025-05-28,29.0,Successful,Debit Card
PAY0012101,INV0012457,CUST01725,2025-06-29,29.0,Successful,ACH
PAY0012102,INV0012458,CUST01725,2025-07-21,29.0,Successful,ACH
PAY0012103,INV0012459,CUST01725,2025-08-24,29.0,Successful,ACH
PAY0012104,INV0012460,CUST01725,2025-09-30,29.0,Successful,Credit Card
PAY0012105,INV0012461,CUST01725,2025-10-22,29.0,Successful,ACH
PAY0012106,INV0012462,CUST01726,2024-11-23,199.0,Successful,Debit Card
PAY0012107,INV0012463,CUST01726,2024-12-19,199.0,Successful,Bank Transfer
PAY0012108,INV0012464,CUST01726,2025-01-15,199.0,Successful,Debit Card
PAY0012109,INV0012465,CUST01726,2025-02-19,199.0,Successful,ACH
PAY0012110,INV0012466,CUST01726,2025-03-18,199.0,Successful,Bank Transfer
PAY0012111,INV0012467,CUST01726,2025-04-20,199.0,Successful,ACH
PAY0012112,INV0012468,CUST01727,2025-05-04,199.0,Successful,Bank Transfer
PAY0012113,INV0012469,CUST01727,2025-06-09,199.0,Successful,ACH
PAY0012114,INV0012470,CUST01727,2025-07-01,199.0,Successful,Bank Transfer
PAY0012115,INV0012471,CUST01727,2025-07-29,199.0,Successful,Bank Transfer
PAY0012116,INV0012472,CUST01727,2025-08-31,199.0,Successful,Credit Card
PAY0012117,INV0012473,CUST01727,2025-10-05,199.0,Successful,Credit Card
PAY0012118,INV0012474,CUST01727,2025-11-05,199.0,Successful,ACH
PAY0012119,INV0012475,CUST01727,2025-12-01,199.0,Successful,ACH
PAY0012120,INV0012476,CUST01727,2026-01-04,199.0,Successful,Credit Card
PAY0012121,INV0012477,CUST01728,2025-06-18,29.0,Successful,Debit Card
PAY0012122,INV0012478,CUST01728,2025-07-24,29.0,Successful,Bank Transfer
PAY0012123,INV0012479,CUST01728,2025-08-29,29.0,Successful,Credit Card
PAY0012124,INV0012481,CUST01728,2025-10-29,29.0,Successful,Bank Transfer
PAY0012125,INV0012482,CUST01728,2025-11-27,29.0,Successful,Debit Card
PAY0012126,INV0012483,CUST01728,2025-12-28,29.0,Successful,Credit Card
PAY0012127,INV0012484,CUST01729,2025-06-12,29.0,Successful,Debit Card
PAY0012128,INV0012485,CUST01729,2025-07-08,29.0,Successful,Bank Transfer
PAY0012129,INV0012486,CUST01729,2025-08-08,29.0,Successful,Debit Card
PAY0012130,INV0012487,CUST01729,2025-09-08,29.0,Successful,Bank Transfer
PAY0012131,INV0012488,CUST01729,2025-10-12,29.0,Successful,Debit Card
PAY0012132,INV0012489,CUST01729,2025-11-10,29.0,Successful,Credit Card
PAY0012133,INV0012490,CUST01729,2025-12-12,29.0,Successful,Bank Transfer
PAY0012134,INV0012491,CUST01730,2024-12-30,79.0,Successful,Credit Card
PAY0012135,INV0012492,CUST01730,2025-01-22,79.0,Successful,Bank Transfer
PAY0012136,INV0012493,CUST01730,2025-02-21,79.0,Successful,Bank Transfer
PAY0012137,INV0012494,CUST01730,2025-03-30,79.0,Failed,Credit Card
PAY0012138,INV0012495,CUST01730,2025-04-22,79.0,Successful,Debit Card
PAY0012139,INV0012496,CUST01730,2025-05-19,79.0,Successful,Bank Transfer
PAY0012140,INV0012497,CUST01730,2025-06-21,79.0,Successful,ACH
PAY0012141,INV0012498,CUST01730,2025-07-28,79.0,Successful,Bank Transfer
PAY0012142,INV0012499,CUST01730,2025-08-24,79.0,Successful,Credit Card
PAY0012143,INV0012500,CUST01730,2025-09-25,79.0,Successful,Debit Card
PAY0012144,INV0012501,CUST01730,2025-11-02,79.0,Successful,Bank Transfer
PAY0012145,INV0012502,CUST01730,2025-11-20,79.0,Successful,Debit Card
PAY0012146,INV0012503,CUST01731,2024-03-26,2029.8,Successful,Debit Card
PAY0012147,INV0012504,CUST01731,2025-03-24,2029.8,Successful,ACH
PAY0012148,INV0012505,CUST01732,2025-09-18,295.8,Successful,Debit Card
PAY0012149,INV0012506,CUST01733,2025-10-04,29.0,Successful,Debit Card
PAY0012150,INV0012507,CUST01733,2025-10-28,29.0,Successful,Credit Card
PAY0012151,INV0012508,CUST01733,2025-12-05,29.0,Successful,Debit Card
PAY0012152,INV0012509,CUST01733,2025-12-30,29.0,Successful,Debit Card
PAY0012153,INV0012510,CUST01734,2024-02-28,29.0,Successful,Debit Card
PAY0012154,INV0012511,CUST01734,2024-03-20,29.0,Successful,Bank Transfer
PAY0012155,INV0012512,CUST01734,2024-04-16,29.0,Successful,Bank Transfer
PAY0012156,INV0012513,CUST01734,2024-05-28,29.0,Successful,Debit Card
PAY0012157,INV0012514,CUST01734,2024-06-15,29.0,Refunded,Bank Transfer
PAY0012158,INV0012515,CUST01734,2024-07-28,29.0,Successful,Bank Transfer
PAY0012159,INV0012516,CUST01734,2024-08-27,29.0,Successful,Debit Card
PAY0012160,INV0012517,CUST01734,2024-09-24,29.0,Successful,Debit Card
PAY0012161,INV0012518,CUST01734,2024-10-28,29.0,Successful,Debit Card
PAY0012162,INV0012519,CUST01734,2024-11-19,29.0,Successful,Credit Card
PAY0012163,INV0012520,CUST01734,2024-12-24,29.0,Successful,Bank Transfer
PAY0012164,INV0012521,CUST01734,2025-01-28,29.0,Successful,Debit Card
PAY0012165,INV0012522,CUST01735,2025-05-04,79.0,Successful,Credit Card
PAY0012166,INV0012523,CUST01735,2025-06-02,79.0,Successful,Debit Card
PAY0012167,INV0012524,CUST01735,2025-07-06,79.0,Successful,Bank Transfer
PAY0012168,INV0012525,CUST01735,2025-07-26,79.0,Successful,ACH
PAY0012169,INV0012526,CUST01735,2025-09-06,79.0,Successful,ACH
PAY0012170,INV0012527,CUST01735,2025-09-25,79.0,Successful,Debit Card
PAY0012171,INV0012528,CUST01736,2025-01-23,29.0,Successful,Bank Transfer
PAY0012172,INV0012529,CUST01736,2025-02-22,29.0,Successful,ACH
PAY0012173,INV0012530,CUST01736,2025-04-03,29.0,Successful,Debit Card
PAY0012174,INV0012531,CUST01736,2025-05-04,29.0,Successful,Credit Card
PAY0012175,INV0012532,CUST01736,2025-05-23,29.0,Successful,Credit Card
PAY0012176,INV0012533,CUST01736,2025-06-30,79.0,Successful,Debit Card
PAY0012177,INV0012534,CUST01737,2025-01-20,79.0,Successful,Debit Card
PAY0012178,INV0012535,CUST01737,2025-02-15,79.0,Successful,ACH
PAY0012179,INV0012536,CUST01737,2025-03-19,79.0,Successful,Debit Card
PAY0012180,INV0012537,CUST01737,2025-04-12,79.0,Successful,Bank Transfer
PAY0012181,INV0012538,CUST01737,2025-05-12,79.0,Successful,Credit Card
PAY0012182,INV0012539,CUST01737,2025-06-09,79.0,Successful,Debit Card
PAY0012183,INV0012540,CUST01737,2025-07-19,79.0,Successful,Bank Transfer
PAY0012184,INV0012541,CUST01737,2025-08-07,79.0,Refunded,ACH
PAY0012185,INV0012542,CUST01737,2025-09-14,79.0,Successful,Debit Card
PAY0012186,INV0012543,CUST01737,2025-10-20,79.0,Successful,Credit Card
PAY0012187,INV0012544,CUST01737,2025-11-18,79.0,Successful,Bank Transfer
PAY0012188,INV0012545,CUST01737,2025-12-07,79.0,Successful,ACH
PAY0012189,INV0012546,CUST01738,2024-06-09,29.0,Successful,ACH
PAY0012190,INV0012547,CUST01738,2024-07-10,29.0,Successful,ACH
PAY0012191,INV0012548,CUST01738,2024-08-09,29.0,Successful,Bank Transfer
PAY0012192,INV0012549,CUST01738,2024-08-31,29.0,Successful,Credit Card
PAY0012193,INV0012550,CUST01738,2024-10-01,29.0,Successful,Bank Transfer
PAY0012194,INV0012551,CUST01738,2024-11-02,29.0,Successful,Debit Card
PAY0012195,INV0012552,CUST01739,2024-02-17,29.0,Successful,Credit Card
PAY0012196,INV0012553,CUST01739,2024-03-15,29.0,Successful,Debit Card
PAY0012197,INV0012554,CUST01739,2024-04-24,29.0,Successful,Credit Card
PAY0012198,INV0012555,CUST01739,2024-05-28,29.0,Successful,Credit Card
PAY0012199,INV0012556,CUST01739,2024-06-18,29.0,Successful,Debit Card
PAY0012200,INV0012557,CUST01739,2024-07-16,29.0,Successful,Credit Card
PAY0012201,INV0012558,CUST01739,2024-08-26,29.0,Successful,Credit Card
PAY0012202,INV0012559,CUST01739,2024-09-17,29.0,Successful,Credit Card
PAY0012203,INV0012560,CUST01739,2024-10-17,29.0,Successful,Bank Transfer
PAY0012204,INV0012561,CUST01739,2024-11-29,29.0,Successful,Credit Card
PAY0012205,INV0012562,CUST01739,2024-12-26,29.0,Successful,ACH
PAY0012206,INV0012563,CUST01739,2025-01-19,29.0,Successful,ACH
PAY0012207,INV0012564,CUST01739,2025-02-17,29.0,Successful,Debit Card
PAY0012208,INV0012565,CUST01739,2025-03-29,29.0,Successful,Debit Card
PAY0012209,INV0012566,CUST01739,2025-04-15,29.0,Failed,Credit Card
PAY0012210,INV0012567,CUST01739,2025-05-22,29.0,Successful,Debit Card
PAY0012211,INV0012568,CUST01739,2025-06-25,29.0,Successful,Debit Card
PAY0012212,INV0012569,CUST01739,2025-07-25,29.0,Successful,Bank Transfer
PAY0012213,INV0012570,CUST01740,2024-08-24,79.0,Successful,ACH
PAY0012214,INV0012571,CUST01740,2024-09-15,79.0,Successful,Bank Transfer
PAY0012215,INV0012572,CUST01740,2024-10-20,199.0,Successful,Debit Card
PAY0012216,INV0012573,CUST01740,2024-11-27,199.0,Successful,ACH
PAY0012217,INV0012574,CUST01740,2024-12-20,199.0,Successful,ACH
PAY0012218,INV0012575,CUST01740,2025-01-27,199.0,Successful,Bank Transfer
PAY0012219,INV0012576,CUST01741,2024-07-16,29.0,Successful,Bank Transfer
PAY0012220,INV0012578,CUST01741,2024-09-10,29.0,Successful,Bank Transfer
PAY0012221,INV0012579,CUST01741,2024-10-16,29.0,Successful,Debit Card
PAY0012222,INV0012580,CUST01741,2024-11-05,29.0,Successful,Debit Card
PAY0012223,INV0012581,CUST01741,2024-12-05,29.0,Successful,ACH
PAY0012224,INV0012582,CUST01741,2025-01-15,29.0,Successful,Bank Transfer
PAY0012225,INV0012584,CUST01741,2025-03-16,29.0,Successful,Bank Transfer
PAY0012226,INV0012585,CUST01741,2025-04-04,29.0,Successful,Bank Transfer
PAY0012227,INV0012586,CUST01741,2025-05-15,29.0,Successful,Debit Card
PAY0012228,INV0012587,CUST01741,2025-06-05,29.0,Successful,Debit Card
PAY0012229,INV0012589,CUST01743,2024-12-22,295.8,Successful,Debit Card
PAY0012230,INV0012590,CUST01743,2025-12-21,295.8,Successful,Debit Card
PAY0012231,INV0012591,CUST01744,2025-01-29,805.8,Successful,ACH
PAY0012232,INV0012592,CUST01745,2026-01-01,2029.8,Successful,Credit Card
PAY0012233,INV0012593,CUST01746,2024-07-21,199.0,Successful,ACH
PAY0012234,INV0012594,CUST01746,2024-08-27,199.0,Successful,Credit Card
PAY0012235,INV0012595,CUST01746,2024-09-18,199.0,Successful,ACH
PAY0012236,INV0012596,CUST01746,2024-10-16,199.0,Successful,Debit Card
PAY0012237,INV0012597,CUST01746,2024-11-19,199.0,Successful,Credit Card
PAY0012238,INV0012598,CUST01746,2024-12-27,199.0,Successful,Debit Card
PAY0012239,INV0012599,CUST01747,2025-09-09,2029.8,Successful,ACH
PAY0012240,INV0012600,CUST01748,2025-10-07,79.0,Successful,Debit Card
PAY0012241,INV0012601,CUST01748,2025-11-01,79.0,Successful,Debit Card
PAY0012242,INV0012602,CUST01748,2025-11-30,79.0,Successful,ACH
PAY0012243,INV0012603,CUST01748,2026-01-05,79.0,Successful,Debit Card
PAY0012244,INV0012604,CUST01749,2024-12-10,79.0,Successful,ACH
PAY0012245,INV0012605,CUST01749,2025-01-03,79.0,Successful,Credit Card
PAY0012246,INV0012606,CUST01749,2025-02-14,79.0,Failed,ACH
PAY0012247,INV0012607,CUST01749,2025-03-09,79.0,Successful,ACH
PAY0012248,INV0012608,CUST01749,2025-04-16,79.0,Successful,Debit Card
PAY0012249,INV0012609,CUST01749,2025-05-16,79.0,Successful,Debit Card
PAY0012250,INV0012610,CUST01749,2025-06-13,79.0,Successful,Credit Card
PAY0012251,INV0012611,CUST01749,2025-07-16,79.0,Failed,Bank Transfer
PAY0012252,INV0012612,CUST01749,2025-08-03,79.0,Successful,ACH
PAY0012253,INV0012613,CUST01749,2025-09-06,79.0,Successful,Bank Transfer
PAY0012254,INV0012614,CUST01749,2025-10-13,79.0,Successful,ACH
PAY0012255,INV0012615,CUST01749,2025-11-11,79.0,Successful,Debit Card
PAY0012256,INV0012616,CUST01749,2025-12-12,79.0,Successful,ACH
PAY0012257,INV0012617,CUST01750,2025-06-19,805.8,Successful,Bank Transfer
PAY0012258,INV0012618,CUST01751,2025-05-07,29.0,Successful,Bank Transfer
PAY0012259,INV0012619,CUST01751,2025-06-09,29.0,Successful,Credit Card
PAY0012260,INV0012620,CUST01751,2025-07-02,29.0,Successful,ACH
PAY0012261,INV0012621,CUST01752,2025-11-02,199.0,Successful,ACH
PAY0012262,INV0012622,CUST01752,2025-11-24,199.0,Successful,Credit Card
PAY0012263,INV0012623,CUST01752,2026-01-05,199.0,Successful,Bank Transfer
PAY0012264,INV0012624,CUST01753,2024-07-07,29.0,Successful,Debit Card
PAY0012265,INV0012625,CUST01753,2024-08-09,29.0,Successful,Credit Card
PAY0012266,INV0012626,CUST01753,2024-09-17,29.0,Successful,ACH
PAY0012267,INV0012627,CUST01754,2025-06-02,2029.8,Successful,Bank Transfer
PAY0012268,INV0012628,CUST01755,2024-08-01,805.8,Successful,Bank Transfer
PAY0012269,INV0012629,CUST01756,2025-02-12,79.0,Successful,ACH
PAY0012270,INV0012630,CUST01756,2025-03-21,79.0,Successful,Bank Transfer
PAY0012271,INV0012631,CUST01756,2025-04-23,79.0,Successful,Debit Card
PAY0012272,INV0012632,CUST01756,2025-05-16,79.0,Successful,ACH
PAY0012273,INV0012633,CUST01756,2025-06-14,79.0,Successful,Debit Card
PAY0012274,INV0012634,CUST01756,2025-07-15,79.0,Successful,ACH
PAY0012275,INV0012635,CUST01757,2025-01-20,199.0,Refunded,Credit Card
PAY0012276,INV0012636,CUST01757,2025-03-04,199.0,Successful,Debit Card
PAY0012277,INV0012637,CUST01757,2025-03-19,199.0,Successful,ACH
PAY0012278,INV0012638,CUST01757,2025-04-20,199.0,Successful,Debit Card
PAY0012279,INV0012639,CUST01757,2025-05-24,199.0,Successful,Bank Transfer
PAY0012280,INV0012640,CUST01757,2025-06-26,199.0,Successful,Bank Transfer
PAY0012281,INV0012642,CUST01757,2025-08-29,199.0,Successful,ACH
PAY0012282,INV0012643,CUST01757,2025-09-27,199.0,Successful,Debit Card
PAY0012283,INV0012644,CUST01757,2025-11-02,199.0,Successful,Credit Card
PAY0012284,INV0012645,CUST01757,2025-11-20,199.0,Successful,Credit Card
PAY0012285,INV0012646,CUST01757,2025-12-20,199.0,Successful,ACH
PAY0012286,INV0012647,CUST01758,2024-10-30,79.0,Successful,ACH
PAY0012287,INV0012648,CUST01758,2024-12-01,79.0,Successful,Bank Transfer
PAY0012288,INV0012649,CUST01758,2025-01-08,79.0,Successful,Credit Card
PAY0012289,INV0012650,CUST01758,2025-02-08,79.0,Successful,Credit Card
PAY0012290,INV0012651,CUST01758,2025-03-13,79.0,Successful,Bank Transfer
PAY0012291,INV0012652,CUST01758,2025-04-01,79.0,Successful,ACH
PAY0012292,INV0012653,CUST01758,2025-05-01,79.0,Successful,ACH
PAY0012293,INV0012654,CUST01758,2025-06-01,79.0,Failed,Bank Transfer
PAY0012294,INV0012655,CUST01758,2025-07-13,79.0,Successful,Debit Card
PAY0012295,INV0012657,CUST01758,2025-09-08,79.0,Successful,Debit Card
PAY0012296,INV0012659,CUST01758,2025-11-03,79.0,Successful,Debit Card
PAY0012297,INV0012661,CUST01758,2026-01-06,79.0,Successful,ACH
PAY0012298,INV0012662,CUST01759,2025-05-06,29.0,Successful,Bank Transfer
PAY0012299,INV0012663,CUST01759,2025-06-03,29.0,Successful,Credit Card
PAY0012300,INV0012664,CUST01759,2025-06-26,29.0,Successful,ACH
PAY0012301,INV0012665,CUST01759,2025-07-27,29.0,Successful,ACH
PAY0012302,INV0012666,CUST01759,2025-09-02,29.0,Successful,Bank Transfer
PAY0012303,INV0012667,CUST01759,2025-10-02,29.0,Successful,ACH
PAY0012304,INV0012668,CUST01759,2025-10-30,29.0,Successful,Credit Card
PAY0012305,INV0012669,CUST01759,2025-11-23,29.0,Successful,Bank Transfer
PAY0012306,INV0012670,CUST01759,2026-01-02,29.0,Successful,Credit Card
PAY0012307,INV0012671,CUST01760,2025-03-31,79.0,Successful,Debit Card
PAY0012308,INV0012672,CUST01760,2025-04-19,79.0,Successful,Bank Transfer
PAY0012309,INV0012673,CUST01760,2025-05-19,79.0,Successful,Bank Transfer
PAY0012310,INV0012674,CUST01760,2025-06-24,79.0,Successful,Credit Card
PAY0012311,INV0012675,CUST01760,2025-07-19,79.0,Successful,Bank Transfer
PAY0012312,INV0012676,CUST01760,2025-08-21,79.0,Successful,Bank Transfer
PAY0012313,INV0012677,CUST01760,2025-09-30,79.0,Failed,ACH
PAY0012314,INV0012678,CUST01760,2025-10-30,79.0,Successful,ACH
PAY0012315,INV0012679,CUST01760,2025-11-27,79.0,Successful,Credit Card
PAY0012316,INV0012680,CUST01760,2025-12-25,79.0,Successful,Debit Card
PAY0012317,INV0012681,CUST01761,2025-01-30,79.0,Successful,Bank Transfer
PAY0012318,INV0012682,CUST01761,2025-03-13,79.0,Successful,Debit Card
PAY0012319,INV0012683,CUST01761,2025-04-09,79.0,Successful,Credit Card
PAY0012320,INV0012684,CUST01762,2025-01-14,79.0,Successful,Credit Card
PAY0012321,INV0012685,CUST01762,2025-02-17,79.0,Successful,Credit Card
PAY0012322,INV0012686,CUST01762,2025-03-14,79.0,Successful,Bank Transfer
PAY0012323,INV0012687,CUST01762,2025-04-04,79.0,Successful,Debit Card
PAY0012324,INV0012688,CUST01762,2025-05-16,29.0,Successful,Debit Card
PAY0012325,INV0012689,CUST01762,2025-06-10,29.0,Successful,ACH
PAY0012326,INV0012690,CUST01763,2024-10-16,805.8,Successful,ACH
PAY0012327,INV0012691,CUST01764,2024-02-22,295.8,Successful,Debit Card
PAY0012328,INV0012692,CUST01765,2024-09-19,29.0,Successful,Debit Card
PAY0012329,INV0012693,CUST01765,2024-10-18,29.0,Successful,Bank Transfer
PAY0012330,INV0012694,CUST01765,2024-11-28,29.0,Successful,Bank Transfer
PAY0012331,INV0012695,CUST01765,2024-12-28,29.0,Successful,Credit Card
PAY0012332,INV0012696,CUST01765,2025-01-14,29.0,Successful,Debit Card
PAY0012333,INV0012697,CUST01765,2025-02-25,29.0,Successful,Bank Transfer
PAY0012334,INV0012698,CUST01765,2025-03-18,29.0,Successful,Bank Transfer
PAY0012335,INV0012699,CUST01765,2025-04-21,29.0,Successful,Debit Card
PAY0012336,INV0012700,CUST01765,2025-05-21,29.0,Successful,Credit Card
PAY0012337,INV0012701,CUST01765,2025-06-28,29.0,Failed,Debit Card
PAY0012338,INV0012702,CUST01765,2025-07-14,29.0,Successful,Debit Card
PAY0012339,INV0012703,CUST01765,2025-08-15,29.0,Successful,Debit Card
PAY0012340,INV0012704,CUST01765,2025-09-26,29.0,Successful,ACH
PAY0012341,INV0012705,CUST01765,2025-10-16,29.0,Successful,Debit Card
PAY0012342,INV0012706,CUST01765,2025-11-26,29.0,Successful,Credit Card
PAY0012343,INV0012707,CUST01765,2025-12-20,29.0,Successful,Credit Card
PAY0012344,INV0012709,CUST01766,2025-07-29,805.8,Successful,ACH
PAY0012345,INV0012710,CUST01767,2024-01-20,199.0,Successful,Bank Transfer
PAY0012346,INV0012711,CUST01767,2024-02-24,199.0,Successful,Bank Transfer
PAY0012347,INV0012712,CUST01767,2024-03-16,199.0,Successful,Credit Card
PAY0012348,INV0012713,CUST01767,2024-04-10,199.0,Successful,Credit Card
PAY0012349,INV0012714,CUST01767,2024-05-19,199.0,Failed,Debit Card
PAY0012350,INV0012715,CUST01767,2024-06-20,199.0,Successful,Bank Transfer
PAY0012351,INV0012716,CUST01767,2024-07-17,199.0,Successful,Bank Transfer
PAY0012352,INV0012717,CUST01767,2024-08-24,199.0,Successful,Debit Card
PAY0012353,INV0012718,CUST01767,2024-09-13,199.0,Successful,ACH
PAY0012354,INV0012719,CUST01767,2024-10-24,199.0,Successful,Bank Transfer
PAY0012355,INV0012720,CUST01767,2024-11-17,199.0,Successful,ACH
PAY0012356,INV0012721,CUST01767,2024-12-18,199.0,Successful,Credit Card
PAY0012357,INV0012722,CUST01767,2025-01-24,199.0,Refunded,Credit Card
PAY0012358,INV0012723,CUST01767,2025-02-10,199.0,Successful,Debit Card
PAY0012359,INV0012724,CUST01767,2025-03-21,199.0,Successful,Credit Card
PAY0012360,INV0012725,CUST01767,2025-04-15,199.0,Successful,ACH
PAY0012361,INV0012726,CUST01767,2025-05-11,199.0,Successful,ACH
PAY0012362,INV0012727,CUST01767,2025-06-23,199.0,Successful,Debit Card
PAY0012363,INV0012728,CUST01768,2025-02-26,29.0,Refunded,Credit Card
PAY0012364,INV0012729,CUST01768,2025-03-29,29.0,Successful,Credit Card
PAY0012365,INV0012730,CUST01768,2025-04-21,29.0,Successful,Credit Card
PAY0012366,INV0012731,CUST01768,2025-06-03,29.0,Successful,Debit Card
PAY0012367,INV0012732,CUST01768,2025-06-28,29.0,Successful,Credit Card
PAY0012368,INV0012733,CUST01768,2025-08-02,29.0,Successful,Bank Transfer
PAY0012369,INV0012734,CUST01768,2025-08-29,29.0,Successful,Credit Card
PAY0012370,INV0012735,CUST01768,2025-10-02,29.0,Successful,Bank Transfer
PAY0012371,INV0012736,CUST01768,2025-10-20,29.0,Successful,Credit Card
PAY0012372,INV0012737,CUST01768,2025-12-03,29.0,Successful,Debit Card
PAY0012373,INV0012738,CUST01768,2025-12-21,29.0,Successful,Bank Transfer
PAY0012374,INV0012739,CUST01769,2025-11-11,29.0,Successful,Debit Card
PAY0012375,INV0012740,CUST01769,2025-12-01,29.0,Successful,Debit Card
PAY0012376,INV0012741,CUST01769,2026-01-06,29.0,Failed,Debit Card
PAY0012377,INV0012742,CUST01770,2024-08-22,199.0,Successful,Bank Transfer
PAY0012378,INV0012743,CUST01770,2024-09-28,199.0,Successful,ACH
PAY0012379,INV0012744,CUST01770,2024-10-29,199.0,Successful,Debit Card
PAY0012380,INV0012745,CUST01770,2024-11-27,199.0,Successful,ACH
PAY0012381,INV0012746,CUST01770,2025-01-01,199.0,Successful,Bank Transfer
PAY0012382,INV0012747,CUST01770,2025-01-31,199.0,Successful,Bank Transfer
PAY0012383,INV0012748,CUST01770,2025-03-08,199.0,Successful,Credit Card
PAY0012384,INV0012749,CUST01770,2025-03-22,199.0,Successful,Credit Card
PAY0012385,INV0012750,CUST01770,2025-04-30,199.0,Successful,Credit Card
PAY0012386,INV0012751,CUST01770,2025-05-25,199.0,Successful,Credit Card
PAY0012387,INV0012752,CUST01770,2025-07-05,199.0,Successful,Credit Card
PAY0012388,INV0012753,CUST01770,2025-07-28,199.0,Failed,Credit Card
PAY0012389,INV0012754,CUST01770,2025-08-27,199.0,Successful,ACH
PAY0012390,INV0012755,CUST01770,2025-09-28,199.0,Successful,Credit Card
PAY0012391,INV0012756,CUST01770,2025-10-28,199.0,Successful,ACH
PAY0012392,INV0012757,CUST01770,2025-11-22,199.0,Successful,ACH
PAY0012393,INV0012758,CUST01770,2026-01-02,199.0,Successful,Bank Transfer
PAY0012394,INV0012759,CUST01771,2025-06-19,29.0,Successful,Debit Card
PAY0012395,INV0012760,CUST01771,2025-07-15,29.0,Successful,Bank Transfer
PAY0012396,INV0012761,CUST01771,2025-08-14,29.0,Failed,ACH
PAY0012397,INV0012762,CUST01771,2025-09-25,79.0,Successful,Credit Card
PAY0012398,INV0012763,CUST01771,2025-10-19,79.0,Failed,Debit Card
PAY0012399,INV0012764,CUST01771,2025-11-17,79.0,Successful,Bank Transfer
PAY0012400,INV0012765,CUST01772,2024-12-20,199.0,Successful,Credit Card
PAY0012401,INV0012766,CUST01772,2025-01-24,199.0,Successful,Bank Transfer
PAY0012402,INV0012767,CUST01772,2025-02-28,199.0,Successful,Debit Card
PAY0012403,INV0012768,CUST01772,2025-03-25,199.0,Successful,ACH
PAY0012404,INV0012769,CUST01772,2025-04-29,199.0,Successful,Credit Card
PAY0012405,INV0012770,CUST01772,2025-05-17,199.0,Successful,ACH
PAY0012406,INV0012771,CUST01772,2025-06-21,199.0,Successful,ACH
PAY0012407,INV0012772,CUST01772,2025-07-18,199.0,Successful,Debit Card
PAY0012408,INV0012773,CUST01772,2025-08-27,199.0,Successful,Debit Card
PAY0012409,INV0012774,CUST01772,2025-09-25,199.0,Successful,Credit Card
PAY0012410,INV0012775,CUST01772,2025-10-22,199.0,Successful,Bank Transfer
PAY0012411,INV0012776,CUST01772,2025-11-22,199.0,Successful,Debit Card
PAY0012412,INV0012777,CUST01772,2025-12-26,199.0,Successful,ACH
PAY0012413,INV0012778,CUST01773,2025-12-25,199.0,Failed,Debit Card
PAY0012414,INV0012779,CUST01774,2025-01-28,29.0,Successful,Bank Transfer
PAY0012415,INV0012780,CUST01774,2025-03-03,29.0,Successful,Debit Card
PAY0012416,INV0012781,CUST01774,2025-03-30,29.0,Successful,Credit Card
PAY0012417,INV0012782,CUST01774,2025-05-01,29.0,Successful,Debit Card
PAY0012418,INV0012783,CUST01774,2025-06-01,29.0,Successful,Bank Transfer
PAY0012419,INV0012784,CUST01774,2025-07-02,29.0,Successful,Bank Transfer
PAY0012420,INV0012785,CUST01774,2025-08-02,29.0,Failed,Bank Transfer
PAY0012421,INV0012786,CUST01774,2025-08-27,29.0,Successful,Bank Transfer
PAY0012422,INV0012787,CUST01774,2025-09-21,29.0,Successful,Debit Card
PAY0012423,INV0012788,CUST01774,2025-11-01,29.0,Successful,Debit Card
PAY0012424,INV0012789,CUST01774,2025-11-22,29.0,Successful,ACH
PAY0012425,INV0012790,CUST01774,2025-12-29,29.0,Successful,ACH
PAY0012426,INV0012791,CUST01775,2025-06-06,295.8,Successful,Debit Card
PAY0012427,INV0012792,CUST01776,2025-03-14,29.0,Successful,Debit Card
PAY0012428,INV0012793,CUST01776,2025-04-12,29.0,Successful,Bank Transfer
PAY0012429,INV0012794,CUST01776,2025-05-06,29.0,Successful,ACH
PAY0012430,INV0012795,CUST01776,2025-06-14,29.0,Successful,Credit Card
PAY0012431,INV0012796,CUST01776,2025-07-17,29.0,Successful,ACH
PAY0012432,INV0012797,CUST01776,2025-08-08,29.0,Successful,Debit Card
PAY0012433,INV0012798,CUST01776,2025-09-11,29.0,Successful,Debit Card
PAY0012434,INV0012799,CUST01776,2025-10-20,29.0,Failed,Credit Card
PAY0012435,INV0012800,CUST01776,2025-11-18,29.0,Successful,Bank Transfer
PAY0012436,INV0012801,CUST01776,2025-12-06,29.0,Successful,Credit Card
PAY0012437,INV0012802,CUST01777,2024-12-12,805.8,Successful,Debit Card
PAY0012438,INV0012803,CUST01777,2025-12-03,805.8,Successful,ACH
PAY0012439,INV0012804,CUST01778,2024-06-08,79.0,Successful,Debit Card
PAY0012440,INV0012805,CUST01778,2024-07-17,79.0,Successful,ACH
PAY0012441,INV0012806,CUST01778,2024-08-08,79.0,Successful,Debit Card
PAY0012442,INV0012807,CUST01778,2024-09-15,79.0,Successful,ACH
PAY0012443,INV0012808,CUST01778,2024-10-19,79.0,Successful,ACH
PAY0012444,INV0012809,CUST01778,2024-11-12,79.0,Failed,ACH
PAY0012445,INV0012810,CUST01778,2024-12-20,79.0,Successful,Debit Card
PAY0012446,INV0012811,CUST01778,2025-01-20,79.0,Successful,Credit Card
PAY0012447,INV0012812,CUST01778,2025-02-13,79.0,Successful,ACH
PAY0012448,INV0012813,CUST01778,2025-03-07,79.0,Successful,Debit Card
PAY0012449,INV0012814,CUST01778,2025-04-12,79.0,Successful,Bank Transfer
PAY0012450,INV0012815,CUST01778,2025-05-17,79.0,Successful,Bank Transfer
PAY0012451,INV0012816,CUST01778,2025-06-13,79.0,Successful,Debit Card
PAY0012452,INV0012817,CUST01778,2025-07-14,79.0,Successful,ACH
PAY0012453,INV0012818,CUST01778,2025-08-08,79.0,Successful,Debit Card
PAY0012454,INV0012819,CUST01778,2025-09-12,199.0,Successful,Credit Card
PAY0012455,INV0012820,CUST01778,2025-10-15,199.0,Successful,Debit Card
PAY0012456,INV0012821,CUST01778,2025-11-11,199.0,Successful,Bank Transfer
PAY0012457,INV0012822,CUST01779,2025-01-31,79.0,Successful,Debit Card
PAY0012458,INV0012823,CUST01779,2025-03-08,79.0,Successful,Bank Transfer
PAY0012459,INV0012824,CUST01779,2025-03-26,79.0,Successful,Credit Card
PAY0012460,INV0012825,CUST01779,2025-05-10,79.0,Successful,Credit Card
PAY0012461,INV0012826,CUST01779,2025-05-30,79.0,Successful,Bank Transfer
PAY0012462,INV0012827,CUST01779,2025-07-10,79.0,Successful,Credit Card
PAY0012463,INV0012828,CUST01779,2025-08-04,79.0,Successful,Bank Transfer
PAY0012464,INV0012829,CUST01779,2025-09-07,79.0,Successful,ACH
PAY0012465,INV0012830,CUST01779,2025-10-06,79.0,Successful,Debit Card
PAY0012466,INV0012831,CUST01779,2025-10-29,79.0,Successful,Bank Transfer
PAY0012467,INV0012832,CUST01779,2025-12-02,79.0,Successful,Credit Card
PAY0012468,INV0012833,CUST01779,2025-12-30,79.0,Successful,Bank Transfer
PAY0012469,INV0012834,CUST01780,2024-07-16,29.0,Successful,Debit Card
PAY0012470,INV0012835,CUST01780,2024-08-22,29.0,Successful,Debit Card
PAY0012471,INV0012836,CUST01780,2024-09-24,29.0,Successful,ACH
PAY0012472,INV0012837,CUST01780,2024-10-22,29.0,Successful,ACH
PAY0012473,INV0012838,CUST01780,2024-11-15,29.0,Successful,Bank Transfer
PAY0012474,INV0012839,CUST01780,2024-12-18,29.0,Successful,ACH
PAY0012475,INV0012840,CUST01781,2025-10-22,29.0,Successful,ACH
PAY0012476,INV0012841,CUST01781,2025-12-01,29.0,Successful,Debit Card
PAY0012477,INV0012842,CUST01781,2025-12-22,29.0,Successful,ACH
PAY0012478,INV0012843,CUST01782,2024-02-13,295.8,Successful,Debit Card
PAY0012479,INV0012844,CUST01782,2025-02-03,295.8,Successful,ACH
PAY0012480,INV0012845,CUST01783,2024-07-28,295.8,Successful,ACH
PAY0012481,INV0012846,CUST01784,2024-11-01,29.0,Successful,Debit Card
PAY0012482,INV0012847,CUST01784,2024-12-08,29.0,Successful,Credit Card
PAY0012483,INV0012849,CUST01785,2025-06-25,295.8,Successful,Debit Card
PAY0012484,INV0012850,CUST01786,2025-02-05,805.8,Successful,Debit Card
PAY0012485,INV0012851,CUST01787,2025-05-10,295.8,Successful,Debit Card
PAY0012486,INV0012852,CUST01788,2024-05-22,199.0,Successful,ACH
PAY0012487,INV0012853,CUST01788,2024-06-22,199.0,Successful,ACH
PAY0012488,INV0012854,CUST01788,2024-07-16,199.0,Successful,Bank Transfer
PAY0012489,INV0012855,CUST01788,2024-08-17,199.0,Successful,ACH
PAY0012490,INV0012856,CUST01788,2024-09-27,199.0,Successful,ACH
PAY0012491,INV0012858,CUST01789,2024-06-24,79.0,Successful,Credit Card
PAY0012492,INV0012859,CUST01789,2024-07-18,79.0,Successful,Bank Transfer
PAY0012493,INV0012860,CUST01789,2024-08-26,79.0,Successful,Credit Card
PAY0012494,INV0012861,CUST01789,2024-09-19,79.0,Successful,ACH
PAY0012495,INV0012862,CUST01789,2024-10-14,79.0,Successful,ACH
PAY0012496,INV0012863,CUST01789,2024-11-19,79.0,Successful,ACH
PAY0012497,INV0012864,CUST01789,2024-12-19,79.0,Successful,Credit Card
PAY0012498,INV0012865,CUST01789,2025-01-18,79.0,Successful,Bank Transfer
PAY0012499,INV0012866,CUST01789,2025-02-23,79.0,Successful,Bank Transfer
PAY0012500,INV0012867,CUST01789,2025-03-25,79.0,Successful,Bank Transfer
PAY0012501,INV0012868,CUST01789,2025-04-16,79.0,Failed,Debit Card
PAY0012502,INV0012869,CUST01789,2025-05-21,79.0,Successful,Credit Card
PAY0012503,INV0012870,CUST01789,2025-06-18,79.0,Successful,Credit Card
PAY0012504,INV0012871,CUST01789,2025-07-16,79.0,Successful,Bank Transfer
PAY0012505,INV0012872,CUST01789,2025-08-20,79.0,Successful,Bank Transfer
PAY0012506,INV0012873,CUST01789,2025-09-26,79.0,Successful,Credit Card
PAY0012507,INV0012874,CUST01789,2025-10-14,79.0,Successful,Debit Card
PAY0012508,INV0012875,CUST01789,2025-11-19,79.0,Successful,Bank Transfer
PAY0012509,INV0012876,CUST01790,2024-10-20,79.0,Successful,Bank Transfer
PAY0012510,INV0012877,CUST01790,2024-11-11,79.0,Successful,ACH
PAY0012511,INV0012878,CUST01790,2024-12-12,79.0,Successful,ACH
PAY0012512,INV0012879,CUST01790,2025-01-13,79.0,Successful,Debit Card
PAY0012513,INV0012880,CUST01790,2025-02-10,199.0,Successful,Credit Card
PAY0012514,INV0012881,CUST01790,2025-03-13,199.0,Successful,Credit Card
PAY0012515,INV0012882,CUST01791,2025-09-19,295.8,Successful,ACH
PAY0012516,INV0012883,CUST01792,2025-04-21,199.0,Successful,Credit Card
PAY0012517,INV0012884,CUST01792,2025-05-22,199.0,Successful,Debit Card
PAY0012518,INV0012885,CUST01792,2025-06-18,199.0,Successful,ACH
PAY0012519,INV0012887,CUST01792,2025-08-26,199.0,Successful,Bank Transfer
PAY0012520,INV0012888,CUST01792,2025-09-23,199.0,Successful,Bank Transfer
PAY0012521,INV0012889,CUST01793,2025-11-02,79.0,Successful,Credit Card
PAY0012522,INV0012890,CUST01793,2025-12-06,79.0,Successful,ACH
PAY0012523,INV0012891,CUST01793,2026-01-01,79.0,Successful,Bank Transfer
PAY0012524,INV0012892,CUST01794,2025-02-07,295.8,Successful,Credit Card
PAY0012525,INV0012893,CUST01795,2024-09-18,79.0,Successful,Debit Card
PAY0012526,INV0012894,CUST01795,2024-10-14,79.0,Failed,Debit Card
PAY0012527,INV0012895,CUST01795,2024-11-17,79.0,Successful,Bank Transfer
PAY0012528,INV0012896,CUST01795,2024-12-26,79.0,Successful,ACH
PAY0012529,INV0012897,CUST01795,2025-01-23,79.0,Successful,Bank Transfer
PAY0012530,INV0012898,CUST01795,2025-02-16,79.0,Successful,Bank Transfer
PAY0012531,INV0012899,CUST01796,2025-02-12,199.0,Successful,Debit Card
PAY0012532,INV0012900,CUST01796,2025-03-04,199.0,Successful,Credit Card
PAY0012533,INV0012901,CUST01796,2025-04-10,199.0,Successful,ACH
PAY0012534,INV0012902,CUST01796,2025-05-05,199.0,Successful,Debit Card
PAY0012535,INV0012903,CUST01796,2025-06-11,199.0,Successful,Debit Card
PAY0012536,INV0012904,CUST01796,2025-07-05,199.0,Successful,ACH
PAY0012537,INV0012905,CUST01797,2025-02-11,79.0,Successful,Credit Card
PAY0012538,INV0012906,CUST01797,2025-03-21,79.0,Successful,Debit Card
PAY0012539,INV0012907,CUST01797,2025-04-19,79.0,Successful,Bank Transfer
PAY0012540,INV0012908,CUST01797,2025-05-16,79.0,Successful,Credit Card
PAY0012541,INV0012909,CUST01797,2025-06-18,79.0,Successful,ACH
PAY0012542,INV0012910,CUST01797,2025-07-16,79.0,Successful,Debit Card
PAY0012543,INV0012911,CUST01797,2025-08-08,79.0,Successful,Debit Card
PAY0012544,INV0012912,CUST01797,2025-09-11,79.0,Successful,ACH
PAY0012545,INV0012913,CUST01797,2025-10-21,79.0,Successful,Bank Transfer
PAY0012546,INV0012914,CUST01797,2025-11-09,79.0,Successful,Debit Card
PAY0012547,INV0012915,CUST01797,2025-12-09,79.0,Successful,Credit Card
PAY0012548,INV0012916,CUST01798,2024-10-08,29.0,Successful,Debit Card
PAY0012549,INV0012917,CUST01798,2024-11-17,29.0,Successful,Credit Card
PAY0012550,INV0012918,CUST01798,2024-12-22,29.0,Failed,ACH
PAY0012551,INV0012919,CUST01798,2025-01-12,29.0,Successful,Bank Transfer
PAY0012552,INV0012921,CUST01798,2025-03-20,29.0,Successful,Bank Transfer
PAY0012553,INV0012922,CUST01799,2025-12-19,29.0,Failed,Credit Card
PAY0012554,INV0012923,CUST01800,2025-08-04,199.0,Successful,ACH
PAY0012555,INV0012924,CUST01800,2025-08-29,199.0,Failed,Debit Card
PAY0012556,INV0012925,CUST01800,2025-10-04,199.0,Successful,Debit Card
PAY0012557,INV0012926,CUST01800,2025-10-27,199.0,Failed,ACH
PAY0012558,INV0012927,CUST01800,2025-11-24,199.0,Successful,Credit Card
PAY0012559,INV0012928,CUST01800,2025-12-26,199.0,Successful,ACH
PAY0012560,INV0012929,CUST01801,2025-06-12,79.0,Successful,Debit Card
PAY0012561,INV0012930,CUST01801,2025-07-13,79.0,Successful,Credit Card
PAY0012562,INV0012931,CUST01801,2025-08-13,79.0,Successful,Credit Card
PAY0012563,INV0012932,CUST01802,2024-09-17,29.0,Successful,ACH
PAY0012564,INV0012934,CUST01802,2024-11-21,29.0,Successful,Debit Card
PAY0012565,INV0012935,CUST01802,2024-12-30,29.0,Successful,ACH
PAY0012566,INV0012936,CUST01802,2025-01-20,29.0,Successful,Debit Card
PAY0012567,INV0012937,CUST01802,2025-02-16,29.0,Successful,Credit Card
PAY0012568,INV0012938,CUST01803,2025-10-18,29.0,Successful,Credit Card
PAY0012569,INV0012939,CUST01803,2025-11-18,29.0,Successful,Debit Card
PAY0012570,INV0012940,CUST01803,2025-12-23,29.0,Failed,Bank Transfer
PAY0012571,INV0012941,CUST01804,2025-02-22,79.0,Successful,Debit Card
PAY0012572,INV0012942,CUST01804,2025-03-27,79.0,Successful,Debit Card
PAY0012573,INV0012943,CUST01804,2025-04-13,79.0,Successful,Bank Transfer
PAY0012574,INV0012944,CUST01804,2025-05-27,79.0,Successful,Debit Card
PAY0012575,INV0012945,CUST01804,2025-06-25,79.0,Successful,Credit Card
PAY0012576,INV0012946,CUST01804,2025-07-15,79.0,Successful,ACH
PAY0012577,INV0012947,CUST01805,2024-05-09,29.0,Successful,ACH
PAY0012578,INV0012948,CUST01805,2024-06-05,29.0,Successful,Credit Card
PAY0012579,INV0012949,CUST01805,2024-07-02,29.0,Successful,Bank Transfer
PAY0012580,INV0012950,CUST01805,2024-08-11,29.0,Successful,ACH
PAY0012581,INV0012951,CUST01805,2024-08-29,29.0,Successful,Debit Card
PAY0012582,INV0012952,CUST01805,2024-10-02,29.0,Failed,ACH
PAY0012583,INV0012953,CUST01805,2024-11-07,29.0,Successful,ACH
PAY0012584,INV0012954,CUST01805,2024-12-12,29.0,Successful,Debit Card
PAY0012585,INV0012955,CUST01805,2025-01-06,29.0,Successful,Credit Card
PAY0012586,INV0012956,CUST01805,2025-02-07,29.0,Successful,Credit Card
PAY0012587,INV0012957,CUST01805,2025-03-13,29.0,Successful,Bank Transfer
PAY0012588,INV0012958,CUST01805,2025-03-28,29.0,Successful,ACH
PAY0012589,INV0012959,CUST01805,2025-05-06,29.0,Successful,ACH
PAY0012590,INV0012960,CUST01805,2025-06-10,29.0,Successful,Credit Card
PAY0012591,INV0012961,CUST01805,2025-07-01,29.0,Successful,Debit Card
PAY0012592,INV0012962,CUST01805,2025-07-28,29.0,Successful,Debit Card
PAY0012593,INV0012963,CUST01805,2025-09-11,29.0,Successful,ACH
PAY0012594,INV0012964,CUST01805,2025-10-10,29.0,Successful,Credit Card
PAY0012595,INV0012965,CUST01805,2025-10-28,29.0,Successful,Bank Transfer
PAY0012596,INV0012966,CUST01805,2025-11-29,29.0,Successful,ACH
PAY0012597,INV0012967,CUST01805,2026-01-09,29.0,Successful,ACH
PAY0012598,INV0012968,CUST01806,2025-05-15,199.0,Successful,Bank Transfer
PAY0012599,INV0012969,CUST01806,2025-06-19,199.0,Successful,Credit Card
PAY0012600,INV0012970,CUST01806,2025-07-16,199.0,Successful,ACH
PAY0012601,INV0012971,CUST01806,2025-08-13,199.0,Successful,Credit Card
PAY0012602,INV0012972,CUST01806,2025-09-23,199.0,Successful,Credit Card
PAY0012603,INV0012973,CUST01806,2025-10-25,199.0,Successful,Credit Card
PAY0012604,INV0012974,CUST01806,2025-11-12,199.0,Failed,ACH
PAY0012605,INV0012975,CUST01806,2025-12-17,199.0,Successful,Credit Card
PAY0012606,INV0012976,CUST01807,2026-01-13,29.0,Successful,Debit Card
PAY0012607,INV0012977,CUST01808,2024-06-25,295.8,Successful,Credit Card
PAY0012608,INV0012978,CUST01808,2025-06-29,295.8,Successful,ACH
PAY0012609,INV0012979,CUST01809,2024-10-31,79.0,Successful,Debit Card
PAY0012610,INV0012980,CUST01809,2024-12-05,79.0,Successful,ACH
PAY0012611,INV0012981,CUST01809,2025-01-02,79.0,Successful,Debit Card
PAY0012612,INV0012982,CUST01809,2025-02-09,79.0,Successful,Bank Transfer
PAY0012613,INV0012984,CUST01809,2025-03-29,79.0,Successful,Debit Card
PAY0012614,INV0012985,CUST01809,2025-05-01,79.0,Successful,Credit Card
PAY0012615,INV0012986,CUST01809,2025-06-04,79.0,Successful,Credit Card
PAY0012616,INV0012987,CUST01809,2025-07-03,79.0,Successful,Debit Card
PAY0012617,INV0012988,CUST01809,2025-08-10,79.0,Successful,Bank Transfer
PAY0012618,INV0012989,CUST01809,2025-09-12,79.0,Successful,Bank Transfer
PAY0012619,INV0012990,CUST01809,2025-10-01,79.0,Successful,Bank Transfer
PAY0012620,INV0012991,CUST01810,2025-11-28,29.0,Successful,Credit Card
PAY0012621,INV0012992,CUST01810,2026-01-01,29.0,Successful,Credit Card
PAY0012622,INV0012994,CUST01811,2025-02-05,29.0,Successful,Credit Card
PAY0012623,INV0012995,CUST01811,2025-03-09,29.0,Successful,Bank Transfer
PAY0012624,INV0012996,CUST01811,2025-04-07,29.0,Successful,Bank Transfer
PAY0012625,INV0012997,CUST01811,2025-05-16,29.0,Successful,Debit Card
PAY0012626,INV0012998,CUST01811,2025-06-12,29.0,Successful,Debit Card
PAY0012627,INV0012999,CUST01811,2025-07-06,29.0,Successful,Debit Card
PAY0012628,INV0013000,CUST01811,2025-08-08,29.0,Successful,Debit Card
PAY0012629,INV0013001,CUST01811,2025-09-02,29.0,Successful,ACH
PAY0012630,INV0013002,CUST01811,2025-10-12,29.0,Successful,Debit Card
PAY0012631,INV0013003,CUST01811,2025-11-15,29.0,Successful,Credit Card
PAY0012632,INV0013004,CUST01811,2025-12-11,29.0,Successful,ACH
PAY0012633,INV0013005,CUST01812,2025-04-08,79.0,Successful,Debit Card
PAY0012634,INV0013006,CUST01812,2025-05-04,79.0,Successful,Bank Transfer
PAY0012635,INV0013007,CUST01812,2025-05-29,79.0,Successful,Bank Transfer
PAY0012636,INV0013008,CUST01812,2025-07-03,79.0,Successful,Credit Card
PAY0012637,INV0013009,CUST01812,2025-08-11,79.0,Successful,Credit Card
PAY0012638,INV0013010,CUST01812,2025-09-12,79.0,Successful,Bank Transfer
PAY0012639,INV0013011,CUST01812,2025-10-08,79.0,Successful,Credit Card
PAY0012640,INV0013012,CUST01812,2025-11-03,79.0,Successful,ACH
PAY0012641,INV0013013,CUST01812,2025-12-10,79.0,Successful,ACH
PAY0012642,INV0013014,CUST01812,2026-01-04,79.0,Successful,ACH
PAY0012643,INV0013015,CUST01813,2025-02-05,79.0,Successful,Debit Card
PAY0012644,INV0013016,CUST01813,2025-03-06,79.0,Successful,Bank Transfer
PAY0012645,INV0013017,CUST01813,2025-04-14,79.0,Successful,Credit Card
PAY0012646,INV0013018,CUST01813,2025-05-04,79.0,Successful,Credit Card
PAY0012647,INV0013019,CUST01813,2025-06-11,79.0,Successful,Bank Transfer
PAY0012648,INV0013020,CUST01813,2025-07-05,79.0,Successful,Debit Card
PAY0012649,INV0013021,CUST01814,2024-02-22,29.0,Failed,ACH
PAY0012650,INV0013022,CUST01814,2024-03-28,29.0,Successful,Debit Card
PAY0012651,INV0013023,CUST01814,2024-04-25,29.0,Successful,Bank Transfer
PAY0012652,INV0013024,CUST01814,2024-05-25,29.0,Successful,Debit Card
PAY0012653,INV0013026,CUST01814,2024-08-02,29.0,Successful,Credit Card
PAY0012654,INV0013027,CUST01814,2024-09-03,29.0,Successful,Credit Card
PAY0012655,INV0013028,CUST01814,2024-09-24,29.0,Successful,Debit Card
PAY0012656,INV0013030,CUST01814,2024-11-30,29.0,Successful,Credit Card
PAY0012657,INV0013031,CUST01814,2024-12-25,29.0,Successful,Debit Card
PAY0012658,INV0013032,CUST01814,2025-02-03,29.0,Successful,Bank Transfer
PAY0012659,INV0013033,CUST01814,2025-03-06,29.0,Successful,Bank Transfer
PAY0012660,INV0013034,CUST01814,2025-04-03,29.0,Successful,Bank Transfer
PAY0012661,INV0013035,CUST01814,2025-05-04,29.0,Successful,Bank Transfer
PAY0012662,INV0013036,CUST01814,2025-05-25,29.0,Successful,Bank Transfer
PAY0012663,INV0013037,CUST01814,2025-06-24,29.0,Successful,Debit Card
PAY0012664,INV0013038,CUST01814,2025-08-02,29.0,Successful,Bank Transfer
PAY0012665,INV0013039,CUST01815,2025-01-28,29.0,Successful,Bank Transfer
PAY0012666,INV0013040,CUST01815,2025-02-26,29.0,Successful,Debit Card
PAY0012667,INV0013041,CUST01815,2025-03-25,29.0,Successful,Credit Card
PAY0012668,INV0013042,CUST01815,2025-05-03,29.0,Successful,ACH
PAY0012669,INV0013043,CUST01815,2025-05-19,29.0,Successful,ACH
PAY0012670,INV0013044,CUST01815,2025-06-21,29.0,Refunded,Credit Card
PAY0012671,INV0013045,CUST01816,2024-02-12,29.0,Successful,Bank Transfer
PAY0012672,INV0013046,CUST01816,2024-03-01,29.0,Successful,Debit Card
PAY0012673,INV0013047,CUST01816,2024-04-10,29.0,Successful,Debit Card
PAY0012674,INV0013048,CUST01816,2024-05-11,29.0,Successful,Debit Card
PAY0012675,INV0013049,CUST01816,2024-05-31,29.0,Successful,Debit Card
PAY0012676,INV0013050,CUST01816,2024-07-06,29.0,Successful,Credit Card
PAY0012677,INV0013051,CUST01816,2024-08-05,29.0,Successful,Bank Transfer
PAY0012678,INV0013052,CUST01816,2024-09-03,29.0,Successful,Bank Transfer
PAY0012679,INV0013053,CUST01816,2024-09-30,29.0,Successful,Credit Card
PAY0012680,INV0013054,CUST01816,2024-11-07,29.0,Successful,ACH
PAY0012681,INV0013055,CUST01816,2024-12-12,29.0,Successful,ACH
PAY0012682,INV0013056,CUST01816,2025-01-13,29.0,Successful,Debit Card
PAY0012683,INV0013057,CUST01816,2025-02-13,29.0,Successful,Credit Card
PAY0012684,INV0013058,CUST01816,2025-03-06,29.0,Successful,Bank Transfer
PAY0012685,INV0013059,CUST01816,2025-04-12,29.0,Successful,Debit Card
PAY0012686,INV0013060,CUST01816,2025-05-12,29.0,Successful,ACH
PAY0012687,INV0013061,CUST01816,2025-06-06,29.0,Successful,ACH
PAY0012688,INV0013062,CUST01816,2025-07-10,29.0,Successful,Debit Card
PAY0012689,INV0013063,CUST01817,2024-08-26,199.0,Successful,Bank Transfer
PAY0012690,INV0013064,CUST01817,2024-09-14,199.0,Successful,Credit Card
PAY0012691,INV0013065,CUST01817,2024-10-25,199.0,Successful,Credit Card
PAY0012692,INV0013067,CUST01817,2024-12-27,199.0,Successful,ACH
PAY0012693,INV0013068,CUST01817,2025-01-18,199.0,Refunded,Debit Card
PAY0012694,INV0013069,CUST01817,2025-02-27,199.0,Successful,ACH
PAY0012695,INV0013070,CUST01817,2025-03-18,199.0,Successful,Bank Transfer
PAY0012696,INV0013071,CUST01817,2025-04-17,199.0,Successful,Bank Transfer
PAY0012697,INV0013072,CUST01817,2025-05-18,199.0,Successful,Bank Transfer
PAY0012698,INV0013073,CUST01817,2025-06-25,199.0,Successful,Credit Card
PAY0012699,INV0013074,CUST01817,2025-07-15,199.0,Successful,Debit Card
PAY0012700,INV0013075,CUST01817,2025-08-25,199.0,Successful,Debit Card
PAY0012701,INV0013076,CUST01817,2025-09-21,199.0,Successful,Bank Transfer
PAY0012702,INV0013077,CUST01817,2025-10-22,199.0,Successful,ACH
PAY0012703,INV0013078,CUST01817,2025-11-21,199.0,Successful,Debit Card
PAY0012704,INV0013079,CUST01817,2025-12-24,199.0,Successful,Credit Card
PAY0012705,INV0013080,CUST01818,2024-06-28,79.0,Successful,ACH
PAY0012706,INV0013081,CUST01818,2024-07-24,79.0,Successful,ACH
PAY0012707,INV0013082,CUST01818,2024-09-03,79.0,Successful,ACH
PAY0012708,INV0013083,CUST01818,2024-09-30,79.0,Successful,Credit Card
PAY0012709,INV0013084,CUST01818,2024-10-30,79.0,Successful,Credit Card
PAY0012710,INV0013085,CUST01818,2024-11-28,79.0,Successful,ACH
PAY0012711,INV0013086,CUST01818,2024-12-26,79.0,Successful,Debit Card
PAY0012712,INV0013087,CUST01818,2025-02-04,79.0,Failed,Bank Transfer
PAY0012713,INV0013088,CUST01818,2025-03-05,79.0,Successful,Credit Card
PAY0012714,INV0013089,CUST01818,2025-03-23,79.0,Successful,Debit Card
PAY0012715,INV0013090,CUST01818,2025-04-23,79.0,Successful,ACH
PAY0012716,INV0013091,CUST01818,2025-06-01,79.0,Successful,Credit Card
PAY0012717,INV0013092,CUST01819,2024-12-02,295.8,Successful,Debit Card
PAY0012718,INV0013093,CUST01820,2025-03-28,199.0,Successful,Bank Transfer
PAY0012719,INV0013094,CUST01820,2025-04-23,199.0,Successful,ACH
PAY0012720,INV0013095,CUST01820,2025-05-25,199.0,Successful,Debit Card
PAY0012721,INV0013096,CUST01820,2025-06-26,199.0,Successful,Bank Transfer
PAY0012722,INV0013097,CUST01820,2025-07-23,199.0,Successful,Debit Card
PAY0012723,INV0013098,CUST01820,2025-08-29,199.0,Successful,ACH
PAY0012724,INV0013100,CUST01820,2025-10-29,199.0,Successful,Credit Card
PAY0012725,INV0013101,CUST01820,2025-11-21,199.0,Successful,Credit Card
PAY0012726,INV0013102,CUST01820,2025-12-29,199.0,Successful,ACH
PAY0012727,INV0013103,CUST01821,2024-07-03,29.0,Refunded,Bank Transfer
PAY0012728,INV0013104,CUST01821,2024-07-30,29.0,Successful,ACH
PAY0012729,INV0013105,CUST01821,2024-09-10,29.0,Successful,Debit Card
PAY0012730,INV0013106,CUST01822,2024-08-17,79.0,Successful,Bank Transfer
PAY0012731,INV0013107,CUST01822,2024-09-15,79.0,Successful,Debit Card
PAY0012732,INV0013108,CUST01822,2024-10-20,79.0,Successful,Bank Transfer
PAY0012733,INV0013109,CUST01822,2024-11-06,79.0,Successful,Bank Transfer
PAY0012734,INV0013110,CUST01822,2024-12-07,79.0,Successful,ACH
PAY0012735,INV0013111,CUST01822,2025-01-14,79.0,Successful,ACH
PAY0012736,INV0013112,CUST01822,2025-02-12,79.0,Successful,ACH
PAY0012737,INV0013114,CUST01822,2025-04-06,79.0,Successful,Debit Card
PAY0012738,INV0013115,CUST01822,2025-05-20,79.0,Successful,Bank Transfer
PAY0012739,INV0013116,CUST01822,2025-06-06,79.0,Successful,Bank Transfer
PAY0012740,INV0013117,CUST01822,2025-07-08,79.0,Successful,ACH
PAY0012741,INV0013118,CUST01822,2025-08-19,79.0,Successful,Credit Card
PAY0012742,INV0013119,CUST01822,2025-09-13,79.0,Successful,Debit Card
PAY0012743,INV0013120,CUST01822,2025-10-12,79.0,Failed,Bank Transfer
PAY0012744,INV0013121,CUST01822,2025-11-07,79.0,Successful,Debit Card
PAY0012745,INV0013122,CUST01822,2025-12-08,79.0,Successful,Bank Transfer
PAY0012746,INV0013123,CUST01823,2025-11-11,79.0,Successful,Credit Card
PAY0012747,INV0013124,CUST01823,2025-11-28,79.0,Successful,Bank Transfer
PAY0012748,INV0013125,CUST01823,2025-12-30,79.0,Successful,ACH
PAY0012749,INV0013126,CUST01824,2025-03-06,29.0,Successful,Debit Card
PAY0012750,INV0013127,CUST01824,2025-04-01,29.0,Successful,Debit Card
PAY0012751,INV0013128,CUST01824,2025-05-01,29.0,Failed,Bank Transfer
PAY0012752,INV0013129,CUST01824,2025-06-08,29.0,Successful,Bank Transfer
PAY0012753,INV0013130,CUST01824,2025-07-03,29.0,Successful,Debit Card
PAY0012754,INV0013131,CUST01824,2025-08-06,29.0,Successful,Credit Card
PAY0012755,INV0013132,CUST01824,2025-08-26,29.0,Successful,Credit Card
PAY0012756,INV0013133,CUST01824,2025-09-27,29.0,Successful,Debit Card
PAY0012757,INV0013134,CUST01824,2025-11-02,29.0,Successful,Debit Card
PAY0012758,INV0013135,CUST01824,2025-12-02,29.0,Successful,Credit Card
PAY0012759,INV0013136,CUST01824,2026-01-06,29.0,Successful,Credit Card
PAY0012760,INV0013137,CUST01825,2026-01-03,79.0,Successful,ACH
PAY0012761,INV0013138,CUST01826,2024-04-18,805.8,Successful,ACH
PAY0012762,INV0013139,CUST01827,2024-12-11,805.8,Successful,Debit Card
PAY0012763,INV0013140,CUST01827,2025-12-13,805.8,Successful,ACH
PAY0012764,INV0013141,CUST01828,2025-11-18,2029.8,Successful,Debit Card
PAY0012765,INV0013142,CUST01829,2025-02-05,79.0,Successful,Credit Card
PAY0012766,INV0013143,CUST01829,2025-03-13,79.0,Successful,Bank Transfer
PAY0012767,INV0013145,CUST01829,2025-05-10,79.0,Successful,Credit Card
PAY0012768,INV0013146,CUST01829,2025-06-06,79.0,Successful,Credit Card
PAY0012769,INV0013147,CUST01829,2025-07-06,79.0,Successful,ACH
PAY0012770,INV0013148,CUST01829,2025-07-28,79.0,Successful,Credit Card
PAY0012771,INV0013149,CUST01829,2025-08-31,79.0,Successful,Bank Transfer
PAY0012772,INV0013150,CUST01829,2025-09-29,79.0,Successful,Bank Transfer
PAY0012773,INV0013151,CUST01829,2025-11-10,79.0,Failed,Credit Card
PAY0012774,INV0013152,CUST01829,2025-12-03,79.0,Successful,Debit Card
PAY0012775,INV0013153,CUST01829,2026-01-03,79.0,Successful,ACH
PAY0012776,INV0013154,CUST01830,2024-08-31,29.0,Successful,Bank Transfer
PAY0012777,INV0013155,CUST01830,2024-10-11,29.0,Successful,ACH
PAY0012778,INV0013156,CUST01830,2024-10-28,29.0,Successful,Credit Card
PAY0012779,INV0013157,CUST01831,2024-09-05,79.0,Successful,Debit Card
PAY0012780,INV0013158,CUST01831,2024-10-03,79.0,Successful,Bank Transfer
PAY0012781,INV0013159,CUST01831,2024-11-12,79.0,Successful,Bank Transfer
PAY0012782,INV0013160,CUST01831,2024-12-02,199.0,Successful,Debit Card
PAY0012783,INV0013161,CUST01831,2025-01-02,199.0,Successful,Credit Card
PAY0012784,INV0013162,CUST01831,2025-02-04,199.0,Successful,Debit Card
PAY0012785,INV0013163,CUST01831,2025-03-14,199.0,Successful,ACH
PAY0012786,INV0013164,CUST01831,2025-04-02,199.0,Successful,Bank Transfer
PAY0012787,INV0013165,CUST01831,2025-05-12,199.0,Successful,Bank Transfer
PAY0012788,INV0013167,CUST01831,2025-07-09,199.0,Successful,Debit Card
PAY0012789,INV0013168,CUST01831,2025-08-11,199.0,Successful,ACH
PAY0012790,INV0013169,CUST01832,2024-03-17,29.0,Successful,Debit Card
PAY0012791,INV0013170,CUST01832,2024-04-03,29.0,Successful,Debit Card
PAY0012792,INV0013171,CUST01832,2024-05-13,29.0,Successful,Debit Card
PAY0012793,INV0013172,CUST01832,2024-06-15,29.0,Successful,Debit Card
PAY0012794,INV0013173,CUST01832,2024-07-13,29.0,Successful,Debit Card
PAY0012795,INV0013174,CUST01832,2024-08-09,29.0,Successful,Bank Transfer
PAY0012796,INV0013175,CUST01832,2024-09-03,29.0,Successful,Credit Card
PAY0012797,INV0013176,CUST01832,2024-10-08,29.0,Successful,Debit Card
PAY0012798,INV0013177,CUST01832,2024-11-17,29.0,Refunded,Debit Card
PAY0012799,INV0013178,CUST01832,2024-12-08,29.0,Failed,Debit Card
PAY0012800,INV0013179,CUST01832,2025-01-13,29.0,Successful,ACH
PAY0012801,INV0013180,CUST01832,2025-02-03,29.0,Successful,Credit Card
PAY0012802,INV0013181,CUST01833,2025-01-23,295.8,Successful,Credit Card
PAY0012803,INV0013182,CUST01834,2024-12-13,29.0,Successful,Bank Transfer
PAY0012804,INV0013183,CUST01834,2025-01-16,29.0,Successful,Debit Card
PAY0012805,INV0013184,CUST01834,2025-02-13,29.0,Successful,Bank Transfer
PAY0012806,INV0013185,CUST01834,2025-03-14,29.0,Successful,ACH
PAY0012807,INV0013186,CUST01834,2025-04-08,29.0,Successful,Bank Transfer
PAY0012808,INV0013187,CUST01834,2025-05-14,29.0,Successful,Debit Card
PAY0012809,INV0013188,CUST01834,2025-06-15,29.0,Successful,Bank Transfer
PAY0012810,INV0013189,CUST01834,2025-07-16,29.0,Successful,Debit Card
PAY0012811,INV0013190,CUST01834,2025-08-07,29.0,Failed,Bank Transfer
PAY0012812,INV0013191,CUST01834,2025-09-17,79.0,Successful,ACH
PAY0012813,INV0013192,CUST01834,2025-10-04,79.0,Successful,Bank Transfer
PAY0012814,INV0013193,CUST01834,2025-11-13,79.0,Successful,Credit Card
PAY0012815,INV0013194,CUST01835,2025-06-26,199.0,Successful,ACH
PAY0012816,INV0013195,CUST01835,2025-08-01,199.0,Successful,Bank Transfer
PAY0012817,INV0013196,CUST01835,2025-08-25,199.0,Successful,ACH
PAY0012818,INV0013197,CUST01835,2025-09-23,199.0,Successful,Debit Card
PAY0012819,INV0013198,CUST01835,2025-10-27,199.0,Successful,Bank Transfer
PAY0012820,INV0013199,CUST01835,2025-11-30,199.0,Successful,Bank Transfer
PAY0012821,INV0013200,CUST01835,2026-01-01,199.0,Successful,ACH
PAY0012822,INV0013201,CUST01836,2024-01-29,79.0,Successful,Credit Card
PAY0012823,INV0013202,CUST01836,2024-03-03,79.0,Successful,Debit Card
PAY0012824,INV0013203,CUST01836,2024-03-28,79.0,Successful,Bank Transfer
PAY0012825,INV0013204,CUST01836,2024-04-27,79.0,Successful,Bank Transfer
PAY0012826,INV0013205,CUST01836,2024-06-06,79.0,Successful,Credit Card
PAY0012827,INV0013206,CUST01836,2024-07-04,79.0,Successful,ACH
PAY0012828,INV0013207,CUST01836,2024-08-07,79.0,Successful,Credit Card
PAY0012829,INV0013208,CUST01836,2024-09-04,79.0,Successful,Credit Card
PAY0012830,INV0013209,CUST01836,2024-10-01,79.0,Successful,ACH
PAY0012831,INV0013210,CUST01836,2024-11-05,79.0,Successful,Bank Transfer
PAY0012832,INV0013211,CUST01836,2024-12-10,79.0,Successful,Credit Card
PAY0012833,INV0013212,CUST01836,2024-12-27,79.0,Successful,Debit Card
PAY0012834,INV0013213,CUST01836,2025-01-28,79.0,Successful,Bank Transfer
PAY0012835,INV0013214,CUST01836,2025-03-09,79.0,Successful,Credit Card
PAY0012836,INV0013215,CUST01836,2025-04-01,79.0,Successful,ACH
PAY0012837,INV0013216,CUST01836,2025-05-08,79.0,Successful,Debit Card
PAY0012838,INV0013217,CUST01836,2025-06-06,79.0,Successful,ACH
PAY0012839,INV0013218,CUST01836,2025-07-08,79.0,Successful,Bank Transfer
PAY0012840,INV0013219,CUST01837,2024-08-10,79.0,Successful,ACH
PAY0012841,INV0013220,CUST01837,2024-09-08,79.0,Successful,Credit Card
PAY0012842,INV0013221,CUST01837,2024-10-09,79.0,Successful,Bank Transfer
PAY0012843,INV0013222,CUST01837,2024-11-05,79.0,Successful,Debit Card
PAY0012844,INV0013223,CUST01837,2024-12-06,79.0,Successful,ACH
PAY0012845,INV0013224,CUST01837,2025-01-08,79.0,Successful,ACH
PAY0012846,INV0013225,CUST01837,2025-02-12,79.0,Successful,Bank Transfer
PAY0012847,INV0013226,CUST01837,2025-03-12,79.0,Successful,ACH
PAY0012848,INV0013227,CUST01837,2025-04-02,79.0,Successful,Bank Transfer
PAY0012849,INV0013228,CUST01837,2025-05-02,79.0,Successful,Bank Transfer
PAY0012850,INV0013229,CUST01837,2025-06-02,79.0,Successful,ACH
PAY0012851,INV0013230,CUST01837,2025-07-01,79.0,Successful,Debit Card
PAY0012852,INV0013231,CUST01837,2025-07-31,79.0,Successful,Credit Card
PAY0012853,INV0013232,CUST01837,2025-09-10,79.0,Successful,Bank Transfer
PAY0012854,INV0013233,CUST01837,2025-10-07,79.0,Successful,Credit Card
PAY0012855,INV0013234,CUST01837,2025-11-02,79.0,Successful,Credit Card
PAY0012856,INV0013235,CUST01837,2025-11-30,79.0,Failed,Debit Card
PAY0012857,INV0013236,CUST01837,2026-01-03,79.0,Successful,ACH
PAY0012858,INV0013237,CUST01838,2025-09-29,199.0,Successful,Debit Card
PAY0012859,INV0013238,CUST01838,2025-10-16,199.0,Failed,ACH
PAY0012860,INV0013239,CUST01838,2025-11-20,199.0,Successful,Debit Card
PAY0012861,INV0013240,CUST01838,2025-12-21,199.0,Successful,ACH
PAY0012862,INV0013241,CUST01839,2025-10-08,29.0,Successful,Credit Card
PAY0012863,INV0013242,CUST01839,2025-11-17,29.0,Successful,Bank Transfer
PAY0012864,INV0013243,CUST01839,2025-12-19,29.0,Successful,ACH
PAY0012865,INV0013244,CUST01840,2024-03-05,29.0,Successful,ACH
PAY0012866,INV0013245,CUST01840,2024-04-06,29.0,Successful,Debit Card
PAY0012867,INV0013246,CUST01840,2024-05-04,29.0,Successful,Debit Card
PAY0012868,INV0013247,CUST01840,2024-05-25,79.0,Successful,Bank Transfer
PAY0012869,INV0013248,CUST01840,2024-06-26,79.0,Successful,Debit Card
PAY0012870,INV0013249,CUST01840,2024-08-07,79.0,Successful,Debit Card
PAY0012871,INV0013250,CUST01840,2024-09-03,79.0,Successful,ACH
PAY0012872,INV0013251,CUST01840,2024-10-02,79.0,Successful,Debit Card
PAY0012873,INV0013252,CUST01840,2024-11-07,79.0,Successful,Bank Transfer
PAY0012874,INV0013253,CUST01840,2024-12-02,79.0,Successful,Credit Card
PAY0012875,INV0013254,CUST01840,2025-01-03,79.0,Successful,Credit Card
PAY0012876,INV0013255,CUST01840,2025-01-26,79.0,Successful,ACH
PAY0012877,INV0013256,CUST01841,2024-04-07,2029.8,Successful,ACH
PAY0012878,INV0013257,CUST01841,2025-04-15,2029.8,Successful,Credit Card
PAY0012879,INV0013258,CUST01842,2024-09-13,79.0,Successful,Bank Transfer
PAY0012880,INV0013259,CUST01842,2024-10-03,79.0,Successful,ACH
PAY0012881,INV0013260,CUST01842,2024-10-31,79.0,Successful,Bank Transfer
PAY0012882,INV0013261,CUST01843,2024-06-23,79.0,Successful,Debit Card
PAY0012883,INV0013262,CUST01843,2024-07-18,79.0,Successful,Debit Card
PAY0012884,INV0013263,CUST01843,2024-08-19,79.0,Successful,ACH
PAY0012885,INV0013264,CUST01843,2024-09-24,79.0,Successful,ACH
PAY0012886,INV0013265,CUST01843,2024-10-30,79.0,Successful,Credit Card
PAY0012887,INV0013266,CUST01843,2024-11-26,79.0,Successful,ACH
PAY0012888,INV0013267,CUST01843,2024-12-28,79.0,Successful,Bank Transfer
PAY0012889,INV0013268,CUST01843,2025-01-27,79.0,Successful,Debit Card
PAY0012890,INV0013269,CUST01843,2025-02-22,79.0,Successful,Bank Transfer
PAY0012891,INV0013270,CUST01843,2025-03-21,79.0,Successful,Credit Card
PAY0012892,INV0013271,CUST01843,2025-05-02,79.0,Successful,Bank Transfer
PAY0012893,INV0013272,CUST01843,2025-05-29,79.0,Successful,Bank Transfer
PAY0012894,INV0013273,CUST01843,2025-06-25,79.0,Successful,Credit Card
PAY0012895,INV0013274,CUST01843,2025-08-01,79.0,Successful,Debit Card
PAY0012896,INV0013275,CUST01843,2025-08-23,79.0,Successful,Credit Card
PAY0012897,INV0013276,CUST01843,2025-09-23,79.0,Successful,Credit Card
PAY0012898,INV0013277,CUST01843,2025-10-31,79.0,Successful,Credit Card
PAY0012899,INV0013278,CUST01843,2025-11-21,29.0,Successful,ACH
PAY0012900,INV0013279,CUST01844,2024-11-21,79.0,Successful,Bank Transfer
PAY0012901,INV0013280,CUST01844,2024-12-13,79.0,Successful,ACH
PAY0012902,INV0013281,CUST01844,2025-01-13,79.0,Successful,Credit Card
PAY0012903,INV0013282,CUST01844,2025-02-08,79.0,Successful,ACH
PAY0012904,INV0013283,CUST01844,2025-03-19,79.0,Successful,ACH
PAY0012905,INV0013284,CUST01844,2025-04-13,79.0,Successful,Credit Card
PAY0012906,INV0013285,CUST01844,2025-05-12,79.0,Successful,Debit Card
PAY0012907,INV0013286,CUST01844,2025-06-15,79.0,Successful,Credit Card
PAY0012908,INV0013287,CUST01844,2025-07-09,79.0,Successful,Bank Transfer
PAY0012909,INV0013288,CUST01844,2025-08-10,79.0,Successful,ACH
PAY0012910,INV0013289,CUST01844,2025-09-12,79.0,Successful,ACH
PAY0012911,INV0013290,CUST01844,2025-10-08,79.0,Successful,Bank Transfer
PAY0012912,INV0013291,CUST01845,2024-10-13,199.0,Successful,ACH
PAY0012913,INV0013292,CUST01845,2024-11-12,199.0,Successful,Debit Card
PAY0012914,INV0013293,CUST01845,2024-12-17,199.0,Successful,ACH
PAY0012915,INV0013294,CUST01845,2025-01-17,199.0,Successful,Bank Transfer
PAY0012916,INV0013295,CUST01845,2025-02-14,199.0,Successful,Credit Card
PAY0012917,INV0013296,CUST01845,2025-03-07,199.0,Successful,Bank Transfer
PAY0012918,INV0013297,CUST01846,2025-02-15,199.0,Successful,ACH
PAY0012919,INV0013298,CUST01846,2025-03-17,199.0,Successful,Debit Card
PAY0012920,INV0013299,CUST01846,2025-04-26,199.0,Successful,Credit Card
PAY0012921,INV0013300,CUST01846,2025-05-21,199.0,Successful,ACH
PAY0012922,INV0013301,CUST01846,2025-06-22,199.0,Successful,ACH
PAY0012923,INV0013302,CUST01846,2025-07-15,199.0,Successful,Credit Card
PAY0012924,INV0013303,CUST01846,2025-08-23,199.0,Successful,Debit Card
PAY0012925,INV0013304,CUST01846,2025-09-17,199.0,Successful,ACH
PAY0012926,INV0013305,CUST01846,2025-10-21,199.0,Successful,ACH
PAY0012927,INV0013306,CUST01846,2025-11-13,199.0,Successful,Credit Card
PAY0012928,INV0013307,CUST01846,2025-12-26,199.0,Successful,ACH
PAY0012929,INV0013308,CUST01847,2024-06-22,29.0,Successful,Credit Card
PAY0012930,INV0013309,CUST01847,2024-07-16,29.0,Successful,Debit Card
PAY0012931,INV0013310,CUST01847,2024-08-11,29.0,Successful,ACH
PAY0012932,INV0013311,CUST01847,2024-09-09,29.0,Successful,ACH
PAY0012933,INV0013312,CUST01847,2024-10-19,29.0,Successful,Bank Transfer
PAY0012934,INV0013313,CUST01847,2024-11-21,29.0,Failed,ACH
PAY0012935,INV0013314,CUST01848,2025-03-21,79.0,Successful,Debit Card
PAY0012936,INV0013315,CUST01848,2025-04-28,79.0,Successful,Bank Transfer
PAY0012937,INV0013316,CUST01848,2025-05-23,79.0,Successful,Credit Card
PAY0012938,INV0013317,CUST01848,2025-06-14,79.0,Successful,Bank Transfer
PAY0012939,INV0013318,CUST01848,2025-07-19,79.0,Successful,Credit Card
PAY0012940,INV0013319,CUST01848,2025-08-18,79.0,Failed,Debit Card
PAY0012941,INV0013320,CUST01848,2025-09-17,79.0,Successful,Bank Transfer
PAY0012942,INV0013321,CUST01848,2025-10-25,79.0,Refunded,Credit Card
PAY0012943,INV0013322,CUST01848,2025-11-15,79.0,Successful,Debit Card
PAY0012944,INV0013323,CUST01848,2025-12-16,79.0,Successful,Debit Card
PAY0012945,INV0013324,CUST01849,2025-09-03,199.0,Successful,Debit Card
PAY0012946,INV0013325,CUST01849,2025-10-02,199.0,Successful,ACH
PAY0012947,INV0013326,CUST01849,2025-11-16,199.0,Successful,Credit Card
PAY0012948,INV0013327,CUST01849,2025-12-06,199.0,Successful,Bank Transfer
PAY0012949,INV0013328,CUST01850,2025-02-03,199.0,Successful,ACH
PAY0012950,INV0013329,CUST01850,2025-03-02,199.0,Successful,Bank Transfer
PAY0012951,INV0013330,CUST01850,2025-04-05,199.0,Successful,ACH
PAY0012952,INV0013331,CUST01850,2025-05-09,199.0,Successful,Bank Transfer
PAY0012953,INV0013332,CUST01850,2025-05-29,199.0,Successful,ACH
PAY0012954,INV0013333,CUST01850,2025-07-08,199.0,Successful,Debit Card
PAY0012955,INV0013334,CUST01851,2024-03-18,199.0,Successful,ACH
PAY0012956,INV0013335,CUST01851,2024-04-28,199.0,Successful,Credit Card
PAY0012957,INV0013336,CUST01851,2024-05-15,199.0,Successful,ACH
PAY0012958,INV0013337,CUST01851,2024-06-27,199.0,Successful,Debit Card
PAY0012959,INV0013338,CUST01851,2024-07-18,199.0,Refunded,Bank Transfer
PAY0012960,INV0013339,CUST01851,2024-08-21,199.0,Successful,ACH
PAY0012961,INV0013340,CUST01851,2024-09-26,199.0,Successful,Credit Card
PAY0012962,INV0013341,CUST01851,2024-10-25,199.0,Successful,Debit Card
PAY0012963,INV0013342,CUST01851,2024-11-19,199.0,Successful,Credit Card
PAY0012964,INV0013343,CUST01851,2024-12-25,199.0,Successful,Debit Card
PAY0012965,INV0013344,CUST01851,2025-01-26,199.0,Successful,Debit Card
PAY0012966,INV0013345,CUST01851,2025-02-26,199.0,Successful,Bank Transfer
PAY0012967,INV0013346,CUST01851,2025-03-26,199.0,Successful,Credit Card
PAY0012968,INV0013347,CUST01851,2025-04-23,199.0,Successful,Bank Transfer
PAY0012969,INV0013348,CUST01851,2025-05-29,199.0,Successful,Debit Card
PAY0012970,INV0013349,CUST01851,2025-06-18,199.0,Successful,Bank Transfer
PAY0012971,INV0013350,CUST01851,2025-07-25,199.0,Successful,Credit Card
PAY0012972,INV0013351,CUST01851,2025-08-25,199.0,Successful,Credit Card
PAY0012973,INV0013352,CUST01851,2025-09-29,199.0,Successful,Debit Card
PAY0012974,INV0013353,CUST01851,2025-10-23,199.0,Successful,Bank Transfer
PAY0012975,INV0013354,CUST01851,2025-11-25,199.0,Successful,Credit Card
PAY0012976,INV0013355,CUST01851,2025-12-17,199.0,Successful,ACH
PAY0012977,INV0013356,CUST01852,2024-07-28,79.0,Successful,ACH
PAY0012978,INV0013357,CUST01852,2024-08-18,79.0,Successful,Credit Card
PAY0012979,INV0013358,CUST01852,2024-09-24,79.0,Successful,ACH
PAY0012980,INV0013359,CUST01852,2024-10-21,79.0,Successful,Bank Transfer
PAY0012981,INV0013360,CUST01852,2024-11-23,79.0,Successful,Debit Card
PAY0012982,INV0013361,CUST01852,2024-12-14,79.0,Successful,Debit Card
PAY0012983,INV0013362,CUST01852,2025-01-18,79.0,Successful,Debit Card
PAY0012984,INV0013363,CUST01852,2025-02-28,79.0,Successful,ACH
PAY0012985,INV0013364,CUST01852,2025-03-18,79.0,Successful,Credit Card
PAY0012986,INV0013365,CUST01852,2025-04-14,79.0,Successful,ACH
PAY0012987,INV0013366,CUST01852,2025-05-16,79.0,Successful,Bank Transfer
PAY0012988,INV0013367,CUST01852,2025-06-23,79.0,Successful,Credit Card
PAY0012989,INV0013368,CUST01852,2025-07-28,79.0,Successful,Bank Transfer
PAY0012990,INV0013369,CUST01852,2025-08-17,79.0,Successful,Debit Card
PAY0012991,INV0013370,CUST01852,2025-09-19,79.0,Successful,ACH
PAY0012992,INV0013371,CUST01852,2025-10-14,79.0,Successful,ACH
PAY0012993,INV0013372,CUST01852,2025-11-20,79.0,Successful,Debit Card
PAY0012994,INV0013373,CUST01852,2025-12-22,79.0,Successful,ACH
PAY0012995,INV0013374,CUST01853,2025-05-30,29.0,Successful,Credit Card
PAY0012996,INV0013375,CUST01853,2025-07-03,29.0,Successful,ACH
PAY0012997,INV0013376,CUST01853,2025-07-23,29.0,Successful,ACH
PAY0012998,INV0013377,CUST01853,2025-08-21,29.0,Failed,ACH
PAY0012999,INV0013378,CUST01853,2025-10-03,29.0,Successful,Bank Transfer
PAY0013000,INV0013379,CUST01853,2025-11-02,29.0,Successful,Debit Card
PAY0013001,INV0013380,CUST01853,2025-11-30,29.0,Successful,Bank Transfer
PAY0013002,INV0013381,CUST01853,2025-12-28,29.0,Successful,ACH
PAY0013003,INV0013382,CUST01854,2025-02-09,199.0,Successful,Debit Card
PAY0013004,INV0013383,CUST01854,2025-03-01,199.0,Successful,Debit Card
PAY0013005,INV0013384,CUST01854,2025-04-09,199.0,Successful,Credit Card
PAY0013006,INV0013385,CUST01854,2025-05-06,199.0,Successful,Credit Card
PAY0013007,INV0013386,CUST01854,2025-06-12,199.0,Successful,Bank Transfer
PAY0013008,INV0013387,CUST01854,2025-07-04,199.0,Successful,Bank Transfer
PAY0013009,INV0013388,CUST01855,2025-02-28,79.0,Successful,Credit Card
PAY0013010,INV0013389,CUST01855,2025-03-26,79.0,Successful,Credit Card
PAY0013011,INV0013390,CUST01855,2025-05-02,79.0,Successful,Debit Card
PAY0013012,INV0013391,CUST01855,2025-05-23,79.0,Successful,Debit Card
PAY0013013,INV0013392,CUST01855,2025-06-30,79.0,Successful,Bank Transfer
PAY0013014,INV0013393,CUST01855,2025-08-01,79.0,Successful,Credit Card
PAY0013015,INV0013394,CUST01855,2025-08-30,79.0,Successful,Debit Card
PAY0013016,INV0013395,CUST01855,2025-09-26,79.0,Successful,ACH
PAY0013017,INV0013396,CUST01855,2025-11-03,79.0,Successful,Debit Card
PAY0013018,INV0013397,CUST01855,2025-11-28,79.0,Successful,ACH
PAY0013019,INV0013398,CUST01855,2025-12-24,79.0,Successful,Debit Card
PAY0013020,INV0013399,CUST01856,2024-07-29,295.8,Successful,Credit Card
PAY0013021,INV0013400,CUST01857,2025-06-17,805.8,Successful,ACH
PAY0013022,INV0013402,CUST01858,2025-12-04,199.0,Successful,Bank Transfer
PAY0013023,INV0013403,CUST01858,2026-01-01,199.0,Successful,Debit Card
PAY0013024,INV0013404,CUST01859,2025-05-11,29.0,Successful,ACH
PAY0013025,INV0013405,CUST01859,2025-06-19,29.0,Successful,Bank Transfer
PAY0013026,INV0013406,CUST01859,2025-07-14,29.0,Successful,ACH
PAY0013027,INV0013407,CUST01859,2025-08-12,29.0,Successful,ACH
PAY0013028,INV0013408,CUST01859,2025-09-11,29.0,Successful,Credit Card
PAY0013029,INV0013409,CUST01859,2025-10-14,29.0,Successful,Bank Transfer
PAY0013030,INV0013410,CUST01859,2025-11-18,29.0,Successful,Credit Card
PAY0013031,INV0013411,CUST01859,2025-12-15,29.0,Failed,Debit Card
PAY0013032,INV0013412,CUST01860,2025-12-29,199.0,Successful,Bank Transfer
PAY0013033,INV0013413,CUST01861,2025-12-13,29.0,Successful,Bank Transfer
PAY0013034,INV0013414,CUST01861,2026-01-07,29.0,Successful,ACH
PAY0013035,INV0013415,CUST01862,2024-01-28,29.0,Successful,Credit Card
PAY0013036,INV0013416,CUST01862,2024-02-18,29.0,Successful,Bank Transfer
PAY0013037,INV0013417,CUST01862,2024-03-25,29.0,Successful,Bank Transfer
PAY0013038,INV0013418,CUST01862,2024-04-25,29.0,Successful,Debit Card
PAY0013039,INV0013419,CUST01862,2024-05-14,29.0,Successful,Credit Card
PAY0013040,INV0013420,CUST01862,2024-06-26,29.0,Successful,Credit Card
PAY0013041,INV0013421,CUST01862,2024-07-24,29.0,Successful,Credit Card
PAY0013042,INV0013422,CUST01862,2024-08-16,29.0,Successful,Debit Card
PAY0013043,INV0013423,CUST01862,2024-09-26,29.0,Successful,Debit Card
PAY0013044,INV0013424,CUST01862,2024-10-16,29.0,Successful,ACH
PAY0013045,INV0013425,CUST01862,2024-11-27,29.0,Successful,Debit Card
PAY0013046,INV0013426,CUST01862,2024-12-20,29.0,Successful,Credit Card
PAY0013047,INV0013427,CUST01863,2025-02-16,79.0,Successful,ACH
PAY0013048,INV0013428,CUST01863,2025-03-19,79.0,Successful,ACH
PAY0013049,INV0013429,CUST01863,2025-04-14,79.0,Successful,ACH
PAY0013050,INV0013430,CUST01863,2025-05-24,79.0,Successful,Debit Card
PAY0013051,INV0013431,CUST01863,2025-06-20,79.0,Successful,Debit Card
PAY0013052,INV0013432,CUST01863,2025-07-25,79.0,Successful,Credit Card
PAY0013053,INV0013433,CUST01863,2025-08-17,79.0,Successful,ACH
PAY0013054,INV0013434,CUST01863,2025-09-22,79.0,Successful,ACH
PAY0013055,INV0013435,CUST01863,2025-10-20,79.0,Successful,ACH
PAY0013056,INV0013437,CUST01863,2025-12-21,79.0,Successful,Credit Card
PAY0013057,INV0013438,CUST01864,2025-03-17,79.0,Successful,Bank Transfer
PAY0013058,INV0013439,CUST01864,2025-04-11,79.0,Successful,ACH
PAY0013059,INV0013440,CUST01864,2025-05-16,79.0,Successful,Bank Transfer
PAY0013060,INV0013441,CUST01865,2025-06-06,29.0,Successful,Credit Card
PAY0013061,INV0013442,CUST01865,2025-06-28,29.0,Successful,Credit Card
PAY0013062,INV0013443,CUST01865,2025-08-09,29.0,Successful,Bank Transfer
PAY0013063,INV0013444,CUST01865,2025-08-29,29.0,Successful,Bank Transfer
PAY0013064,INV0013445,CUST01865,2025-10-02,29.0,Successful,ACH
PAY0013065,INV0013446,CUST01865,2025-11-02,29.0,Successful,Debit Card
PAY0013066,INV0013447,CUST01865,2025-12-08,29.0,Successful,ACH
PAY0013067,INV0013448,CUST01865,2026-01-01,29.0,Successful,Credit Card
PAY0013068,INV0013449,CUST01866,2025-02-28,199.0,Failed,ACH
PAY0013069,INV0013450,CUST01866,2025-04-09,199.0,Successful,Bank Transfer
PAY0013070,INV0013451,CUST01866,2025-05-05,199.0,Failed,Bank Transfer
PAY0013071,INV0013452,CUST01866,2025-05-28,199.0,Successful,Credit Card
PAY0013072,INV0013453,CUST01866,2025-06-30,199.0,Successful,Credit Card
PAY0013073,INV0013454,CUST01866,2025-08-04,199.0,Successful,ACH
PAY0013074,INV0013455,CUST01866,2025-09-07,199.0,Successful,Credit Card
PAY0013075,INV0013456,CUST01866,2025-10-09,199.0,Successful,Bank Transfer
PAY0013076,INV0013457,CUST01866,2025-10-26,199.0,Successful,Bank Transfer
PAY0013077,INV0013458,CUST01866,2025-12-06,199.0,Successful,ACH
PAY0013078,INV0013459,CUST01866,2026-01-07,199.0,Successful,Credit Card
PAY0013079,INV0013460,CUST01867,2025-10-22,199.0,Successful,Debit Card
PAY0013080,INV0013461,CUST01867,2025-11-23,199.0,Successful,ACH
PAY0013081,INV0013462,CUST01867,2025-12-19,199.0,Successful,Debit Card
PAY0013082,INV0013463,CUST01868,2024-10-14,79.0,Successful,Bank Transfer
PAY0013083,INV0013464,CUST01868,2024-11-16,79.0,Successful,Debit Card
PAY0013084,INV0013465,CUST01868,2024-12-16,79.0,Successful,ACH
PAY0013085,INV0013466,CUST01868,2025-01-13,79.0,Successful,ACH
PAY0013086,INV0013467,CUST01868,2025-02-09,79.0,Successful,Debit Card
PAY0013087,INV0013468,CUST01868,2025-03-04,79.0,Failed,Debit Card
PAY0013088,INV0013469,CUST01869,2024-01-13,79.0,Successful,Debit Card
PAY0013089,INV0013470,CUST01869,2024-02-22,79.0,Successful,ACH
PAY0013090,INV0013471,CUST01869,2024-03-17,79.0,Successful,Bank Transfer
PAY0013091,INV0013472,CUST01869,2024-04-13,79.0,Successful,Bank Transfer
PAY0013092,INV0013473,CUST01869,2024-05-12,79.0,Successful,Debit Card
PAY0013093,INV0013474,CUST01869,2024-06-22,79.0,Successful,Bank Transfer
PAY0013094,INV0013475,CUST01869,2024-07-15,79.0,Successful,ACH
PAY0013095,INV0013476,CUST01869,2024-08-09,79.0,Successful,Bank Transfer
PAY0013096,INV0013477,CUST01869,2024-09-16,79.0,Successful,Credit Card
PAY0013097,INV0013478,CUST01869,2024-10-16,79.0,Successful,Credit Card
PAY0013098,INV0013479,CUST01869,2024-11-11,79.0,Successful,Bank Transfer
PAY0013099,INV0013480,CUST01869,2024-12-22,79.0,Successful,Debit Card
PAY0013100,INV0013481,CUST01869,2025-01-09,79.0,Successful,Debit Card
PAY0013101,INV0013482,CUST01869,2025-02-18,79.0,Successful,Credit Card
PAY0013102,INV0013483,CUST01869,2025-03-22,79.0,Successful,Credit Card
PAY0013103,INV0013484,CUST01869,2025-04-16,79.0,Successful,Bank Transfer
PAY0013104,INV0013485,CUST01869,2025-05-19,79.0,Successful,Credit Card
PAY0013105,INV0013486,CUST01869,2025-06-19,79.0,Successful,Debit Card
PAY0013106,INV0013487,CUST01869,2025-07-08,79.0,Successful,Debit Card
PAY0013107,INV0013488,CUST01869,2025-08-08,79.0,Successful,ACH
PAY0013108,INV0013489,CUST01869,2025-09-19,79.0,Successful,ACH
PAY0013109,INV0013490,CUST01869,2025-10-15,79.0,Successful,Credit Card
PAY0013110,INV0013491,CUST01869,2025-11-12,29.0,Successful,Bank Transfer
PAY0013111,INV0013492,CUST01869,2025-12-20,29.0,Failed,ACH
PAY0013112,INV0013493,CUST01870,2024-03-23,29.0,Successful,Credit Card
PAY0013113,INV0013494,CUST01870,2024-04-27,29.0,Successful,Debit Card
PAY0013114,INV0013495,CUST01870,2024-05-15,29.0,Successful,Credit Card
PAY0013115,INV0013496,CUST01870,2024-06-24,29.0,Successful,Debit Card
PAY0013116,INV0013497,CUST01870,2024-07-25,29.0,Successful,Bank Transfer
PAY0013117,INV0013498,CUST01870,2024-08-17,29.0,Successful,Credit Card
PAY0013118,INV0013499,CUST01870,2024-09-27,29.0,Successful,ACH
PAY0013119,INV0013500,CUST01870,2024-10-20,29.0,Successful,ACH
PAY0013120,INV0013501,CUST01870,2024-11-23,29.0,Successful,Debit Card
PAY0013121,INV0013502,CUST01870,2024-12-27,29.0,Successful,Credit Card
PAY0013122,INV0013503,CUST01870,2025-01-21,29.0,Successful,Debit Card
PAY0013123,INV0013504,CUST01870,2025-02-27,29.0,Successful,ACH
PAY0013124,INV0013505,CUST01870,2025-03-22,29.0,Successful,Bank Transfer
PAY0013125,INV0013506,CUST01870,2025-04-21,29.0,Successful,ACH
PAY0013126,INV0013507,CUST01870,2025-05-14,29.0,Successful,Bank Transfer
PAY0013127,INV0013508,CUST01870,2025-06-27,29.0,Successful,Debit Card
PAY0013128,INV0013509,CUST01870,2025-07-27,29.0,Successful,Credit Card
PAY0013129,INV0013510,CUST01870,2025-08-17,29.0,Failed,Bank Transfer
PAY0013130,INV0013511,CUST01870,2025-09-24,29.0,Successful,ACH
PAY0013131,INV0013512,CUST01870,2025-10-16,29.0,Successful,Debit Card
PAY0013132,INV0013513,CUST01870,2025-11-24,29.0,Successful,ACH
PAY0013133,INV0013514,CUST01870,2025-12-27,29.0,Successful,Credit Card
PAY0013134,INV0013515,CUST01871,2025-03-22,29.0,Successful,Bank Transfer
PAY0013135,INV0013516,CUST01871,2025-04-29,29.0,Successful,ACH
PAY0013136,INV0013517,CUST01871,2025-06-01,29.0,Successful,Credit Card
PAY0013137,INV0013518,CUST01871,2025-06-26,29.0,Successful,ACH
PAY0013138,INV0013519,CUST01871,2025-07-28,29.0,Successful,ACH
PAY0013139,INV0013520,CUST01871,2025-08-25,29.0,Successful,ACH
PAY0013140,INV0013521,CUST01871,2025-09-20,29.0,Successful,Credit Card
PAY0013141,INV0013522,CUST01871,2025-10-22,29.0,Successful,ACH
PAY0013142,INV0013523,CUST01871,2025-11-28,29.0,Successful,ACH
PAY0013143,INV0013524,CUST01871,2025-12-27,29.0,Successful,Credit Card
PAY0013144,INV0013525,CUST01872,2024-08-04,29.0,Successful,Credit Card
PAY0013145,INV0013526,CUST01872,2024-08-26,29.0,Successful,Bank Transfer
PAY0013146,INV0013527,CUST01872,2024-09-27,29.0,Successful,Credit Card
PAY0013147,INV0013528,CUST01872,2024-11-02,29.0,Successful,ACH
PAY0013148,INV0013529,CUST01872,2024-12-06,29.0,Successful,Bank Transfer
PAY0013149,INV0013530,CUST01872,2024-12-27,29.0,Successful,Debit Card
PAY0013150,INV0013531,CUST01872,2025-01-26,29.0,Successful,Credit Card
PAY0013151,INV0013532,CUST01872,2025-03-02,29.0,Successful,Credit Card
PAY0013152,INV0013533,CUST01872,2025-03-31,29.0,Successful,Bank Transfer
PAY0013153,INV0013534,CUST01872,2025-05-01,29.0,Successful,ACH
PAY0013154,INV0013535,CUST01872,2025-05-25,29.0,Successful,Bank Transfer
PAY0013155,INV0013536,CUST01872,2025-07-06,29.0,Successful,Bank Transfer
PAY0013156,INV0013537,CUST01873,2025-08-09,79.0,Successful,Debit Card
PAY0013157,INV0013538,CUST01873,2025-09-05,79.0,Successful,ACH
PAY0013158,INV0013539,CUST01873,2025-10-16,79.0,Failed,Debit Card
PAY0013159,INV0013540,CUST01873,2025-11-14,79.0,Successful,Credit Card
PAY0013160,INV0013541,CUST01873,2025-12-11,79.0,Successful,Debit Card
PAY0013161,INV0013542,CUST01874,2024-07-29,295.8,Successful,Debit Card
PAY0013162,INV0013543,CUST01875,2025-10-28,79.0,Successful,Credit Card
PAY0013163,INV0013544,CUST01875,2025-11-19,79.0,Successful,Bank Transfer
PAY0013164,INV0013545,CUST01875,2025-12-28,79.0,Successful,Bank Transfer
PAY0013165,INV0013546,CUST01876,2024-10-14,79.0,Successful,Bank Transfer
PAY0013166,INV0013547,CUST01876,2024-11-14,79.0,Successful,ACH
PAY0013167,INV0013548,CUST01876,2024-12-11,79.0,Successful,Debit Card
PAY0013168,INV0013549,CUST01876,2025-01-18,79.0,Successful,Debit Card
PAY0013169,INV0013550,CUST01876,2025-02-14,199.0,Successful,Credit Card
PAY0013170,INV0013551,CUST01876,2025-03-15,199.0,Successful,ACH
PAY0013171,INV0013552,CUST01876,2025-04-22,199.0,Successful,ACH
PAY0013172,INV0013553,CUST01876,2025-05-20,199.0,Successful,Credit Card
PAY0013173,INV0013554,CUST01876,2025-06-25,199.0,Successful,ACH
PAY0013174,INV0013555,CUST01876,2025-07-12,199.0,Successful,Debit Card
PAY0013175,INV0013556,CUST01876,2025-08-23,199.0,Successful,Bank Transfer
PAY0013176,INV0013557,CUST01876,2025-09-14,199.0,Successful,ACH
PAY0013177,INV0013558,CUST01877,2025-05-24,2029.8,Successful,Debit Card
PAY0013178,INV0013559,CUST01878,2024-01-19,29.0,Successful,Credit Card
PAY0013179,INV0013560,CUST01878,2024-02-16,29.0,Successful,Credit Card
PAY0013180,INV0013561,CUST01878,2024-03-22,29.0,Successful,Debit Card
PAY0013181,INV0013562,CUST01878,2024-04-11,29.0,Successful,Debit Card
PAY0013182,INV0013563,CUST01878,2024-05-21,29.0,Successful,Credit Card
PAY0013183,INV0013564,CUST01878,2024-06-18,29.0,Successful,Bank Transfer
PAY0013184,INV0013565,CUST01878,2024-07-15,29.0,Successful,Debit Card
PAY0013185,INV0013566,CUST01878,2024-08-12,29.0,Failed,Bank Transfer
PAY0013186,INV0013567,CUST01878,2024-09-11,29.0,Successful,Bank Transfer
PAY0013187,INV0013568,CUST01878,2024-10-22,29.0,Successful,Credit Card
PAY0013188,INV0013569,CUST01878,2024-11-10,29.0,Successful,Credit Card
PAY0013189,INV0013570,CUST01878,2024-12-11,29.0,Successful,Bank Transfer
PAY0013190,INV0013571,CUST01878,2025-01-10,29.0,Refunded,ACH
PAY0013191,INV0013572,CUST01878,2025-02-18,29.0,Successful,Debit Card
PAY0013192,INV0013573,CUST01878,2025-03-11,29.0,Successful,ACH
PAY0013193,INV0013574,CUST01878,2025-04-14,29.0,Successful,Credit Card
PAY0013194,INV0013575,CUST01878,2025-05-18,29.0,Successful,Credit Card
PAY0013195,INV0013576,CUST01878,2025-06-22,29.0,Successful,Debit Card
PAY0013196,INV0013578,CUST01878,2025-08-18,29.0,Successful,ACH
PAY0013197,INV0013579,CUST01878,2025-09-15,29.0,Successful,Credit Card
PAY0013198,INV0013580,CUST01878,2025-10-23,29.0,Successful,Credit Card
PAY0013199,INV0013581,CUST01878,2025-11-13,29.0,Successful,Debit Card
PAY0013200,INV0013582,CUST01878,2025-12-15,29.0,Successful,Debit Card
PAY0013201,INV0013583,CUST01879,2024-08-11,199.0,Successful,Bank Transfer
PAY0013202,INV0013584,CUST01879,2024-09-05,199.0,Successful,Credit Card
PAY0013203,INV0013585,CUST01879,2024-10-18,199.0,Successful,ACH
PAY0013204,INV0013586,CUST01879,2024-11-09,199.0,Successful,Bank Transfer
PAY0013205,INV0013587,CUST01879,2024-12-08,199.0,Successful,Bank Transfer
PAY0013206,INV0013588,CUST01879,2025-01-18,199.0,Successful,ACH
PAY0013207,INV0013589,CUST01879,2025-02-10,199.0,Successful,Bank Transfer
PAY0013208,INV0013590,CUST01879,2025-03-05,199.0,Successful,Credit Card
PAY0013209,INV0013591,CUST01879,2025-04-17,199.0,Successful,Debit Card
PAY0013210,INV0013592,CUST01879,2025-05-08,199.0,Successful,Bank Transfer
PAY0013211,INV0013593,CUST01879,2025-06-10,199.0,Successful,Credit Card
PAY0013212,INV0013594,CUST01879,2025-07-15,199.0,Successful,Credit Card
PAY0013213,INV0013595,CUST01879,2025-08-08,199.0,Successful,Credit Card
PAY0013214,INV0013596,CUST01879,2025-09-19,199.0,Successful,Debit Card
PAY0013215,INV0013597,CUST01879,2025-10-10,199.0,Failed,Bank Transfer
PAY0013216,INV0013598,CUST01879,2025-11-13,199.0,Successful,Debit Card
PAY0013217,INV0013599,CUST01879,2025-12-07,199.0,Successful,Debit Card
PAY0013218,INV0013600,CUST01880,2025-05-18,2029.8,Successful,Bank Transfer
PAY0013219,INV0013601,CUST01881,2025-01-28,79.0,Successful,ACH
PAY0013220,INV0013602,CUST01881,2025-02-18,79.0,Successful,Bank Transfer
PAY0013221,INV0013603,CUST01881,2025-03-19,79.0,Successful,Credit Card
PAY0013222,INV0013604,CUST01881,2025-04-20,79.0,Successful,ACH
PAY0013223,INV0013605,CUST01881,2025-05-29,79.0,Successful,Debit Card
PAY0013224,INV0013606,CUST01881,2025-06-19,79.0,Successful,Bank Transfer
PAY0013225,INV0013607,CUST01881,2025-07-26,79.0,Successful,Debit Card
PAY0013226,INV0013608,CUST01881,2025-08-26,79.0,Successful,Credit Card
PAY0013227,INV0013609,CUST01881,2025-09-25,79.0,Successful,Credit Card
PAY0013228,INV0013610,CUST01881,2025-10-20,79.0,Successful,ACH
PAY0013229,INV0013611,CUST01881,2025-11-27,79.0,Successful,Debit Card
PAY0013230,INV0013612,CUST01881,2025-12-20,79.0,Successful,Bank Transfer
PAY0013231,INV0013613,CUST01882,2025-01-07,805.8,Successful,Bank Transfer
PAY0013232,INV0013614,CUST01883,2024-12-11,295.8,Successful,Bank Transfer
PAY0013233,INV0013616,CUST01884,2024-06-02,295.8,Successful,Credit Card
PAY0013234,INV0013617,CUST01885,2025-12-21,79.0,Successful,Bank Transfer
PAY0013235,INV0013618,CUST01886,2025-06-15,79.0,Successful,Bank Transfer
PAY0013236,INV0013619,CUST01886,2025-07-26,79.0,Successful,ACH
PAY0013237,INV0013620,CUST01886,2025-08-26,79.0,Successful,ACH
PAY0013238,INV0013621,CUST01886,2025-09-13,79.0,Successful,ACH
PAY0013239,INV0013622,CUST01886,2025-10-14,79.0,Successful,Credit Card
PAY0013240,INV0013623,CUST01886,2025-11-22,79.0,Successful,Debit Card
PAY0013241,INV0013624,CUST01886,2025-12-19,79.0,Successful,Credit Card
PAY0013242,INV0013625,CUST01887,2024-01-25,79.0,Successful,Credit Card
PAY0013243,INV0013626,CUST01887,2024-02-27,79.0,Successful,ACH
PAY0013244,INV0013627,CUST01887,2024-03-27,79.0,Successful,Debit Card
PAY0013245,INV0013628,CUST01887,2024-04-24,79.0,Successful,Bank Transfer
PAY0013246,INV0013629,CUST01887,2024-05-28,79.0,Successful,Bank Transfer
PAY0013247,INV0013630,CUST01887,2024-06-24,79.0,Successful,Debit Card
PAY0013248,INV0013631,CUST01887,2024-07-29,79.0,Successful,ACH
PAY0013249,INV0013632,CUST01887,2024-08-27,79.0,Successful,Bank Transfer
PAY0013250,INV0013633,CUST01887,2024-09-27,79.0,Successful,Bank Transfer
PAY0013251,INV0013634,CUST01887,2024-10-27,79.0,Successful,Bank Transfer
PAY0013252,INV0013635,CUST01887,2024-11-29,79.0,Successful,Bank Transfer
PAY0013253,INV0013636,CUST01887,2024-12-31,79.0,Successful,Credit Card
PAY0013254,INV0013637,CUST01887,2025-01-20,79.0,Successful,Credit Card
PAY0013255,INV0013638,CUST01887,2025-02-25,79.0,Successful,ACH
PAY0013256,INV0013639,CUST01887,2025-03-20,79.0,Successful,Debit Card
PAY0013257,INV0013640,CUST01887,2025-05-02,79.0,Successful,ACH
PAY0013258,INV0013641,CUST01887,2025-05-20,79.0,Successful,Debit Card
PAY0013259,INV0013642,CUST01887,2025-06-21,79.0,Successful,Credit Card
PAY0013260,INV0013643,CUST01887,2025-08-02,79.0,Failed,Debit Card
PAY0013261,INV0013644,CUST01887,2025-08-28,79.0,Successful,ACH
PAY0013262,INV0013645,CUST01887,2025-09-29,79.0,Successful,ACH
PAY0013263,INV0013647,CUST01887,2025-12-02,79.0,Successful,Bank Transfer
PAY0013264,INV0013648,CUST01887,2026-01-02,79.0,Successful,Debit Card
PAY0013265,INV0013649,CUST01888,2025-12-10,199.0,Successful,Bank Transfer
PAY0013266,INV0013651,CUST01889,2024-12-23,2029.8,Successful,ACH
PAY0013267,INV0013652,CUST01889,2025-12-27,2029.8,Successful,Credit Card
PAY0013268,INV0013653,CUST01890,2025-02-06,199.0,Successful,ACH
PAY0013269,INV0013655,CUST01890,2025-04-12,199.0,Successful,ACH
PAY0013270,INV0013656,CUST01890,2025-04-29,199.0,Successful,Debit Card
PAY0013271,INV0013657,CUST01890,2025-06-09,199.0,Successful,ACH
PAY0013272,INV0013658,CUST01890,2025-07-13,199.0,Successful,Bank Transfer
PAY0013273,INV0013660,CUST01890,2025-08-29,199.0,Successful,Bank Transfer
PAY0013274,INV0013661,CUST01890,2025-10-13,199.0,Successful,ACH
PAY0013275,INV0013662,CUST01890,2025-11-05,199.0,Successful,Bank Transfer
PAY0013276,INV0013663,CUST01890,2025-12-10,199.0,Successful,Debit Card
PAY0013277,INV0013664,CUST01890,2025-12-30,199.0,Successful,Debit Card
PAY0013278,INV0013665,CUST01891,2024-05-20,805.8,Successful,ACH
PAY0013279,INV0013666,CUST01891,2025-05-11,805.8,Successful,Credit Card
PAY0013280,INV0013667,CUST01892,2024-07-02,79.0,Successful,Bank Transfer
PAY0013281,INV0013668,CUST01892,2024-07-22,79.0,Failed,Bank Transfer
PAY0013282,INV0013669,CUST01892,2024-09-05,79.0,Successful,Debit Card
PAY0013283,INV0013670,CUST01892,2024-10-02,79.0,Successful,Bank Transfer
PAY0013284,INV0013671,CUST01892,2024-11-04,79.0,Successful,Credit Card
PAY0013285,INV0013672,CUST01892,2024-11-22,79.0,Successful,ACH
PAY0013286,INV0013673,CUST01892,2025-01-03,79.0,Successful,Credit Card
PAY0013287,INV0013674,CUST01892,2025-02-04,79.0,Failed,Credit Card
PAY0013288,INV0013675,CUST01892,2025-03-06,79.0,Successful,Credit Card
PAY0013289,INV0013676,CUST01892,2025-03-28,79.0,Successful,Debit Card
PAY0013290,INV0013677,CUST01892,2025-05-01,79.0,Refunded,Credit Card
PAY0013291,INV0013678,CUST01892,2025-05-22,79.0,Successful,Credit Card
PAY0013292,INV0013679,CUST01893,2024-09-21,295.8,Successful,Credit Card
PAY0013293,INV0013680,CUST01893,2025-09-16,295.8,Successful,ACH
PAY0013294,INV0013681,CUST01894,2024-04-20,199.0,Failed,Bank Transfer
PAY0013295,INV0013682,CUST01894,2024-05-25,199.0,Successful,Bank Transfer
PAY0013296,INV0013683,CUST01894,2024-06-19,199.0,Successful,Credit Card
PAY0013297,INV0013684,CUST01895,2025-02-01,295.8,Successful,Bank Transfer
PAY0013298,INV0013685,CUST01896,2025-11-20,79.0,Successful,Debit Card
PAY0013299,INV0013686,CUST01896,2025-12-27,79.0,Successful,Debit Card
PAY0013300,INV0013687,CUST01897,2024-04-17,79.0,Successful,ACH
PAY0013301,INV0013688,CUST01897,2024-05-09,79.0,Successful,Bank Transfer
PAY0013302,INV0013689,CUST01897,2024-06-04,79.0,Successful,Bank Transfer
PAY0013303,INV0013690,CUST01897,2024-07-17,79.0,Successful,ACH
PAY0013304,INV0013691,CUST01897,2024-08-07,79.0,Successful,Bank Transfer
PAY0013305,INV0013692,CUST01897,2024-09-03,79.0,Successful,ACH
PAY0013306,INV0013693,CUST01897,2024-10-05,79.0,Successful,Credit Card
PAY0013307,INV0013694,CUST01897,2024-11-13,79.0,Successful,Debit Card
PAY0013308,INV0013695,CUST01897,2024-12-16,79.0,Successful,Credit Card
PAY0013309,INV0013696,CUST01897,2025-01-10,79.0,Successful,ACH
PAY0013310,INV0013697,CUST01897,2025-02-17,79.0,Successful,ACH
PAY0013311,INV0013698,CUST01897,2025-03-07,79.0,Successful,Debit Card
PAY0013312,INV0013699,CUST01897,2025-04-06,79.0,Successful,Debit Card
PAY0013313,INV0013700,CUST01897,2025-05-13,79.0,Successful,ACH
PAY0013314,INV0013701,CUST01897,2025-06-10,79.0,Successful,Credit Card
PAY0013315,INV0013702,CUST01897,2025-07-06,79.0,Successful,Debit Card
PAY0013316,INV0013703,CUST01897,2025-08-17,79.0,Successful,Debit Card
PAY0013317,INV0013704,CUST01897,2025-09-13,79.0,Successful,Debit Card
PAY0013318,INV0013705,CUST01897,2025-10-11,79.0,Successful,Bank Transfer
PAY0013319,INV0013706,CUST01897,2025-11-15,79.0,Successful,ACH
PAY0013320,INV0013707,CUST01897,2025-12-17,79.0,Successful,Bank Transfer
PAY0013321,INV0013708,CUST01898,2025-10-29,2029.8,Successful,Credit Card
PAY0013322,INV0013709,CUST01899,2025-11-15,2029.8,Successful,ACH
PAY0013323,INV0013710,CUST01900,2024-08-30,199.0,Failed,Bank Transfer
PAY0013324,INV0013711,CUST01900,2024-10-10,199.0,Successful,Bank Transfer
PAY0013325,INV0013712,CUST01900,2024-11-02,199.0,Failed,Debit Card
PAY0013326,INV0013713,CUST01900,2024-12-08,199.0,Successful,Bank Transfer
PAY0013327,INV0013714,CUST01900,2024-12-31,199.0,Successful,Credit Card
PAY0013328,INV0013715,CUST01900,2025-02-06,199.0,Refunded,Bank Transfer
PAY0013329,INV0013716,CUST01900,2025-03-05,199.0,Successful,ACH
PAY0013330,INV0013717,CUST01900,2025-04-09,199.0,Successful,ACH
PAY0013331,INV0013718,CUST01900,2025-05-11,199.0,Successful,Bank Transfer
PAY0013332,INV0013719,CUST01900,2025-05-28,199.0,Successful,Bank Transfer
PAY0013333,INV0013720,CUST01900,2025-06-30,199.0,Successful,Bank Transfer
PAY0013334,INV0013721,CUST01900,2025-08-05,199.0,Successful,Debit Card
PAY0013335,INV0013722,CUST01901,2024-04-15,805.8,Successful,Debit Card
PAY0013336,INV0013723,CUST01902,2025-08-22,295.8,Successful,Bank Transfer
PAY0013337,INV0013724,CUST01903,2025-08-20,79.0,Successful,ACH
PAY0013338,INV0013725,CUST01903,2025-09-22,79.0,Successful,Debit Card
PAY0013339,INV0013726,CUST01903,2025-10-18,79.0,Successful,ACH
PAY0013340,INV0013727,CUST01903,2025-11-25,79.0,Successful,ACH
PAY0013341,INV0013728,CUST01903,2025-12-17,79.0,Successful,Credit Card
PAY0013342,INV0013729,CUST01904,2025-02-04,79.0,Successful,ACH
PAY0013343,INV0013730,CUST01904,2025-03-08,79.0,Successful,ACH
PAY0013344,INV0013731,CUST01904,2025-04-16,79.0,Successful,Debit Card
PAY0013345,INV0013732,CUST01904,2025-05-05,79.0,Successful,Debit Card
PAY0013346,INV0013733,CUST01904,2025-06-07,79.0,Successful,Debit Card
PAY0013347,INV0013734,CUST01904,2025-07-08,79.0,Successful,Debit Card
PAY0013348,INV0013735,CUST01904,2025-08-14,79.0,Successful,Bank Transfer
PAY0013349,INV0013736,CUST01904,2025-09-14,79.0,Successful,ACH
PAY0013350,INV0013737,CUST01904,2025-10-16,79.0,Successful,Credit Card
PAY0013351,INV0013738,CUST01904,2025-11-05,79.0,Successful,Credit Card
PAY0013352,INV0013739,CUST01904,2025-12-05,79.0,Successful,Bank Transfer
PAY0013353,INV0013740,CUST01905,2025-06-18,2029.8,Successful,Credit Card
PAY0013354,INV0013741,CUST01906,2024-01-21,29.0,Successful,Credit Card
PAY0013355,INV0013742,CUST01906,2024-02-15,29.0,Successful,Credit Card
PAY0013356,INV0013743,CUST01906,2024-03-16,29.0,Successful,Credit Card
PAY0013357,INV0013744,CUST01906,2024-04-24,29.0,Successful,Credit Card
PAY0013358,INV0013745,CUST01906,2024-05-20,29.0,Successful,Credit Card
PAY0013359,INV0013746,CUST01906,2024-06-19,29.0,Successful,Bank Transfer
PAY0013360,INV0013747,CUST01906,2024-07-20,29.0,Successful,Bank Transfer
PAY0013361,INV0013748,CUST01906,2024-08-20,29.0,Successful,ACH
PAY0013362,INV0013749,CUST01906,2024-09-25,29.0,Successful,Debit Card
PAY0013363,INV0013750,CUST01906,2024-10-23,29.0,Successful,Credit Card
PAY0013364,INV0013751,CUST01906,2024-11-20,29.0,Successful,Credit Card
PAY0013365,INV0013753,CUST01907,2024-08-26,29.0,Successful,Debit Card
PAY0013366,INV0013754,CUST01907,2024-09-27,29.0,Successful,Bank Transfer
PAY0013367,INV0013755,CUST01907,2024-10-25,29.0,Failed,Bank Transfer
PAY0013368,INV0013756,CUST01907,2024-11-22,29.0,Successful,Bank Transfer
PAY0013369,INV0013757,CUST01907,2024-12-23,29.0,Successful,Credit Card
PAY0013370,INV0013758,CUST01907,2025-01-21,29.0,Successful,Debit Card
PAY0013371,INV0013759,CUST01907,2025-02-26,29.0,Successful,Bank Transfer
PAY0013372,INV0013760,CUST01907,2025-03-16,29.0,Successful,Credit Card
PAY0013373,INV0013762,CUST01907,2025-05-24,29.0,Successful,ACH
PAY0013374,INV0013763,CUST01907,2025-06-22,29.0,Successful,Bank Transfer
PAY0013375,INV0013764,CUST01907,2025-07-17,29.0,Successful,Debit Card
PAY0013376,INV0013765,CUST01907,2025-08-27,29.0,Successful,Debit Card
PAY0013377,INV0013766,CUST01907,2025-09-27,29.0,Successful,ACH
PAY0013378,INV0013767,CUST01907,2025-10-27,29.0,Successful,Debit Card
PAY0013379,INV0013768,CUST01907,2025-11-16,29.0,Successful,Credit Card
PAY0013380,INV0013769,CUST01907,2025-12-17,29.0,Successful,Debit Card
PAY0013381,INV0013770,CUST01908,2024-06-10,29.0,Successful,ACH
PAY0013382,INV0013771,CUST01908,2024-07-13,29.0,Successful,ACH
PAY0013383,INV0013772,CUST01908,2024-08-03,29.0,Successful,ACH
PAY0013384,INV0013773,CUST01908,2024-09-04,29.0,Successful,Bank Transfer
PAY0013385,INV0013774,CUST01908,2024-10-02,29.0,Successful,ACH
PAY0013386,INV0013775,CUST01908,2024-11-06,29.0,Successful,Debit Card
PAY0013387,INV0013776,CUST01908,2024-12-12,29.0,Successful,ACH
PAY0013388,INV0013777,CUST01908,2024-12-30,29.0,Successful,ACH
PAY0013389,INV0013778,CUST01908,2025-01-30,79.0,Failed,ACH
PAY0013390,INV0013779,CUST01908,2025-03-10,79.0,Successful,Credit Card
PAY0013391,INV0013780,CUST01908,2025-04-11,79.0,Successful,ACH
PAY0013392,INV0013781,CUST01908,2025-05-04,79.0,Successful,Credit Card
PAY0013393,INV0013782,CUST01909,2025-09-13,79.0,Successful,Bank Transfer
PAY0013394,INV0013783,CUST01909,2025-10-08,79.0,Successful,Bank Transfer
PAY0013395,INV0013784,CUST01909,2025-11-19,79.0,Successful,Debit Card
PAY0013396,INV0013785,CUST01909,2025-12-18,79.0,Successful,Credit Card
PAY0013397,INV0013786,CUST01910,2024-10-22,199.0,Successful,Debit Card
PAY0013398,INV0013787,CUST01910,2024-11-19,199.0,Successful,Debit Card
PAY0013399,INV0013788,CUST01910,2024-12-21,199.0,Successful,ACH
PAY0013400,INV0013789,CUST01910,2025-01-11,199.0,Successful,Bank Transfer
PAY0013401,INV0013790,CUST01910,2025-02-11,199.0,Successful,ACH
PAY0013402,INV0013791,CUST01910,2025-03-13,199.0,Successful,Bank Transfer
PAY0013403,INV0013792,CUST01910,2025-04-09,199.0,Successful,Credit Card
PAY0013404,INV0013793,CUST01910,2025-05-09,199.0,Successful,ACH
PAY0013405,INV0013794,CUST01910,2025-06-11,199.0,Successful,ACH
PAY0013406,INV0013795,CUST01910,2025-07-14,199.0,Successful,ACH
PAY0013407,INV0013796,CUST01910,2025-08-18,199.0,Successful,ACH
PAY0013408,INV0013798,CUST01910,2025-10-12,199.0,Successful,Bank Transfer
PAY0013409,INV0013799,CUST01910,2025-11-15,199.0,Successful,Credit Card
PAY0013410,INV0013800,CUST01910,2025-12-18,199.0,Successful,Debit Card
PAY0013411,INV0013801,CUST01911,2025-06-02,79.0,Successful,Credit Card
PAY0013412,INV0013802,CUST01911,2025-07-06,79.0,Successful,ACH
PAY0013413,INV0013803,CUST01911,2025-08-03,79.0,Successful,Debit Card
PAY0013414,INV0013804,CUST01911,2025-08-24,79.0,Successful,Bank Transfer
PAY0013415,INV0013805,CUST01911,2025-09-28,79.0,Successful,Debit Card
PAY0013416,INV0013806,CUST01911,2025-10-25,79.0,Successful,Bank Transfer
PAY0013417,INV0013808,CUST01911,2026-01-01,79.0,Successful,Debit Card
PAY0013418,INV0013809,CUST01912,2024-06-12,295.8,Successful,Bank Transfer
PAY0013419,INV0013810,CUST01912,2025-06-08,295.8,Successful,Bank Transfer
PAY0013420,INV0013811,CUST01913,2025-12-20,199.0,Successful,Bank Transfer
PAY0013421,INV0013812,CUST01914,2025-02-18,79.0,Successful,Bank Transfer
PAY0013422,INV0013813,CUST01914,2025-03-17,79.0,Successful,Credit Card
PAY0013423,INV0013814,CUST01914,2025-04-12,79.0,Successful,Credit Card
PAY0013424,INV0013815,CUST01914,2025-05-16,79.0,Successful,ACH
PAY0013425,INV0013816,CUST01914,2025-06-17,79.0,Successful,ACH
PAY0013426,INV0013817,CUST01914,2025-07-10,79.0,Successful,Bank Transfer
PAY0013427,INV0013818,CUST01914,2025-08-15,79.0,Successful,Credit Card
PAY0013428,INV0013819,CUST01914,2025-09-07,79.0,Successful,Bank Transfer
PAY0013429,INV0013820,CUST01914,2025-10-17,79.0,Successful,ACH
PAY0013430,INV0013821,CUST01914,2025-11-08,79.0,Successful,Debit Card
PAY0013431,INV0013822,CUST01914,2025-12-06,79.0,Successful,Credit Card
PAY0013432,INV0013823,CUST01915,2024-02-05,79.0,Successful,Debit Card
PAY0013433,INV0013824,CUST01915,2024-03-05,79.0,Successful,Credit Card
PAY0013434,INV0013825,CUST01915,2024-04-06,79.0,Successful,Credit Card
PAY0013435,INV0013826,CUST01915,2024-04-29,79.0,Successful,Debit Card
PAY0013436,INV0013827,CUST01915,2024-05-24,79.0,Successful,Debit Card
PAY0013437,INV0013828,CUST01915,2024-07-02,79.0,Successful,Credit Card
PAY0013438,INV0013829,CUST01915,2024-07-28,79.0,Successful,ACH
PAY0013439,INV0013830,CUST01915,2024-08-28,79.0,Successful,Debit Card
PAY0013440,INV0013831,CUST01915,2024-10-08,79.0,Successful,ACH
PAY0013441,INV0013832,CUST01915,2024-11-06,79.0,Successful,Bank Transfer
PAY0013442,INV0013833,CUST01915,2024-12-01,79.0,Successful,Credit Card
PAY0013443,INV0013834,CUST01915,2024-12-28,79.0,Successful,ACH
PAY0013444,INV0013835,CUST01915,2025-02-01,79.0,Successful,Bank Transfer
PAY0013445,INV0013836,CUST01915,2025-03-08,79.0,Successful,ACH
PAY0013446,INV0013837,CUST01915,2025-04-05,79.0,Successful,Debit Card
PAY0013447,INV0013838,CUST01915,2025-04-27,79.0,Failed,Bank Transfer
PAY0013448,INV0013839,CUST01915,2025-05-31,79.0,Successful,Bank Transfer
PAY0013449,INV0013840,CUST01915,2025-06-24,79.0,Successful,Credit Card
PAY0013450,INV0013841,CUST01915,2025-08-07,79.0,Successful,Credit Card
PAY0013451,INV0013842,CUST01915,2025-08-30,79.0,Successful,Credit Card
PAY0013452,INV0013843,CUST01915,2025-10-03,79.0,Successful,ACH
PAY0013453,INV0013844,CUST01915,2025-11-07,79.0,Successful,Debit Card
PAY0013454,INV0013845,CUST01915,2025-11-24,79.0,Successful,Bank Transfer
PAY0013455,INV0013846,CUST01915,2026-01-06,79.0,Successful,Debit Card
PAY0013456,INV0013847,CUST01916,2025-01-04,29.0,Successful,Bank Transfer
PAY0013457,INV0013848,CUST01916,2025-01-24,29.0,Successful,ACH
PAY0013458,INV0013850,CUST01916,2025-03-23,29.0,Successful,ACH
PAY0013459,INV0013851,CUST01916,2025-04-29,29.0,Successful,Debit Card
PAY0013460,INV0013852,CUST01916,2025-06-04,29.0,Successful,Credit Card
PAY0013461,INV0013853,CUST01916,2025-07-07,29.0,Successful,Debit Card
PAY0013462,INV0013854,CUST01916,2025-08-06,29.0,Successful,Credit Card
PAY0013463,INV0013855,CUST01916,2025-08-26,29.0,Successful,Credit Card
PAY0013464,INV0013856,CUST01916,2025-10-04,29.0,Successful,Debit Card
PAY0013465,INV0013857,CUST01916,2025-11-01,29.0,Successful,Debit Card
PAY0013466,INV0013858,CUST01916,2025-12-06,29.0,Successful,Bank Transfer
PAY0013467,INV0013859,CUST01917,2024-10-19,79.0,Successful,ACH
PAY0013468,INV0013860,CUST01917,2024-12-01,79.0,Successful,Credit Card
PAY0013469,INV0013861,CUST01917,2024-12-22,79.0,Successful,Credit Card
PAY0013470,INV0013862,CUST01917,2025-01-17,79.0,Successful,Bank Transfer
PAY0013471,INV0013863,CUST01917,2025-02-27,79.0,Successful,Debit Card
PAY0013472,INV0013864,CUST01917,2025-03-19,79.0,Successful,Credit Card
PAY0013473,INV0013865,CUST01917,2025-04-27,79.0,Successful,Debit Card
PAY0013474,INV0013866,CUST01917,2025-05-18,79.0,Successful,Bank Transfer
PAY0013475,INV0013867,CUST01917,2025-06-22,79.0,Successful,Credit Card
PAY0013476,INV0013868,CUST01917,2025-07-24,79.0,Successful,Debit Card
PAY0013477,INV0013870,CUST01917,2025-09-29,79.0,Successful,ACH
PAY0013478,INV0013871,CUST01917,2025-10-18,79.0,Successful,Debit Card
PAY0013479,INV0013872,CUST01917,2025-11-29,79.0,Successful,Bank Transfer
PAY0013480,INV0013873,CUST01917,2025-12-29,79.0,Successful,ACH
PAY0013481,INV0013874,CUST01918,2024-04-17,79.0,Successful,ACH
PAY0013482,INV0013876,CUST01918,2024-06-24,79.0,Successful,Bank Transfer
PAY0013483,INV0013877,CUST01918,2024-07-16,79.0,Successful,ACH
PAY0013484,INV0013878,CUST01918,2024-08-13,79.0,Successful,Bank Transfer
PAY0013485,INV0013879,CUST01918,2024-09-11,79.0,Successful,ACH
PAY0013486,INV0013880,CUST01918,2024-10-13,79.0,Successful,Credit Card
PAY0013487,INV0013881,CUST01918,2024-11-13,79.0,Successful,Debit Card
PAY0013488,INV0013882,CUST01918,2024-12-10,79.0,Successful,ACH
PAY0013489,INV0013883,CUST01918,2025-01-21,79.0,Successful,Bank Transfer
PAY0013490,INV0013884,CUST01918,2025-02-18,79.0,Successful,Bank Transfer
PAY0013491,INV0013885,CUST01918,2025-03-21,79.0,Successful,ACH
PAY0013492,INV0013886,CUST01918,2025-04-14,79.0,Successful,Credit Card
PAY0013493,INV0013887,CUST01918,2025-05-24,79.0,Successful,Bank Transfer
PAY0013494,INV0013888,CUST01918,2025-06-18,79.0,Successful,Credit Card
PAY0013495,INV0013889,CUST01918,2025-07-24,79.0,Successful,ACH
PAY0013496,INV0013890,CUST01918,2025-08-17,79.0,Successful,ACH
PAY0013497,INV0013891,CUST01918,2025-09-24,79.0,Successful,Credit Card
PAY0013498,INV0013892,CUST01919,2025-12-29,29.0,Successful,Debit Card
PAY0013499,INV0013893,CUST01920,2025-04-08,29.0,Successful,Credit Card
PAY0013500,INV0013894,CUST01920,2025-05-09,29.0,Successful,Bank Transfer
PAY0013501,INV0013895,CUST01920,2025-06-12,29.0,Successful,Debit Card
PAY0013502,INV0013896,CUST01920,2025-07-11,29.0,Successful,Bank Transfer
PAY0013503,INV0013897,CUST01920,2025-07-30,29.0,Successful,Credit Card
PAY0013504,INV0013898,CUST01920,2025-09-09,29.0,Successful,Debit Card
PAY0013505,INV0013899,CUST01920,2025-10-12,29.0,Successful,Bank Transfer
PAY0013506,INV0013900,CUST01920,2025-11-05,29.0,Successful,Debit Card
PAY0013507,INV0013901,CUST01920,2025-12-10,29.0,Successful,Bank Transfer
PAY0013508,INV0013902,CUST01920,2026-01-04,29.0,Successful,Debit Card
PAY0013509,INV0013903,CUST01921,2024-08-24,805.8,Refunded,Bank Transfer
PAY0013510,INV0013904,CUST01921,2025-08-22,805.8,Refunded,Debit Card
PAY0013511,INV0013905,CUST01922,2025-01-09,79.0,Successful,Bank Transfer
PAY0013512,INV0013906,CUST01922,2025-02-16,79.0,Successful,ACH
PAY0013513,INV0013907,CUST01922,2025-03-07,79.0,Failed,ACH
PAY0013514,INV0013908,CUST01923,2025-01-28,29.0,Successful,Credit Card
PAY0013515,INV0013909,CUST01923,2025-03-04,29.0,Successful,Credit Card
PAY0013516,INV0013910,CUST01923,2025-04-04,29.0,Successful,Credit Card
PAY0013517,INV0013911,CUST01923,2025-04-24,29.0,Successful,Debit Card
PAY0013518,INV0013912,CUST01923,2025-05-31,29.0,Successful,Bank Transfer
PAY0013519,INV0013913,CUST01923,2025-07-02,29.0,Successful,Credit Card
PAY0013520,INV0013914,CUST01923,2025-07-31,29.0,Failed,Bank Transfer
PAY0013521,INV0013915,CUST01923,2025-09-04,29.0,Successful,ACH
PAY0013522,INV0013916,CUST01923,2025-09-29,29.0,Successful,Bank Transfer
PAY0013523,INV0013917,CUST01923,2025-10-29,29.0,Successful,Bank Transfer
PAY0013524,INV0013918,CUST01923,2025-11-29,29.0,Successful,ACH
PAY0013525,INV0013919,CUST01923,2025-12-31,29.0,Successful,Bank Transfer
PAY0013526,INV0013920,CUST01924,2024-03-13,805.8,Successful,Bank Transfer
PAY0013527,INV0013922,CUST01925,2024-05-10,29.0,Successful,ACH
PAY0013528,INV0013923,CUST01925,2024-06-10,29.0,Successful,Credit Card
PAY0013529,INV0013924,CUST01925,2024-07-10,29.0,Successful,Debit Card
PAY0013530,INV0013925,CUST01925,2024-08-10,29.0,Successful,ACH
PAY0013531,INV0013926,CUST01925,2024-09-08,29.0,Successful,Debit Card
PAY0013532,INV0013927,CUST01925,2024-10-13,29.0,Successful,Bank Transfer
PAY0013533,INV0013928,CUST01925,2024-11-13,29.0,Successful,ACH
PAY0013534,INV0013929,CUST01925,2024-12-01,29.0,Successful,Bank Transfer
PAY0013535,INV0013930,CUST01925,2025-01-05,29.0,Successful,Debit Card
PAY0013536,INV0013931,CUST01925,2025-02-14,29.0,Successful,Debit Card
PAY0013537,INV0013932,CUST01925,2025-03-02,29.0,Successful,Debit Card
PAY0013538,INV0013933,CUST01925,2025-04-12,29.0,Successful,Bank Transfer
PAY0013539,INV0013934,CUST01925,2025-04-30,29.0,Successful,Debit Card
PAY0013540,INV0013935,CUST01925,2025-05-31,29.0,Successful,ACH
PAY0013541,INV0013936,CUST01925,2025-07-06,29.0,Successful,Debit Card
PAY0013542,INV0013937,CUST01925,2025-08-08,29.0,Successful,Bank Transfer
PAY0013543,INV0013938,CUST01925,2025-08-30,29.0,Successful,ACH
PAY0013544,INV0013939,CUST01925,2025-10-09,29.0,Successful,Debit Card
PAY0013545,INV0013940,CUST01925,2025-11-07,29.0,Successful,ACH
PAY0013546,INV0013941,CUST01925,2025-12-02,29.0,Successful,Bank Transfer
PAY0013547,INV0013942,CUST01925,2026-01-04,29.0,Successful,Bank Transfer
PAY0013548,INV0013943,CUST01926,2024-06-08,79.0,Successful,Debit Card
PAY0013549,INV0013944,CUST01926,2024-07-12,79.0,Successful,Credit Card
PAY0013550,INV0013945,CUST01926,2024-08-13,79.0,Successful,Credit Card
PAY0013551,INV0013946,CUST01926,2024-09-05,79.0,Successful,Debit Card
PAY0013552,INV0013947,CUST01926,2024-10-06,79.0,Successful,ACH
PAY0013553,INV0013948,CUST01926,2024-11-16,79.0,Successful,Credit Card
PAY0013554,INV0013949,CUST01926,2024-12-16,79.0,Successful,Credit Card
PAY0013555,INV0013950,CUST01926,2025-01-14,79.0,Failed,Debit Card
PAY0013556,INV0013951,CUST01926,2025-02-12,79.0,Successful,Debit Card
PAY0013557,INV0013952,CUST01926,2025-03-06,79.0,Successful,Debit Card
PAY0013558,INV0013953,CUST01926,2025-04-13,79.0,Successful,Credit Card
PAY0013559,INV0013954,CUST01926,2025-05-15,79.0,Successful,ACH
PAY0013560,INV0013956,CUST01927,2024-10-11,29.0,Successful,Bank Transfer
PAY0013561,INV0013957,CUST01927,2024-11-10,29.0,Successful,Credit Card
PAY0013562,INV0013958,CUST01928,2025-11-12,2029.8,Successful,ACH
PAY0013563,INV0013959,CUST01929,2025-04-30,199.0,Successful,Credit Card
PAY0013564,INV0013960,CUST01929,2025-06-03,199.0,Successful,Debit Card
PAY0013565,INV0013961,CUST01929,2025-06-24,199.0,Successful,Debit Card
PAY0013566,INV0013963,CUST01929,2025-08-21,199.0,Successful,ACH
PAY0013567,INV0013964,CUST01929,2025-10-01,199.0,Successful,Bank Transfer
PAY0013568,INV0013965,CUST01929,2025-10-23,199.0,Successful,Credit Card
PAY0013569,INV0013966,CUST01929,2025-12-01,199.0,Successful,Bank Transfer
PAY0013570,INV0013967,CUST01929,2025-12-29,199.0,Successful,ACH
PAY0013571,INV0013968,CUST01930,2025-01-18,295.8,Successful,Bank Transfer
PAY0013572,INV0013969,CUST01931,2025-10-24,295.8,Successful,Bank Transfer
PAY0013573,INV0013970,CUST01932,2024-10-19,2029.8,Successful,Bank Transfer
PAY0013574,INV0013971,CUST01933,2025-02-04,805.8,Successful,Debit Card
PAY0013575,INV0013972,CUST01934,2025-08-14,29.0,Successful,Bank Transfer
PAY0013576,INV0013973,CUST01934,2025-09-19,29.0,Successful,Bank Transfer
PAY0013577,INV0013974,CUST01934,2025-10-10,29.0,Successful,Debit Card
PAY0013578,INV0013975,CUST01934,2025-11-19,29.0,Successful,Credit Card
PAY0013579,INV0013976,CUST01934,2025-12-20,29.0,Successful,Credit Card
PAY0013580,INV0013977,CUST01935,2025-03-04,79.0,Successful,Credit Card
PAY0013581,INV0013978,CUST01935,2025-04-03,79.0,Successful,Bank Transfer
PAY0013582,INV0013979,CUST01935,2025-04-26,79.0,Successful,ACH
PAY0013583,INV0013980,CUST01935,2025-05-22,79.0,Successful,ACH
PAY0013584,INV0013981,CUST01935,2025-06-20,79.0,Successful,Credit Card
PAY0013585,INV0013982,CUST01935,2025-07-28,79.0,Successful,Credit Card
PAY0013586,INV0013983,CUST01935,2025-09-01,79.0,Successful,Bank Transfer
PAY0013587,INV0013984,CUST01935,2025-09-25,79.0,Successful,ACH
PAY0013588,INV0013985,CUST01935,2025-10-21,79.0,Successful,Bank Transfer
PAY0013589,INV0013986,CUST01935,2025-12-01,79.0,Successful,ACH
PAY0013590,INV0013987,CUST01935,2025-12-28,79.0,Successful,ACH
PAY0013591,INV0013988,CUST01936,2024-03-10,79.0,Successful,Credit Card
PAY0013592,INV0013989,CUST01936,2024-04-16,79.0,Successful,Bank Transfer
PAY0013593,INV0013990,CUST01936,2024-05-21,79.0,Successful,Bank Transfer
PAY0013594,INV0013991,CUST01936,2024-06-21,79.0,Successful,Bank Transfer
PAY0013595,INV0013992,CUST01936,2024-07-18,79.0,Successful,ACH
PAY0013596,INV0013993,CUST01936,2024-08-11,79.0,Successful,Bank Transfer
PAY0013597,INV0013994,CUST01936,2024-09-10,29.0,Failed,Debit Card
PAY0013598,INV0013995,CUST01936,2024-10-13,29.0,Successful,Credit Card
PAY0013599,INV0013996,CUST01936,2024-11-08,29.0,Successful,Debit Card
PAY0013600,INV0013997,CUST01936,2024-12-14,29.0,Successful,ACH
PAY0013601,INV0013999,CUST01936,2025-02-13,29.0,Successful,Debit Card
PAY0013602,INV0014000,CUST01937,2024-08-06,79.0,Successful,Credit Card
PAY0013603,INV0014001,CUST01937,2024-09-14,79.0,Successful,ACH
PAY0013604,INV0014002,CUST01937,2024-10-11,79.0,Successful,Debit Card
PAY0013605,INV0014003,CUST01937,2024-11-12,79.0,Successful,Bank Transfer
PAY0013606,INV0014004,CUST01937,2024-12-03,79.0,Successful,ACH
PAY0013607,INV0014005,CUST01937,2025-01-06,79.0,Failed,Debit Card
PAY0013608,INV0014006,CUST01937,2025-02-08,79.0,Successful,Credit Card
PAY0013609,INV0014008,CUST01937,2025-04-03,79.0,Successful,Bank Transfer
PAY0013610,INV0014009,CUST01937,2025-05-09,79.0,Successful,Debit Card
PAY0013611,INV0014010,CUST01937,2025-06-11,79.0,Successful,Bank Transfer
PAY0013612,INV0014011,CUST01937,2025-07-09,79.0,Successful,Debit Card
PAY0013613,INV0014012,CUST01937,2025-08-07,79.0,Successful,Debit Card
PAY0013614,INV0014013,CUST01937,2025-09-09,79.0,Successful,Bank Transfer
PAY0013615,INV0014014,CUST01937,2025-10-07,79.0,Successful,Bank Transfer
PAY0013616,INV0014015,CUST01937,2025-11-10,79.0,Successful,ACH
PAY0013617,INV0014016,CUST01937,2025-12-06,79.0,Successful,Bank Transfer
PAY0013618,INV0014017,CUST01937,2025-12-30,79.0,Successful,Bank Transfer
PAY0013619,INV0014018,CUST01938,2024-01-18,79.0,Successful,ACH
PAY0013620,INV0014019,CUST01938,2024-02-21,79.0,Successful,Debit Card
PAY0013621,INV0014020,CUST01938,2024-03-14,79.0,Successful,ACH
PAY0013622,INV0014021,CUST01938,2024-04-16,79.0,Successful,Credit Card
PAY0013623,INV0014022,CUST01938,2024-05-15,79.0,Successful,Bank Transfer
PAY0013624,INV0014023,CUST01938,2024-06-21,79.0,Successful,Debit Card
PAY0013625,INV0014024,CUST01939,2024-05-14,29.0,Successful,ACH
PAY0013626,INV0014025,CUST01939,2024-06-26,29.0,Successful,Debit Card
PAY0013627,INV0014026,CUST01939,2024-07-14,29.0,Successful,Bank Transfer
PAY0013628,INV0014027,CUST01939,2024-08-13,29.0,Successful,Bank Transfer
PAY0013629,INV0014028,CUST01939,2024-09-19,29.0,Successful,Bank Transfer
PAY0013630,INV0014029,CUST01939,2024-10-20,29.0,Successful,Bank Transfer
PAY0013631,INV0014030,CUST01939,2024-11-15,29.0,Successful,Bank Transfer
PAY0013632,INV0014032,CUST01939,2025-01-21,29.0,Refunded,Bank Transfer
PAY0013633,INV0014033,CUST01939,2025-02-18,29.0,Successful,Debit Card
PAY0013634,INV0014034,CUST01939,2025-03-17,29.0,Successful,Bank Transfer
PAY0013635,INV0014035,CUST01939,2025-04-22,29.0,Successful,ACH
PAY0013636,INV0014036,CUST01940,2024-02-07,79.0,Successful,Debit Card
PAY0013637,INV0014037,CUST01940,2024-03-10,79.0,Successful,Bank Transfer
PAY0013638,INV0014038,CUST01940,2024-04-12,79.0,Successful,ACH
PAY0013639,INV0014039,CUST01940,2024-05-07,79.0,Successful,Bank Transfer
PAY0013640,INV0014040,CUST01940,2024-06-07,79.0,Successful,ACH
PAY0013641,INV0014041,CUST01940,2024-07-20,79.0,Successful,ACH
PAY0013642,INV0014042,CUST01940,2024-08-08,79.0,Successful,Bank Transfer
PAY0013643,INV0014043,CUST01940,2024-09-15,79.0,Successful,Bank Transfer
PAY0013644,INV0014044,CUST01940,2024-10-18,79.0,Successful,ACH
PAY0013645,INV0014045,CUST01940,2024-11-20,79.0,Successful,ACH
PAY0013646,INV0014046,CUST01940,2024-12-14,79.0,Successful,ACH
PAY0013647,INV0014047,CUST01940,2025-01-19,79.0,Successful,Credit Card
PAY0013648,INV0014048,CUST01940,2025-02-18,79.0,Successful,Bank Transfer
PAY0013649,INV0014049,CUST01940,2025-03-16,79.0,Successful,Debit Card
PAY0013650,INV0014050,CUST01940,2025-04-10,79.0,Successful,ACH
PAY0013651,INV0014051,CUST01940,2025-05-20,79.0,Successful,ACH
PAY0013652,INV0014052,CUST01940,2025-06-10,79.0,Successful,Bank Transfer
PAY0013653,INV0014053,CUST01940,2025-07-11,79.0,Successful,Bank Transfer
PAY0013654,INV0014054,CUST01941,2025-07-15,29.0,Successful,ACH
PAY0013655,INV0014055,CUST01941,2025-08-18,29.0,Successful,Bank Transfer
PAY0013656,INV0014056,CUST01941,2025-09-12,29.0,Successful,Bank Transfer
PAY0013657,INV0014057,CUST01941,2025-10-14,29.0,Successful,Bank Transfer
PAY0013658,INV0014058,CUST01941,2025-11-26,29.0,Successful,Credit Card
PAY0013659,INV0014059,CUST01941,2025-12-17,29.0,Successful,Debit Card
PAY0013660,INV0014060,CUST01942,2024-02-18,295.8,Successful,Credit Card
PAY0013661,INV0014061,CUST01942,2025-03-02,295.8,Successful,Credit Card
PAY0013662,INV0014062,CUST01943,2025-11-13,29.0,Successful,Bank Transfer
PAY0013663,INV0014063,CUST01943,2025-12-17,29.0,Successful,Debit Card
PAY0013664,INV0014064,CUST01944,2025-07-01,79.0,Failed,ACH
PAY0013665,INV0014065,CUST01944,2025-07-25,79.0,Successful,Bank Transfer
PAY0013666,INV0014066,CUST01944,2025-08-30,79.0,Failed,Bank Transfer
PAY0013667,INV0014067,CUST01944,2025-10-03,79.0,Successful,Credit Card
PAY0013668,INV0014068,CUST01944,2025-11-02,79.0,Failed,Credit Card
PAY0013669,INV0014069,CUST01944,2025-12-03,79.0,Successful,Credit Card
PAY0013670,INV0014070,CUST01944,2025-12-25,79.0,Successful,ACH
PAY0013671,INV0014071,CUST01945,2025-12-09,79.0,Successful,Debit Card
PAY0013672,INV0014072,CUST01946,2024-07-25,79.0,Successful,ACH
PAY0013673,INV0014073,CUST01946,2024-08-18,79.0,Successful,Debit Card
PAY0013674,INV0014074,CUST01946,2024-09-13,79.0,Successful,ACH
PAY0013675,INV0014075,CUST01946,2024-10-13,79.0,Successful,ACH
PAY0013676,INV0014076,CUST01946,2024-11-26,79.0,Successful,Debit Card
PAY0013677,INV0014077,CUST01946,2024-12-12,79.0,Successful,Credit Card
PAY0013678,INV0014078,CUST01946,2025-01-21,29.0,Successful,Credit Card
PAY0013679,INV0014079,CUST01946,2025-02-17,29.0,Successful,Bank Transfer
PAY0013680,INV0014080,CUST01946,2025-03-23,29.0,Successful,Bank Transfer
PAY0013681,INV0014081,CUST01946,2025-04-15,29.0,Successful,Credit Card
PAY0013682,INV0014082,CUST01946,2025-05-13,29.0,Successful,Bank Transfer
PAY0013683,INV0014083,CUST01946,2025-06-23,29.0,Successful,Credit Card
PAY0013684,INV0014085,CUST01947,2025-10-09,199.0,Successful,Debit Card
PAY0013685,INV0014086,CUST01947,2025-11-11,199.0,Successful,ACH
PAY0013686,INV0014087,CUST01947,2025-12-16,199.0,Successful,Bank Transfer
PAY0013687,INV0014088,CUST01948,2025-10-09,295.8,Successful,Debit Card
PAY0013688,INV0014089,CUST01949,2025-11-11,79.0,Successful,ACH
PAY0013689,INV0014090,CUST01949,2025-12-12,79.0,Successful,ACH
PAY0013690,INV0014091,CUST01949,2026-01-11,79.0,Successful,Credit Card
PAY0013691,INV0014092,CUST01950,2025-11-27,79.0,Successful,Credit Card
PAY0013692,INV0014093,CUST01950,2025-12-30,79.0,Successful,ACH
PAY0013693,INV0014094,CUST01951,2024-03-22,29.0,Successful,ACH
PAY0013694,INV0014095,CUST01951,2024-04-28,29.0,Successful,ACH
PAY0013695,INV0014096,CUST01951,2024-05-14,29.0,Successful,Debit Card
PAY0013696,INV0014097,CUST01952,2025-01-30,199.0,Successful,ACH
PAY0013697,INV0014098,CUST01952,2025-02-26,199.0,Successful,Bank Transfer
PAY0013698,INV0014099,CUST01952,2025-03-17,199.0,Successful,ACH
PAY0013699,INV0014100,CUST01952,2025-04-24,199.0,Successful,Bank Transfer
PAY0013700,INV0014101,CUST01952,2025-05-31,199.0,Successful,Debit Card
PAY0013701,INV0014102,CUST01952,2025-06-30,199.0,Successful,Credit Card
PAY0013702,INV0014103,CUST01952,2025-07-23,199.0,Successful,ACH
PAY0013703,INV0014104,CUST01952,2025-08-23,199.0,Successful,ACH
PAY0013704,INV0014105,CUST01952,2025-10-01,199.0,Successful,Debit Card
PAY0013705,INV0014106,CUST01952,2025-10-17,199.0,Successful,ACH
PAY0013706,INV0014107,CUST01952,2025-11-23,199.0,Successful,ACH
PAY0013707,INV0014108,CUST01952,2025-12-31,199.0,Successful,Credit Card
PAY0013708,INV0014109,CUST01953,2025-03-19,295.8,Successful,ACH
PAY0013709,INV0014110,CUST01954,2025-01-30,805.8,Successful,Debit Card
PAY0013710,INV0014111,CUST01955,2024-05-15,295.8,Successful,Debit Card
PAY0013711,INV0014112,CUST01955,2025-05-22,295.8,Successful,Bank Transfer
PAY0013712,INV0014113,CUST01956,2024-12-11,29.0,Successful,Credit Card
PAY0013713,INV0014114,CUST01956,2025-01-09,29.0,Successful,Credit Card
PAY0013714,INV0014115,CUST01956,2025-02-16,29.0,Successful,Bank Transfer
PAY0013715,INV0014116,CUST01956,2025-03-04,29.0,Successful,Credit Card
PAY0013716,INV0014117,CUST01956,2025-04-10,29.0,Successful,ACH
PAY0013717,INV0014118,CUST01956,2025-05-18,29.0,Successful,ACH
PAY0013718,INV0014119,CUST01956,2025-06-14,29.0,Successful,Debit Card
PAY0013719,INV0014122,CUST01956,2025-09-04,29.0,Successful,Bank Transfer
PAY0013720,INV0014123,CUST01956,2025-10-06,29.0,Successful,Bank Transfer
PAY0013721,INV0014124,CUST01956,2025-11-14,29.0,Successful,Credit Card
PAY0013722,INV0014125,CUST01956,2025-12-17,29.0,Successful,Credit Card
PAY0013723,INV0014126,CUST01957,2024-06-07,79.0,Successful,ACH
PAY0013724,INV0014127,CUST01957,2024-07-02,79.0,Successful,Credit Card
PAY0013725,INV0014128,CUST01957,2024-08-05,79.0,Successful,Debit Card
PAY0013726,INV0014129,CUST01957,2024-09-01,79.0,Successful,ACH
PAY0013727,INV0014130,CUST01957,2024-10-12,79.0,Successful,ACH
PAY0013728,INV0014131,CUST01957,2024-11-13,79.0,Successful,Bank Transfer
PAY0013729,INV0014132,CUST01958,2025-01-30,79.0,Failed,ACH
PAY0013730,INV0014133,CUST01958,2025-02-22,79.0,Failed,ACH
PAY0013731,INV0014134,CUST01958,2025-03-31,79.0,Successful,Debit Card
PAY0013732,INV0014135,CUST01958,2025-04-27,79.0,Successful,ACH
PAY0013733,INV0014136,CUST01958,2025-05-22,79.0,Successful,ACH
PAY0013734,INV0014137,CUST01958,2025-07-02,79.0,Successful,ACH
PAY0013735,INV0014138,CUST01958,2025-07-23,79.0,Successful,Credit Card
PAY0013736,INV0014139,CUST01958,2025-08-29,79.0,Successful,ACH
PAY0013737,INV0014140,CUST01958,2025-10-03,79.0,Successful,ACH
PAY0013738,INV0014141,CUST01958,2025-10-30,79.0,Successful,Credit Card
PAY0013739,INV0014142,CUST01958,2025-12-04,79.0,Successful,Credit Card
PAY0013740,INV0014143,CUST01958,2025-12-26,79.0,Successful,Credit Card
PAY0013741,INV0014144,CUST01959,2024-05-17,79.0,Successful,ACH
PAY0013742,INV0014145,CUST01959,2024-06-08,79.0,Failed,Bank Transfer
PAY0013743,INV0014146,CUST01959,2024-07-13,79.0,Successful,Bank Transfer
PAY0013744,INV0014147,CUST01959,2024-08-15,79.0,Successful,ACH
PAY0013745,INV0014148,CUST01959,2024-09-12,79.0,Successful,Debit Card
PAY0013746,INV0014149,CUST01959,2024-10-17,79.0,Successful,Debit Card
PAY0013747,INV0014150,CUST01959,2024-11-19,79.0,Successful,Bank Transfer
PAY0013748,INV0014151,CUST01959,2024-12-16,79.0,Successful,Credit Card
PAY0013749,INV0014152,CUST01959,2025-01-10,79.0,Successful,Debit Card
PAY0013750,INV0014153,CUST01959,2025-02-19,79.0,Successful,Bank Transfer
PAY0013751,INV0014154,CUST01959,2025-03-13,79.0,Successful,ACH
PAY0013752,INV0014155,CUST01959,2025-04-11,79.0,Successful,Credit Card
PAY0013753,INV0014156,CUST01959,2025-05-13,79.0,Successful,Bank Transfer
PAY0013754,INV0014157,CUST01959,2025-06-15,79.0,Successful,Bank Transfer
PAY0013755,INV0014158,CUST01959,2025-07-12,79.0,Successful,Credit Card
PAY0013756,INV0014159,CUST01959,2025-08-19,79.0,Successful,Credit Card
PAY0013757,INV0014160,CUST01959,2025-09-08,79.0,Successful,Credit Card
PAY0013758,INV0014161,CUST01959,2025-10-10,79.0,Successful,Credit Card
PAY0013759,INV0014162,CUST01960,2024-04-15,2029.8,Successful,Debit Card
PAY0013760,INV0014163,CUST01960,2025-04-12,2029.8,Successful,ACH
PAY0013761,INV0014164,CUST01961,2025-08-01,79.0,Successful,Debit Card
PAY0013762,INV0014165,CUST01961,2025-08-30,79.0,Successful,Credit Card
PAY0013763,INV0014166,CUST01961,2025-09-25,79.0,Successful,Bank Transfer
PAY0013764,INV0014167,CUST01961,2025-11-02,79.0,Successful,ACH
PAY0013765,INV0014168,CUST01961,2025-11-27,79.0,Successful,ACH
PAY0013766,INV0014169,CUST01961,2025-12-20,79.0,Successful,ACH
PAY0013767,INV0014170,CUST01962,2024-12-02,199.0,Successful,Credit Card
PAY0013768,INV0014171,CUST01962,2024-12-26,199.0,Successful,Credit Card
PAY0013769,INV0014172,CUST01962,2025-01-25,199.0,Successful,Debit Card
PAY0013770,INV0014173,CUST01962,2025-02-28,199.0,Successful,Bank Transfer
PAY0013771,INV0014174,CUST01962,2025-03-27,199.0,Successful,Credit Card
PAY0013772,INV0014175,CUST01962,2025-04-30,199.0,Successful,ACH
PAY0013773,INV0014176,CUST01962,2025-05-27,199.0,Successful,Credit Card
PAY0013774,INV0014177,CUST01962,2025-06-26,199.0,Successful,Credit Card
PAY0013775,INV0014178,CUST01962,2025-08-01,199.0,Successful,Credit Card
PAY0013776,INV0014179,CUST01962,2025-08-24,199.0,Successful,Bank Transfer
PAY0013777,INV0014180,CUST01962,2025-09-30,199.0,Successful,Credit Card
PAY0013778,INV0014181,CUST01962,2025-11-04,199.0,Successful,Bank Transfer
PAY0013779,INV0014182,CUST01962,2025-12-06,199.0,Successful,Bank Transfer
PAY0013780,INV0014183,CUST01962,2026-01-05,199.0,Successful,ACH
PAY0013781,INV0014184,CUST01963,2025-05-07,29.0,Successful,ACH
PAY0013782,INV0014185,CUST01963,2025-06-04,29.0,Successful,ACH
PAY0013783,INV0014186,CUST01963,2025-07-05,29.0,Successful,Credit Card
PAY0013784,INV0014187,CUST01963,2025-08-08,29.0,Successful,ACH
PAY0013785,INV0014188,CUST01963,2025-09-07,29.0,Successful,Bank Transfer
PAY0013786,INV0014189,CUST01963,2025-10-12,29.0,Successful,Credit Card
PAY0013787,INV0014190,CUST01963,2025-11-05,29.0,Successful,Credit Card
PAY0013788,INV0014191,CUST01963,2025-12-18,29.0,Failed,Credit Card
PAY0013789,INV0014192,CUST01964,2025-11-12,29.0,Successful,ACH
PAY0013790,INV0014193,CUST01964,2025-12-06,29.0,Successful,ACH
PAY0013791,INV0014194,CUST01965,2024-03-05,199.0,Successful,ACH
PAY0013792,INV0014195,CUST01965,2024-04-06,199.0,Successful,Bank Transfer
PAY0013793,INV0014196,CUST01965,2024-05-01,199.0,Successful,Bank Transfer
PAY0013794,INV0014197,CUST01965,2024-05-31,199.0,Successful,Credit Card
PAY0013795,INV0014198,CUST01965,2024-07-03,199.0,Refunded,ACH
PAY0013796,INV0014199,CUST01965,2024-08-02,199.0,Successful,Credit Card
PAY0013797,INV0014200,CUST01966,2025-12-04,2029.8,Successful,Debit Card
PAY0013798,INV0014201,CUST01967,2025-01-09,29.0,Successful,Debit Card
PAY0013799,INV0014202,CUST01967,2025-01-29,29.0,Successful,Credit Card
PAY0013800,INV0014203,CUST01967,2025-03-01,29.0,Successful,Bank Transfer
PAY0013801,INV0014204,CUST01968,2025-06-23,29.0,Failed,Credit Card
PAY0013802,INV0014205,CUST01968,2025-07-24,29.0,Successful,ACH
PAY0013803,INV0014206,CUST01968,2025-08-29,29.0,Successful,Credit Card
PAY0013804,INV0014207,CUST01968,2025-10-01,29.0,Successful,Debit Card
PAY0013805,INV0014208,CUST01968,2025-10-18,29.0,Successful,Bank Transfer
PAY0013806,INV0014209,CUST01968,2025-11-20,29.0,Successful,Bank Transfer
PAY0013807,INV0014210,CUST01969,2024-11-12,29.0,Successful,Debit Card
PAY0013808,INV0014211,CUST01969,2024-12-18,29.0,Successful,Credit Card
PAY0013809,INV0014212,CUST01969,2025-01-12,29.0,Successful,Bank Transfer
PAY0013810,INV0014213,CUST01969,2025-02-14,29.0,Successful,ACH
PAY0013811,INV0014214,CUST01969,2025-03-14,29.0,Successful,Debit Card
PAY0013812,INV0014215,CUST01969,2025-04-21,29.0,Successful,ACH
PAY0013813,INV0014216,CUST01969,2025-05-12,29.0,Successful,ACH
PAY0013814,INV0014217,CUST01969,2025-06-18,29.0,Successful,Debit Card
PAY0013815,INV0014218,CUST01969,2025-07-22,29.0,Successful,Debit Card
PAY0013816,INV0014219,CUST01969,2025-08-14,29.0,Successful,Bank Transfer
PAY0013817,INV0014220,CUST01969,2025-09-15,29.0,Successful,Bank Transfer
PAY0013818,INV0014221,CUST01969,2025-10-20,29.0,Failed,Bank Transfer
PAY0013819,INV0014222,CUST01970,2024-03-24,79.0,Successful,ACH
PAY0013820,INV0014224,CUST01970,2024-05-23,79.0,Successful,Bank Transfer
PAY0013821,INV0014225,CUST01970,2024-07-02,79.0,Successful,Credit Card
PAY0013822,INV0014226,CUST01970,2024-07-26,79.0,Successful,ACH
PAY0013823,INV0014227,CUST01970,2024-08-30,79.0,Successful,Debit Card
PAY0013824,INV0014228,CUST01970,2024-10-04,79.0,Successful,Debit Card
PAY0013825,INV0014229,CUST01970,2024-10-20,79.0,Successful,Debit Card
PAY0013826,INV0014230,CUST01970,2024-11-28,79.0,Successful,ACH
PAY0013827,INV0014231,CUST01970,2024-12-29,79.0,Successful,Debit Card
PAY0013828,INV0014232,CUST01970,2025-01-29,79.0,Successful,ACH
PAY0013829,INV0014233,CUST01970,2025-03-06,79.0,Successful,Debit Card
PAY0013830,INV0014234,CUST01970,2025-03-21,79.0,Successful,ACH
PAY0013831,INV0014235,CUST01970,2025-04-25,79.0,Successful,ACH
PAY0013832,INV0014236,CUST01970,2025-05-27,79.0,Successful,ACH
PAY0013833,INV0014237,CUST01970,2025-06-22,79.0,Successful,ACH
PAY0013834,INV0014238,CUST01970,2025-07-23,79.0,Successful,Bank Transfer
PAY0013835,INV0014239,CUST01970,2025-08-26,79.0,Successful,Bank Transfer
PAY0013836,INV0014240,CUST01971,2024-04-11,29.0,Successful,Credit Card
PAY0013837,INV0014242,CUST01971,2024-05-29,29.0,Successful,Bank Transfer
PAY0013838,INV0014243,CUST01971,2024-07-01,29.0,Successful,ACH
PAY0013839,INV0014244,CUST01971,2024-08-01,29.0,Successful,Debit Card
PAY0013840,INV0014245,CUST01971,2024-09-02,29.0,Successful,ACH
PAY0013841,INV0014246,CUST01972,2025-03-18,79.0,Successful,Debit Card
PAY0013842,INV0014247,CUST01972,2025-04-25,79.0,Successful,Debit Card
PAY0013843,INV0014248,CUST01972,2025-05-13,79.0,Successful,ACH
PAY0013844,INV0014249,CUST01972,2025-06-14,79.0,Failed,Debit Card
PAY0013845,INV0014250,CUST01972,2025-07-22,79.0,Successful,ACH
PAY0013846,INV0014251,CUST01972,2025-08-12,79.0,Successful,Bank Transfer
PAY0013847,INV0014252,CUST01972,2025-09-15,79.0,Successful,Bank Transfer
PAY0013848,INV0014253,CUST01972,2025-10-11,79.0,Successful,Bank Transfer
PAY0013849,INV0014254,CUST01972,2025-11-22,79.0,Successful,Debit Card
PAY0013850,INV0014255,CUST01972,2025-12-15,79.0,Successful,ACH
PAY0013851,INV0014256,CUST01973,2025-06-17,79.0,Successful,Credit Card
PAY0013852,INV0014257,CUST01973,2025-07-26,79.0,Refunded,Credit Card
PAY0013853,INV0014258,CUST01973,2025-08-26,79.0,Successful,Credit Card
PAY0013854,INV0014259,CUST01973,2025-09-26,79.0,Successful,Debit Card
PAY0013855,INV0014260,CUST01973,2025-10-17,79.0,Successful,Credit Card
PAY0013856,INV0014261,CUST01973,2025-11-25,79.0,Successful,Debit Card
PAY0013857,INV0014262,CUST01973,2025-12-14,79.0,Successful,ACH
PAY0013858,INV0014263,CUST01974,2025-02-22,2029.8,Successful,Bank Transfer
PAY0013859,INV0014264,CUST01975,2025-03-22,199.0,Successful,Debit Card
PAY0013860,INV0014265,CUST01975,2025-04-16,199.0,Successful,Bank Transfer
PAY0013861,INV0014266,CUST01975,2025-05-22,199.0,Failed,ACH
PAY0013862,INV0014267,CUST01975,2025-06-21,199.0,Successful,Bank Transfer
PAY0013863,INV0014268,CUST01975,2025-07-20,199.0,Successful,Credit Card
PAY0013864,INV0014269,CUST01975,2025-08-22,199.0,Successful,Credit Card
PAY0013865,INV0014270,CUST01975,2025-09-18,199.0,Successful,Debit Card
PAY0013866,INV0014271,CUST01975,2025-10-14,199.0,Successful,Bank Transfer
PAY0013867,INV0014272,CUST01975,2025-11-17,199.0,Successful,Bank Transfer
PAY0013868,INV0014273,CUST01975,2025-12-12,199.0,Successful,Bank Transfer
PAY0013869,INV0014274,CUST01976,2025-09-23,29.0,Successful,Credit Card
PAY0013870,INV0014275,CUST01976,2025-10-28,29.0,Successful,ACH
PAY0013871,INV0014276,CUST01976,2025-11-23,29.0,Successful,Debit Card
PAY0013872,INV0014277,CUST01977,2024-07-07,29.0,Successful,ACH
PAY0013873,INV0014278,CUST01977,2024-07-31,29.0,Successful,Bank Transfer
PAY0013874,INV0014279,CUST01977,2024-09-10,29.0,Successful,Bank Transfer
PAY0013875,INV0014280,CUST01977,2024-10-13,29.0,Successful,Debit Card
PAY0013876,INV0014281,CUST01977,2024-11-02,29.0,Failed,Debit Card
PAY0013877,INV0014282,CUST01977,2024-12-13,29.0,Successful,Bank Transfer
PAY0013878,INV0014283,CUST01977,2024-12-30,29.0,Successful,ACH
PAY0013879,INV0014284,CUST01977,2025-02-12,29.0,Successful,Bank Transfer
PAY0013880,INV0014285,CUST01977,2025-03-10,29.0,Successful,Debit Card
PAY0013881,INV0014286,CUST01977,2025-03-30,29.0,Successful,Credit Card
PAY0013882,INV0014287,CUST01977,2025-05-09,29.0,Successful,Bank Transfer
PAY0013883,INV0014288,CUST01977,2025-05-30,29.0,Successful,Credit Card
PAY0013884,INV0014289,CUST01977,2025-07-09,29.0,Failed,Debit Card
PAY0013885,INV0014290,CUST01977,2025-08-03,29.0,Successful,Bank Transfer
PAY0013886,INV0014291,CUST01977,2025-09-03,29.0,Successful,Bank Transfer
PAY0013887,INV0014292,CUST01977,2025-10-13,29.0,Successful,Bank Transfer
PAY0013888,INV0014293,CUST01977,2025-11-01,29.0,Successful,Bank Transfer
PAY0013889,INV0014294,CUST01977,2025-12-13,29.0,Successful,Bank Transfer
PAY0013890,INV0014295,CUST01978,2024-02-29,79.0,Successful,ACH
PAY0013891,INV0014296,CUST01978,2024-04-05,79.0,Successful,Debit Card
PAY0013892,INV0014298,CUST01978,2024-06-06,79.0,Successful,Bank Transfer
PAY0013893,INV0014299,CUST01978,2024-07-06,79.0,Successful,ACH
PAY0013894,INV0014300,CUST01978,2024-07-27,79.0,Successful,Debit Card
PAY0013895,INV0014301,CUST01978,2024-09-06,79.0,Successful,ACH
PAY0013896,INV0014302,CUST01978,2024-09-27,79.0,Successful,Credit Card
PAY0013897,INV0014303,CUST01978,2024-11-06,79.0,Successful,Bank Transfer
PAY0013898,INV0014305,CUST01978,2025-01-06,79.0,Successful,Credit Card
PAY0013899,INV0014306,CUST01978,2025-02-04,79.0,Successful,ACH
PAY0013900,INV0014307,CUST01979,2024-12-13,199.0,Successful,ACH
PAY0013901,INV0014308,CUST01979,2025-01-22,199.0,Successful,Debit Card
PAY0013902,INV0014309,CUST01979,2025-02-26,199.0,Successful,Debit Card
PAY0013903,INV0014310,CUST01979,2025-03-15,199.0,Successful,ACH
PAY0013904,INV0014311,CUST01979,2025-04-25,199.0,Successful,Credit Card
PAY0013905,INV0014312,CUST01979,2025-05-24,199.0,Successful,Bank Transfer
PAY0013906,INV0014313,CUST01979,2025-06-27,199.0,Successful,Credit Card
PAY0013907,INV0014314,CUST01979,2025-07-27,199.0,Successful,Credit Card
PAY0013908,INV0014315,CUST01979,2025-08-13,199.0,Successful,Credit Card
PAY0013909,INV0014316,CUST01979,2025-09-25,199.0,Successful,Credit Card
PAY0013910,INV0014317,CUST01979,2025-10-18,199.0,Successful,ACH
PAY0013911,INV0014318,CUST01979,2025-11-27,199.0,Successful,Debit Card
PAY0013912,INV0014319,CUST01979,2025-12-20,199.0,Successful,Debit Card
PAY0013913,INV0014320,CUST01980,2024-11-05,79.0,Successful,Debit Card
PAY0013914,INV0014321,CUST01980,2024-11-29,79.0,Successful,Debit Card
PAY0013915,INV0014322,CUST01980,2024-12-31,79.0,Successful,Debit Card
PAY0013916,INV0014323,CUST01980,2025-01-29,79.0,Successful,Debit Card
PAY0013917,INV0014324,CUST01980,2025-02-28,79.0,Successful,Bank Transfer
PAY0013918,INV0014325,CUST01980,2025-04-08,79.0,Successful,ACH
PAY0013919,INV0014326,CUST01980,2025-05-09,79.0,Successful,Bank Transfer
PAY0013920,INV0014327,CUST01980,2025-06-04,79.0,Successful,ACH
PAY0013921,INV0014328,CUST01980,2025-07-09,79.0,Successful,Bank Transfer
PAY0013922,INV0014329,CUST01980,2025-07-30,79.0,Successful,Debit Card
PAY0013923,INV0014330,CUST01980,2025-09-07,79.0,Successful,Bank Transfer
PAY0013924,INV0014331,CUST01980,2025-09-27,79.0,Failed,Credit Card
PAY0013925,INV0014332,CUST01981,2025-10-17,79.0,Successful,Debit Card
PAY0013926,INV0014333,CUST01981,2025-11-21,79.0,Successful,Credit Card
PAY0013927,INV0014334,CUST01981,2025-12-23,79.0,Successful,Credit Card
PAY0013928,INV0014335,CUST01982,2025-04-27,2029.8,Failed,Credit Card
PAY0013929,INV0014336,CUST01983,2024-01-21,29.0,Successful,Credit Card
PAY0013930,INV0014337,CUST01983,2024-02-18,29.0,Successful,Credit Card
PAY0013931,INV0014338,CUST01983,2024-03-18,29.0,Successful,Credit Card
PAY0013932,INV0014340,CUST01983,2024-05-11,29.0,Successful,Bank Transfer
PAY0013933,INV0014341,CUST01983,2024-06-22,29.0,Successful,ACH
PAY0013934,INV0014342,CUST01983,2024-07-11,29.0,Successful,Bank Transfer
PAY0013935,INV0014343,CUST01983,2024-08-22,29.0,Successful,ACH
PAY0013936,INV0014344,CUST01983,2024-09-11,29.0,Successful,Bank Transfer
PAY0013937,INV0014345,CUST01983,2024-10-16,29.0,Successful,ACH
PAY0013938,INV0014346,CUST01983,2024-11-09,29.0,Successful,Credit Card
PAY0013939,INV0014347,CUST01983,2024-12-13,29.0,Successful,Debit Card
PAY0013940,INV0014348,CUST01983,2025-01-22,29.0,Successful,Debit Card
PAY0013941,INV0014349,CUST01983,2025-02-14,29.0,Successful,Bank Transfer
PAY0013942,INV0014350,CUST01983,2025-03-20,29.0,Successful,Credit Card
PAY0013943,INV0014351,CUST01983,2025-04-22,29.0,Successful,Credit Card
PAY0013944,INV0014352,CUST01983,2025-05-17,29.0,Successful,Debit Card
PAY0013945,INV0014353,CUST01983,2025-06-16,29.0,Successful,ACH
PAY0013946,INV0014354,CUST01984,2024-01-13,29.0,Successful,Debit Card
PAY0013947,INV0014356,CUST01984,2024-03-10,29.0,Failed,Credit Card
PAY0013948,INV0014357,CUST01984,2024-04-17,29.0,Successful,ACH
PAY0013949,INV0014358,CUST01984,2024-05-08,29.0,Successful,ACH
PAY0013950,INV0014359,CUST01984,2024-06-17,29.0,Successful,Bank Transfer
PAY0013951,INV0014360,CUST01984,2024-07-08,29.0,Successful,ACH
PAY0013952,INV0014361,CUST01984,2024-08-21,29.0,Successful,ACH
PAY0013953,INV0014363,CUST01984,2024-10-12,79.0,Successful,Debit Card
PAY0013954,INV0014364,CUST01984,2024-11-21,79.0,Successful,Debit Card
PAY0013955,INV0014365,CUST01984,2024-12-15,79.0,Successful,Debit Card
PAY0013956,INV0014366,CUST01985,2024-01-20,29.0,Successful,Debit Card
PAY0013957,INV0014367,CUST01985,2024-02-20,29.0,Successful,ACH
PAY0013958,INV0014368,CUST01985,2024-03-18,29.0,Successful,Debit Card
PAY0013959,INV0014369,CUST01985,2024-04-14,29.0,Successful,Credit Card
PAY0013960,INV0014370,CUST01985,2024-05-18,29.0,Failed,Bank Transfer
PAY0013961,INV0014371,CUST01985,2024-06-17,29.0,Successful,Debit Card
PAY0013962,INV0014372,CUST01986,2025-03-08,199.0,Successful,Credit Card
PAY0013963,INV0014373,CUST01986,2025-03-25,199.0,Successful,ACH
PAY0013964,INV0014374,CUST01986,2025-05-03,199.0,Successful,Bank Transfer
PAY0013965,INV0014375,CUST01986,2025-05-25,199.0,Successful,Debit Card
PAY0013966,INV0014376,CUST01986,2025-07-05,199.0,Failed,Debit Card
PAY0013967,INV0014377,CUST01986,2025-08-03,199.0,Successful,Credit Card
PAY0013968,INV0014378,CUST01986,2025-09-04,199.0,Successful,Bank Transfer
PAY0013969,INV0014379,CUST01986,2025-10-05,199.0,Successful,Bank Transfer
PAY0013970,INV0014380,CUST01986,2025-10-27,199.0,Successful,Debit Card
PAY0013971,INV0014381,CUST01986,2025-11-27,199.0,Successful,Bank Transfer
PAY0013972,INV0014382,CUST01986,2025-12-29,199.0,Successful,ACH
PAY0013973,INV0014383,CUST01987,2024-08-27,29.0,Successful,Bank Transfer
PAY0013974,INV0014384,CUST01987,2024-09-26,29.0,Successful,ACH
PAY0013975,INV0014385,CUST01987,2024-10-30,29.0,Successful,Debit Card
PAY0013976,INV0014386,CUST01987,2024-11-28,29.0,Successful,Debit Card
PAY0013977,INV0014387,CUST01987,2025-01-03,29.0,Successful,Debit Card
PAY0013978,INV0014388,CUST01987,2025-01-22,29.0,Successful,Debit Card
PAY0013979,INV0014389,CUST01987,2025-03-05,29.0,Successful,Debit Card
PAY0013980,INV0014390,CUST01987,2025-03-26,29.0,Successful,Bank Transfer
PAY0013981,INV0014391,CUST01987,2025-04-29,29.0,Successful,ACH
PAY0013982,INV0014392,CUST01987,2025-05-24,29.0,Successful,ACH
PAY0013983,INV0014393,CUST01987,2025-07-01,29.0,Successful,Bank Transfer
PAY0013984,INV0014394,CUST01987,2025-07-26,29.0,Successful,Debit Card
PAY0013985,INV0014395,CUST01987,2025-08-29,29.0,Successful,Debit Card
PAY0013986,INV0014396,CUST01987,2025-10-03,29.0,Successful,Debit Card
PAY0013987,INV0014397,CUST01987,2025-10-28,29.0,Successful,ACH
PAY0013988,INV0014398,CUST01987,2025-11-21,29.0,Successful,Credit Card
PAY0013989,INV0014399,CUST01987,2025-12-29,29.0,Successful,Bank Transfer
PAY0013990,INV0014401,CUST01988,2024-08-15,79.0,Successful,Debit Card
PAY0013991,INV0014402,CUST01988,2024-09-11,79.0,Successful,Bank Transfer
PAY0013992,INV0014403,CUST01989,2025-11-04,295.8,Successful,ACH
PAY0013993,INV0014404,CUST01990,2024-01-07,79.0,Successful,Credit Card
PAY0013994,INV0014405,CUST01990,2024-02-20,79.0,Successful,Debit Card
PAY0013995,INV0014406,CUST01990,2024-03-18,79.0,Successful,Credit Card
PAY0013996,INV0014408,CUST01990,2024-05-21,79.0,Successful,Credit Card
PAY0013997,INV0014409,CUST01990,2024-06-17,79.0,Successful,Debit Card
PAY0013998,INV0014410,CUST01990,2024-07-17,79.0,Successful,ACH
PAY0013999,INV0014411,CUST01990,2024-08-20,79.0,Successful,Credit Card
PAY0014000,INV0014412,CUST01990,2024-09-09,79.0,Successful,Debit Card
PAY0014001,INV0014413,CUST01990,2024-10-07,79.0,Successful,Debit Card
PAY0014002,INV0014414,CUST01990,2024-11-19,79.0,Successful,ACH
PAY0014003,INV0014415,CUST01990,2024-12-09,79.0,Successful,ACH
PAY0014004,INV0014417,CUST01990,2025-02-10,79.0,Successful,Bank Transfer
PAY0014005,INV0014418,CUST01990,2025-03-14,79.0,Successful,Debit Card
PAY0014006,INV0014419,CUST01990,2025-04-17,79.0,Successful,Debit Card
PAY0014007,INV0014420,CUST01990,2025-05-14,79.0,Successful,Bank Transfer
PAY0014008,INV0014421,CUST01990,2025-06-20,199.0,Successful,Bank Transfer
PAY0014009,INV0014422,CUST01991,2024-07-28,79.0,Successful,ACH
PAY0014010,INV0014423,CUST01991,2024-08-23,79.0,Successful,Bank Transfer
PAY0014011,INV0014424,CUST01991,2024-09-18,79.0,Successful,ACH
PAY0014012,INV0014425,CUST01991,2024-10-20,79.0,Successful,ACH
PAY0014013,INV0014426,CUST01991,2024-11-28,79.0,Successful,Credit Card
PAY0014014,INV0014427,CUST01991,2024-12-15,79.0,Successful,ACH
PAY0014015,INV0014428,CUST01991,2025-01-23,79.0,Successful,Bank Transfer
PAY0014016,INV0014429,CUST01991,2025-02-16,79.0,Successful,Credit Card
PAY0014017,INV0014431,CUST01991,2025-04-28,79.0,Failed,ACH
PAY0014018,INV0014432,CUST01991,2025-05-24,79.0,Successful,Credit Card
PAY0014019,INV0014433,CUST01991,2025-06-28,79.0,Successful,Credit Card
PAY0014020,INV0014434,CUST01991,2025-07-15,79.0,Successful,Bank Transfer
PAY0014021,INV0014435,CUST01991,2025-08-17,79.0,Successful,Credit Card
PAY0014022,INV0014436,CUST01991,2025-09-14,79.0,Successful,ACH
PAY0014023,INV0014437,CUST01991,2025-10-19,79.0,Successful,ACH
PAY0014024,INV0014438,CUST01991,2025-11-27,79.0,Successful,Bank Transfer
PAY0014025,INV0014439,CUST01991,2025-12-27,79.0,Successful,Credit Card
PAY0014026,INV0014440,CUST01992,2024-02-11,79.0,Successful,ACH
PAY0014027,INV0014441,CUST01992,2024-03-04,79.0,Successful,Bank Transfer
PAY0014028,INV0014443,CUST01992,2024-05-06,79.0,Successful,Bank Transfer
PAY0014029,INV0014444,CUST01992,2024-06-07,79.0,Successful,ACH
PAY0014030,INV0014445,CUST01992,2024-07-04,79.0,Successful,Bank Transfer
PAY0014031,INV0014446,CUST01992,2024-08-06,79.0,Successful,Debit Card
PAY0014032,INV0014447,CUST01992,2024-09-17,79.0,Successful,Bank Transfer
PAY0014033,INV0014448,CUST01992,2024-10-07,79.0,Successful,Debit Card
PAY0014034,INV0014449,CUST01992,2024-11-17,79.0,Successful,Bank Transfer
PAY0014035,INV0014450,CUST01992,2024-12-08,79.0,Successful,Credit Card
PAY0014036,INV0014451,CUST01992,2025-01-05,79.0,Successful,Debit Card
PAY0014037,INV0014452,CUST01992,2025-02-04,79.0,Successful,Debit Card
PAY0014038,INV0014453,CUST01992,2025-03-11,79.0,Successful,Credit Card
PAY0014039,INV0014454,CUST01992,2025-04-15,79.0,Successful,Bank Transfer
PAY0014040,INV0014455,CUST01992,2025-05-11,79.0,Successful,Bank Transfer
PAY0014041,INV0014456,CUST01992,2025-06-06,79.0,Successful,Credit Card
PAY0014042,INV0014457,CUST01992,2025-07-04,79.0,Successful,Debit Card
PAY0014043,INV0014458,CUST01992,2025-08-13,79.0,Successful,ACH
PAY0014044,INV0014459,CUST01992,2025-09-16,79.0,Successful,ACH
PAY0014045,INV0014460,CUST01992,2025-10-16,79.0,Successful,ACH
PAY0014046,INV0014461,CUST01992,2025-11-17,79.0,Successful,Credit Card
PAY0014047,INV0014462,CUST01992,2025-12-09,79.0,Refunded,Debit Card
PAY0014048,INV0014463,CUST01993,2024-05-07,199.0,Successful,ACH
PAY0014049,INV0014464,CUST01993,2024-06-11,199.0,Successful,Debit Card
PAY0014050,INV0014465,CUST01993,2024-07-02,199.0,Successful,ACH
PAY0014051,INV0014466,CUST01993,2024-08-10,199.0,Successful,Debit Card
PAY0014052,INV0014467,CUST01993,2024-09-07,199.0,Successful,Credit Card
PAY0014053,INV0014468,CUST01993,2024-10-15,199.0,Successful,Credit Card
PAY0014054,INV0014469,CUST01993,2024-11-03,199.0,Successful,Debit Card
PAY0014055,INV0014470,CUST01993,2024-12-16,199.0,Successful,ACH
PAY0014056,INV0014471,CUST01993,2025-01-10,199.0,Successful,Bank Transfer
PAY0014057,INV0014472,CUST01993,2025-02-10,199.0,Successful,Debit Card
PAY0014058,INV0014473,CUST01993,2025-03-10,199.0,Successful,Bank Transfer
PAY0014059,INV0014474,CUST01993,2025-04-09,199.0,Successful,ACH
PAY0014060,INV0014475,CUST01994,2024-11-29,29.0,Successful,ACH
PAY0014061,INV0014476,CUST01994,2024-12-29,29.0,Successful,Credit Card
PAY0014062,INV0014477,CUST01994,2025-02-06,29.0,Successful,Credit Card
PAY0014063,INV0014478,CUST01994,2025-03-12,29.0,Successful,ACH
PAY0014064,INV0014479,CUST01994,2025-03-31,29.0,Successful,Credit Card
PAY0014065,INV0014480,CUST01994,2025-05-03,29.0,Successful,Credit Card
PAY0014066,INV0014481,CUST01994,2025-06-02,29.0,Successful,Bank Transfer
PAY0014067,INV0014482,CUST01994,2025-07-08,29.0,Successful,ACH
PAY0014068,INV0014483,CUST01994,2025-08-01,29.0,Successful,Credit Card
PAY0014069,INV0014484,CUST01994,2025-09-12,29.0,Successful,Bank Transfer
PAY0014070,INV0014485,CUST01994,2025-10-10,29.0,Successful,Debit Card
PAY0014071,INV0014486,CUST01994,2025-11-03,29.0,Failed,ACH
PAY0014072,INV0014487,CUST01994,2025-12-04,29.0,Successful,Credit Card
PAY0014073,INV0014488,CUST01994,2025-12-29,29.0,Successful,Bank Transfer
PAY0014074,INV0014489,CUST01995,2024-05-28,199.0,Successful,Bank Transfer
PAY0014075,INV0014490,CUST01995,2024-06-29,199.0,Successful,Credit Card
PAY0014076,INV0014491,CUST01995,2024-07-26,199.0,Successful,ACH
PAY0014077,INV0014492,CUST01995,2024-08-19,199.0,Successful,Debit Card
PAY0014078,INV0014493,CUST01995,2024-09-15,199.0,Successful,Bank Transfer
PAY0014079,INV0014494,CUST01995,2024-10-19,199.0,Successful,Credit Card
PAY0014080,INV0014495,CUST01995,2024-11-23,199.0,Successful,Bank Transfer
PAY0014081,INV0014496,CUST01995,2024-12-18,199.0,Successful,ACH
PAY0014082,INV0014497,CUST01995,2025-01-15,199.0,Successful,Bank Transfer
PAY0014083,INV0014498,CUST01995,2025-03-01,199.0,Successful,Bank Transfer
PAY0014084,INV0014499,CUST01995,2025-03-27,199.0,Successful,Bank Transfer
PAY0014085,INV0014500,CUST01995,2025-04-25,199.0,Successful,Debit Card
PAY0014086,INV0014501,CUST01996,2024-06-23,79.0,Successful,Credit Card
PAY0014087,INV0014502,CUST01996,2024-07-19,79.0,Successful,ACH
PAY0014088,INV0014503,CUST01996,2024-08-16,79.0,Successful,Debit Card
PAY0014089,INV0014504,CUST01997,2024-02-25,29.0,Successful,Credit Card
PAY0014090,INV0014506,CUST01997,2024-05-08,29.0,Successful,Bank Transfer
PAY0014091,INV0014507,CUST01997,2024-06-01,29.0,Successful,Debit Card
PAY0014092,INV0014508,CUST01997,2024-06-26,29.0,Successful,ACH
PAY0014093,INV0014509,CUST01997,2024-08-02,79.0,Successful,ACH
PAY0014094,INV0014510,CUST01997,2024-08-28,79.0,Successful,Credit Card
PAY0014095,INV0014511,CUST01997,2024-09-28,79.0,Successful,ACH
PAY0014096,INV0014512,CUST01997,2024-10-25,79.0,Successful,Debit Card
PAY0014097,INV0014513,CUST01997,2024-11-29,79.0,Successful,ACH
PAY0014098,INV0014514,CUST01997,2025-01-07,79.0,Successful,Credit Card
PAY0014099,INV0014515,CUST01997,2025-01-29,79.0,Successful,Bank Transfer
PAY0014100,INV0014516,CUST01998,2025-03-26,79.0,Successful,Credit Card
PAY0014101,INV0014517,CUST01998,2025-05-04,79.0,Successful,Credit Card
PAY0014102,INV0014518,CUST01998,2025-05-21,79.0,Successful,Credit Card
PAY0014103,INV0014519,CUST01998,2025-07-01,79.0,Successful,Debit Card
PAY0014104,INV0014520,CUST01998,2025-07-30,79.0,Successful,Debit Card
PAY0014105,INV0014521,CUST01998,2025-09-04,79.0,Successful,ACH
PAY0014106,INV0014522,CUST01998,2025-09-26,79.0,Successful,Bank Transfer
PAY0014107,INV0014523,CUST01998,2025-10-26,79.0,Failed,Debit Card
PAY0014108,INV0014524,CUST01998,2025-12-04,79.0,Successful,ACH
PAY0014109,INV0014525,CUST01998,2026-01-03,79.0,Successful,Credit Card
PAY0014110,INV0014526,CUST01999,2024-09-21,79.0,Successful,Debit Card
PAY0014111,INV0014527,CUST01999,2024-10-24,79.0,Successful,ACH
PAY0014112,INV0014528,CUST01999,2024-11-13,79.0,Successful,Bank Transfer
PAY0014113,INV0014529,CUST01999,2024-12-14,79.0,Successful,Credit Card
PAY0014114,INV0014530,CUST01999,2025-01-11,79.0,Successful,Debit Card
PAY0014115,INV0014531,CUST01999,2025-02-20,199.0,Successful,Debit Card
PAY0014116,INV0014532,CUST02000,2024-10-29,295.8,Failed,Credit Card
PAY0014117,INV0014533,CUST02000,2025-10-29,295.8,Successful,Bank Transfer
