event_id,subscription_id,customer_id,event_date,event_type,old_plan_id,new_plan_id,old_mrr,new_mrr
EVT000001,SUB00001,CUST00001,2024-09-07,NEW,,PLAN001,0.0,29.0
EVT000002,SUB00001,CUST00001,2025-09-02,CANCELLATION,PLAN001,,29.0,0.0
EVT000003,SUB00002,CUST00002,2025-08-27,NEW,,PLAN002,0.0,79.0
EVT000004,SUB00002,CUST00002,2025-08-27,UPGRADE,PLAN002,PLAN003,79.0,199.0
EVT000005,SUB00003,CUST00003,2025-06-01,NEW,,PLAN001,0.0,29.0
EVT000006,SUB00003,CUST00003,2025-08-30,CANCELLATION,PLAN001,,29.0,0.0
EVT000007,SUB00004,CUST00004,2024-08-13,NEW,,PLAN001,0.0,29.0
EVT000008,SUB00004,CUST00004,2025-02-09,CANCELLATION,PLAN001,,29.0,0.0
EVT000009,SUB00005,CUST00005,2024-06-12,NEW,,PLAN002,0.0,79.0
EVT000010,SUB00006,CUST00006,2024-12-10,NEW,,PLAN001,0.0,29.0
EVT000011,SUB00007,CUST00007,2025-09-10,NEW,,PLAN001,0.0,29.0
EVT000012,SUB00007,CUST00007,2025-09-10,UPGRADE,PLAN001,PLAN002,29.0,79.0
EVT000013,SUB00008,CUST00008,2025-01-22,NEW,,PLAN002,0.0,79.0
EVT000014,SUB00008,CUST00008,2025-06-30,UPGRADE,PLAN002,PLAN003,79.0,199.0
EVT000015,SUB00009,CUST00009,2025-08-14,NEW,,PLAN002,0.0,79.0
EVT000016,SUB00010,CUST00010,2024-10-23,NEW,,PLAN001,0.0,29.0
EVT000017,SUB00010,CUST00010,2025-10-18,CANCELLATION,PLAN001,,29.0,0.0
EVT000018,SUB00011,CUST00011,2025-01-24,NEW,,PLAN002,0.0,79.0
EVT000019,SUB00012,CUST00012,2025-01-14,NEW,,PLAN002,0.0,79.0
EVT000020,SUB00012,CUST00012,2025-04-14,CANCELLATION,PLAN002,,79.0,0.0
EVT000021,SUB00013,CUST00013,2025-09-15,NEW,,PLAN001,0.0,29.0
EVT000022,SUB00014,CUST00014,2025-04-18,NEW,,PLAN001,0.0,29.0
EVT000023,SUB00015,CUST00015,2025-12-02,NEW,,PLAN002,0.0,79.0
EVT000024,SUB00016,CUST00016,2024-02-02,NEW,,PLAN002,0.0,79.0
EVT000025,SUB00016,CUST00016,2025-03-26,DOWNGRADE,PLAN002,PLAN001,79.0,29.0
EVT000026,SUB00016,CUST00016,2025-07-26,CANCELLATION,PLAN002,,79.0,0.0
EVT000027,SUB00017,CUST00017,2025-08-03,NEW,,PLAN001,0.0,29.0
EVT000028,SUB00018,CUST00018,2025-02-09,NEW,,PLAN001,0.0,29.0
EVT000029,SUB00019,CUST00019,2024-05-22,NEW,,PLAN001,0.0,29.0
EVT000030,SUB00019,CUST00019,2024-05-22,UPGRADE,PLAN001,PLAN002,29.0,79.0
EVT000031,SUB00020,CUST00020,2025-08-20,NEW,,PLAN002,0.0,79.0
EVT000032,SUB00020,CUST00020,2025-11-18,CANCELLATION,PLAN002,,79.0,0.0
EVT000033,SUB00021,CUST00021,2025-06-05,NEW,,PLAN002,0.0,79.0
EVT000034,SUB00022,CUST00022,2024-06-05,NEW,,PLAN002,0.0,79.0
EVT000035,SUB00022,CUST00022,2024-08-23,UPGRADE,PLAN002,PLAN003,79.0,199.0
EVT000036,SUB00022,CUST00022,2025-11-27,CANCELLATION,PLAN002,,79.0,0.0
EVT000037,SUB00023,CUST00023,2025-01-29,NEW,,PLAN003,0.0,199.0
EVT000038,SUB00024,CUST00024,2025-11-27,NEW,,PLAN001,0.0,29.0
EVT000039,SUB00024,CUST00024,2025-11-27,UPGRADE,PLAN001,PLAN002,29.0,79.0
EVT000040,SUB00025,CUST00025,2025-10-18,NEW,,PLAN003,0.0,199.0
EVT000041,SUB00026,CUST00026,2024-01-04,NEW,,PLAN001,0.0,29.0
EVT000042,SUB00026,CUST00026,2024-12-29,CANCELLATION,PLAN001,,29.0,0.0
EVT000043,SUB00027,CUST00027,2025-06-03,NEW,,PLAN001,0.0,29.0
EVT000044,SUB00027,CUST00027,2025-06-03,UPGRADE,PLAN001,PLAN002,29.0,79.0
EVT000045,SUB00028,CUST00028,2024-06-05,NEW,,PLAN002,0.0,79.0
EVT000046,SUB00028,CUST00028,2024-09-03,CANCELLATION,PLAN002,,79.0,0.0
EVT000047,SUB00029,CUST00029,2025-09-05,NEW,,PLAN003,0.0,199.0
EVT000048,SUB00030,CUST00030,2024-11-10,NEW,,PLAN002,0.0,79.0
EVT000049,SUB00031,CUST00031,2024-03-28,NEW,,PLAN003,0.0,199.0
EVT000050,SUB00031,CUST00031,2025-03-23,CANCELLATION,PLAN003,,199.0,0.0
EVT000051,SUB00032,CUST00032,2024-05-11,NEW,,PLAN001,0.0,29.0
EVT000052,SUB00032,CUST00032,2024-10-04,UPGRADE,PLAN001,PLAN002,29.0,79.0
EVT000053,SUB00033,CUST00033,2024-08-04,NEW,,PLAN002,0.0,79.0
EVT000054,SUB00033,CUST00033,2025-07-30,CANCELLATION,PLAN002,,79.0,0.0
EVT000055,SUB00034,CUST00034,2025-12-31,NEW,,PLAN003,0.0,199.0
EVT000056,SUB00035,CUST00035,2025-06-13,NEW,,PLAN002,0.0,79.0
EVT000057,SUB00036,CUST00036,2024-01-22,NEW,,PLAN001,0.0,29.0
EVT000058,SUB00036,CUST00036,2025-07-15,CANCELLATION,PLAN001,,29.0,0.0
EVT000059,SUB00037,CUST00037,2024-03-13,NEW,,PLAN002,0.0,79.0
EVT000060,SUB00038,CUST00038,2024-12-04,NEW,,PLAN002,0.0,79.0
EVT000061,SUB00038,CUST00038,2025-11-29,CANCELLATION,PLAN002,,79.0,0.0
EVT000062,SUB00039,CUST00039,2024-08-07,NEW,,PLAN002,0.0,79.0
EVT000063,SUB00039,CUST00039,2025-02-03,CANCELLATION,PLAN002,,79.0,0.0
EVT000064,SUB00040,CUST00040,2024-09-05,NEW,,PLAN002,0.0,79.0
EVT000065,SUB00040,CUST00040,2024-09-05,UPGRADE,PLAN002,PLAN003,79.0,199.0
EVT000066,SUB00041,CUST00041,2024-04-09,NEW,,PLAN001,0.0,29.0
EVT000067,SUB00041,CUST00041,2025-10-01,CANCELLATION,PLAN001,,29.0,0.0
EVT000068,SUB00042,CUST00042,2024-02-25,NEW,,PLAN002,0.0,79.0
EVT000069,SUB00042,CUST00042,2024-08-23,CANCELLATION,PLAN002,,79.0,0.0
EVT000070,SUB00043,CUST00043,2024-12-13,NEW,,PLAN002,0.0,79.0
EVT000071,SUB00044,CUST00044,2025-07-03,NEW,,PLAN001,0.0,29.0
EVT000072,SUB00044,CUST00044,2025-07-03,UPGRADE,PLAN001,PLAN002,29.0,79.0
EVT000073,SUB00045,CUST00045,2024-09-12,NEW,,PLAN001,0.0,29.0
EVT000074,SUB00045,CUST00045,2025-09-07,CANCELLATION,PLAN001,,29.0,0.0
EVT000075,SUB00046,CUST00046,2024-02-21,NEW,,PLAN001,0.0,29.0
EVT000076,SUB00046,CUST00046,2024-05-21,CANCELLATION,PLAN001,,29.0,0.0
EVT000077,SUB00047,CUST00047,2024-08-30,NEW,,PLAN001,0.0,29.0
EVT000078,SUB00047,CUST00047,2024-08-30,UPGRADE,PLAN001,PLAN002,29.0,79.0
EVT000079,SUB00048,CUST00048,2024-03-01,NEW,,PLAN001,0.0,29.0
EVT000080,SUB00048,CUST00048,2025-08-23,CANCELLATION,PLAN001,,29.0,0.0
EVT000081,SUB00049,CUST00049,2025-04-10,NEW,,PLAN002,0.0,79.0
EVT000082,SUB00050,CUST00050,2024-06-07,NEW,,PLAN003,0.0,199.0
EVT000083,SUB00051,CUST00051,2024-11-17,NEW,,PLAN002,0.0,79.0
EVT000084,SUB00051,CUST00051,2025-11-12,CANCELLATION,PLAN002,,79.0,0.0
EVT000085,SUB00052,CUST00052,2024-02-28,NEW,,PLAN001,0.0,29.0
EVT000086,SUB00053,CUST00053,2025-09-01,NEW,,PLAN002,0.0,79.0
EVT000087,SUB00054,CUST00054,2025-08-06,NEW,,PLAN002,0.0,79.0
EVT000088,SUB00055,CUST00055,2025-03-05,NEW,,PLAN001,0.0,29.0
EVT000089,SUB00056,CUST00056,2024-07-28,NEW,,PLAN001,0.0,29.0
EVT000090,SUB00057,CUST00057,2024-05-14,NEW,,PLAN001,0.0,29.0
EVT000091,SUB00058,CUST00058,2024-01-10,NEW,,PLAN002,0.0,79.0
EVT000092,SUB00058,CUST00058,2025-11-28,UPGRADE,PLAN002,PLAN003,79.0,199.0
EVT000093,SUB00059,CUST00059,2025-07-04,NEW,,PLAN002,0.0,79.0
EVT000094,SUB00060,CUST00060,2024-03-11,NEW,,PLAN001,0.0,29.0
EVT000095,SUB00060,CUST00060,2025-01-22,UPGRADE,PLAN001,PLAN002,29.0,79.0
EVT000096,SUB00061,CUST00061,2025-07-10,NEW,,PLAN001,0.0,29.0
EVT000097,SUB00062,CUST00062,2025-11-14,NEW,,PLAN003,0.0,199.0
EVT000098,SUB00063,CUST00063,2024-05-17,NEW,,PLAN003,0.0,199.0
EVT000099,SUB00063,CUST00063,2024-11-13,CANCELLATION,PLAN003,,199.0,0.0
EVT000100,SUB00064,CUST00064,2024-10-05,NEW,,PLAN003,0.0,199.0
EVT000101,SUB00065,CUST00065,2025-12-04,NEW,,PLAN002,0.0,79.0
EVT000102,SUB00066,CUST00066,2024-02-22,NEW,,PLAN001,0.0,29.0
EVT000103,SUB00067,CUST00067,2024-01-04,NEW,,PLAN001,0.0,29.0
EVT000104,SUB00067,CUST00067,2025-02-23,UPGRADE,PLAN001,PLAN002,29.0,79.0
EVT000105,SUB00067,CUST00067,2025-06-27,CANCELLATION,PLAN001,,29.0,0.0
EVT000106,SUB00068,CUST00068,2024-06-14,NEW,,PLAN001,0.0,29.0
EVT000107,SUB00068,CUST00068,2024-06-14,UPGRADE,PLAN001,PLAN002,29.0,79.0
EVT000108,SUB00069,CUST00069,2024-04-24,NEW,,PLAN001,0.0,29.0
EVT000109,SUB00069,CUST00069,2025-10-16,CANCELLATION,PLAN001,,29.0,0.0
EVT000110,SUB00070,CUST00070,2025-01-13,NEW,,PLAN003,0.0,199.0
EVT000111,SUB00071,CUST00071,2024-11-11,NEW,,PLAN001,0.0,29.0
EVT000112,SUB00071,CUST00071,2025-11-06,CANCELLATION,PLAN001,,29.0,0.0
EVT000113,SUB00072,CUST00072,2025-01-01,NEW,,PLAN003,0.0,199.0
EVT000114,SUB00073,CUST00073,2025-07-27,NEW,,PLAN001,0.0,29.0
EVT000115,SUB00074,CUST00074,2024-08-30,NEW,,PLAN003,0.0,199.0
EVT000116,SUB00074,CUST00074,2025-02-26,CANCELLATION,PLAN003,,199.0,0.0
EVT000117,SUB00075,CUST00075,2024-01-26,NEW,,PLAN003,0.0,199.0
EVT000118,SUB00076,CUST00076,2025-11-16,NEW,,PLAN002,0.0,79.0
EVT000119,SUB00077,CUST00077,2025-12-19,NEW,,PLAN002,0.0,79.0
EVT000120,SUB00077,CUST00077,2025-12-19,DOWNGRADE,PLAN002,PLAN001,79.0,29.0
EVT000121,SUB00078,CUST00078,2024-08-15,NEW,,PLAN002,0.0,79.0
EVT000122,SUB00079,CUST00079,2024-08-16,NEW,,PLAN001,0.0,29.0
EVT000123,SUB00080,CUST00080,2024-03-12,NEW,,PLAN001,0.0,29.0
EVT000124,SUB00080,CUST00080,2024-05-09,UPGRADE,PLAN001,PLAN002,29.0,79.0
EVT000125,SUB00080,CUST00080,2024-09-08,CANCELLATION,PLAN001,,29.0,0.0
EVT000126,SUB00081,CUST00081,2025-11-26,NEW,,PLAN001,0.0,29.0
EVT000127,SUB00081,CUST00081,2025-11-26,UPGRADE,PLAN001,PLAN002,29.0,79.0
EVT000128,SUB00082,CUST00082,2024-04-28,NEW,,PLAN001,0.0,29.0
EVT000129,SUB00082,CUST00082,2025-04-23,CANCELLATION,PLAN001,,29.0,0.0
EVT000130,SUB00083,CUST00083,2024-02-09,NEW,,PLAN002,0.0,79.0
EVT000131,SUB00083,CUST00083,2024-08-07,CANCELLATION,PLAN002,,79.0,0.0
EVT000132,SUB00084,CUST00084,2025-03-22,NEW,,PLAN001,0.0,29.0
EVT000133,SUB00085,CUST00085,2024-09-17,NEW,,PLAN001,0.0,29.0
EVT000134,SUB00086,CUST00086,2025-01-07,NEW,,PLAN001,0.0,29.0
EVT000135,SUB00086,CUST00086,2025-04-07,CANCELLATION,PLAN001,,29.0,0.0
EVT000136,SUB00087,CUST00087,2025-11-10,NEW,,PLAN003,0.0,199.0
EVT000137,SUB00088,CUST00088,2025-11-13,NEW,,PLAN003,0.0,199.0
EVT000138,SUB00089,CUST00089,2024-07-15,NEW,,PLAN001,0.0,29.0
EVT000139,SUB00090,CUST00090,2025-09-22,NEW,,PLAN002,0.0,79.0
EVT000140,SUB00091,CUST00091,2024-11-07,NEW,,PLAN001,0.0,29.0
EVT000141,SUB00091,CUST00091,2025-01-17,UPGRADE,PLAN001,PLAN002,29.0,79.0
EVT000142,SUB00092,CUST00092,2025-04-21,NEW,,PLAN003,0.0,199.0
EVT000143,SUB00093,CUST00093,2024-06-22,NEW,,PLAN001,0.0,29.0
EVT000144,SUB00094,CUST00094,2024-04-05,NEW,,PLAN003,0.0,199.0
EVT000145,SUB00095,CUST00095,2024-08-18,NEW,,PLAN001,0.0,29.0
EVT000146,SUB00095,CUST00095,2024-09-26,UPGRADE,PLAN001,PLAN002,29.0,79.0
EVT000147,SUB00096,CUST00096,2025-05-01,NEW,,PLAN002,0.0,79.0
EVT000148,SUB00096,CUST00096,2025-05-01,UPGRADE,PLAN002,PLAN003,79.0,199.0
EVT000149,SUB00097,CUST00097,2025-10-06,NEW,,PLAN001,0.0,29.0
EVT000150,SUB00098,CUST00098,2025-02-13,NEW,,PLAN003,0.0,199.0
EVT000151,SUB00099,CUST00099,2025-03-11,NEW,,PLAN002,0.0,79.0
EVT000152,SUB00099,CUST00099,2025-03-11,UPGRADE,PLAN002,PLAN003,79.0,199.0
EVT000153,SUB00100,CUST00100,2024-02-21,NEW,,PLAN002,0.0,79.0
EVT000154,SUB00100,CUST00100,2024-08-19,CANCELLATION,PLAN002,,79.0,0.0
EVT000155,SUB00101,CUST00101,2025-04-20,NEW,,PLAN002,0.0,79.0
EVT000156,SUB00101,CUST00101,2025-04-20,DOWNGRADE,PLAN002,PLAN001,79.0,29.0
EVT000157,SUB00102,CUST00102,2025-09-19,NEW,,PLAN002,0.0,79.0
EVT000158,SUB00103,CUST00103,2024-06-11,NEW,,PLAN001,0.0,29.0
EVT000159,SUB00104,CUST00104,2025-10-14,NEW,,PLAN001,0.0,29.0
EVT000160,SUB00105,CUST00105,2024-10-08,NEW,,PLAN001,0.0,29.0
EVT000161,SUB00106,CUST00106,2024-12-09,NEW,,PLAN001,0.0,29.0
EVT000162,SUB00106,CUST00106,2025-12-04,CANCELLATION,PLAN001,,29.0,0.0
EVT000163,SUB00107,CUST00107,2024-08-24,NEW,,PLAN001,0.0,29.0
EVT000164,SUB00107,CUST00107,2024-08-24,UPGRADE,PLAN001,PLAN002,29.0,79.0
EVT000165,SUB00108,CUST00108,2025-02-28,NEW,,PLAN001,0.0,29.0
EVT000166,SUB00109,CUST00109,2024-07-30,NEW,,PLAN002,0.0,79.0
EVT000167,SUB00110,CUST00110,2025-08-12,NEW,,PLAN003,0.0,199.0
EVT000168,SUB00111,CUST00111,2025-02-03,NEW,,PLAN002,0.0,79.0
EVT000169,SUB00112,CUST00112,2025-05-14,NEW,,PLAN002,0.0,79.0
EVT000170,SUB00113,CUST00113,2024-12-10,NEW,,PLAN001,0.0,29.0
EVT000171,SUB00113,CUST00113,2025-12-05,CANCELLATION,PLAN001,,29.0,0.0
EVT000172,SUB00114,CUST00114,2025-04-23,NEW,,PLAN001,0.0,29.0
EVT000173,SUB00115,CUST00115,2025-08-29,NEW,,PLAN002,0.0,79.0
EVT000174,SUB00116,CUST00116,2024-05-18,NEW,,PLAN001,0.0,29.0
EVT000175,SUB00116,CUST00116,2025-05-13,CANCELLATION,PLAN001,,29.0,0.0
EVT000176,SUB00117,CUST00117,2024-12-01,NEW,,PLAN001,0.0,29.0
EVT000177,SUB00117,CUST00117,2025-11-26,CANCELLATION,PLAN001,,29.0,0.0
EVT000178,SUB00118,CUST00118,2024-10-11,NEW,,PLAN001,0.0,29.0
EVT000179,SUB00119,CUST00119,2025-04-26,NEW,,PLAN002,0.0,79.0
EVT000180,SUB00119,CUST00119,2025-05-31,UPGRADE,PLAN002,PLAN003,79.0,199.0
EVT000181,SUB00119,CUST00119,2025-10-23,CANCELLATION,PLAN002,,79.0,0.0
EVT000182,SUB00120,CUST00120,2024-08-17,NEW,,PLAN001,0.0,29.0
EVT000183,SUB00121,CUST00121,2024-02-01,NEW,,PLAN003,0.0,199.0
EVT000184,SUB00121,CUST00121,2024-07-30,CANCELLATION,PLAN003,,199.0,0.0
EVT000185,SUB00122,CUST00122,2024-09-01,NEW,,PLAN001,0.0,29.0
EVT000186,SUB00122,CUST00122,2025-01-26,UPGRADE,PLAN001,PLAN002,29.0,79.0
EVT000187,SUB00123,CUST00123,2025-04-21,NEW,,PLAN001,0.0,29.0
EVT000188,SUB00123,CUST00123,2025-04-21,UPGRADE,PLAN001,PLAN002,29.0,79.0
EVT000189,SUB00124,CUST00124,2024-06-16,NEW,,PLAN001,0.0,29.0
EVT000190,SUB00124,CUST00124,2024-12-05,UPGRADE,PLAN001,PLAN002,29.0,79.0
EVT000191,SUB00124,CUST00124,2025-06-11,CANCELLATION,PLAN001,,29.0,0.0
EVT000192,SUB00125,CUST00125,2025-08-12,NEW,,PLAN002,0.0,79.0
EVT000193,SUB00126,CUST00126,2024-03-18,NEW,,PLAN002,0.0,79.0
EVT000194,SUB00126,CUST00126,2025-02-03,UPGRADE,PLAN002,PLAN003,79.0,199.0
EVT000195,SUB00126,CUST00126,2025-03-13,CANCELLATION,PLAN002,,79.0,0.0
EVT000196,SUB00127,CUST00127,2025-12-14,NEW,,PLAN003,0.0,199.0
EVT000197,SUB00128,CUST00128,2025-08-02,NEW,,PLAN001,0.0,29.0
EVT000198,SUB00128,CUST00128,2025-08-02,UPGRADE,PLAN001,PLAN002,29.0,79.0
EVT000199,SUB00129,CUST00129,2024-03-11,NEW,,PLAN002,0.0,79.0
EVT000200,SUB00130,CUST00130,2025-05-16,NEW,,PLAN001,0.0,29.0
EVT000201,SUB00131,CUST00131,2025-12-25,NEW,,PLAN002,0.0,79.0
EVT000202,SUB00132,CUST00132,2025-09-22,NEW,,PLAN002,0.0,79.0
EVT000203,SUB00133,CUST00133,2025-03-22,NEW,,PLAN002,0.0,79.0
EVT000204,SUB00134,CUST00134,2024-03-29,NEW,,PLAN001,0.0,29.0
EVT000205,SUB00134,CUST00134,2025-09-20,CANCELLATION,PLAN001,,29.0,0.0
EVT000206,SUB00135,CUST00135,2025-08-06,NEW,,PLAN001,0.0,29.0
EVT000207,SUB00135,CUST00135,2025-11-04,CANCELLATION,PLAN001,,29.0,0.0
EVT000208,SUB00136,CUST00136,2024-11-28,NEW,,PLAN001,0.0,29.0
EVT000209,SUB00137,CUST00137,2024-12-14,NEW,,PLAN001,0.0,29.0
EVT000210,SUB00138,CUST00138,2025-07-23,NEW,,PLAN002,0.0,79.0
EVT000211,SUB00139,CUST00139,2025-05-15,NEW,,PLAN001,0.0,29.0
EVT000212,SUB00139,CUST00139,2025-10-29,UPGRADE,PLAN001,PLAN002,29.0,79.0
EVT000213,SUB00139,CUST00139,2025-11-11,CANCELLATION,PLAN001,,29.0,0.0
EVT000214,SUB00140,CUST00140,2025-04-03,NEW,,PLAN003,0.0,199.0
EVT000215,SUB00141,CUST00141,2025-12-09,NEW,,PLAN002,0.0,79.0
EVT000216,SUB00142,CUST00142,2025-07-20,NEW,,PLAN001,0.0,29.0
EVT000217,SUB00142,CUST00142,2025-07-20,UPGRADE,PLAN001,PLAN002,29.0,79.0
EVT000218,SUB00143,CUST00143,2024-12-26,NEW,,PLAN003,0.0,199.0
EVT000219,SUB00143,CUST00143,2025-12-21,CANCELLATION,PLAN003,,199.0,0.0
EVT000220,SUB00144,CUST00144,2024-05-03,NEW,,PLAN001,0.0,29.0
EVT000221,SUB00144,CUST00144,2024-10-30,CANCELLATION,PLAN001,,29.0,0.0
EVT000222,SUB00145,CUST00145,2024-07-15,NEW,,PLAN001,0.0,29.0
EVT000223,SUB00145,CUST00145,2025-07-10,CANCELLATION,PLAN001,,29.0,0.0
EVT000224,SUB00146,CUST00146,2024-04-12,NEW,,PLAN001,0.0,29.0
EVT000225,SUB00146,CUST00146,2025-04-07,CANCELLATION,PLAN001,,29.0,0.0
EVT000226,SUB00147,CUST00147,2024-11-05,NEW,,PLAN001,0.0,29.0
EVT000227,SUB00147,CUST00147,2025-10-31,CANCELLATION,PLAN001,,29.0,0.0
EVT000228,SUB00148,CUST00148,2024-02-25,NEW,,PLAN001,0.0,29.0
EVT000229,SUB00148,CUST00148,2024-08-23,CANCELLATION,PLAN001,,29.0,0.0
EVT000230,SUB00149,CUST00149,2024-04-15,NEW,,PLAN002,0.0,79.0
EVT000231,SUB00149,CUST00149,2024-10-12,CANCELLATION,PLAN002,,79.0,0.0
EVT000232,SUB00150,CUST00150,2025-03-27,NEW,,PLAN002,0.0,79.0
EVT000233,SUB00151,CUST00151,2024-04-26,NEW,,PLAN002,0.0,79.0
EVT000234,SUB00151,CUST00151,2024-10-23,CANCELLATION,PLAN002,,79.0,0.0
EVT000235,SUB00152,CUST00152,2024-06-04,NEW,,PLAN001,0.0,29.0
EVT000236,SUB00152,CUST00152,2024-10-21,UPGRADE,PLAN001,PLAN002,29.0,79.0
EVT000237,SUB00152,CUST00152,2025-05-30,CANCELLATION,PLAN001,,29.0,0.0
EVT000238,SUB00153,CUST00153,2024-09-11,NEW,,PLAN003,0.0,199.0
EVT000239,SUB00154,CUST00154,2025-06-19,NEW,,PLAN002,0.0,79.0
EVT000240,SUB00154,CUST00154,2025-09-17,CANCELLATION,PLAN002,,79.0,0.0
EVT000241,SUB00155,CUST00155,2024-11-08,NEW,,PLAN001,0.0,29.0
EVT000242,SUB00156,CUST00156,2024-07-31,NEW,,PLAN001,0.0,29.0
EVT000243,SUB00156,CUST00156,2024-07-31,UPGRADE,PLAN001,PLAN002,29.0,79.0
EVT000244,SUB00157,CUST00157,2024-09-02,NEW,,PLAN001,0.0,29.0
EVT000245,SUB00158,CUST00158,2025-04-06,NEW,,PLAN001,0.0,29.0
EVT000246,SUB00159,CUST00159,2024-10-22,NEW,,PLAN001,0.0,29.0
EVT000247,SUB00159,CUST00159,2025-10-17,CANCELLATION,PLAN001,,29.0,0.0
EVT000248,SUB00160,CUST00160,2025-12-04,NEW,,PLAN003,0.0,199.0
EVT000249,SUB00160,CUST00160,2025-12-04,DOWNGRADE,PLAN003,PLAN002,199.0,79.0
EVT000250,SUB00161,CUST00161,2025-03-11,NEW,,PLAN001,0.0,29.0
EVT000251,SUB00162,CUST00162,2024-05-25,NEW,,PLAN001,0.0,29.0
EVT000252,SUB00163,CUST00163,2025-03-25,NEW,,PLAN002,0.0,79.0
EVT000253,SUB00164,CUST00164,2024-10-05,NEW,,PLAN002,0.0,79.0
EVT000254,SUB00164,CUST00164,2025-09-30,CANCELLATION,PLAN002,,79.0,0.0
EVT000255,SUB00165,CUST00165,2025-03-18,NEW,,PLAN001,0.0,29.0
EVT000256,SUB00165,CUST00165,2025-03-18,UPGRADE,PLAN001,PLAN002,29.0,79.0
EVT000257,SUB00166,CUST00166,2024-08-22,NEW,,PLAN002,0.0,79.0
EVT000258,SUB00166,CUST00166,2024-08-22,DOWNGRADE,PLAN002,PLAN001,79.0,29.0
EVT000259,SUB00167,CUST00167,2025-11-19,NEW,,PLAN003,0.0,199.0
EVT000260,SUB00168,CUST00168,2025-04-26,NEW,,PLAN001,0.0,29.0
EVT000261,SUB00168,CUST00168,2025-04-26,UPGRADE,PLAN001,PLAN002,29.0,79.0
EVT000262,SUB00169,CUST00169,2025-08-22,NEW,,PLAN002,0.0,79.0
EVT000263,SUB00170,CUST00170,2025-04-26,NEW,,PLAN001,0.0,29.0
EVT000264,SUB00171,CUST00171,2024-06-13,NEW,,PLAN001,0.0,29.0
EVT000265,SUB00171,CUST00171,2024-06-13,UPGRADE,PLAN001,PLAN002,29.0,79.0
EVT000266,SUB00172,CUST00172,2025-07-17,NEW,,PLAN001,0.0,29.0
EVT000267,SUB00173,CUST00173,2024-04-28,NEW,,PLAN001,0.0,29.0
EVT000268,SUB00173,CUST00173,2024-09-25,UPGRADE,PLAN001,PLAN002,29.0,79.0
EVT000269,SUB00173,CUST00173,2025-04-23,CANCELLATION,PLAN001,,29.0,0.0
EVT000270,SUB00174,CUST00174,2025-11-04,NEW,,PLAN003,0.0,199.0
EVT000271,SUB00175,CUST00175,2025-06-14,NEW,,PLAN002,0.0,79.0
EVT000272,SUB00176,CUST00176,2024-02-22,NEW,,PLAN002,0.0,79.0
EVT000273,SUB00177,CUST00177,2025-03-24,NEW,,PLAN001,0.0,29.0
EVT000274,SUB00178,CUST00178,2025-12-27,NEW,,PLAN002,0.0,79.0
EVT000275,SUB00179,CUST00179,2024-04-05,NEW,,PLAN001,0.0,29.0
EVT000276,SUB00179,CUST00179,2024-10-01,UPGRADE,PLAN001,PLAN002,29.0,79.0
EVT000277,SUB00179,CUST00179,2024-10-02,CANCELLATION,PLAN001,,29.0,0.0
EVT000278,SUB00180,CUST00180,2024-04-30,NEW,,PLAN003,0.0,199.0
EVT000279,SUB00180,CUST00180,2025-10-22,CANCELLATION,PLAN003,,199.0,0.0
EVT000280,SUB00181,CUST00181,2025-06-05,NEW,,PLAN001,0.0,29.0
EVT000281,SUB00181,CUST00181,2025-06-05,UPGRADE,PLAN001,PLAN002,29.0,79.0
EVT000282,SUB00182,CUST00182,2024-09-06,NEW,,PLAN002,0.0,79.0
EVT000283,SUB00182,CUST00182,2025-09-01,CANCELLATION,PLAN002,,79.0,0.0
EVT000284,SUB00183,CUST00183,2024-03-12,NEW,,PLAN001,0.0,29.0
EVT000285,SUB00183,CUST00183,2024-05-14,UPGRADE,PLAN001,PLAN002,29.0,79.0
EVT000286,SUB00183,CUST00183,2024-09-08,CANCELLATION,PLAN001,,29.0,0.0
EVT000287,SUB00184,CUST00184,2025-06-03,NEW,,PLAN003,0.0,199.0
EVT000288,SUB00184,CUST00184,2025-11-30,CANCELLATION,PLAN003,,199.0,0.0
EVT000289,SUB00185,CUST00185,2025-08-24,NEW,,PLAN002,0.0,79.0
EVT000290,SUB00185,CUST00185,2025-08-24,UPGRADE,PLAN002,PLAN003,79.0,199.0
EVT000291,SUB00186,CUST00186,2025-04-02,NEW,,PLAN001,0.0,29.0
EVT000292,SUB00186,CUST00186,2025-09-29,CANCELLATION,PLAN001,,29.0,0.0
EVT000293,SUB00187,CUST00187,2025-04-11,NEW,,PLAN001,0.0,29.0
EVT000294,SUB00187,CUST00187,2025-04-11,UPGRADE,PLAN001,PLAN002,29.0,79.0
EVT000295,SUB00188,CUST00188,2025-08-08,NEW,,PLAN001,0.0,29.0
EVT000296,SUB00189,CUST00189,2024-11-21,NEW,,PLAN002,0.0,79.0
EVT000297,SUB00190,CUST00190,2025-01-30,NEW,,PLAN003,0.0,199.0
EVT000298,SUB00191,CUST00191,2025-05-22,NEW,,PLAN002,0.0,79.0
EVT000299,SUB00191,CUST00191,2025-07-08,DOWNGRADE,PLAN002,PLAN001,79.0,29.0
EVT000300,SUB00191,CUST00191,2025-11-18,CANCELLATION,PLAN002,,79.0,0.0
EVT000301,SUB00192,CUST00192,2024-04-12,NEW,,PLAN002,0.0,79.0
EVT000302,SUB00193,CUST00193,2024-01-16,NEW,,PLAN001,0.0,29.0
EVT000303,SUB00193,CUST00193,2025-07-09,CANCELLATION,PLAN001,,29.0,0.0
EVT000304,SUB00194,CUST00194,2024-03-17,NEW,,PLAN002,0.0,79.0
EVT000305,SUB00194,CUST00194,2024-09-17,DOWNGRADE,PLAN002,PLAN001,79.0,29.0
EVT000306,SUB00195,CUST00195,2025-10-27,NEW,,PLAN001,0.0,29.0
EVT000307,SUB00196,CUST00196,2024-11-20,NEW,,PLAN003,0.0,199.0
EVT000308,SUB00196,CUST00196,2025-11-15,CANCELLATION,PLAN003,,199.0,0.0
EVT000309,SUB00197,CUST00197,2025-09-24,NEW,,PLAN001,0.0,29.0
EVT000310,SUB00198,CUST00198,2024-08-20,NEW,,PLAN002,0.0,79.0
EVT000311,SUB00198,CUST00198,2024-08-20,DOWNGRADE,PLAN002,PLAN001,79.0,29.0
EVT000312,SUB00199,CUST00199,2025-03-30,NEW,,PLAN003,0.0,199.0
EVT000313,SUB00199,CUST00199,2025-06-02,DOWNGRADE,PLAN003,PLAN002,199.0,79.0
EVT000314,SUB00199,CUST00199,2025-09-26,CANCELLATION,PLAN003,,199.0,0.0
EVT000315,SUB00200,CUST00200,2024-11-28,NEW,,PLAN003,0.0,199.0
EVT000316,SUB00200,CUST00200,2025-05-18,DOWNGRADE,PLAN003,PLAN002,199.0,79.0
EVT000317,SUB00200,CUST00200,2025-05-27,CANCELLATION,PLAN003,,199.0,0.0
EVT000318,SUB00201,CUST00201,2024-05-29,NEW,,PLAN001,0.0,29.0
EVT000319,SUB00201,CUST00201,2024-10-13,UPGRADE,PLAN001,PLAN002,29.0,79.0
EVT000320,SUB00201,CUST00201,2025-11-20,CANCELLATION,PLAN001,,29.0,0.0
EVT000321,SUB00202,CUST00202,2024-06-23,NEW,,PLAN001,0.0,29.0
EVT000322,SUB00202,CUST00202,2025-12-15,CANCELLATION,PLAN001,,29.0,0.0
EVT000323,SUB00203,CUST00203,2025-05-24,NEW,,PLAN003,0.0,199.0
EVT000324,SUB00204,CUST00204,2025-04-15,NEW,,PLAN001,0.0,29.0
EVT000325,SUB00204,CUST00204,2025-04-15,UPGRADE,PLAN001,PLAN002,29.0,79.0
EVT000326,SUB00205,CUST00205,2024-10-21,NEW,,PLAN003,0.0,199.0
EVT000327,SUB00206,CUST00206,2025-08-24,NEW,,PLAN002,0.0,79.0
EVT000328,SUB00206,CUST00206,2025-11-22,CANCELLATION,PLAN002,,79.0,0.0
EVT000329,SUB00207,CUST00207,2024-11-05,NEW,,PLAN002,0.0,79.0
EVT000330,SUB00208,CUST00208,2024-08-30,NEW,,PLAN002,0.0,79.0
EVT000331,SUB00208,CUST00208,2024-08-30,UPGRADE,PLAN002,PLAN003,79.0,199.0
EVT000332,SUB00209,CUST00209,2024-01-23,NEW,,PLAN002,0.0,79.0
EVT000333,SUB00209,CUST00209,2024-04-28,UPGRADE,PLAN002,PLAN003,79.0,199.0
EVT000334,SUB00209,CUST00209,2025-01-17,CANCELLATION,PLAN002,,79.0,0.0
EVT000335,SUB00210,CUST00210,2025-08-02,NEW,,PLAN001,0.0,29.0
EVT000336,SUB00211,CUST00211,2025-09-12,NEW,,PLAN002,0.0,79.0
EVT000337,SUB00211,CUST00211,2025-09-12,DOWNGRADE,PLAN002,PLAN001,79.0,29.0
EVT000338,SUB00212,CUST00212,2024-08-23,NEW,,PLAN003,0.0,199.0
EVT000339,SUB00213,CUST00213,2025-09-27,NEW,,PLAN002,0.0,79.0
EVT000340,SUB00214,CUST00214,2025-10-05,NEW,,PLAN002,0.0,79.0
EVT000341,SUB00214,CUST00214,2025-10-05,UPGRADE,PLAN002,PLAN003,79.0,199.0
EVT000342,SUB00215,CUST00215,2025-03-27,NEW,,PLAN002,0.0,79.0
EVT000343,SUB00216,CUST00216,2024-10-29,NEW,,PLAN001,0.0,29.0
EVT000344,SUB00217,CUST00217,2025-07-06,NEW,,PLAN001,0.0,29.0
EVT000345,SUB00218,CUST00218,2024-06-17,NEW,,PLAN001,0.0,29.0
EVT000346,SUB00219,CUST00219,2024-12-12,NEW,,PLAN002,0.0,79.0
EVT000347,SUB00220,CUST00220,2024-08-19,NEW,,PLAN003,0.0,199.0
EVT000348,SUB00220,CUST00220,2025-08-14,CANCELLATION,PLAN003,,199.0,0.0
EVT000349,SUB00221,CUST00221,2025-07-24,NEW,,PLAN002,0.0,79.0
EVT000350,SUB00221,CUST00221,2025-07-24,DOWNGRADE,PLAN002,PLAN001,79.0,29.0
EVT000351,SUB00222,CUST00222,2025-07-03,NEW,,PLAN001,0.0,29.0
EVT000352,SUB00223,CUST00223,2025-08-21,NEW,,PLAN002,0.0,79.0
EVT000353,SUB00224,CUST00224,2025-11-22,NEW,,PLAN003,0.0,199.0
EVT000354,SUB00225,CUST00225,2025-09-16,NEW,,PLAN002,0.0,79.0
EVT000355,SUB00225,CUST00225,2025-09-16,UPGRADE,PLAN002,PLAN003,79.0,199.0
EVT000356,SUB00226,CUST00226,2025-12-18,NEW,,PLAN003,0.0,199.0
EVT000357,SUB00226,CUST00226,2025-12-18,DOWNGRADE,PLAN003,PLAN002,199.0,79.0
EVT000358,SUB00227,CUST00227,2024-02-08,NEW,,PLAN001,0.0,29.0
EVT000359,SUB00227,CUST00227,2025-08-01,CANCELLATION,PLAN001,,29.0,0.0
EVT000360,SUB00228,CUST00228,2025-07-04,NEW,,PLAN001,0.0,29.0
EVT000361,SUB00229,CUST00229,2025-08-24,NEW,,PLAN001,0.0,29.0
EVT000362,SUB00230,CUST00230,2025-05-16,NEW,,PLAN003,0.0,199.0
EVT000363,SUB00230,CUST00230,2025-05-16,DOWNGRADE,PLAN003,PLAN002,199.0,79.0
EVT000364,SUB00231,CUST00231,2024-08-10,NEW,,PLAN001,0.0,29.0
EVT000365,SUB00231,CUST00231,2025-08-05,CANCELLATION,PLAN001,,29.0,0.0
EVT000366,SUB00232,CUST00232,2025-12-03,NEW,,PLAN003,0.0,199.0
EVT000367,SUB00233,CUST00233,2024-10-09,NEW,,PLAN001,0.0,29.0
EVT000368,SUB00234,CUST00234,2024-04-03,NEW,,PLAN003,0.0,199.0
EVT000369,SUB00235,CUST00235,2024-02-21,NEW,,PLAN002,0.0,79.0
EVT000370,SUB00235,CUST00235,2024-09-08,DOWNGRADE,PLAN002,PLAN001,79.0,29.0
EVT000371,SUB00236,CUST00236,2024-03-11,NEW,,PLAN003,0.0,199.0
EVT000372,SUB00236,CUST00236,2025-03-06,CANCELLATION,PLAN003,,199.0,0.0
EVT000373,SUB00237,CUST00237,2024-08-26,NEW,,PLAN001,0.0,29.0
EVT000374,SUB00237,CUST00237,2025-08-21,CANCELLATION,PLAN001,,29.0,0.0
EVT000375,SUB00238,CUST00238,2024-10-10,NEW,,PLAN002,0.0,79.0
EVT000376,SUB00239,CUST00239,2024-06-27,NEW,,PLAN003,0.0,199.0
EVT000377,SUB00239,CUST00239,2025-06-22,CANCELLATION,PLAN003,,199.0,0.0
EVT000378,SUB00240,CUST00240,2025-01-01,NEW,,PLAN002,0.0,79.0
EVT000379,SUB00240,CUST00240,2025-03-27,UPGRADE,PLAN002,PLAN003,79.0,199.0
EVT000380,SUB00241,CUST00241,2024-06-27,NEW,,PLAN001,0.0,29.0
EVT000381,SUB00242,CUST00242,2024-03-06,NEW,,PLAN002,0.0,79.0
EVT000382,SUB00242,CUST00242,2024-03-06,UPGRADE,PLAN002,PLAN003,79.0,199.0
EVT000383,SUB00243,CUST00243,2025-04-07,NEW,,PLAN003,0.0,199.0
EVT000384,SUB00243,CUST00243,2025-07-06,CANCELLATION,PLAN003,,199.0,0.0
EVT000385,SUB00244,CUST00244,2025-04-14,NEW,,PLAN001,0.0,29.0
EVT000386,SUB00245,CUST00245,2025-02-15,NEW,,PLAN001,0.0,29.0
EVT000387,SUB00246,CUST00246,2024-03-16,NEW,,PLAN002,0.0,79.0
EVT000388,SUB00246,CUST00246,2025-09-07,CANCELLATION,PLAN002,,79.0,0.0
EVT000389,SUB00247,CUST00247,2024-05-09,NEW,,PLAN002,0.0,79.0
EVT000390,SUB00247,CUST00247,2024-12-29,DOWNGRADE,PLAN002,PLAN001,79.0,29.0
EVT000391,SUB00247,CUST00247,2025-05-04,CANCELLATION,PLAN002,,79.0,0.0
EVT000392,SUB00248,CUST00248,2025-01-25,NEW,,PLAN002,0.0,79.0
EVT000393,SUB00248,CUST00248,2025-01-25,DOWNGRADE,PLAN002,PLAN001,79.0,29.0
EVT000394,SUB00249,CUST00249,2024-04-11,NEW,,PLAN002,0.0,79.0
EVT000395,SUB00249,CUST00249,2025-04-06,CANCELLATION,PLAN002,,79.0,0.0
EVT000396,SUB00250,CUST00250,2025-03-16,NEW,,PLAN003,0.0,199.0
EVT000397,SUB00250,CUST00250,2025-06-14,CANCELLATION,PLAN003,,199.0,0.0
EVT000398,SUB00251,CUST00251,2025-02-12,NEW,,PLAN001,0.0,29.0
EVT000399,SUB00251,CUST00251,2025-02-12,UPGRADE,PLAN001,PLAN002,29.0,79.0
EVT000400,SUB00252,CUST00252,2025-11-12,NEW,,PLAN002,0.0,79.0
EVT000401,SUB00253,CUST00253,2024-03-09,NEW,,PLAN002,0.0,79.0
EVT000402,SUB00253,CUST00253,2025-03-04,CANCELLATION,PLAN002,,79.0,0.0
EVT000403,SUB00254,CUST00254,2025-01-16,NEW,,PLAN002,0.0,79.0
EVT000404,SUB00255,CUST00255,2025-11-17,NEW,,PLAN001,0.0,29.0
EVT000405,SUB00256,CUST00256,2024-02-22,NEW,,PLAN003,0.0,199.0
EVT000406,SUB00256,CUST00256,2024-06-22,DOWNGRADE,PLAN003,PLAN002,199.0,79.0
EVT000407,SUB00256,CUST00256,2025-08-15,CANCELLATION,PLAN003,,199.0,0.0
EVT000408,SUB00257,CUST00257,2025-08-14,NEW,,PLAN001,0.0,29.0
EVT000409,SUB00258,CUST00258,2024-04-20,NEW,,PLAN001,0.0,29.0
EVT000410,SUB00258,CUST00258,2024-10-17,CANCELLATION,PLAN001,,29.0,0.0
EVT000411,SUB00259,CUST00259,2025-08-10,NEW,,PLAN001,0.0,29.0
EVT000412,SUB00260,CUST00260,2025-09-15,NEW,,PLAN003,0.0,199.0
EVT000413,SUB00261,CUST00261,2024-07-03,NEW,,PLAN002,0.0,79.0
EVT000414,SUB00261,CUST00261,2025-03-13,DOWNGRADE,PLAN002,PLAN001,79.0,29.0
EVT000415,SUB00261,CUST00261,2025-12-25,CANCELLATION,PLAN002,,79.0,0.0
EVT000416,SUB00262,CUST00262,2024-12-25,NEW,,PLAN001,0.0,29.0
EVT000417,SUB00263,CUST00263,2024-03-12,NEW,,PLAN001,0.0,29.0
EVT000418,SUB00263,CUST00263,2025-03-07,CANCELLATION,PLAN001,,29.0,0.0
EVT000419,SUB00264,CUST00264,2025-06-27,NEW,,PLAN003,0.0,199.0
EVT000420,SUB00265,CUST00265,2025-01-13,NEW,,PLAN001,0.0,29.0
EVT000421,SUB00266,CUST00266,2024-02-23,NEW,,PLAN002,0.0,79.0
EVT000422,SUB00266,CUST00266,2024-03-24,DOWNGRADE,PLAN002,PLAN001,79.0,29.0
EVT000423,SUB00266,CUST00266,2025-08-16,CANCELLATION,PLAN002,,79.0,0.0
EVT000424,SUB00267,CUST00267,2024-10-05,NEW,,PLAN001,0.0,29.0
EVT000425,SUB00268,CUST00268,2025-02-28,NEW,,PLAN001,0.0,29.0
EVT000426,SUB00269,CUST00269,2025-03-16,NEW,,PLAN001,0.0,29.0
EVT000427,SUB00270,CUST00270,2025-06-23,NEW,,PLAN002,0.0,79.0
EVT000428,SUB00271,CUST00271,2024-01-08,NEW,,PLAN002,0.0,79.0
EVT000429,SUB00271,CUST00271,2025-12-28,CANCELLATION,PLAN002,,79.0,0.0
EVT000430,SUB00272,CUST00272,2024-10-23,NEW,,PLAN002,0.0,79.0
EVT000431,SUB00272,CUST00272,2024-10-23,UPGRADE,PLAN002,PLAN003,79.0,199.0
EVT000432,SUB00273,CUST00273,2024-06-28,NEW,,PLAN002,0.0,79.0
EVT000433,SUB00273,CUST00273,2025-06-23,CANCELLATION,PLAN002,,79.0,0.0
EVT000434,SUB00274,CUST00274,2024-03-14,NEW,,PLAN001,0.0,29.0
EVT000435,SUB00275,CUST00275,2025-04-15,NEW,,PLAN001,0.0,29.0
EVT000436,SUB00276,CUST00276,2025-08-10,NEW,,PLAN001,0.0,29.0
EVT000437,SUB00277,CUST00277,2025-02-18,NEW,,PLAN002,0.0,79.0
EVT000438,SUB00277,CUST00277,2025-02-18,DOWNGRADE,PLAN002,PLAN001,79.0,29.0
EVT000439,SUB00278,CUST00278,2025-12-07,NEW,,PLAN001,0.0,29.0
EVT000440,SUB00279,CUST00279,2024-09-06,NEW,,PLAN002,0.0,79.0
EVT000441,SUB00280,CUST00280,2024-11-13,NEW,,PLAN003,0.0,199.0
EVT000442,SUB00280,CUST00280,2024-11-13,DOWNGRADE,PLAN003,PLAN002,199.0,79.0
EVT000443,SUB00281,CUST00281,2024-03-19,NEW,,PLAN001,0.0,29.0
EVT000444,SUB00281,CUST00281,2024-06-17,CANCELLATION,PLAN001,,29.0,0.0
EVT000445,SUB00282,CUST00282,2024-12-23,NEW,,PLAN001,0.0,29.0
EVT000446,SUB00283,CUST00283,2024-08-29,NEW,,PLAN002,0.0,79.0
EVT000447,SUB00283,CUST00283,2024-08-29,DOWNGRADE,PLAN002,PLAN001,79.0,29.0
EVT000448,SUB00284,CUST00284,2025-11-02,NEW,,PLAN001,0.0,29.0
EVT000449,SUB00285,CUST00285,2025-07-31,NEW,,PLAN003,0.0,199.0
EVT000450,SUB00286,CUST00286,2025-10-04,NEW,,PLAN001,0.0,29.0
EVT000451,SUB00286,CUST00286,2025-10-04,UPGRADE,PLAN001,PLAN002,29.0,79.0
EVT000452,SUB00287,CUST00287,2025-10-08,NEW,,PLAN002,0.0,79.0
EVT000453,SUB00288,CUST00288,2025-06-03,NEW,,PLAN001,0.0,29.0
EVT000454,SUB00289,CUST00289,2025-01-12,NEW,,PLAN001,0.0,29.0
EVT000455,SUB00289,CUST00289,2025-01-12,UPGRADE,PLAN001,PLAN002,29.0,79.0
EVT000456,SUB00290,CUST00290,2025-09-21,NEW,,PLAN001,0.0,29.0
EVT000457,SUB00291,CUST00291,2025-04-05,NEW,,PLAN002,0.0,79.0
EVT000458,SUB00292,CUST00292,2025-09-11,NEW,,PLAN002,0.0,79.0
EVT000459,SUB00292,CUST00292,2025-09-11,UPGRADE,PLAN002,PLAN003,79.0,199.0
EVT000460,SUB00293,CUST00293,2024-04-15,NEW,,PLAN002,0.0,79.0
EVT000461,SUB00294,CUST00294,2025-05-31,NEW,,PLAN001,0.0,29.0
EVT000462,SUB00295,CUST00295,2025-03-25,NEW,,PLAN002,0.0,79.0
EVT000463,SUB00295,CUST00295,2025-09-21,CANCELLATION,PLAN002,,79.0,0.0
EVT000464,SUB00296,CUST00296,2024-10-16,NEW,,PLAN001,0.0,29.0
EVT000465,SUB00296,CUST00296,2025-10-11,CANCELLATION,PLAN001,,29.0,0.0
EVT000466,SUB00297,CUST00297,2025-10-08,NEW,,PLAN001,0.0,29.0
EVT000467,SUB00298,CUST00298,2024-10-17,NEW,,PLAN001,0.0,29.0
EVT000468,SUB00299,CUST00299,2024-12-07,NEW,,PLAN002,0.0,79.0
EVT000469,SUB00299,CUST00299,2024-12-07,DOWNGRADE,PLAN002,PLAN001,79.0,29.0
EVT000470,SUB00300,CUST00300,2024-11-13,NEW,,PLAN001,0.0,29.0
EVT000471,SUB00301,CUST00301,2025-09-01,NEW,,PLAN001,0.0,29.0
EVT000472,SUB00302,CUST00302,2025-10-20,NEW,,PLAN001,0.0,29.0
EVT000473,SUB00302,CUST00302,2025-10-20,UPGRADE,PLAN001,PLAN002,29.0,79.0
EVT000474,SUB00303,CUST00303,2025-10-23,NEW,,PLAN001,0.0,29.0
EVT000475,SUB00304,CUST00304,2024-11-12,NEW,,PLAN002,0.0,79.0
EVT000476,SUB00304,CUST00304,2025-04-12,UPGRADE,PLAN002,PLAN003,79.0,199.0
EVT000477,SUB00304,CUST00304,2025-05-11,CANCELLATION,PLAN002,,79.0,0.0
EVT000478,SUB00305,CUST00305,2024-07-15,NEW,,PLAN001,0.0,29.0
EVT000479,SUB00305,CUST00305,2024-10-13,CANCELLATION,PLAN001,,29.0,0.0
EVT000480,SUB00306,CUST00306,2024-04-13,NEW,,PLAN002,0.0,79.0
EVT000481,SUB00306,CUST00306,2025-04-08,CANCELLATION,PLAN002,,79.0,0.0
EVT000482,SUB00307,CUST00307,2025-11-08,NEW,,PLAN001,0.0,29.0
EVT000483,SUB00308,CUST00308,2024-06-06,NEW,,PLAN002,0.0,79.0
EVT000484,SUB00308,CUST00308,2025-11-28,CANCELLATION,PLAN002,,79.0,0.0
EVT000485,SUB00309,CUST00309,2025-03-24,NEW,,PLAN001,0.0,29.0
EVT000486,SUB00310,CUST00310,2025-03-30,NEW,,PLAN001,0.0,29.0
EVT000487,SUB00311,CUST00311,2024-08-27,NEW,,PLAN002,0.0,79.0
EVT000488,SUB00312,CUST00312,2024-07-17,NEW,,PLAN002,0.0,79.0
EVT000489,SUB00312,CUST00312,2025-07-12,CANCELLATION,PLAN002,,79.0,0.0
EVT000490,SUB00313,CUST00313,2024-10-15,NEW,,PLAN003,0.0,199.0
EVT000491,SUB00313,CUST00313,2025-01-13,CANCELLATION,PLAN003,,199.0,0.0
EVT000492,SUB00314,CUST00314,2024-07-23,NEW,,PLAN001,0.0,29.0
EVT000493,SUB00314,CUST00314,2025-07-18,CANCELLATION,PLAN001,,29.0,0.0
EVT000494,SUB00315,CUST00315,2025-10-18,NEW,,PLAN003,0.0,199.0
EVT000495,SUB00315,CUST00315,2025-10-18,DOWNGRADE,PLAN003,PLAN002,199.0,79.0
EVT000496,SUB00316,CUST00316,2025-12-29,NEW,,PLAN002,0.0,79.0
EVT000497,SUB00317,CUST00317,2024-06-13,NEW,,PLAN001,0.0,29.0
EVT000498,SUB00318,CUST00318,2024-04-03,NEW,,PLAN002,0.0,79.0
EVT000499,SUB00318,CUST00318,2025-09-25,CANCELLATION,PLAN002,,79.0,0.0
EVT000500,SUB00319,CUST00319,2024-01-28,NEW,,PLAN002,0.0,79.0
EVT000501,SUB00319,CUST00319,2025-01-22,CANCELLATION,PLAN002,,79.0,0.0
EVT000502,SUB00320,CUST00320,2025-01-30,NEW,,PLAN001,0.0,29.0
EVT000503,SUB00321,CUST00321,2024-04-11,NEW,,PLAN002,0.0,79.0
EVT000504,SUB00322,CUST00322,2024-05-20,NEW,,PLAN001,0.0,29.0
EVT000505,SUB00322,CUST00322,2024-11-16,CANCELLATION,PLAN001,,29.0,0.0
EVT000506,SUB00323,CUST00323,2025-12-23,NEW,,PLAN002,0.0,79.0
EVT000507,SUB00324,CUST00324,2024-01-20,NEW,,PLAN001,0.0,29.0
EVT000508,SUB00324,CUST00324,2025-01-14,CANCELLATION,PLAN001,,29.0,0.0
EVT000509,SUB00325,CUST00325,2024-04-23,NEW,,PLAN001,0.0,29.0
EVT000510,SUB00325,CUST00325,2025-01-15,UPGRADE,PLAN001,PLAN002,29.0,79.0
EVT000511,SUB00326,CUST00326,2024-09-01,NEW,,PLAN002,0.0,79.0
EVT000512,SUB00327,CUST00327,2024-04-23,NEW,,PLAN002,0.0,79.0
EVT000513,SUB00327,CUST00327,2024-10-20,CANCELLATION,PLAN002,,79.0,0.0
EVT000514,SUB00328,CUST00328,2025-10-09,NEW,,PLAN001,0.0,29.0
EVT000515,SUB00329,CUST00329,2025-03-15,NEW,,PLAN002,0.0,79.0
EVT000516,SUB00330,CUST00330,2024-07-10,NEW,,PLAN002,0.0,79.0
EVT000517,SUB00331,CUST00331,2024-03-10,NEW,,PLAN002,0.0,79.0
EVT000518,SUB00331,CUST00331,2025-09-01,CANCELLATION,PLAN002,,79.0,0.0
EVT000519,SUB00332,CUST00332,2025-02-03,NEW,,PLAN002,0.0,79.0
EVT000520,SUB00333,CUST00333,2024-09-16,NEW,,PLAN001,0.0,29.0
EVT000521,SUB00333,CUST00333,2025-09-11,CANCELLATION,PLAN001,,29.0,0.0
EVT000522,SUB00334,CUST00334,2024-09-03,NEW,,PLAN001,0.0,29.0
EVT000523,SUB00335,CUST00335,2024-05-16,NEW,,PLAN001,0.0,29.0
EVT000524,SUB00335,CUST00335,2025-11-07,CANCELLATION,PLAN001,,29.0,0.0
EVT000525,SUB00336,CUST00336,2025-12-02,NEW,,PLAN002,0.0,79.0
EVT000526,SUB00337,CUST00337,2024-05-18,NEW,,PLAN001,0.0,29.0
EVT000527,SUB00338,CUST00338,2024-10-27,NEW,,PLAN003,0.0,199.0
EVT000528,SUB00338,CUST00338,2025-01-25,CANCELLATION,PLAN003,,199.0,0.0
EVT000529,SUB00339,CUST00339,2024-11-19,NEW,,PLAN001,0.0,29.0
EVT000530,SUB00339,CUST00339,2025-11-14,CANCELLATION,PLAN001,,29.0,0.0
EVT000531,SUB00340,CUST00340,2024-09-16,NEW,,PLAN001,0.0,29.0
EVT000532,SUB00340,CUST00340,2025-09-07,UPGRADE,PLAN001,PLAN002,29.0,79.0
EVT000533,SUB00341,CUST00341,2024-02-18,NEW,,PLAN001,0.0,29.0
EVT000534,SUB00341,CUST00341,2025-02-12,CANCELLATION,PLAN001,,29.0,0.0
EVT000535,SUB00342,CUST00342,2025-03-23,NEW,,PLAN001,0.0,29.0
EVT000536,SUB00342,CUST00342,2025-06-21,CANCELLATION,PLAN001,,29.0,0.0
EVT000537,SUB00343,CUST00343,2024-12-13,NEW,,PLAN001,0.0,29.0
EVT000538,SUB00343,CUST00343,2025-12-08,CANCELLATION,PLAN001,,29.0,0.0
EVT000539,SUB00344,CUST00344,2025-06-15,NEW,,PLAN001,0.0,29.0
EVT000540,SUB00344,CUST00344,2025-06-15,UPGRADE,PLAN001,PLAN002,29.0,79.0
EVT000541,SUB00345,CUST00345,2025-03-16,NEW,,PLAN001,0.0,29.0
EVT000542,SUB00345,CUST00345,2025-09-12,CANCELLATION,PLAN001,,29.0,0.0
EVT000543,SUB00346,CUST00346,2024-11-24,NEW,,PLAN002,0.0,79.0
EVT000544,SUB00346,CUST00346,2024-11-24,UPGRADE,PLAN002,PLAN003,79.0,199.0
EVT000545,SUB00347,CUST00347,2025-04-01,NEW,,PLAN002,0.0,79.0
EVT000546,SUB00348,CUST00348,2024-12-25,NEW,,PLAN001,0.0,29.0
EVT000547,SUB00348,CUST00348,2024-12-25,UPGRADE,PLAN001,PLAN002,29.0,79.0
EVT000548,SUB00349,CUST00349,2025-09-21,NEW,,PLAN003,0.0,199.0
EVT000549,SUB00350,CUST00350,2024-03-17,NEW,,PLAN002,0.0,79.0
EVT000550,SUB00350,CUST00350,2024-07-31,UPGRADE,PLAN002,PLAN003,79.0,199.0
EVT000551,SUB00350,CUST00350,2024-09-13,CANCELLATION,PLAN002,,79.0,0.0
EVT000552,SUB00351,CUST00351,2024-02-01,NEW,,PLAN001,0.0,29.0
EVT000553,SUB00352,CUST00352,2024-02-05,NEW,,PLAN003,0.0,199.0
EVT000554,SUB00353,CUST00353,2025-01-05,NEW,,PLAN001,0.0,29.0
EVT000555,SUB00354,CUST00354,2025-11-26,NEW,,PLAN001,0.0,29.0
EVT000556,SUB00354,CUST00354,2025-11-26,UPGRADE,PLAN001,PLAN002,29.0,79.0
EVT000557,SUB00355,CUST00355,2025-08-10,NEW,,PLAN001,0.0,29.0
EVT000558,SUB00356,CUST00356,2024-09-12,NEW,,PLAN001,0.0,29.0
EVT000559,SUB00357,CUST00357,2025-06-14,NEW,,PLAN002,0.0,79.0
EVT000560,SUB00358,CUST00358,2025-12-21,NEW,,PLAN002,0.0,79.0
EVT000561,SUB00359,CUST00359,2024-07-23,NEW,,PLAN001,0.0,29.0
EVT000562,SUB00360,CUST00360,2025-12-31,NEW,,PLAN002,0.0,79.0
EVT000563,SUB00361,CUST00361,2025-11-14,NEW,,PLAN002,0.0,79.0
EVT000564,SUB00361,CUST00361,2025-11-14,UPGRADE,PLAN002,PLAN003,79.0,199.0
EVT000565,SUB00362,CUST00362,2024-11-03,NEW,,PLAN001,0.0,29.0
EVT000566,SUB00363,CUST00363,2025-01-05,NEW,,PLAN002,0.0,79.0
EVT000567,SUB00364,CUST00364,2024-08-30,NEW,,PLAN003,0.0,199.0
EVT000568,SUB00364,CUST00364,2024-11-28,CANCELLATION,PLAN003,,199.0,0.0
EVT000569,SUB00365,CUST00365,2025-04-23,NEW,,PLAN001,0.0,29.0
EVT000570,SUB00365,CUST00365,2025-07-22,CANCELLATION,PLAN001,,29.0,0.0
EVT000571,SUB00366,CUST00366,2024-03-08,NEW,,PLAN001,0.0,29.0
EVT000572,SUB00367,CUST00367,2025-02-23,NEW,,PLAN001,0.0,29.0
EVT000573,SUB00368,CUST00368,2025-10-19,NEW,,PLAN001,0.0,29.0
EVT000574,SUB00369,CUST00369,2024-05-11,NEW,,PLAN002,0.0,79.0
EVT000575,SUB00370,CUST00370,2024-05-12,NEW,,PLAN002,0.0,79.0
EVT000576,SUB00370,CUST00370,2025-11-03,CANCELLATION,PLAN002,,79.0,0.0
EVT000577,SUB00371,CUST00371,2025-06-14,NEW,,PLAN001,0.0,29.0
EVT000578,SUB00371,CUST00371,2025-09-12,CANCELLATION,PLAN001,,29.0,0.0
EVT000579,SUB00372,CUST00372,2024-12-20,NEW,,PLAN002,0.0,79.0
EVT000580,SUB00373,CUST00373,2024-09-13,NEW,,PLAN003,0.0,199.0
EVT000581,SUB00373,CUST00373,2025-09-08,CANCELLATION,PLAN003,,199.0,0.0
EVT000582,SUB00374,CUST00374,2025-09-21,NEW,,PLAN001,0.0,29.0
EVT000583,SUB00375,CUST00375,2024-06-24,NEW,,PLAN002,0.0,79.0
EVT000584,SUB00375,CUST00375,2025-02-16,UPGRADE,PLAN002,PLAN003,79.0,199.0
EVT000585,SUB00375,CUST00375,2025-06-19,CANCELLATION,PLAN002,,79.0,0.0
EVT000586,SUB00376,CUST00376,2025-07-31,NEW,,PLAN003,0.0,199.0
EVT000587,SUB00377,CUST00377,2025-10-18,NEW,,PLAN001,0.0,29.0
EVT000588,SUB00378,CUST00378,2025-09-24,NEW,,PLAN002,0.0,79.0
EVT000589,SUB00379,CUST00379,2025-10-19,NEW,,PLAN003,0.0,199.0
EVT000590,SUB00380,CUST00380,2024-10-31,NEW,,PLAN001,0.0,29.0
EVT000591,SUB00381,CUST00381,2025-03-01,NEW,,PLAN002,0.0,79.0
EVT000592,SUB00382,CUST00382,2024-11-16,NEW,,PLAN002,0.0,79.0
EVT000593,SUB00383,CUST00383,2025-02-12,NEW,,PLAN002,0.0,79.0
EVT000594,SUB00384,CUST00384,2024-11-22,NEW,,PLAN002,0.0,79.0
EVT000595,SUB00384,CUST00384,2025-08-15,UPGRADE,PLAN002,PLAN003,79.0,199.0
EVT000596,SUB00384,CUST00384,2025-11-17,CANCELLATION,PLAN002,,79.0,0.0
EVT000597,SUB00385,CUST00385,2024-05-24,NEW,,PLAN001,0.0,29.0
EVT000598,SUB00385,CUST00385,2024-12-07,UPGRADE,PLAN001,PLAN002,29.0,79.0
EVT000599,SUB00385,CUST00385,2025-05-19,CANCELLATION,PLAN001,,29.0,0.0
EVT000600,SUB00386,CUST00386,2024-09-11,NEW,,PLAN002,0.0,79.0
EVT000601,SUB00386,CUST00386,2025-04-23,UPGRADE,PLAN002,PLAN003,79.0,199.0
EVT000602,SUB00386,CUST00386,2025-09-06,CANCELLATION,PLAN002,,79.0,0.0
EVT000603,SUB00387,CUST00387,2024-07-13,NEW,,PLAN001,0.0,29.0
EVT000604,SUB00388,CUST00388,2025-05-25,NEW,,PLAN002,0.0,79.0
EVT000605,SUB00389,CUST00389,2025-06-01,NEW,,PLAN002,0.0,79.0
EVT000606,SUB00390,CUST00390,2024-02-19,NEW,,PLAN002,0.0,79.0
EVT000607,SUB00390,CUST00390,2025-02-13,CANCELLATION,PLAN002,,79.0,0.0
EVT000608,SUB00391,CUST00391,2024-10-19,NEW,,PLAN002,0.0,79.0
EVT000609,SUB00392,CUST00392,2024-09-27,NEW,,PLAN001,0.0,29.0
EVT000610,SUB00392,CUST00392,2025-09-22,CANCELLATION,PLAN001,,29.0,0.0
EVT000611,SUB00393,CUST00393,2025-02-14,NEW,,PLAN001,0.0,29.0
EVT000612,SUB00393,CUST00393,2025-02-14,UPGRADE,PLAN001,PLAN002,29.0,79.0
EVT000613,SUB00394,CUST00394,2024-03-16,NEW,,PLAN002,0.0,79.0
EVT000614,SUB00394,CUST00394,2025-09-07,CANCELLATION,PLAN002,,79.0,0.0
EVT000615,SUB00395,CUST00395,2025-09-30,NEW,,PLAN002,0.0,79.0
EVT000616,SUB00395,CUST00395,2025-09-30,UPGRADE,PLAN002,PLAN003,79.0,199.0
EVT000617,SUB00396,CUST00396,2025-02-07,NEW,,PLAN001,0.0,29.0
EVT000618,SUB00397,CUST00397,2024-05-27,NEW,,PLAN002,0.0,79.0
EVT000619,SUB00397,CUST00397,2025-05-22,CANCELLATION,PLAN002,,79.0,0.0
EVT000620,SUB00398,CUST00398,2024-02-16,NEW,,PLAN002,0.0,79.0
EVT000621,SUB00398,CUST00398,2024-02-16,UPGRADE,PLAN002,PLAN003,79.0,199.0
EVT000622,SUB00399,CUST00399,2025-06-15,NEW,,PLAN001,0.0,29.0
EVT000623,SUB00400,CUST00400,2024-12-01,NEW,,PLAN003,0.0,199.0
EVT000624,SUB00401,CUST00401,2025-08-30,NEW,,PLAN002,0.0,79.0
EVT000625,SUB00401,CUST00401,2025-08-30,UPGRADE,PLAN002,PLAN003,79.0,199.0
EVT000626,SUB00402,CUST00402,2025-12-26,NEW,,PLAN001,0.0,29.0
EVT000627,SUB00403,CUST00403,2024-12-05,NEW,,PLAN002,0.0,79.0
EVT000628,SUB00403,CUST00403,2025-06-03,CANCELLATION,PLAN002,,79.0,0.0
EVT000629,SUB00404,CUST00404,2025-09-03,NEW,,PLAN002,0.0,79.0
EVT000630,SUB00404,CUST00404,2025-12-02,CANCELLATION,PLAN002,,79.0,0.0
EVT000631,SUB00405,CUST00405,2024-02-22,NEW,,PLAN001,0.0,29.0
EVT000632,SUB00405,CUST00405,2025-02-16,CANCELLATION,PLAN001,,29.0,0.0
EVT000633,SUB00406,CUST00406,2024-05-31,NEW,,PLAN002,0.0,79.0
EVT000634,SUB00407,CUST00407,2024-07-14,NEW,,PLAN001,0.0,29.0
EVT000635,SUB00407,CUST00407,2024-07-14,UPGRADE,PLAN001,PLAN002,29.0,79.0
EVT000636,SUB00408,CUST00408,2025-12-08,NEW,,PLAN002,0.0,79.0
EVT000637,SUB00409,CUST00409,2024-03-04,NEW,,PLAN002,0.0,79.0
EVT000638,SUB00409,CUST00409,2024-06-02,CANCELLATION,PLAN002,,79.0,0.0
EVT000639,SUB00410,CUST00410,2025-11-09,NEW,,PLAN002,0.0,79.0
EVT000640,SUB00411,CUST00411,2025-04-15,NEW,,PLAN001,0.0,29.0
EVT000641,SUB00412,CUST00412,2025-09-16,NEW,,PLAN001,0.0,29.0
EVT000642,SUB00413,CUST00413,2024-08-18,NEW,,PLAN002,0.0,79.0
EVT000643,SUB00414,CUST00414,2025-12-07,NEW,,PLAN002,0.0,79.0
EVT000644,SUB00415,CUST00415,2024-10-21,NEW,,PLAN001,0.0,29.0
EVT000645,SUB00415,CUST00415,2025-10-07,UPGRADE,PLAN001,PLAN002,29.0,79.0
EVT000646,SUB00415,CUST00415,2025-10-16,CANCELLATION,PLAN001,,29.0,0.0
EVT000647,SUB00416,CUST00416,2024-12-19,NEW,,PLAN001,0.0,29.0
EVT000648,SUB00417,CUST00417,2024-10-21,NEW,,PLAN001,0.0,29.0
EVT000649,SUB00417,CUST00417,2025-01-19,CANCELLATION,PLAN001,,29.0,0.0
EVT000650,SUB00418,CUST00418,2025-11-02,NEW,,PLAN001,0.0,29.0
EVT000651,SUB00419,CUST00419,2025-07-29,NEW,,PLAN001,0.0,29.0
EVT000652,SUB00420,CUST00420,2024-09-05,NEW,,PLAN003,0.0,199.0
EVT000653,SUB00421,CUST00421,2024-02-23,NEW,,PLAN001,0.0,29.0
EVT000654,SUB00422,CUST00422,2025-11-28,NEW,,PLAN002,0.0,79.0
EVT000655,SUB00423,CUST00423,2025-02-20,NEW,,PLAN003,0.0,199.0
EVT000656,SUB00424,CUST00424,2024-10-21,NEW,,PLAN001,0.0,29.0
EVT000657,SUB00425,CUST00425,2025-10-29,NEW,,PLAN002,0.0,79.0
EVT000658,SUB00425,CUST00425,2025-10-29,UPGRADE,PLAN002,PLAN003,79.0,199.0
EVT000659,SUB00426,CUST00426,2024-06-28,NEW,,PLAN002,0.0,79.0
EVT000660,SUB00426,CUST00426,2024-09-26,CANCELLATION,PLAN002,,79.0,0.0
EVT000661,SUB00427,CUST00427,2025-02-10,NEW,,PLAN001,0.0,29.0
EVT000662,SUB00427,CUST00427,2025-02-10,UPGRADE,PLAN001,PLAN002,29.0,79.0
EVT000663,SUB00428,CUST00428,2024-02-08,NEW,,PLAN003,0.0,199.0
EVT000664,SUB00429,CUST00429,2024-10-18,NEW,,PLAN001,0.0,29.0
EVT000665,SUB00430,CUST00430,2024-05-17,NEW,,PLAN002,0.0,79.0
EVT000666,SUB00430,CUST00430,2024-11-13,CANCELLATION,PLAN002,,79.0,0.0
EVT000667,SUB00431,CUST00431,2024-12-04,NEW,,PLAN002,0.0,79.0
EVT000668,SUB00432,CUST00432,2024-01-15,NEW,,PLAN002,0.0,79.0
EVT000669,SUB00432,CUST00432,2025-01-09,CANCELLATION,PLAN002,,79.0,0.0
EVT000670,SUB00433,CUST00433,2024-06-28,NEW,,PLAN002,0.0,79.0
EVT000671,SUB00433,CUST00433,2024-06-28,UPGRADE,PLAN002,PLAN003,79.0,199.0
EVT000672,SUB00434,CUST00434,2025-06-11,NEW,,PLAN003,0.0,199.0
EVT000673,SUB00435,CUST00435,2024-05-23,NEW,,PLAN002,0.0,79.0
EVT000674,SUB00435,CUST00435,2025-05-18,CANCELLATION,PLAN002,,79.0,0.0
EVT000675,SUB00436,CUST00436,2024-08-29,NEW,,PLAN002,0.0,79.0
EVT000676,SUB00437,CUST00437,2025-08-19,NEW,,PLAN003,0.0,199.0
EVT000677,SUB00438,CUST00438,2025-12-10,NEW,,PLAN001,0.0,29.0
EVT000678,SUB00439,CUST00439,2024-06-12,NEW,,PLAN003,0.0,199.0
EVT000679,SUB00440,CUST00440,2025-12-07,NEW,,PLAN003,0.0,199.0
EVT000680,SUB00441,CUST00441,2024-08-12,NEW,,PLAN001,0.0,29.0
EVT000681,SUB00442,CUST00442,2025-03-01,NEW,,PLAN002,0.0,79.0
EVT000682,SUB00442,CUST00442,2025-03-01,UPGRADE,PLAN002,PLAN003,79.0,199.0
EVT000683,SUB00443,CUST00443,2024-09-10,NEW,,PLAN002,0.0,79.0
EVT000684,SUB00444,CUST00444,2025-06-22,NEW,,PLAN003,0.0,199.0
EVT000685,SUB00445,CUST00445,2024-03-04,NEW,,PLAN001,0.0,29.0
EVT000686,SUB00445,CUST00445,2024-03-04,UPGRADE,PLAN001,PLAN002,29.0,79.0
EVT000687,SUB00446,CUST00446,2024-06-17,NEW,,PLAN001,0.0,29.0
EVT000688,SUB00446,CUST00446,2025-12-09,CANCELLATION,PLAN001,,29.0,0.0
EVT000689,SUB00447,CUST00447,2025-08-20,NEW,,PLAN001,0.0,29.0
EVT000690,SUB00448,CUST00448,2025-04-09,NEW,,PLAN001,0.0,29.0
EVT000691,SUB00449,CUST00449,2025-07-26,NEW,,PLAN001,0.0,29.0
EVT000692,SUB00449,CUST00449,2025-07-26,UPGRADE,PLAN001,PLAN002,29.0,79.0
EVT000693,SUB00450,CUST00450,2025-02-09,NEW,,PLAN001,0.0,29.0
EVT000694,SUB00450,CUST00450,2025-02-09,UPGRADE,PLAN001,PLAN002,29.0,79.0
EVT000695,SUB00451,CUST00451,2024-02-16,NEW,,PLAN002,0.0,79.0
EVT000696,SUB00451,CUST00451,2025-02-10,CANCELLATION,PLAN002,,79.0,0.0
EVT000697,SUB00452,CUST00452,2024-03-11,NEW,,PLAN002,0.0,79.0
EVT000698,SUB00452,CUST00452,2024-03-11,UPGRADE,PLAN002,PLAN003,79.0,199.0
EVT000699,SUB00453,CUST00453,2024-07-03,NEW,,PLAN001,0.0,29.0
EVT000700,SUB00454,CUST00454,2025-01-18,NEW,,PLAN002,0.0,79.0
EVT000701,SUB00454,CUST00454,2025-04-18,CANCELLATION,PLAN002,,79.0,0.0
EVT000702,SUB00455,CUST00455,2025-01-19,NEW,,PLAN002,0.0,79.0
EVT000703,SUB00456,CUST00456,2025-10-31,NEW,,PLAN003,0.0,199.0
EVT000704,SUB00457,CUST00457,2025-06-25,NEW,,PLAN001,0.0,29.0
EVT000705,SUB00457,CUST00457,2025-12-22,CANCELLATION,PLAN001,,29.0,0.0
EVT000706,SUB00458,CUST00458,2024-11-01,NEW,,PLAN002,0.0,79.0
EVT000707,SUB00458,CUST00458,2024-11-01,UPGRADE,PLAN002,PLAN003,79.0,199.0
EVT000708,SUB00459,CUST00459,2024-08-23,NEW,,PLAN001,0.0,29.0
EVT000709,SUB00460,CUST00460,2024-04-25,NEW,,PLAN001,0.0,29.0
EVT000710,SUB00461,CUST00461,2024-09-03,NEW,,PLAN002,0.0,79.0
EVT000711,SUB00461,CUST00461,2024-09-03,UPGRADE,PLAN002,PLAN003,79.0,199.0
EVT000712,SUB00462,CUST00462,2025-09-04,NEW,,PLAN002,0.0,79.0
EVT000713,SUB00463,CUST00463,2025-02-15,NEW,,PLAN001,0.0,29.0
EVT000714,SUB00464,CUST00464,2024-05-23,NEW,,PLAN001,0.0,29.0
EVT000715,SUB00464,CUST00464,2025-01-15,UPGRADE,PLAN001,PLAN002,29.0,79.0
EVT000716,SUB00464,CUST00464,2025-11-14,CANCELLATION,PLAN001,,29.0,0.0
EVT000717,SUB00465,CUST00465,2025-08-14,NEW,,PLAN001,0.0,29.0
EVT000718,SUB00466,CUST00466,2024-11-05,NEW,,PLAN003,0.0,199.0
EVT000719,SUB00466,CUST00466,2025-05-04,CANCELLATION,PLAN003,,199.0,0.0
EVT000720,SUB00467,CUST00467,2024-11-03,NEW,,PLAN001,0.0,29.0
EVT000721,SUB00468,CUST00468,2025-10-03,NEW,,PLAN002,0.0,79.0
EVT000722,SUB00469,CUST00469,2025-10-20,NEW,,PLAN002,0.0,79.0
EVT000723,SUB00470,CUST00470,2025-02-22,NEW,,PLAN001,0.0,29.0
EVT000724,SUB00471,CUST00471,2024-09-03,NEW,,PLAN001,0.0,29.0
EVT000725,SUB00472,CUST00472,2025-04-19,NEW,,PLAN002,0.0,79.0
EVT000726,SUB00472,CUST00472,2025-04-19,UPGRADE,PLAN002,PLAN003,79.0,199.0
EVT000727,SUB00473,CUST00473,2025-07-24,NEW,,PLAN001,0.0,29.0
EVT000728,SUB00473,CUST00473,2025-07-24,UPGRADE,PLAN001,PLAN002,29.0,79.0
EVT000729,SUB00474,CUST00474,2024-12-04,NEW,,PLAN002,0.0,79.0
EVT000730,SUB00474,CUST00474,2025-03-04,CANCELLATION,PLAN002,,79.0,0.0
EVT000731,SUB00475,CUST00475,2025-07-02,NEW,,PLAN002,0.0,79.0
EVT000732,SUB00475,CUST00475,2025-07-02,UPGRADE,PLAN002,PLAN003,79.0,199.0
EVT000733,SUB00476,CUST00476,2025-11-20,NEW,,PLAN001,0.0,29.0
EVT000734,SUB00477,CUST00477,2025-08-24,NEW,,PLAN003,0.0,199.0
EVT000735,SUB00478,CUST00478,2024-12-06,NEW,,PLAN001,0.0,29.0
EVT000736,SUB00479,CUST00479,2024-04-30,NEW,,PLAN001,0.0,29.0
EVT000737,SUB00479,CUST00479,2024-07-29,CANCELLATION,PLAN001,,29.0,0.0
EVT000738,SUB00480,CUST00480,2025-12-13,NEW,,PLAN001,0.0,29.0
EVT000739,SUB00481,CUST00481,2025-07-19,NEW,,PLAN001,0.0,29.0
EVT000740,SUB00482,CUST00482,2024-11-11,NEW,,PLAN002,0.0,79.0
EVT000741,SUB00482,CUST00482,2025-05-10,CANCELLATION,PLAN002,,79.0,0.0
EVT000742,SUB00483,CUST00483,2024-04-10,NEW,,PLAN003,0.0,199.0
EVT000743,SUB00483,CUST00483,2025-04-05,CANCELLATION,PLAN003,,199.0,0.0
EVT000744,SUB00484,CUST00484,2024-07-27,NEW,,PLAN001,0.0,29.0
EVT000745,SUB00484,CUST00484,2024-11-25,UPGRADE,PLAN001,PLAN002,29.0,79.0
EVT000746,SUB00484,CUST00484,2025-07-22,CANCELLATION,PLAN001,,29.0,0.0
EVT000747,SUB00485,CUST00485,2024-05-29,NEW,,PLAN001,0.0,29.0
EVT000748,SUB00486,CUST00486,2024-10-29,NEW,,PLAN002,0.0,79.0
EVT000749,SUB00486,CUST00486,2024-10-29,UPGRADE,PLAN002,PLAN003,79.0,199.0
EVT000750,SUB00487,CUST00487,2025-05-26,NEW,,PLAN001,0.0,29.0
EVT000751,SUB00487,CUST00487,2025-05-26,UPGRADE,PLAN001,PLAN002,29.0,79.0
EVT000752,SUB00488,CUST00488,2025-10-19,NEW,,PLAN001,0.0,29.0
EVT000753,SUB00489,CUST00489,2024-06-22,NEW,,PLAN001,0.0,29.0
EVT000754,SUB00490,CUST00490,2025-06-20,NEW,,PLAN001,0.0,29.0
EVT000755,SUB00490,CUST00490,2025-09-18,CANCELLATION,PLAN001,,29.0,0.0
EVT000756,SUB00491,CUST00491,2024-01-07,NEW,,PLAN002,0.0,79.0
EVT000757,SUB00491,CUST00491,2025-01-01,CANCELLATION,PLAN002,,79.0,0.0
EVT000758,SUB00492,CUST00492,2025-12-25,NEW,,PLAN002,0.0,79.0
EVT000759,SUB00492,CUST00492,2025-12-25,UPGRADE,PLAN002,PLAN003,79.0,199.0
EVT000760,SUB00493,CUST00493,2024-03-02,NEW,,PLAN002,0.0,79.0
EVT000761,SUB00493,CUST00493,2024-09-22,UPGRADE,PLAN002,PLAN003,79.0,199.0
EVT000762,SUB00493,CUST00493,2025-02-25,CANCELLATION,PLAN002,,79.0,0.0
EVT000763,SUB00494,CUST00494,2025-11-06,NEW,,PLAN003,0.0,199.0
EVT000764,SUB00495,CUST00495,2024-01-13,NEW,,PLAN001,0.0,29.0
EVT000765,SUB00495,CUST00495,2025-07-06,CANCELLATION,PLAN001,,29.0,0.0
EVT000766,SUB00496,CUST00496,2024-01-18,NEW,,PLAN003,0.0,199.0
EVT000767,SUB00497,CUST00497,2024-04-19,NEW,,PLAN002,0.0,79.0
EVT000768,SUB00498,CUST00498,2025-09-26,NEW,,PLAN002,0.0,79.0
EVT000769,SUB00499,CUST00499,2024-03-21,NEW,,PLAN001,0.0,29.0
EVT000770,SUB00499,CUST00499,2024-05-03,UPGRADE,PLAN001,PLAN002,29.0,79.0
EVT000771,SUB00499,CUST00499,2024-09-17,CANCELLATION,PLAN001,,29.0,0.0
EVT000772,SUB00500,CUST00500,2025-12-14,NEW,,PLAN001,0.0,29.0
EVT000773,SUB00501,CUST00501,2025-10-31,NEW,,PLAN002,0.0,79.0
EVT000774,SUB00502,CUST00502,2025-02-19,NEW,,PLAN001,0.0,29.0
EVT000775,SUB00502,CUST00502,2025-02-19,UPGRADE,PLAN001,PLAN002,29.0,79.0
EVT000776,SUB00503,CUST00503,2025-12-20,NEW,,PLAN001,0.0,29.0
EVT000777,SUB00504,CUST00504,2025-08-02,NEW,,PLAN002,0.0,79.0
EVT000778,SUB00505,CUST00505,2024-08-23,NEW,,PLAN003,0.0,199.0
EVT000779,SUB00506,CUST00506,2024-10-04,NEW,,PLAN003,0.0,199.0
EVT000780,SUB00507,CUST00507,2025-07-10,NEW,,PLAN002,0.0,79.0
EVT000781,SUB00507,CUST00507,2025-10-08,CANCELLATION,PLAN002,,79.0,0.0
EVT000782,SUB00508,CUST00508,2024-01-17,NEW,,PLAN002,0.0,79.0
EVT000783,SUB00508,CUST00508,2025-07-10,CANCELLATION,PLAN002,,79.0,0.0
EVT000784,SUB00509,CUST00509,2024-03-19,NEW,,PLAN002,0.0,79.0
EVT000785,SUB00509,CUST00509,2024-09-15,CANCELLATION,PLAN002,,79.0,0.0
EVT000786,SUB00510,CUST00510,2025-11-24,NEW,,PLAN001,0.0,29.0
EVT000787,SUB00511,CUST00511,2025-12-06,NEW,,PLAN002,0.0,79.0
EVT000788,SUB00511,CUST00511,2025-12-06,UPGRADE,PLAN002,PLAN003,79.0,199.0
EVT000789,SUB00512,CUST00512,2024-02-24,NEW,,PLAN001,0.0,29.0
EVT000790,SUB00512,CUST00512,2025-02-18,CANCELLATION,PLAN001,,29.0,0.0
EVT000791,SUB00513,CUST00513,2025-09-11,NEW,,PLAN002,0.0,79.0
EVT000792,SUB00514,CUST00514,2024-01-31,NEW,,PLAN002,0.0,79.0
EVT000793,SUB00514,CUST00514,2024-04-20,DOWNGRADE,PLAN002,PLAN001,79.0,29.0
EVT000794,SUB00514,CUST00514,2025-07-24,CANCELLATION,PLAN002,,79.0,0.0
EVT000795,SUB00515,CUST00515,2024-08-21,NEW,,PLAN002,0.0,79.0
EVT000796,SUB00515,CUST00515,2025-08-16,CANCELLATION,PLAN002,,79.0,0.0
EVT000797,SUB00516,CUST00516,2024-03-28,NEW,,PLAN001,0.0,29.0
EVT000798,SUB00516,CUST00516,2024-05-17,UPGRADE,PLAN001,PLAN002,29.0,79.0
EVT000799,SUB00517,CUST00517,2024-03-25,NEW,,PLAN002,0.0,79.0
EVT000800,SUB00517,CUST00517,2024-06-01,UPGRADE,PLAN002,PLAN003,79.0,199.0
EVT000801,SUB00517,CUST00517,2025-09-16,CANCELLATION,PLAN002,,79.0,0.0
EVT000802,SUB00518,CUST00518,2025-02-02,NEW,,PLAN002,0.0,79.0
EVT000803,SUB00518,CUST00518,2025-02-02,UPGRADE,PLAN002,PLAN003,79.0,199.0
EVT000804,SUB00519,CUST00519,2025-03-31,NEW,,PLAN001,0.0,29.0
EVT000805,SUB00520,CUST00520,2024-07-10,NEW,,PLAN001,0.0,29.0
EVT000806,SUB00520,CUST00520,2025-07-05,CANCELLATION,PLAN001,,29.0,0.0
EVT000807,SUB00521,CUST00521,2024-04-15,NEW,,PLAN001,0.0,29.0
EVT000808,SUB00521,CUST00521,2024-10-06,UPGRADE,PLAN001,PLAN002,29.0,79.0
EVT000809,SUB00521,CUST00521,2025-04-10,CANCELLATION,PLAN001,,29.0,0.0
EVT000810,SUB00522,CUST00522,2025-01-29,NEW,,PLAN003,0.0,199.0
EVT000811,SUB00523,CUST00523,2025-07-26,NEW,,PLAN001,0.0,29.0
EVT000812,SUB00524,CUST00524,2025-12-02,NEW,,PLAN003,0.0,199.0
EVT000813,SUB00525,CUST00525,2025-05-19,NEW,,PLAN002,0.0,79.0
EVT000814,SUB00526,CUST00526,2024-11-02,NEW,,PLAN002,0.0,79.0
EVT000815,SUB00526,CUST00526,2025-10-28,CANCELLATION,PLAN002,,79.0,0.0
EVT000816,SUB00527,CUST00527,2025-10-02,NEW,,PLAN001,0.0,29.0
EVT000817,SUB00528,CUST00528,2024-05-18,NEW,,PLAN002,0.0,79.0
EVT000818,SUB00528,CUST00528,2024-11-14,CANCELLATION,PLAN002,,79.0,0.0
EVT000819,SUB00529,CUST00529,2024-12-03,NEW,,PLAN001,0.0,29.0
EVT000820,SUB00530,CUST00530,2024-11-03,NEW,,PLAN002,0.0,79.0
EVT000821,SUB00530,CUST00530,2025-02-01,CANCELLATION,PLAN002,,79.0,0.0
EVT000822,SUB00531,CUST00531,2024-06-30,NEW,,PLAN002,0.0,79.0
EVT000823,SUB00531,CUST00531,2025-12-22,CANCELLATION,PLAN002,,79.0,0.0
EVT000824,SUB00532,CUST00532,2025-08-12,NEW,,PLAN001,0.0,29.0
EVT000825,SUB00533,CUST00533,2025-01-08,NEW,,PLAN002,0.0,79.0
EVT000826,SUB00534,CUST00534,2025-11-29,NEW,,PLAN001,0.0,29.0
EVT000827,SUB00535,CUST00535,2025-12-26,NEW,,PLAN003,0.0,199.0
EVT000828,SUB00536,CUST00536,2025-02-22,NEW,,PLAN001,0.0,29.0
EVT000829,SUB00536,CUST00536,2025-02-22,UPGRADE,PLAN001,PLAN002,29.0,79.0
EVT000830,SUB00537,CUST00537,2024-09-15,NEW,,PLAN003,0.0,199.0
EVT000831,SUB00537,CUST00537,2025-03-09,DOWNGRADE,PLAN003,PLAN002,199.0,79.0
EVT000832,SUB00538,CUST00538,2024-03-16,NEW,,PLAN001,0.0,29.0
EVT000833,SUB00539,CUST00539,2025-07-01,NEW,,PLAN001,0.0,29.0
EVT000834,SUB00540,CUST00540,2025-01-03,NEW,,PLAN003,0.0,199.0
EVT000835,SUB00541,CUST00541,2024-04-21,NEW,,PLAN001,0.0,29.0
EVT000836,SUB00541,CUST00541,2024-07-29,UPGRADE,PLAN001,PLAN002,29.0,79.0
EVT000837,SUB00542,CUST00542,2025-10-24,NEW,,PLAN002,0.0,79.0
EVT000838,SUB00543,CUST00543,2024-12-05,NEW,,PLAN003,0.0,199.0
EVT000839,SUB00544,CUST00544,2024-09-21,NEW,,PLAN001,0.0,29.0
EVT000840,SUB00544,CUST00544,2025-02-08,UPGRADE,PLAN001,PLAN002,29.0,79.0
EVT000841,SUB00544,CUST00544,2025-03-20,CANCELLATION,PLAN001,,29.0,0.0
EVT000842,SUB00545,CUST00545,2025-04-01,NEW,,PLAN001,0.0,29.0
EVT000843,SUB00545,CUST00545,2025-09-28,CANCELLATION,PLAN001,,29.0,0.0
EVT000844,SUB00546,CUST00546,2024-12-19,NEW,,PLAN002,0.0,79.0
EVT000845,SUB00547,CUST00547,2024-03-28,NEW,,PLAN001,0.0,29.0
EVT000846,SUB00547,CUST00547,2024-03-28,UPGRADE,PLAN001,PLAN002,29.0,79.0
EVT000847,SUB00548,CUST00548,2024-12-17,NEW,,PLAN002,0.0,79.0
EVT000848,SUB00548,CUST00548,2025-06-15,CANCELLATION,PLAN002,,79.0,0.0
EVT000849,SUB00549,CUST00549,2025-05-02,NEW,,PLAN001,0.0,29.0
EVT000850,SUB00550,CUST00550,2024-03-09,NEW,,PLAN001,0.0,29.0
EVT000851,SUB00551,CUST00551,2024-12-17,NEW,,PLAN003,0.0,199.0
EVT000852,SUB00551,CUST00551,2024-12-17,DOWNGRADE,PLAN003,PLAN002,199.0,79.0
EVT000853,SUB00552,CUST00552,2025-06-12,NEW,,PLAN001,0.0,29.0
EVT000854,SUB00553,CUST00553,2025-04-18,NEW,,PLAN001,0.0,29.0
EVT000855,SUB00554,CUST00554,2025-10-17,NEW,,PLAN002,0.0,79.0
EVT000856,SUB00555,CUST00555,2025-04-05,NEW,,PLAN002,0.0,79.0
EVT000857,SUB00555,CUST00555,2025-08-26,UPGRADE,PLAN002,PLAN003,79.0,199.0
EVT000858,SUB00556,CUST00556,2024-07-29,NEW,,PLAN001,0.0,29.0
EVT000859,SUB00556,CUST00556,2025-01-25,CANCELLATION,PLAN001,,29.0,0.0
EVT000860,SUB00557,CUST00557,2025-08-14,NEW,,PLAN001,0.0,29.0
EVT000861,SUB00557,CUST00557,2025-08-14,UPGRADE,PLAN001,PLAN002,29.0,79.0
EVT000862,SUB00558,CUST00558,2024-11-29,NEW,,PLAN001,0.0,29.0
EVT000863,SUB00558,CUST00558,2025-11-24,CANCELLATION,PLAN001,,29.0,0.0
EVT000864,SUB00559,CUST00559,2025-06-24,NEW,,PLAN002,0.0,79.0
EVT000865,SUB00560,CUST00560,2025-08-24,NEW,,PLAN002,0.0,79.0
EVT000866,SUB00560,CUST00560,2025-08-24,UPGRADE,PLAN002,PLAN003,79.0,199.0
EVT000867,SUB00561,CUST00561,2025-11-20,NEW,,PLAN002,0.0,79.0
EVT000868,SUB00561,CUST00561,2025-11-20,DOWNGRADE,PLAN002,PLAN001,79.0,29.0
EVT000869,SUB00562,CUST00562,2025-11-19,NEW,,PLAN003,0.0,199.0
EVT000870,SUB00563,CUST00563,2024-07-06,NEW,,PLAN001,0.0,29.0
EVT000871,SUB00563,CUST00563,2025-01-02,CANCELLATION,PLAN001,,29.0,0.0
EVT000872,SUB00564,CUST00564,2025-09-02,NEW,,PLAN001,0.0,29.0
EVT000873,SUB00565,CUST00565,2025-10-12,NEW,,PLAN001,0.0,29.0
EVT000874,SUB00566,CUST00566,2025-07-22,NEW,,PLAN003,0.0,199.0
EVT000875,SUB00567,CUST00567,2025-04-06,NEW,,PLAN001,0.0,29.0
EVT000876,SUB00568,CUST00568,2025-05-11,NEW,,PLAN002,0.0,79.0
EVT000877,SUB00568,CUST00568,2025-05-11,UPGRADE,PLAN002,PLAN003,79.0,199.0
EVT000878,SUB00569,CUST00569,2025-02-22,NEW,,PLAN002,0.0,79.0
EVT000879,SUB00570,CUST00570,2025-05-15,NEW,,PLAN001,0.0,29.0
EVT000880,SUB00571,CUST00571,2024-10-26,NEW,,PLAN002,0.0,79.0
EVT000881,SUB00572,CUST00572,2025-04-13,NEW,,PLAN001,0.0,29.0
EVT000882,SUB00573,CUST00573,2025-08-09,NEW,,PLAN002,0.0,79.0
EVT000883,SUB00574,CUST00574,2025-07-09,NEW,,PLAN001,0.0,29.0
EVT000884,SUB00575,CUST00575,2025-07-13,NEW,,PLAN003,0.0,199.0
EVT000885,SUB00576,CUST00576,2024-10-31,NEW,,PLAN002,0.0,79.0
EVT000886,SUB00577,CUST00577,2024-03-30,NEW,,PLAN002,0.0,79.0
EVT000887,SUB00577,CUST00577,2024-09-03,UPGRADE,PLAN002,PLAN003,79.0,199.0
EVT000888,SUB00577,CUST00577,2024-09-26,CANCELLATION,PLAN002,,79.0,0.0
EVT000889,SUB00578,CUST00578,2024-08-02,NEW,,PLAN002,0.0,79.0
EVT000890,SUB00578,CUST00578,2025-01-29,CANCELLATION,PLAN002,,79.0,0.0
EVT000891,SUB00579,CUST00579,2024-06-18,NEW,,PLAN001,0.0,29.0
EVT000892,SUB00579,CUST00579,2025-12-10,CANCELLATION,PLAN001,,29.0,0.0
EVT000893,SUB00580,CUST00580,2024-03-01,NEW,,PLAN001,0.0,29.0
EVT000894,SUB00580,CUST00580,2024-08-25,UPGRADE,PLAN001,PLAN002,29.0,79.0
EVT000895,SUB00580,CUST00580,2025-02-24,CANCELLATION,PLAN001,,29.0,0.0
EVT000896,SUB00581,CUST00581,2024-11-27,NEW,,PLAN001,0.0,29.0
EVT000897,SUB00582,CUST00582,2025-06-10,NEW,,PLAN001,0.0,29.0
EVT000898,SUB00583,CUST00583,2025-02-25,NEW,,PLAN002,0.0,79.0
EVT000899,SUB00583,CUST00583,2025-05-26,CANCELLATION,PLAN002,,79.0,0.0
EVT000900,SUB00584,CUST00584,2025-12-19,NEW,,PLAN002,0.0,79.0
EVT000901,SUB00584,CUST00584,2025-12-19,DOWNGRADE,PLAN002,PLAN001,79.0,29.0
EVT000902,SUB00585,CUST00585,2024-09-10,NEW,,PLAN002,0.0,79.0
EVT000903,SUB00586,CUST00586,2025-08-14,NEW,,PLAN001,0.0,29.0
EVT000904,SUB00586,CUST00586,2025-08-14,UPGRADE,PLAN001,PLAN002,29.0,79.0
EVT000905,SUB00587,CUST00587,2024-03-18,NEW,,PLAN002,0.0,79.0
EVT000906,SUB00587,CUST00587,2025-03-13,CANCELLATION,PLAN002,,79.0,0.0
EVT000907,SUB00588,CUST00588,2025-12-12,NEW,,PLAN002,0.0,79.0
EVT000908,SUB00589,CUST00589,2024-12-01,NEW,,PLAN001,0.0,29.0
EVT000909,SUB00589,CUST00589,2025-11-26,CANCELLATION,PLAN001,,29.0,0.0
EVT000910,SUB00590,CUST00590,2025-04-14,NEW,,PLAN001,0.0,29.0
EVT000911,SUB00590,CUST00590,2025-10-11,CANCELLATION,PLAN001,,29.0,0.0
EVT000912,SUB00591,CUST00591,2025-07-01,NEW,,PLAN001,0.0,29.0
EVT000913,SUB00592,CUST00592,2024-10-01,NEW,,PLAN003,0.0,199.0
EVT000914,SUB00592,CUST00592,2025-07-13,DOWNGRADE,PLAN003,PLAN002,199.0,79.0
EVT000915,SUB00592,CUST00592,2025-09-26,CANCELLATION,PLAN003,,199.0,0.0
EVT000916,SUB00593,CUST00593,2025-08-02,NEW,,PLAN003,0.0,199.0
EVT000917,SUB00594,CUST00594,2024-02-17,NEW,,PLAN002,0.0,79.0
EVT000918,SUB00594,CUST00594,2024-10-16,DOWNGRADE,PLAN002,PLAN001,79.0,29.0
EVT000919,SUB00594,CUST00594,2025-02-11,CANCELLATION,PLAN002,,79.0,0.0
EVT000920,SUB00595,CUST00595,2024-05-07,NEW,,PLAN002,0.0,79.0
EVT000921,SUB00596,CUST00596,2025-03-14,NEW,,PLAN001,0.0,29.0
EVT000922,SUB00597,CUST00597,2024-06-11,NEW,,PLAN003,0.0,199.0
EVT000923,SUB00598,CUST00598,2024-09-13,NEW,,PLAN001,0.0,29.0
EVT000924,SUB00598,CUST00598,2025-09-08,CANCELLATION,PLAN001,,29.0,0.0
EVT000925,SUB00599,CUST00599,2024-02-23,NEW,,PLAN003,0.0,199.0
EVT000926,SUB00600,CUST00600,2025-03-15,NEW,,PLAN001,0.0,29.0
EVT000927,SUB00600,CUST00600,2025-09-11,CANCELLATION,PLAN001,,29.0,0.0
EVT000928,SUB00601,CUST00601,2025-05-03,NEW,,PLAN002,0.0,79.0
EVT000929,SUB00602,CUST00602,2024-01-10,NEW,,PLAN001,0.0,29.0
EVT000930,SUB00602,CUST00602,2025-07-03,CANCELLATION,PLAN001,,29.0,0.0
EVT000931,SUB00603,CUST00603,2025-12-11,NEW,,PLAN002,0.0,79.0
EVT000932,SUB00603,CUST00603,2025-12-11,DOWNGRADE,PLAN002,PLAN001,79.0,29.0
EVT000933,SUB00604,CUST00604,2024-04-14,NEW,,PLAN002,0.0,79.0
EVT000934,SUB00605,CUST00605,2025-01-26,NEW,,PLAN003,0.0,199.0
EVT000935,SUB00606,CUST00606,2024-03-11,NEW,,PLAN003,0.0,199.0
EVT000936,SUB00606,CUST00606,2025-09-02,CANCELLATION,PLAN003,,199.0,0.0
EVT000937,SUB00607,CUST00607,2025-03-26,NEW,,PLAN003,0.0,199.0
EVT000938,SUB00608,CUST00608,2025-02-25,NEW,,PLAN002,0.0,79.0
EVT000939,SUB00608,CUST00608,2025-02-25,UPGRADE,PLAN002,PLAN003,79.0,199.0
EVT000940,SUB00609,CUST00609,2024-04-12,NEW,,PLAN002,0.0,79.0
EVT000941,SUB00609,CUST00609,2025-04-07,CANCELLATION,PLAN002,,79.0,0.0
EVT000942,SUB00610,CUST00610,2024-12-25,NEW,,PLAN003,0.0,199.0
EVT000943,SUB00611,CUST00611,2024-10-10,NEW,,PLAN003,0.0,199.0
EVT000944,SUB00611,CUST00611,2025-10-05,CANCELLATION,PLAN003,,199.0,0.0
EVT000945,SUB00612,CUST00612,2025-12-08,NEW,,PLAN001,0.0,29.0
EVT000946,SUB00612,CUST00612,2025-12-08,UPGRADE,PLAN001,PLAN002,29.0,79.0
EVT000947,SUB00613,CUST00613,2024-07-29,NEW,,PLAN003,0.0,199.0
EVT000948,SUB00613,CUST00613,2025-07-24,CANCELLATION,PLAN003,,199.0,0.0
EVT000949,SUB00614,CUST00614,2024-10-29,NEW,,PLAN001,0.0,29.0
EVT000950,SUB00615,CUST00615,2025-05-21,NEW,,PLAN003,0.0,199.0
EVT000951,SUB00616,CUST00616,2025-06-24,NEW,,PLAN001,0.0,29.0
EVT000952,SUB00616,CUST00616,2025-06-24,UPGRADE,PLAN001,PLAN002,29.0,79.0
EVT000953,SUB00617,CUST00617,2024-05-15,NEW,,PLAN003,0.0,199.0
EVT000954,SUB00618,CUST00618,2025-07-13,NEW,,PLAN001,0.0,29.0
EVT000955,SUB00619,CUST00619,2024-01-18,NEW,,PLAN002,0.0,79.0
EVT000956,SUB00619,CUST00619,2024-03-10,DOWNGRADE,PLAN002,PLAN001,79.0,29.0
EVT000957,SUB00619,CUST00619,2025-07-11,CANCELLATION,PLAN002,,79.0,0.0
EVT000958,SUB00620,CUST00620,2024-03-02,NEW,,PLAN001,0.0,29.0
EVT000959,SUB00620,CUST00620,2024-03-02,UPGRADE,PLAN001,PLAN002,29.0,79.0
EVT000960,SUB00621,CUST00621,2025-03-09,NEW,,PLAN002,0.0,79.0
EVT000961,SUB00622,CUST00622,2024-10-11,NEW,,PLAN002,0.0,79.0
EVT000962,SUB00623,CUST00623,2024-06-08,NEW,,PLAN001,0.0,29.0
EVT000963,SUB00623,CUST00623,2025-06-03,CANCELLATION,PLAN001,,29.0,0.0
EVT000964,SUB00624,CUST00624,2024-11-13,NEW,,PLAN002,0.0,79.0
EVT000965,SUB00624,CUST00624,2025-11-08,CANCELLATION,PLAN002,,79.0,0.0
EVT000966,SUB00625,CUST00625,2024-02-29,NEW,,PLAN001,0.0,29.0
EVT000967,SUB00625,CUST00625,2024-05-29,CANCELLATION,PLAN001,,29.0,0.0
EVT000968,SUB00626,CUST00626,2024-11-12,NEW,,PLAN001,0.0,29.0
EVT000969,SUB00627,CUST00627,2024-01-13,NEW,,PLAN002,0.0,79.0
EVT000970,SUB00628,CUST00628,2024-12-21,NEW,,PLAN001,0.0,29.0
EVT000971,SUB00628,CUST00628,2025-06-19,CANCELLATION,PLAN001,,29.0,0.0
EVT000972,SUB00629,CUST00629,2024-06-19,NEW,,PLAN002,0.0,79.0
EVT000973,SUB00629,CUST00629,2025-01-04,DOWNGRADE,PLAN002,PLAN001,79.0,29.0
EVT000974,SUB00629,CUST00629,2025-06-14,CANCELLATION,PLAN002,,79.0,0.0
EVT000975,SUB00630,CUST00630,2024-04-30,NEW,,PLAN002,0.0,79.0
EVT000976,SUB00631,CUST00631,2024-10-05,NEW,,PLAN001,0.0,29.0
EVT000977,SUB00632,CUST00632,2025-05-23,NEW,,PLAN002,0.0,79.0
EVT000978,SUB00633,CUST00633,2025-01-11,NEW,,PLAN001,0.0,29.0
EVT000979,SUB00634,CUST00634,2024-08-21,NEW,,PLAN001,0.0,29.0
EVT000980,SUB00634,CUST00634,2025-02-17,CANCELLATION,PLAN001,,29.0,0.0
EVT000981,SUB00635,CUST00635,2024-09-07,NEW,,PLAN001,0.0,29.0
EVT000982,SUB00636,CUST00636,2024-07-02,NEW,,PLAN002,0.0,79.0
EVT000983,SUB00636,CUST00636,2025-06-27,CANCELLATION,PLAN002,,79.0,0.0
EVT000984,SUB00637,CUST00637,2024-08-17,NEW,,PLAN001,0.0,29.0
EVT000985,SUB00638,CUST00638,2024-10-04,NEW,,PLAN003,0.0,199.0
EVT000986,SUB00639,CUST00639,2024-07-02,NEW,,PLAN002,0.0,79.0
EVT000987,SUB00640,CUST00640,2024-03-11,NEW,,PLAN002,0.0,79.0
EVT000988,SUB00640,CUST00640,2025-08-19,UPGRADE,PLAN002,PLAN003,79.0,199.0
EVT000989,SUB00641,CUST00641,2024-12-01,NEW,,PLAN002,0.0,79.0
EVT000990,SUB00641,CUST00641,2025-03-01,CANCELLATION,PLAN002,,79.0,0.0
EVT000991,SUB00642,CUST00642,2024-10-25,NEW,,PLAN001,0.0,29.0
EVT000992,SUB00642,CUST00642,2025-06-15,UPGRADE,PLAN001,PLAN002,29.0,79.0
EVT000993,SUB00643,CUST00643,2025-04-20,NEW,,PLAN002,0.0,79.0
EVT000994,SUB00644,CUST00644,2025-07-13,NEW,,PLAN003,0.0,199.0
EVT000995,SUB00645,CUST00645,2024-01-25,NEW,,PLAN001,0.0,29.0
EVT000996,SUB00646,CUST00646,2024-12-09,NEW,,PLAN002,0.0,79.0
EVT000997,SUB00647,CUST00647,2024-04-16,NEW,,PLAN001,0.0,29.0
EVT000998,SUB00647,CUST00647,2024-07-15,CANCELLATION,PLAN001,,29.0,0.0
EVT000999,SUB00648,CUST00648,2024-05-25,NEW,,PLAN003,0.0,199.0
EVT001000,SUB00649,CUST00649,2025-06-16,NEW,,PLAN001,0.0,29.0
EVT001001,SUB00650,CUST00650,2025-08-17,NEW,,PLAN001,0.0,29.0
EVT001002,SUB00651,CUST00651,2024-03-17,NEW,,PLAN002,0.0,79.0
EVT001003,SUB00651,CUST00651,2024-09-13,CANCELLATION,PLAN002,,79.0,0.0
EVT001004,SUB00652,CUST00652,2024-08-30,NEW,,PLAN001,0.0,29.0
EVT001005,SUB00652,CUST00652,2025-08-18,UPGRADE,PLAN001,PLAN002,29.0,79.0
EVT001006,SUB00652,CUST00652,2025-08-25,CANCELLATION,PLAN001,,29.0,0.0
EVT001007,SUB00653,CUST00653,2025-12-18,NEW,,PLAN001,0.0,29.0
EVT001008,SUB00654,CUST00654,2024-08-27,NEW,,PLAN001,0.0,29.0
EVT001009,SUB00654,CUST00654,2024-10-19,UPGRADE,PLAN001,PLAN002,29.0,79.0
EVT001010,SUB00654,CUST00654,2025-02-23,CANCELLATION,PLAN001,,29.0,0.0
EVT001011,SUB00655,CUST00655,2024-06-08,NEW,,PLAN001,0.0,29.0
EVT001012,SUB00655,CUST00655,2024-09-06,CANCELLATION,PLAN001,,29.0,0.0
EVT001013,SUB00656,CUST00656,2024-05-03,NEW,,PLAN001,0.0,29.0
EVT001014,SUB00656,CUST00656,2025-04-28,CANCELLATION,PLAN001,,29.0,0.0
EVT001015,SUB00657,CUST00657,2025-04-19,NEW,,PLAN001,0.0,29.0
EVT001016,SUB00657,CUST00657,2025-06-13,UPGRADE,PLAN001,PLAN002,29.0,79.0
EVT001017,SUB00658,CUST00658,2025-12-22,NEW,,PLAN002,0.0,79.0
EVT001018,SUB00659,CUST00659,2024-05-31,NEW,,PLAN001,0.0,29.0
EVT001019,SUB00659,CUST00659,2024-11-27,CANCELLATION,PLAN001,,29.0,0.0
EVT001020,SUB00660,CUST00660,2025-06-09,NEW,,PLAN003,0.0,199.0
EVT001021,SUB00661,CUST00661,2024-02-01,NEW,,PLAN001,0.0,29.0
EVT001022,SUB00661,CUST00661,2024-05-01,CANCELLATION,PLAN001,,29.0,0.0
EVT001023,SUB00662,CUST00662,2024-04-06,NEW,,PLAN001,0.0,29.0
EVT001024,SUB00662,CUST00662,2025-09-28,CANCELLATION,PLAN001,,29.0,0.0
EVT001025,SUB00663,CUST00663,2024-01-13,NEW,,PLAN001,0.0,29.0
EVT001026,SUB00663,CUST00663,2024-01-13,UPGRADE,PLAN001,PLAN002,29.0,79.0
EVT001027,SUB00664,CUST00664,2024-07-21,NEW,,PLAN002,0.0,79.0
EVT001028,SUB00664,CUST00664,2024-07-21,UPGRADE,PLAN002,PLAN003,79.0,199.0
EVT001029,SUB00665,CUST00665,2025-08-19,NEW,,PLAN002,0.0,79.0
EVT001030,SUB00666,CUST00666,2024-07-21,NEW,,PLAN002,0.0,79.0
EVT001031,SUB00666,CUST00666,2025-01-17,CANCELLATION,PLAN002,,79.0,0.0
EVT001032,SUB00667,CUST00667,2024-12-05,NEW,,PLAN003,0.0,199.0
EVT001033,SUB00668,CUST00668,2025-02-08,NEW,,PLAN002,0.0,79.0
EVT001034,SUB00669,CUST00669,2024-12-28,NEW,,PLAN002,0.0,79.0
EVT001035,SUB00669,CUST00669,2025-12-23,CANCELLATION,PLAN002,,79.0,0.0
EVT001036,SUB00670,CUST00670,2024-06-01,NEW,,PLAN002,0.0,79.0
EVT001037,SUB00670,CUST00670,2024-08-06,DOWNGRADE,PLAN002,PLAN001,79.0,29.0
EVT001038,SUB00670,CUST00670,2024-11-28,CANCELLATION,PLAN002,,79.0,0.0
EVT001039,SUB00671,CUST00671,2025-05-25,NEW,,PLAN002,0.0,79.0
EVT001040,SUB00671,CUST00671,2025-05-25,UPGRADE,PLAN002,PLAN003,79.0,199.0
EVT001041,SUB00672,CUST00672,2024-10-13,NEW,,PLAN001,0.0,29.0
EVT001042,SUB00672,CUST00672,2025-10-08,CANCELLATION,PLAN001,,29.0,0.0
EVT001043,SUB00673,CUST00673,2025-10-07,NEW,,PLAN001,0.0,29.0
EVT001044,SUB00674,CUST00674,2025-12-31,NEW,,PLAN002,0.0,79.0
EVT001045,SUB00675,CUST00675,2025-08-02,NEW,,PLAN002,0.0,79.0
EVT001046,SUB00676,CUST00676,2024-11-22,NEW,,PLAN002,0.0,79.0
EVT001047,SUB00676,CUST00676,2024-11-22,UPGRADE,PLAN002,PLAN003,79.0,199.0
EVT001048,SUB00677,CUST00677,2024-02-29,NEW,,PLAN002,0.0,79.0
EVT001049,SUB00677,CUST00677,2025-01-24,DOWNGRADE,PLAN002,PLAN001,79.0,29.0
EVT001050,SUB00677,CUST00677,2025-02-23,CANCELLATION,PLAN002,,79.0,0.0
EVT001051,SUB00678,CUST00678,2024-06-12,NEW,,PLAN001,0.0,29.0
EVT001052,SUB00678,CUST00678,2025-12-04,CANCELLATION,PLAN001,,29.0,0.0
EVT001053,SUB00679,CUST00679,2024-08-12,NEW,,PLAN002,0.0,79.0
EVT001054,SUB00680,CUST00680,2024-06-29,NEW,,PLAN001,0.0,29.0
EVT001055,SUB00681,CUST00681,2025-08-28,NEW,,PLAN002,0.0,79.0
EVT001056,SUB00681,CUST00681,2025-08-28,DOWNGRADE,PLAN002,PLAN001,79.0,29.0
EVT001057,SUB00682,CUST00682,2025-07-30,NEW,,PLAN001,0.0,29.0
EVT001058,SUB00683,CUST00683,2025-07-09,NEW,,PLAN003,0.0,199.0
EVT001059,SUB00684,CUST00684,2024-08-26,NEW,,PLAN001,0.0,29.0
EVT001060,SUB00684,CUST00684,2025-08-21,CANCELLATION,PLAN001,,29.0,0.0
EVT001061,SUB00685,CUST00685,2024-12-05,NEW,,PLAN001,0.0,29.0
EVT001062,SUB00686,CUST00686,2024-06-30,NEW,,PLAN002,0.0,79.0
EVT001063,SUB00686,CUST00686,2025-02-17,DOWNGRADE,PLAN002,PLAN001,79.0,29.0
EVT001064,SUB00686,CUST00686,2025-12-22,CANCELLATION,PLAN002,,79.0,0.0
EVT001065,SUB00687,CUST00687,2024-01-23,NEW,,PLAN003,0.0,199.0
EVT001066,SUB00687,CUST00687,2024-04-22,CANCELLATION,PLAN003,,199.0,0.0
EVT001067,SUB00688,CUST00688,2025-06-22,NEW,,PLAN003,0.0,199.0
EVT001068,SUB00689,CUST00689,2025-08-23,NEW,,PLAN001,0.0,29.0
EVT001069,SUB00690,CUST00690,2025-03-23,NEW,,PLAN001,0.0,29.0
EVT001070,SUB00691,CUST00691,2025-12-25,NEW,,PLAN002,0.0,79.0
EVT001071,SUB00691,CUST00691,2025-12-25,UPGRADE,PLAN002,PLAN003,79.0,199.0
EVT001072,SUB00692,CUST00692,2024-08-16,NEW,,PLAN002,0.0,79.0
EVT001073,SUB00693,CUST00693,2025-12-06,NEW,,PLAN001,0.0,29.0
EVT001074,SUB00694,CUST00694,2025-08-04,NEW,,PLAN003,0.0,199.0
EVT001075,SUB00694,CUST00694,2025-08-04,DOWNGRADE,PLAN003,PLAN002,199.0,79.0
EVT001076,SUB00695,CUST00695,2025-10-16,NEW,,PLAN001,0.0,29.0
EVT001077,SUB00696,CUST00696,2024-08-31,NEW,,PLAN001,0.0,29.0
EVT001078,SUB00696,CUST00696,2025-02-27,CANCELLATION,PLAN001,,29.0,0.0
EVT001079,SUB00697,CUST00697,2025-12-26,NEW,,PLAN001,0.0,29.0
EVT001080,SUB00698,CUST00698,2024-01-12,NEW,,PLAN002,0.0,79.0
EVT001081,SUB00698,CUST00698,2025-01-06,CANCELLATION,PLAN002,,79.0,0.0
EVT001082,SUB00699,CUST00699,2024-09-19,NEW,,PLAN001,0.0,29.0
EVT001083,SUB00700,CUST00700,2025-03-24,NEW,,PLAN001,0.0,29.0
EVT001084,SUB00701,CUST00701,2025-01-22,NEW,,PLAN002,0.0,79.0
EVT001085,SUB00702,CUST00702,2025-08-14,NEW,,PLAN001,0.0,29.0
EVT001086,SUB00703,CUST00703,2024-03-16,NEW,,PLAN001,0.0,29.0
EVT001087,SUB00703,CUST00703,2025-09-07,CANCELLATION,PLAN001,,29.0,0.0
EVT001088,SUB00704,CUST00704,2024-09-24,NEW,,PLAN001,0.0,29.0
EVT001089,SUB00705,CUST00705,2024-06-13,NEW,,PLAN002,0.0,79.0
EVT001090,SUB00705,CUST00705,2025-06-08,CANCELLATION,PLAN002,,79.0,0.0
EVT001091,SUB00706,CUST00706,2024-12-12,NEW,,PLAN002,0.0,79.0
EVT001092,SUB00706,CUST00706,2025-06-08,UPGRADE,PLAN002,PLAN003,79.0,199.0
EVT001093,SUB00706,CUST00706,2025-06-10,CANCELLATION,PLAN002,,79.0,0.0
EVT001094,SUB00707,CUST00707,2025-03-17,NEW,,PLAN002,0.0,79.0
EVT001095,SUB00708,CUST00708,2024-06-09,NEW,,PLAN002,0.0,79.0
EVT001096,SUB00708,CUST00708,2024-12-23,DOWNGRADE,PLAN002,PLAN001,79.0,29.0
EVT001097,SUB00708,CUST00708,2025-06-04,CANCELLATION,PLAN002,,79.0,0.0
EVT001098,SUB00709,CUST00709,2025-02-23,NEW,,PLAN001,0.0,29.0
EVT001099,SUB00710,CUST00710,2025-11-07,NEW,,PLAN003,0.0,199.0
EVT001100,SUB00711,CUST00711,2025-08-08,NEW,,PLAN001,0.0,29.0
EVT001101,SUB00712,CUST00712,2024-01-04,NEW,,PLAN001,0.0,29.0
EVT001102,SUB00712,CUST00712,2024-04-03,CANCELLATION,PLAN001,,29.0,0.0
EVT001103,SUB00713,CUST00713,2024-07-23,NEW,,PLAN002,0.0,79.0
EVT001104,SUB00713,CUST00713,2025-07-18,CANCELLATION,PLAN002,,79.0,0.0
EVT001105,SUB00714,CUST00714,2024-03-24,NEW,,PLAN002,0.0,79.0
EVT001106,SUB00715,CUST00715,2025-04-27,NEW,,PLAN001,0.0,29.0
EVT001107,SUB00716,CUST00716,2024-07-08,NEW,,PLAN001,0.0,29.0
EVT001108,SUB00716,CUST00716,2025-12-30,CANCELLATION,PLAN001,,29.0,0.0
EVT001109,SUB00717,CUST00717,2024-02-15,NEW,,PLAN001,0.0,29.0
EVT001110,SUB00717,CUST00717,2025-08-08,CANCELLATION,PLAN001,,29.0,0.0
EVT001111,SUB00718,CUST00718,2025-07-31,NEW,,PLAN001,0.0,29.0
EVT001112,SUB00719,CUST00719,2024-03-28,NEW,,PLAN002,0.0,79.0
EVT001113,SUB00720,CUST00720,2025-07-20,NEW,,PLAN001,0.0,29.0
EVT001114,SUB00721,CUST00721,2025-07-02,NEW,,PLAN003,0.0,199.0
EVT001115,SUB00722,CUST00722,2025-05-02,NEW,,PLAN002,0.0,79.0
EVT001116,SUB00722,CUST00722,2025-05-02,UPGRADE,PLAN002,PLAN003,79.0,199.0
EVT001117,SUB00723,CUST00723,2025-05-29,NEW,,PLAN003,0.0,199.0
EVT001118,SUB00724,CUST00724,2024-05-03,NEW,,PLAN002,0.0,79.0
EVT001119,SUB00724,CUST00724,2025-08-16,DOWNGRADE,PLAN002,PLAN001,79.0,29.0
EVT001120,SUB00724,CUST00724,2025-10-25,CANCELLATION,PLAN002,,79.0,0.0
EVT001121,SUB00725,CUST00725,2024-08-04,NEW,,PLAN002,0.0,79.0
EVT001122,SUB00725,CUST00725,2025-07-30,CANCELLATION,PLAN002,,79.0,0.0
EVT001123,SUB00726,CUST00726,2025-11-30,NEW,,PLAN001,0.0,29.0
EVT001124,SUB00727,CUST00727,2024-11-23,NEW,,PLAN001,0.0,29.0
EVT001125,SUB00727,CUST00727,2025-02-21,CANCELLATION,PLAN001,,29.0,0.0
EVT001126,SUB00728,CUST00728,2025-07-23,NEW,,PLAN001,0.0,29.0
EVT001127,SUB00729,CUST00729,2024-01-13,NEW,,PLAN003,0.0,199.0
EVT001128,SUB00730,CUST00730,2024-04-25,NEW,,PLAN003,0.0,199.0
EVT001129,SUB00731,CUST00731,2024-04-18,NEW,,PLAN002,0.0,79.0
EVT001130,SUB00731,CUST00731,2024-04-18,UPGRADE,PLAN002,PLAN003,79.0,199.0
EVT001131,SUB00732,CUST00732,2025-02-24,NEW,,PLAN003,0.0,199.0
EVT001132,SUB00733,CUST00733,2024-02-08,NEW,,PLAN001,0.0,29.0
EVT001133,SUB00734,CUST00734,2024-02-09,NEW,,PLAN002,0.0,79.0
EVT001134,SUB00734,CUST00734,2025-02-03,CANCELLATION,PLAN002,,79.0,0.0
EVT001135,SUB00735,CUST00735,2025-05-01,NEW,,PLAN002,0.0,79.0
EVT001136,SUB00735,CUST00735,2025-05-01,UPGRADE,PLAN002,PLAN003,79.0,199.0
EVT001137,SUB00736,CUST00736,2024-11-14,NEW,,PLAN001,0.0,29.0
EVT001138,SUB00736,CUST00736,2025-05-13,CANCELLATION,PLAN001,,29.0,0.0
EVT001139,SUB00737,CUST00737,2024-08-21,NEW,,PLAN002,0.0,79.0
EVT001140,SUB00738,CUST00738,2024-10-02,NEW,,PLAN001,0.0,29.0
EVT001141,SUB00739,CUST00739,2025-03-28,NEW,,PLAN002,0.0,79.0
EVT001142,SUB00740,CUST00740,2025-06-12,NEW,,PLAN002,0.0,79.0
EVT001143,SUB00740,CUST00740,2025-09-10,CANCELLATION,PLAN002,,79.0,0.0
EVT001144,SUB00741,CUST00741,2024-03-08,NEW,,PLAN001,0.0,29.0
EVT001145,SUB00741,CUST00741,2024-09-04,CANCELLATION,PLAN001,,29.0,0.0
EVT001146,SUB00742,CUST00742,2024-06-26,NEW,,PLAN002,0.0,79.0
EVT001147,SUB00742,CUST00742,2025-12-18,CANCELLATION,PLAN002,,79.0,0.0
EVT001148,SUB00743,CUST00743,2024-09-12,NEW,,PLAN001,0.0,29.0
EVT001149,SUB00743,CUST00743,2024-09-12,UPGRADE,PLAN001,PLAN002,29.0,79.0
EVT001150,SUB00744,CUST00744,2024-10-07,NEW,,PLAN001,0.0,29.0
EVT001151,SUB00745,CUST00745,2025-11-28,NEW,,PLAN001,0.0,29.0
EVT001152,SUB00746,CUST00746,2024-06-30,NEW,,PLAN001,0.0,29.0
EVT001153,SUB00747,CUST00747,2024-12-18,NEW,,PLAN001,0.0,29.0
EVT001154,SUB00747,CUST00747,2025-06-16,CANCELLATION,PLAN001,,29.0,0.0
EVT001155,SUB00748,CUST00748,2024-10-18,NEW,,PLAN001,0.0,29.0
EVT001156,SUB00748,CUST00748,2025-10-13,CANCELLATION,PLAN001,,29.0,0.0
EVT001157,SUB00749,CUST00749,2024-08-14,NEW,,PLAN001,0.0,29.0
EVT001158,SUB00749,CUST00749,2024-08-14,UPGRADE,PLAN001,PLAN002,29.0,79.0
EVT001159,SUB00750,CUST00750,2025-06-09,NEW,,PLAN001,0.0,29.0
EVT001160,SUB00751,CUST00751,2025-04-30,NEW,,PLAN003,0.0,199.0
EVT001161,SUB00752,CUST00752,2024-08-17,NEW,,PLAN002,0.0,79.0
EVT001162,SUB00752,CUST00752,2025-08-12,CANCELLATION,PLAN002,,79.0,0.0
EVT001163,SUB00753,CUST00753,2025-03-09,NEW,,PLAN002,0.0,79.0
EVT001164,SUB00753,CUST00753,2025-06-07,CANCELLATION,PLAN002,,79.0,0.0
EVT001165,SUB00754,CUST00754,2024-08-11,NEW,,PLAN002,0.0,79.0
EVT001166,SUB00754,CUST00754,2025-08-06,CANCELLATION,PLAN002,,79.0,0.0
EVT001167,SUB00755,CUST00755,2025-08-21,NEW,,PLAN001,0.0,29.0
EVT001168,SUB00756,CUST00756,2025-07-28,NEW,,PLAN002,0.0,79.0
EVT001169,SUB00757,CUST00757,2025-05-08,NEW,,PLAN001,0.0,29.0
EVT001170,SUB00758,CUST00758,2024-09-24,NEW,,PLAN001,0.0,29.0
EVT001171,SUB00758,CUST00758,2025-03-23,CANCELLATION,PLAN001,,29.0,0.0
EVT001172,SUB00759,CUST00759,2025-06-13,NEW,,PLAN001,0.0,29.0
EVT001173,SUB00760,CUST00760,2025-11-07,NEW,,PLAN002,0.0,79.0
EVT001174,SUB00761,CUST00761,2024-10-29,NEW,,PLAN002,0.0,79.0
EVT001175,SUB00762,CUST00762,2025-08-20,NEW,,PLAN001,0.0,29.0
EVT001176,SUB00763,CUST00763,2025-12-31,NEW,,PLAN002,0.0,79.0
EVT001177,SUB00764,CUST00764,2025-11-18,NEW,,PLAN002,0.0,79.0
EVT001178,SUB00765,CUST00765,2024-10-27,NEW,,PLAN001,0.0,29.0
EVT001179,SUB00766,CUST00766,2025-11-27,NEW,,PLAN002,0.0,79.0
EVT001180,SUB00766,CUST00766,2025-11-27,DOWNGRADE,PLAN002,PLAN001,79.0,29.0
EVT001181,SUB00767,CUST00767,2024-08-16,NEW,,PLAN002,0.0,79.0
EVT001182,SUB00767,CUST00767,2025-01-13,UPGRADE,PLAN002,PLAN003,79.0,199.0
EVT001183,SUB00767,CUST00767,2025-08-11,CANCELLATION,PLAN002,,79.0,0.0
EVT001184,SUB00768,CUST00768,2025-01-15,NEW,,PLAN001,0.0,29.0
EVT001185,SUB00769,CUST00769,2025-04-26,NEW,,PLAN001,0.0,29.0
EVT001186,SUB00770,CUST00770,2025-04-28,NEW,,PLAN002,0.0,79.0
EVT001187,SUB00771,CUST00771,2025-06-26,NEW,,PLAN001,0.0,29.0
EVT001188,SUB00772,CUST00772,2024-05-20,NEW,,PLAN003,0.0,199.0
EVT001189,SUB00773,CUST00773,2024-05-26,NEW,,PLAN001,0.0,29.0
EVT001190,SUB00774,CUST00774,2025-05-14,NEW,,PLAN002,0.0,79.0
EVT001191,SUB00774,CUST00774,2025-08-12,CANCELLATION,PLAN002,,79.0,0.0
EVT001192,SUB00775,CUST00775,2024-01-05,NEW,,PLAN001,0.0,29.0
EVT001193,SUB00776,CUST00776,2025-08-13,NEW,,PLAN002,0.0,79.0
EVT001194,SUB00776,CUST00776,2025-08-13,UPGRADE,PLAN002,PLAN003,79.0,199.0
EVT001195,SUB00777,CUST00777,2024-05-12,NEW,,PLAN002,0.0,79.0
EVT001196,SUB00777,CUST00777,2024-11-08,CANCELLATION,PLAN002,,79.0,0.0
EVT001197,SUB00778,CUST00778,2025-05-03,NEW,,PLAN001,0.0,29.0
EVT001198,SUB00779,CUST00779,2024-01-15,NEW,,PLAN001,0.0,29.0
EVT001199,SUB00780,CUST00780,2024-01-19,NEW,,PLAN002,0.0,79.0
EVT001200,SUB00781,CUST00781,2025-12-11,NEW,,PLAN002,0.0,79.0
EVT001201,SUB00782,CUST00782,2025-05-30,NEW,,PLAN002,0.0,79.0
EVT001202,SUB00782,CUST00782,2025-08-28,CANCELLATION,PLAN002,,79.0,0.0
EVT001203,SUB00783,CUST00783,2024-11-01,NEW,,PLAN001,0.0,29.0
EVT001204,SUB00784,CUST00784,2025-03-20,NEW,,PLAN002,0.0,79.0
EVT001205,SUB00784,CUST00784,2025-03-20,UPGRADE,PLAN002,PLAN003,79.0,199.0
EVT001206,SUB00785,CUST00785,2025-01-02,NEW,,PLAN001,0.0,29.0
EVT001207,SUB00786,CUST00786,2024-01-20,NEW,,PLAN002,0.0,79.0
EVT001208,SUB00786,CUST00786,2024-06-04,DOWNGRADE,PLAN002,PLAN001,79.0,29.0
EVT001209,SUB00787,CUST00787,2024-01-23,NEW,,PLAN003,0.0,199.0
EVT001210,SUB00788,CUST00788,2025-01-19,NEW,,PLAN001,0.0,29.0
EVT001211,SUB00789,CUST00789,2025-08-31,NEW,,PLAN001,0.0,29.0
EVT001212,SUB00790,CUST00790,2024-02-19,NEW,,PLAN001,0.0,29.0
EVT001213,SUB00790,CUST00790,2025-08-12,CANCELLATION,PLAN001,,29.0,0.0
EVT001214,SUB00791,CUST00791,2025-07-14,NEW,,PLAN001,0.0,29.0
EVT001215,SUB00792,CUST00792,2024-11-04,NEW,,PLAN001,0.0,29.0
EVT001216,SUB00792,CUST00792,2025-10-30,CANCELLATION,PLAN001,,29.0,0.0
EVT001217,SUB00793,CUST00793,2025-09-29,NEW,,PLAN002,0.0,79.0
EVT001218,SUB00794,CUST00794,2025-06-07,NEW,,PLAN001,0.0,29.0
EVT001219,SUB00795,CUST00795,2025-05-24,NEW,,PLAN001,0.0,29.0
EVT001220,SUB00796,CUST00796,2025-01-01,NEW,,PLAN001,0.0,29.0
EVT001221,SUB00797,CUST00797,2024-07-31,NEW,,PLAN001,0.0,29.0
EVT001222,SUB00797,CUST00797,2024-07-31,UPGRADE,PLAN001,PLAN002,29.0,79.0
EVT001223,SUB00798,CUST00798,2024-01-14,NEW,,PLAN001,0.0,29.0
EVT001224,SUB00798,CUST00798,2025-01-08,CANCELLATION,PLAN001,,29.0,0.0
EVT001225,SUB00799,CUST00799,2024-06-01,NEW,,PLAN002,0.0,79.0
EVT001226,SUB00799,CUST00799,2025-05-27,CANCELLATION,PLAN002,,79.0,0.0
EVT001227,SUB00800,CUST00800,2024-09-19,NEW,,PLAN002,0.0,79.0
EVT001228,SUB00800,CUST00800,2024-09-19,UPGRADE,PLAN002,PLAN003,79.0,199.0
EVT001229,SUB00801,CUST00801,2024-09-27,NEW,,PLAN003,0.0,199.0
EVT001230,SUB00801,CUST00801,2024-12-26,CANCELLATION,PLAN003,,199.0,0.0
EVT001231,SUB00802,CUST00802,2024-10-24,NEW,,PLAN002,0.0,79.0
EVT001232,SUB00802,CUST00802,2025-01-20,UPGRADE,PLAN002,PLAN003,79.0,199.0
EVT001233,SUB00802,CUST00802,2025-10-19,CANCELLATION,PLAN002,,79.0,0.0
EVT001234,SUB00803,CUST00803,2024-04-07,NEW,,PLAN001,0.0,29.0
EVT001235,SUB00803,CUST00803,2025-09-29,CANCELLATION,PLAN001,,29.0,0.0
EVT001236,SUB00804,CUST00804,2025-11-10,NEW,,PLAN001,0.0,29.0
EVT001237,SUB00805,CUST00805,2025-09-28,NEW,,PLAN001,0.0,29.0
EVT001238,SUB00806,CUST00806,2024-07-06,NEW,,PLAN002,0.0,79.0
EVT001239,SUB00806,CUST00806,2025-07-01,CANCELLATION,PLAN002,,79.0,0.0
EVT001240,SUB00807,CUST00807,2025-01-29,NEW,,PLAN003,0.0,199.0
EVT001241,SUB00808,CUST00808,2024-04-25,NEW,,PLAN002,0.0,79.0
EVT001242,SUB00809,CUST00809,2024-04-16,NEW,,PLAN001,0.0,29.0
EVT001243,SUB00810,CUST00810,2024-07-04,NEW,,PLAN002,0.0,79.0
EVT001244,SUB00810,CUST00810,2025-06-29,CANCELLATION,PLAN002,,79.0,0.0
EVT001245,SUB00811,CUST00811,2025-12-01,NEW,,PLAN001,0.0,29.0
EVT001246,SUB00812,CUST00812,2025-05-09,NEW,,PLAN003,0.0,199.0
EVT001247,SUB00813,CUST00813,2024-02-17,NEW,,PLAN003,0.0,199.0
EVT001248,SUB00813,CUST00813,2025-08-10,CANCELLATION,PLAN003,,199.0,0.0
EVT001249,SUB00814,CUST00814,2025-11-16,NEW,,PLAN003,0.0,199.0
EVT001250,SUB00815,CUST00815,2025-03-19,NEW,,PLAN001,0.0,29.0
EVT001251,SUB00815,CUST00815,2025-06-17,CANCELLATION,PLAN001,,29.0,0.0
EVT001252,SUB00816,CUST00816,2024-06-01,NEW,,PLAN001,0.0,29.0
EVT001253,SUB00816,CUST00816,2025-05-27,CANCELLATION,PLAN001,,29.0,0.0
EVT001254,SUB00817,CUST00817,2024-01-12,NEW,,PLAN002,0.0,79.0
EVT001255,SUB00817,CUST00817,2025-07-05,CANCELLATION,PLAN002,,79.0,0.0
EVT001256,SUB00818,CUST00818,2025-05-22,NEW,,PLAN001,0.0,29.0
EVT001257,SUB00818,CUST00818,2025-08-20,CANCELLATION,PLAN001,,29.0,0.0
EVT001258,SUB00819,CUST00819,2024-09-03,NEW,,PLAN002,0.0,79.0
EVT001259,SUB00819,CUST00819,2025-03-02,CANCELLATION,PLAN002,,79.0,0.0
EVT001260,SUB00820,CUST00820,2025-07-17,NEW,,PLAN001,0.0,29.0
EVT001261,SUB00821,CUST00821,2025-04-15,NEW,,PLAN003,0.0,199.0
EVT001262,SUB00822,CUST00822,2025-04-02,NEW,,PLAN001,0.0,29.0
EVT001263,SUB00822,CUST00822,2025-09-29,CANCELLATION,PLAN001,,29.0,0.0
EVT001264,SUB00823,CUST00823,2024-04-15,NEW,,PLAN002,0.0,79.0
EVT001265,SUB00824,CUST00824,2024-04-03,NEW,,PLAN002,0.0,79.0
EVT001266,SUB00824,CUST00824,2025-03-23,UPGRADE,PLAN002,PLAN003,79.0,199.0
EVT001267,SUB00824,CUST00824,2025-03-29,CANCELLATION,PLAN002,,79.0,0.0
EVT001268,SUB00825,CUST00825,2025-11-01,NEW,,PLAN002,0.0,79.0
EVT001269,SUB00826,CUST00826,2024-08-16,NEW,,PLAN003,0.0,199.0
EVT001270,SUB00826,CUST00826,2025-08-11,CANCELLATION,PLAN003,,199.0,0.0
EVT001271,SUB00827,CUST00827,2025-11-03,NEW,,PLAN002,0.0,79.0
EVT001272,SUB00828,CUST00828,2024-01-03,NEW,,PLAN002,0.0,79.0
EVT001273,SUB00829,CUST00829,2025-07-14,NEW,,PLAN003,0.0,199.0
EVT001274,SUB00830,CUST00830,2025-05-19,NEW,,PLAN001,0.0,29.0
EVT001275,SUB00830,CUST00830,2025-05-19,UPGRADE,PLAN001,PLAN002,29.0,79.0
EVT001276,SUB00831,CUST00831,2024-04-19,NEW,,PLAN002,0.0,79.0
EVT001277,SUB00832,CUST00832,2024-08-08,NEW,,PLAN001,0.0,29.0
EVT001278,SUB00833,CUST00833,2024-04-20,NEW,,PLAN001,0.0,29.0
EVT001279,SUB00834,CUST00834,2025-04-06,NEW,,PLAN003,0.0,199.0
EVT001280,SUB00834,CUST00834,2025-07-05,CANCELLATION,PLAN003,,199.0,0.0
EVT001281,SUB00835,CUST00835,2025-05-25,NEW,,PLAN002,0.0,79.0
EVT001282,SUB00836,CUST00836,2025-08-22,NEW,,PLAN001,0.0,29.0
EVT001283,SUB00837,CUST00837,2025-12-09,NEW,,PLAN001,0.0,29.0
EVT001284,SUB00838,CUST00838,2025-01-31,NEW,,PLAN002,0.0,79.0
EVT001285,SUB00838,CUST00838,2025-05-01,CANCELLATION,PLAN002,,79.0,0.0
EVT001286,SUB00839,CUST00839,2025-03-04,NEW,,PLAN002,0.0,79.0
EVT001287,SUB00840,CUST00840,2025-02-11,NEW,,PLAN002,0.0,79.0
EVT001288,SUB00841,CUST00841,2024-05-21,NEW,,PLAN001,0.0,29.0
EVT001289,SUB00842,CUST00842,2025-12-19,NEW,,PLAN003,0.0,199.0
EVT001290,SUB00843,CUST00843,2024-07-24,NEW,,PLAN002,0.0,79.0
EVT001291,SUB00844,CUST00844,2025-11-19,NEW,,PLAN001,0.0,29.0
EVT001292,SUB00845,CUST00845,2025-05-30,NEW,,PLAN003,0.0,199.0
EVT001293,SUB00846,CUST00846,2024-12-26,NEW,,PLAN001,0.0,29.0
EVT001294,SUB00847,CUST00847,2025-11-21,NEW,,PLAN002,0.0,79.0
EVT001295,SUB00848,CUST00848,2024-01-14,NEW,,PLAN001,0.0,29.0
EVT001296,SUB00849,CUST00849,2025-11-17,NEW,,PLAN003,0.0,199.0
EVT001297,SUB00850,CUST00850,2024-10-20,NEW,,PLAN002,0.0,79.0
EVT001298,SUB00851,CUST00851,2024-07-27,NEW,,PLAN001,0.0,29.0
EVT001299,SUB00852,CUST00852,2024-04-14,NEW,,PLAN002,0.0,79.0
EVT001300,SUB00853,CUST00853,2025-10-24,NEW,,PLAN002,0.0,79.0
EVT001301,SUB00853,CUST00853,2025-10-24,UPGRADE,PLAN002,PLAN003,79.0,199.0
EVT001302,SUB00854,CUST00854,2025-12-10,NEW,,PLAN002,0.0,79.0
EVT001303,SUB00855,CUST00855,2025-07-19,NEW,,PLAN001,0.0,29.0
EVT001304,SUB00856,CUST00856,2024-08-18,NEW,,PLAN001,0.0,29.0
EVT001305,SUB00857,CUST00857,2025-08-25,NEW,,PLAN003,0.0,199.0
EVT001306,SUB00858,CUST00858,2024-10-28,NEW,,PLAN001,0.0,29.0
EVT001307,SUB00858,CUST00858,2025-10-23,CANCELLATION,PLAN001,,29.0,0.0
EVT001308,SUB00859,CUST00859,2025-06-10,NEW,,PLAN001,0.0,29.0
EVT001309,SUB00860,CUST00860,2024-05-13,NEW,,PLAN001,0.0,29.0
EVT001310,SUB00861,CUST00861,2025-04-22,NEW,,PLAN002,0.0,79.0
EVT001311,SUB00861,CUST00861,2025-07-21,CANCELLATION,PLAN002,,79.0,0.0
EVT001312,SUB00862,CUST00862,2025-09-03,NEW,,PLAN002,0.0,79.0
EVT001313,SUB00863,CUST00863,2025-05-17,NEW,,PLAN003,0.0,199.0
EVT001314,SUB00864,CUST00864,2025-06-22,NEW,,PLAN002,0.0,79.0
EVT001315,SUB00864,CUST00864,2025-11-28,UPGRADE,PLAN002,PLAN003,79.0,199.0
EVT001316,SUB00864,CUST00864,2025-12-19,CANCELLATION,PLAN002,,79.0,0.0
EVT001317,SUB00865,CUST00865,2025-03-01,NEW,,PLAN001,0.0,29.0
EVT001318,SUB00866,CUST00866,2024-08-06,NEW,,PLAN002,0.0,79.0
EVT001319,SUB00866,CUST00866,2024-08-06,UPGRADE,PLAN002,PLAN003,79.0,199.0
EVT001320,SUB00867,CUST00867,2025-09-25,NEW,,PLAN001,0.0,29.0
EVT001321,SUB00868,CUST00868,2024-04-27,NEW,,PLAN003,0.0,199.0
EVT001322,SUB00868,CUST00868,2024-10-24,CANCELLATION,PLAN003,,199.0,0.0
EVT001323,SUB00869,CUST00869,2024-02-10,NEW,,PLAN001,0.0,29.0
EVT001324,SUB00869,CUST00869,2025-08-03,CANCELLATION,PLAN001,,29.0,0.0
EVT001325,SUB00870,CUST00870,2025-01-30,NEW,,PLAN002,0.0,79.0
EVT001326,SUB00871,CUST00871,2025-06-10,NEW,,PLAN001,0.0,29.0
EVT001327,SUB00872,CUST00872,2025-10-29,NEW,,PLAN001,0.0,29.0
EVT001328,SUB00873,CUST00873,2024-06-20,NEW,,PLAN002,0.0,79.0
EVT001329,SUB00874,CUST00874,2025-10-03,NEW,,PLAN001,0.0,29.0
EVT001330,SUB00875,CUST00875,2025-12-02,NEW,,PLAN003,0.0,199.0
EVT001331,SUB00876,CUST00876,2025-10-24,NEW,,PLAN001,0.0,29.0
EVT001332,SUB00877,CUST00877,2024-01-25,NEW,,PLAN003,0.0,199.0
EVT001333,SUB00877,CUST00877,2024-07-09,DOWNGRADE,PLAN003,PLAN002,199.0,79.0
EVT001334,SUB00877,CUST00877,2025-01-19,CANCELLATION,PLAN003,,199.0,0.0
EVT001335,SUB00878,CUST00878,2024-02-25,NEW,,PLAN001,0.0,29.0
EVT001336,SUB00878,CUST00878,2024-06-13,UPGRADE,PLAN001,PLAN002,29.0,79.0
EVT001337,SUB00878,CUST00878,2024-08-23,CANCELLATION,PLAN001,,29.0,0.0
EVT001338,SUB00879,CUST00879,2024-09-21,NEW,,PLAN002,0.0,79.0
EVT001339,SUB00880,CUST00880,2024-11-19,NEW,,PLAN003,0.0,199.0
EVT001340,SUB00880,CUST00880,2025-11-14,CANCELLATION,PLAN003,,199.0,0.0
EVT001341,SUB00881,CUST00881,2025-10-18,NEW,,PLAN001,0.0,29.0
EVT001342,SUB00881,CUST00881,2025-10-18,UPGRADE,PLAN001,PLAN002,29.0,79.0
EVT001343,SUB00882,CUST00882,2025-12-18,NEW,,PLAN002,0.0,79.0
EVT001344,SUB00883,CUST00883,2024-10-23,NEW,,PLAN002,0.0,79.0
EVT001345,SUB00883,CUST00883,2024-12-07,DOWNGRADE,PLAN002,PLAN001,79.0,29.0
EVT001346,SUB00883,CUST00883,2025-10-18,CANCELLATION,PLAN002,,79.0,0.0
EVT001347,SUB00884,CUST00884,2025-03-24,NEW,,PLAN003,0.0,199.0
EVT001348,SUB00884,CUST00884,2025-09-20,CANCELLATION,PLAN003,,199.0,0.0
EVT001349,SUB00885,CUST00885,2024-06-09,NEW,,PLAN002,0.0,79.0
EVT001350,SUB00886,CUST00886,2025-10-11,NEW,,PLAN001,0.0,29.0
EVT001351,SUB00887,CUST00887,2024-01-12,NEW,,PLAN003,0.0,199.0
EVT001352,SUB00888,CUST00888,2024-01-06,NEW,,PLAN001,0.0,29.0
EVT001353,SUB00888,CUST00888,2024-07-04,CANCELLATION,PLAN001,,29.0,0.0
EVT001354,SUB00889,CUST00889,2024-11-08,NEW,,PLAN001,0.0,29.0
EVT001355,SUB00890,CUST00890,2024-08-04,NEW,,PLAN003,0.0,199.0
EVT001356,SUB00890,CUST00890,2025-07-30,CANCELLATION,PLAN003,,199.0,0.0
EVT001357,SUB00891,CUST00891,2024-06-13,NEW,,PLAN002,0.0,79.0
EVT001358,SUB00891,CUST00891,2024-08-07,DOWNGRADE,PLAN002,PLAN001,79.0,29.0
EVT001359,SUB00892,CUST00892,2024-04-27,NEW,,PLAN001,0.0,29.0
EVT001360,SUB00892,CUST00892,2025-04-22,CANCELLATION,PLAN001,,29.0,0.0
EVT001361,SUB00893,CUST00893,2025-07-16,NEW,,PLAN002,0.0,79.0
EVT001362,SUB00893,CUST00893,2025-07-16,DOWNGRADE,PLAN002,PLAN001,79.0,29.0
EVT001363,SUB00894,CUST00894,2024-09-13,NEW,,PLAN001,0.0,29.0
EVT001364,SUB00894,CUST00894,2025-09-08,CANCELLATION,PLAN001,,29.0,0.0
EVT001365,SUB00895,CUST00895,2024-12-31,NEW,,PLAN002,0.0,79.0
EVT001366,SUB00895,CUST00895,2025-12-26,CANCELLATION,PLAN002,,79.0,0.0
EVT001367,SUB00896,CUST00896,2025-09-26,NEW,,PLAN002,0.0,79.0
EVT001368,SUB00896,CUST00896,2025-09-26,DOWNGRADE,PLAN002,PLAN001,79.0,29.0
EVT001369,SUB00897,CUST00897,2024-12-02,NEW,,PLAN001,0.0,29.0
EVT001370,SUB00897,CUST00897,2025-05-26,UPGRADE,PLAN001,PLAN002,29.0,79.0
EVT001371,SUB00897,CUST00897,2025-11-27,CANCELLATION,PLAN001,,29.0,0.0
EVT001372,SUB00898,CUST00898,2025-08-02,NEW,,PLAN002,0.0,79.0
EVT001373,SUB00899,CUST00899,2024-06-21,NEW,,PLAN001,0.0,29.0
EVT001374,SUB00899,CUST00899,2025-12-13,CANCELLATION,PLAN001,,29.0,0.0
EVT001375,SUB00900,CUST00900,2024-10-10,NEW,,PLAN001,0.0,29.0
EVT001376,SUB00901,CUST00901,2025-05-06,NEW,,PLAN003,0.0,199.0
EVT001377,SUB00902,CUST00902,2025-07-18,NEW,,PLAN002,0.0,79.0
EVT001378,SUB00903,CUST00903,2024-05-23,NEW,,PLAN002,0.0,79.0
EVT001379,SUB00903,CUST00903,2024-10-08,UPGRADE,PLAN002,PLAN003,79.0,199.0
EVT001380,SUB00904,CUST00904,2024-03-18,NEW,,PLAN001,0.0,29.0
EVT001381,SUB00905,CUST00905,2025-08-18,NEW,,PLAN002,0.0,79.0
EVT001382,SUB00906,CUST00906,2025-07-18,NEW,,PLAN002,0.0,79.0
EVT001383,SUB00906,CUST00906,2025-07-18,UPGRADE,PLAN002,PLAN003,79.0,199.0
EVT001384,SUB00907,CUST00907,2025-01-09,NEW,,PLAN001,0.0,29.0
EVT001385,SUB00908,CUST00908,2024-05-17,NEW,,PLAN003,0.0,199.0
EVT001386,SUB00908,CUST00908,2024-11-13,CANCELLATION,PLAN003,,199.0,0.0
EVT001387,SUB00909,CUST00909,2025-05-29,NEW,,PLAN003,0.0,199.0
EVT001388,SUB00910,CUST00910,2025-06-10,NEW,,PLAN002,0.0,79.0
EVT001389,SUB00910,CUST00910,2025-06-10,UPGRADE,PLAN002,PLAN003,79.0,199.0
EVT001390,SUB00911,CUST00911,2025-05-10,NEW,,PLAN002,0.0,79.0
EVT001391,SUB00911,CUST00911,2025-08-08,CANCELLATION,PLAN002,,79.0,0.0
EVT001392,SUB00912,CUST00912,2024-08-25,NEW,,PLAN001,0.0,29.0
EVT001393,SUB00912,CUST00912,2025-08-20,CANCELLATION,PLAN001,,29.0,0.0
EVT001394,SUB00913,CUST00913,2025-06-14,NEW,,PLAN002,0.0,79.0
EVT001395,SUB00914,CUST00914,2024-02-17,NEW,,PLAN001,0.0,29.0
EVT001396,SUB00914,CUST00914,2025-02-11,CANCELLATION,PLAN001,,29.0,0.0
EVT001397,SUB00915,CUST00915,2024-09-26,NEW,,PLAN001,0.0,29.0
EVT001398,SUB00916,CUST00916,2025-01-09,NEW,,PLAN002,0.0,79.0
EVT001399,SUB00916,CUST00916,2025-07-08,CANCELLATION,PLAN002,,79.0,0.0
EVT001400,SUB00917,CUST00917,2025-01-20,NEW,,PLAN001,0.0,29.0
EVT001401,SUB00918,CUST00918,2024-12-19,NEW,,PLAN001,0.0,29.0
EVT001402,SUB00918,CUST00918,2024-12-19,UPGRADE,PLAN001,PLAN002,29.0,79.0
EVT001403,SUB00919,CUST00919,2025-05-28,NEW,,PLAN001,0.0,29.0
EVT001404,SUB00919,CUST00919,2025-11-24,CANCELLATION,PLAN001,,29.0,0.0
EVT001405,SUB00920,CUST00920,2025-06-10,NEW,,PLAN002,0.0,79.0
EVT001406,SUB00921,CUST00921,2025-01-05,NEW,,PLAN001,0.0,29.0
EVT001407,SUB00922,CUST00922,2025-02-28,NEW,,PLAN002,0.0,79.0
EVT001408,SUB00923,CUST00923,2025-05-05,NEW,,PLAN001,0.0,29.0
EVT001409,SUB00923,CUST00923,2025-05-05,UPGRADE,PLAN001,PLAN002,29.0,79.0
EVT001410,SUB00924,CUST00924,2024-01-23,NEW,,PLAN002,0.0,79.0
EVT001411,SUB00925,CUST00925,2024-05-17,NEW,,PLAN001,0.0,29.0
EVT001412,SUB00926,CUST00926,2024-02-27,NEW,,PLAN002,0.0,79.0
EVT001413,SUB00926,CUST00926,2025-08-20,CANCELLATION,PLAN002,,79.0,0.0
EVT001414,SUB00927,CUST00927,2025-09-05,NEW,,PLAN001,0.0,29.0
EVT001415,SUB00928,CUST00928,2024-03-28,NEW,,PLAN002,0.0,79.0
EVT001416,SUB00929,CUST00929,2024-06-23,NEW,,PLAN003,0.0,199.0
EVT001417,SUB00929,CUST00929,2025-06-18,CANCELLATION,PLAN003,,199.0,0.0
EVT001418,SUB00930,CUST00930,2025-09-30,NEW,,PLAN001,0.0,29.0
EVT001419,SUB00930,CUST00930,2025-09-30,UPGRADE,PLAN001,PLAN002,29.0,79.0
EVT001420,SUB00931,CUST00931,2025-04-09,NEW,,PLAN001,0.0,29.0
EVT001421,SUB00932,CUST00932,2024-05-15,NEW,,PLAN002,0.0,79.0
EVT001422,SUB00932,CUST00932,2024-12-04,DOWNGRADE,PLAN002,PLAN001,79.0,29.0
EVT001423,SUB00933,CUST00933,2024-06-02,NEW,,PLAN002,0.0,79.0
EVT001424,SUB00933,CUST00933,2024-06-02,DOWNGRADE,PLAN002,PLAN001,79.0,29.0
EVT001425,SUB00934,CUST00934,2025-06-28,NEW,,PLAN001,0.0,29.0
EVT001426,SUB00934,CUST00934,2025-12-10,UPGRADE,PLAN001,PLAN002,29.0,79.0
EVT001427,SUB00934,CUST00934,2025-12-25,CANCELLATION,PLAN001,,29.0,0.0
EVT001428,SUB00935,CUST00935,2025-09-09,NEW,,PLAN001,0.0,29.0
EVT001429,SUB00936,CUST00936,2025-06-18,NEW,,PLAN003,0.0,199.0
EVT001430,SUB00937,CUST00937,2024-08-22,NEW,,PLAN001,0.0,29.0
EVT001431,SUB00938,CUST00938,2024-12-24,NEW,,PLAN002,0.0,79.0
EVT001432,SUB00938,CUST00938,2025-12-19,CANCELLATION,PLAN002,,79.0,0.0
EVT001433,SUB00939,CUST00939,2025-03-11,NEW,,PLAN003,0.0,199.0
EVT001434,SUB00940,CUST00940,2024-10-17,NEW,,PLAN002,0.0,79.0
EVT001435,SUB00940,CUST00940,2025-02-25,UPGRADE,PLAN002,PLAN003,79.0,199.0
EVT001436,SUB00940,CUST00940,2025-10-12,CANCELLATION,PLAN002,,79.0,0.0
EVT001437,SUB00941,CUST00941,2024-01-06,NEW,,PLAN001,0.0,29.0
EVT001438,SUB00941,CUST00941,2025-02-27,UPGRADE,PLAN001,PLAN002,29.0,79.0
EVT001439,SUB00941,CUST00941,2025-06-29,CANCELLATION,PLAN001,,29.0,0.0
EVT001440,SUB00942,CUST00942,2025-06-16,NEW,,PLAN002,0.0,79.0
EVT001441,SUB00943,CUST00943,2025-02-22,NEW,,PLAN001,0.0,29.0
EVT001442,SUB00944,CUST00944,2024-09-24,NEW,,PLAN001,0.0,29.0
EVT001443,SUB00945,CUST00945,2025-11-27,NEW,,PLAN002,0.0,79.0
EVT001444,SUB00946,CUST00946,2024-07-02,NEW,,PLAN001,0.0,29.0
EVT001445,SUB00947,CUST00947,2025-08-14,NEW,,PLAN001,0.0,29.0
EVT001446,SUB00948,CUST00948,2025-11-06,NEW,,PLAN002,0.0,79.0
EVT001447,SUB00949,CUST00949,2024-04-12,NEW,,PLAN001,0.0,29.0
EVT001448,SUB00949,CUST00949,2025-04-07,CANCELLATION,PLAN001,,29.0,0.0
EVT001449,SUB00950,CUST00950,2024-06-13,NEW,,PLAN001,0.0,29.0
EVT001450,SUB00951,CUST00951,2024-05-28,NEW,,PLAN001,0.0,29.0
EVT001451,SUB00952,CUST00952,2024-09-26,NEW,,PLAN001,0.0,29.0
EVT001452,SUB00953,CUST00953,2025-02-14,NEW,,PLAN003,0.0,199.0
EVT001453,SUB00954,CUST00954,2024-06-28,NEW,,PLAN001,0.0,29.0
EVT001454,SUB00954,CUST00954,2025-03-11,UPGRADE,PLAN001,PLAN002,29.0,79.0
EVT001455,SUB00954,CUST00954,2025-12-20,CANCELLATION,PLAN001,,29.0,0.0
EVT001456,SUB00955,CUST00955,2024-07-18,NEW,,PLAN002,0.0,79.0
EVT001457,SUB00955,CUST00955,2025-07-13,CANCELLATION,PLAN002,,79.0,0.0
EVT001458,SUB00956,CUST00956,2025-09-21,NEW,,PLAN001,0.0,29.0
EVT001459,SUB00957,CUST00957,2024-06-10,NEW,,PLAN001,0.0,29.0
EVT001460,SUB00957,CUST00957,2025-12-02,CANCELLATION,PLAN001,,29.0,0.0
EVT001461,SUB00958,CUST00958,2025-11-16,NEW,,PLAN002,0.0,79.0
EVT001462,SUB00959,CUST00959,2025-12-21,NEW,,PLAN002,0.0,79.0
EVT001463,SUB00959,CUST00959,2025-12-21,UPGRADE,PLAN002,PLAN003,79.0,199.0
EVT001464,SUB00960,CUST00960,2024-12-21,NEW,,PLAN002,0.0,79.0
EVT001465,SUB00960,CUST00960,2025-04-03,UPGRADE,PLAN002,PLAN003,79.0,199.0
EVT001466,SUB00960,CUST00960,2025-06-19,CANCELLATION,PLAN002,,79.0,0.0
EVT001467,SUB00961,CUST00961,2025-04-10,NEW,,PLAN001,0.0,29.0
EVT001468,SUB00962,CUST00962,2025-02-20,NEW,,PLAN002,0.0,79.0
EVT001469,SUB00963,CUST00963,2024-12-14,NEW,,PLAN001,0.0,29.0
EVT001470,SUB00963,CUST00963,2025-12-09,CANCELLATION,PLAN001,,29.0,0.0
EVT001471,SUB00964,CUST00964,2025-07-04,NEW,,PLAN001,0.0,29.0
EVT001472,SUB00965,CUST00965,2025-01-21,NEW,,PLAN001,0.0,29.0
EVT001473,SUB00966,CUST00966,2025-04-14,NEW,,PLAN001,0.0,29.0
EVT001474,SUB00967,CUST00967,2024-04-29,NEW,,PLAN003,0.0,199.0
EVT001475,SUB00968,CUST00968,2025-11-24,NEW,,PLAN002,0.0,79.0
EVT001476,SUB00969,CUST00969,2025-06-12,NEW,,PLAN001,0.0,29.0
EVT001477,SUB00970,CUST00970,2024-10-21,NEW,,PLAN001,0.0,29.0
EVT001478,SUB00970,CUST00970,2025-10-16,CANCELLATION,PLAN001,,29.0,0.0
EVT001479,SUB00971,CUST00971,2024-03-18,NEW,,PLAN003,0.0,199.0
EVT001480,SUB00971,CUST00971,2025-03-13,CANCELLATION,PLAN003,,199.0,0.0
EVT001481,SUB00972,CUST00972,2024-08-11,NEW,,PLAN002,0.0,79.0
EVT001482,SUB00972,CUST00972,2024-08-11,UPGRADE,PLAN002,PLAN003,79.0,199.0
EVT001483,SUB00973,CUST00973,2025-05-25,NEW,,PLAN001,0.0,29.0
EVT001484,SUB00973,CUST00973,2025-08-23,CANCELLATION,PLAN001,,29.0,0.0
EVT001485,SUB00974,CUST00974,2024-07-30,NEW,,PLAN002,0.0,79.0
EVT001486,SUB00974,CUST00974,2024-07-30,UPGRADE,PLAN002,PLAN003,79.0,199.0
EVT001487,SUB00975,CUST00975,2024-06-08,NEW,,PLAN001,0.0,29.0
EVT001488,SUB00975,CUST00975,2024-12-05,CANCELLATION,PLAN001,,29.0,0.0
EVT001489,SUB00976,CUST00976,2025-09-20,NEW,,PLAN003,0.0,199.0
EVT001490,SUB00976,CUST00976,2025-09-20,DOWNGRADE,PLAN003,PLAN002,199.0,79.0
EVT001491,SUB00977,CUST00977,2025-05-08,NEW,,PLAN001,0.0,29.0
EVT001492,SUB00977,CUST00977,2025-11-04,CANCELLATION,PLAN001,,29.0,0.0
EVT001493,SUB00978,CUST00978,2025-05-17,NEW,,PLAN001,0.0,29.0
EVT001494,SUB00978,CUST00978,2025-05-17,UPGRADE,PLAN001,PLAN002,29.0,79.0
EVT001495,SUB00979,CUST00979,2025-02-11,NEW,,PLAN002,0.0,79.0
EVT001496,SUB00980,CUST00980,2025-05-04,NEW,,PLAN001,0.0,29.0
EVT001497,SUB00981,CUST00981,2025-12-03,NEW,,PLAN001,0.0,29.0
EVT001498,SUB00982,CUST00982,2024-11-19,NEW,,PLAN002,0.0,79.0
EVT001499,SUB00982,CUST00982,2025-05-12,UPGRADE,PLAN002,PLAN003,79.0,199.0
EVT001500,SUB00982,CUST00982,2025-11-14,CANCELLATION,PLAN002,,79.0,0.0
EVT001501,SUB00983,CUST00983,2025-08-17,NEW,,PLAN002,0.0,79.0
EVT001502,SUB00984,CUST00984,2024-07-10,NEW,,PLAN003,0.0,199.0
EVT001503,SUB00985,CUST00985,2025-01-09,NEW,,PLAN001,0.0,29.0
EVT001504,SUB00986,CUST00986,2025-01-08,NEW,,PLAN002,0.0,79.0
EVT001505,SUB00986,CUST00986,2025-05-03,UPGRADE,PLAN002,PLAN003,79.0,199.0
EVT001506,SUB00986,CUST00986,2025-07-07,CANCELLATION,PLAN002,,79.0,0.0
EVT001507,SUB00987,CUST00987,2025-08-12,NEW,,PLAN001,0.0,29.0
EVT001508,SUB00987,CUST00987,2025-08-12,UPGRADE,PLAN001,PLAN002,29.0,79.0
EVT001509,SUB00988,CUST00988,2024-08-29,NEW,,PLAN001,0.0,29.0
EVT001510,SUB00989,CUST00989,2024-06-02,NEW,,PLAN001,0.0,29.0
EVT001511,SUB00989,CUST00989,2025-05-28,CANCELLATION,PLAN001,,29.0,0.0
EVT001512,SUB00990,CUST00990,2024-05-17,NEW,,PLAN001,0.0,29.0
EVT001513,SUB00990,CUST00990,2025-11-08,CANCELLATION,PLAN001,,29.0,0.0
EVT001514,SUB00991,CUST00991,2025-05-13,NEW,,PLAN001,0.0,29.0
EVT001515,SUB00992,CUST00992,2025-02-11,NEW,,PLAN003,0.0,199.0
EVT001516,SUB00993,CUST00993,2025-05-02,NEW,,PLAN001,0.0,29.0
EVT001517,SUB00993,CUST00993,2025-05-02,UPGRADE,PLAN001,PLAN002,29.0,79.0
EVT001518,SUB00994,CUST00994,2024-09-23,NEW,,PLAN001,0.0,29.0
EVT001519,SUB00994,CUST00994,2024-09-23,UPGRADE,PLAN001,PLAN002,29.0,79.0
EVT001520,SUB00995,CUST00995,2024-12-18,NEW,,PLAN002,0.0,79.0
EVT001521,SUB00996,CUST00996,2025-08-13,NEW,,PLAN001,0.0,29.0
EVT001522,SUB00997,CUST00997,2024-12-29,NEW,,PLAN001,0.0,29.0
EVT001523,SUB00997,CUST00997,2025-06-27,CANCELLATION,PLAN001,,29.0,0.0
EVT001524,SUB00998,CUST00998,2024-03-21,NEW,,PLAN001,0.0,29.0
EVT001525,SUB00998,CUST00998,2024-09-17,CANCELLATION,PLAN001,,29.0,0.0
EVT001526,SUB00999,CUST00999,2024-06-20,NEW,,PLAN001,0.0,29.0
EVT001527,SUB00999,CUST00999,2025-06-15,CANCELLATION,PLAN001,,29.0,0.0
EVT001528,SUB01000,CUST01000,2024-03-14,NEW,,PLAN002,0.0,79.0
EVT001529,SUB01000,CUST01000,2024-06-12,CANCELLATION,PLAN002,,79.0,0.0
EVT001530,SUB01001,CUST01001,2025-10-30,NEW,,PLAN002,0.0,79.0
EVT001531,SUB01001,CUST01001,2025-10-30,UPGRADE,PLAN002,PLAN003,79.0,199.0
EVT001532,SUB01002,CUST01002,2024-10-04,NEW,,PLAN001,0.0,29.0
EVT001533,SUB01002,CUST01002,2025-09-29,CANCELLATION,PLAN001,,29.0,0.0
EVT001534,SUB01003,CUST01003,2025-08-24,NEW,,PLAN002,0.0,79.0
EVT001535,SUB01004,CUST01004,2024-01-24,NEW,,PLAN003,0.0,199.0
EVT001536,SUB01004,CUST01004,2025-01-18,CANCELLATION,PLAN003,,199.0,0.0
EVT001537,SUB01005,CUST01005,2024-08-03,NEW,,PLAN001,0.0,29.0
EVT001538,SUB01006,CUST01006,2025-07-15,NEW,,PLAN001,0.0,29.0
EVT001539,SUB01007,CUST01007,2024-04-16,NEW,,PLAN002,0.0,79.0
EVT001540,SUB01008,CUST01008,2024-11-12,NEW,,PLAN002,0.0,79.0
EVT001541,SUB01008,CUST01008,2025-11-07,CANCELLATION,PLAN002,,79.0,0.0
EVT001542,SUB01009,CUST01009,2024-05-14,NEW,,PLAN001,0.0,29.0
EVT001543,SUB01010,CUST01010,2024-11-29,NEW,,PLAN001,0.0,29.0
EVT001544,SUB01011,CUST01011,2025-07-15,NEW,,PLAN002,0.0,79.0
EVT001545,SUB01012,CUST01012,2025-10-08,NEW,,PLAN002,0.0,79.0
EVT001546,SUB01013,CUST01013,2024-12-21,NEW,,PLAN001,0.0,29.0
EVT001547,SUB01014,CUST01014,2024-11-11,NEW,,PLAN001,0.0,29.0
EVT001548,SUB01014,CUST01014,2024-11-11,UPGRADE,PLAN001,PLAN002,29.0,79.0
EVT001549,SUB01015,CUST01015,2024-01-01,NEW,,PLAN002,0.0,79.0
EVT001550,SUB01015,CUST01015,2024-06-29,CANCELLATION,PLAN002,,79.0,0.0
EVT001551,SUB01016,CUST01016,2024-10-20,NEW,,PLAN002,0.0,79.0
EVT001552,SUB01017,CUST01017,2025-05-03,NEW,,PLAN002,0.0,79.0
EVT001553,SUB01017,CUST01017,2025-06-21,UPGRADE,PLAN002,PLAN003,79.0,199.0
EVT001554,SUB01018,CUST01018,2025-09-03,NEW,,PLAN001,0.0,29.0
EVT001555,SUB01018,CUST01018,2025-12-02,CANCELLATION,PLAN001,,29.0,0.0
EVT001556,SUB01019,CUST01019,2025-02-25,NEW,,PLAN001,0.0,29.0
EVT001557,SUB01020,CUST01020,2025-10-23,NEW,,PLAN002,0.0,79.0
EVT001558,SUB01021,CUST01021,2025-03-08,NEW,,PLAN003,0.0,199.0
EVT001559,SUB01022,CUST01022,2024-10-18,NEW,,PLAN002,0.0,79.0
EVT001560,SUB01022,CUST01022,2025-04-16,CANCELLATION,PLAN002,,79.0,0.0
EVT001561,SUB01023,CUST01023,2024-07-11,NEW,,PLAN001,0.0,29.0
EVT001562,SUB01024,CUST01024,2025-10-14,NEW,,PLAN001,0.0,29.0
EVT001563,SUB01025,CUST01025,2024-07-11,NEW,,PLAN003,0.0,199.0
EVT001564,SUB01026,CUST01026,2024-07-09,NEW,,PLAN001,0.0,29.0
EVT001565,SUB01027,CUST01027,2024-01-09,NEW,,PLAN002,0.0,79.0
EVT001566,SUB01027,CUST01027,2025-01-03,CANCELLATION,PLAN002,,79.0,0.0
EVT001567,SUB01028,CUST01028,2024-12-16,NEW,,PLAN003,0.0,199.0
EVT001568,SUB01028,CUST01028,2025-06-14,CANCELLATION,PLAN003,,199.0,0.0
EVT001569,SUB01029,CUST01029,2025-04-19,NEW,,PLAN002,0.0,79.0
EVT001570,SUB01030,CUST01030,2024-02-27,NEW,,PLAN002,0.0,79.0
EVT001571,SUB01031,CUST01031,2024-07-04,NEW,,PLAN001,0.0,29.0
EVT001572,SUB01031,CUST01031,2025-06-29,CANCELLATION,PLAN001,,29.0,0.0
EVT001573,SUB01032,CUST01032,2024-01-13,NEW,,PLAN001,0.0,29.0
EVT001574,SUB01032,CUST01032,2025-07-06,CANCELLATION,PLAN001,,29.0,0.0
EVT001575,SUB01033,CUST01033,2025-03-29,NEW,,PLAN001,0.0,29.0
EVT001576,SUB01033,CUST01033,2025-03-29,UPGRADE,PLAN001,PLAN002,29.0,79.0
EVT001577,SUB01034,CUST01034,2025-06-17,NEW,,PLAN001,0.0,29.0
EVT001578,SUB01034,CUST01034,2025-12-14,CANCELLATION,PLAN001,,29.0,0.0
EVT001579,SUB01035,CUST01035,2024-11-26,NEW,,PLAN002,0.0,79.0
EVT001580,SUB01035,CUST01035,2025-02-24,CANCELLATION,PLAN002,,79.0,0.0
EVT001581,SUB01036,CUST01036,2024-09-16,NEW,,PLAN001,0.0,29.0
EVT001582,SUB01037,CUST01037,2025-11-13,NEW,,PLAN001,0.0,29.0
EVT001583,SUB01038,CUST01038,2024-11-28,NEW,,PLAN001,0.0,29.0
EVT001584,SUB01038,CUST01038,2025-05-27,CANCELLATION,PLAN001,,29.0,0.0
EVT001585,SUB01039,CUST01039,2025-02-09,NEW,,PLAN002,0.0,79.0
EVT001586,SUB01040,CUST01040,2025-12-05,NEW,,PLAN003,0.0,199.0
EVT001587,SUB01041,CUST01041,2024-06-10,NEW,,PLAN001,0.0,29.0
EVT001588,SUB01041,CUST01041,2025-12-02,CANCELLATION,PLAN001,,29.0,0.0
EVT001589,SUB01042,CUST01042,2024-03-02,NEW,,PLAN001,0.0,29.0
EVT001590,SUB01043,CUST01043,2024-05-08,NEW,,PLAN002,0.0,79.0
EVT001591,SUB01043,CUST01043,2025-10-30,CANCELLATION,PLAN002,,79.0,0.0
EVT001592,SUB01044,CUST01044,2025-03-25,NEW,,PLAN002,0.0,79.0
EVT001593,SUB01044,CUST01044,2025-03-25,DOWNGRADE,PLAN002,PLAN001,79.0,29.0
EVT001594,SUB01045,CUST01045,2024-05-17,NEW,,PLAN002,0.0,79.0
EVT001595,SUB01045,CUST01045,2025-11-08,CANCELLATION,PLAN002,,79.0,0.0
EVT001596,SUB01046,CUST01046,2025-07-26,NEW,,PLAN002,0.0,79.0
EVT001597,SUB01047,CUST01047,2025-07-10,NEW,,PLAN001,0.0,29.0
EVT001598,SUB01048,CUST01048,2024-03-11,NEW,,PLAN002,0.0,79.0
EVT001599,SUB01049,CUST01049,2025-07-08,NEW,,PLAN001,0.0,29.0
EVT001600,SUB01050,CUST01050,2024-07-08,NEW,,PLAN001,0.0,29.0
EVT001601,SUB01051,CUST01051,2024-11-24,NEW,,PLAN003,0.0,199.0
EVT001602,SUB01052,CUST01052,2024-07-13,NEW,,PLAN003,0.0,199.0
EVT001603,SUB01053,CUST01053,2025-09-19,NEW,,PLAN003,0.0,199.0
EVT001604,SUB01054,CUST01054,2024-04-08,NEW,,PLAN002,0.0,79.0
EVT001605,SUB01054,CUST01054,2025-09-30,CANCELLATION,PLAN002,,79.0,0.0
EVT001606,SUB01055,CUST01055,2024-07-01,NEW,,PLAN002,0.0,79.0
EVT001607,SUB01055,CUST01055,2025-02-06,UPGRADE,PLAN002,PLAN003,79.0,199.0
EVT001608,SUB01056,CUST01056,2024-04-11,NEW,,PLAN001,0.0,29.0
EVT001609,SUB01056,CUST01056,2025-10-03,CANCELLATION,PLAN001,,29.0,0.0
EVT001610,SUB01057,CUST01057,2025-06-22,NEW,,PLAN002,0.0,79.0
EVT001611,SUB01057,CUST01057,2025-06-22,DOWNGRADE,PLAN002,PLAN001,79.0,29.0
EVT001612,SUB01058,CUST01058,2024-08-14,NEW,,PLAN002,0.0,79.0
EVT001613,SUB01058,CUST01058,2025-08-09,CANCELLATION,PLAN002,,79.0,0.0
EVT001614,SUB01059,CUST01059,2025-11-02,NEW,,PLAN001,0.0,29.0
EVT001615,SUB01060,CUST01060,2025-01-04,NEW,,PLAN001,0.0,29.0
EVT001616,SUB01061,CUST01061,2025-09-23,NEW,,PLAN002,0.0,79.0
EVT001617,SUB01061,CUST01061,2025-09-23,UPGRADE,PLAN002,PLAN003,79.0,199.0
EVT001618,SUB01062,CUST01062,2024-03-20,NEW,,PLAN002,0.0,79.0
EVT001619,SUB01063,CUST01063,2025-06-28,NEW,,PLAN001,0.0,29.0
EVT001620,SUB01063,CUST01063,2025-10-25,UPGRADE,PLAN001,PLAN002,29.0,79.0
EVT001621,SUB01063,CUST01063,2025-12-25,CANCELLATION,PLAN001,,29.0,0.0
EVT001622,SUB01064,CUST01064,2025-08-06,NEW,,PLAN001,0.0,29.0
EVT001623,SUB01065,CUST01065,2024-04-18,NEW,,PLAN002,0.0,79.0
EVT001624,SUB01066,CUST01066,2025-12-20,NEW,,PLAN002,0.0,79.0
EVT001625,SUB01067,CUST01067,2025-07-17,NEW,,PLAN001,0.0,29.0
EVT001626,SUB01068,CUST01068,2024-12-26,NEW,,PLAN003,0.0,199.0
EVT001627,SUB01069,CUST01069,2025-01-15,NEW,,PLAN003,0.0,199.0
EVT001628,SUB01070,CUST01070,2025-09-15,NEW,,PLAN002,0.0,79.0
EVT001629,SUB01070,CUST01070,2025-09-15,UPGRADE,PLAN002,PLAN003,79.0,199.0
EVT001630,SUB01071,CUST01071,2025-01-03,NEW,,PLAN002,0.0,79.0
EVT001631,SUB01072,CUST01072,2024-02-05,NEW,,PLAN003,0.0,199.0
EVT001632,SUB01072,CUST01072,2025-07-29,CANCELLATION,PLAN003,,199.0,0.0
EVT001633,SUB01073,CUST01073,2024-11-05,NEW,,PLAN001,0.0,29.0
EVT001634,SUB01074,CUST01074,2024-01-23,NEW,,PLAN002,0.0,79.0
EVT001635,SUB01075,CUST01075,2024-04-06,NEW,,PLAN002,0.0,79.0
EVT001636,SUB01075,CUST01075,2025-09-28,CANCELLATION,PLAN002,,79.0,0.0
EVT001637,SUB01076,CUST01076,2025-01-10,NEW,,PLAN001,0.0,29.0
EVT001638,SUB01077,CUST01077,2024-04-04,NEW,,PLAN001,0.0,29.0
EVT001639,SUB01077,CUST01077,2025-09-26,CANCELLATION,PLAN001,,29.0,0.0
EVT001640,SUB01078,CUST01078,2024-11-28,NEW,,PLAN002,0.0,79.0
EVT001641,SUB01078,CUST01078,2025-11-23,CANCELLATION,PLAN002,,79.0,0.0
EVT001642,SUB01079,CUST01079,2025-09-01,NEW,,PLAN001,0.0,29.0
EVT001643,SUB01080,CUST01080,2024-03-21,NEW,,PLAN002,0.0,79.0
EVT001644,SUB01080,CUST01080,2024-07-05,UPGRADE,PLAN002,PLAN003,79.0,199.0
EVT001645,SUB01080,CUST01080,2025-09-12,CANCELLATION,PLAN002,,79.0,0.0
EVT001646,SUB01081,CUST01081,2025-03-02,NEW,,PLAN001,0.0,29.0
EVT001647,SUB01082,CUST01082,2025-10-30,NEW,,PLAN003,0.0,199.0
EVT001648,SUB01083,CUST01083,2024-02-25,NEW,,PLAN002,0.0,79.0
EVT001649,SUB01083,CUST01083,2025-08-18,CANCELLATION,PLAN002,,79.0,0.0
EVT001650,SUB01084,CUST01084,2024-11-30,NEW,,PLAN001,0.0,29.0
EVT001651,SUB01084,CUST01084,2025-02-28,CANCELLATION,PLAN001,,29.0,0.0
EVT001652,SUB01085,CUST01085,2025-04-01,NEW,,PLAN001,0.0,29.0
EVT001653,SUB01085,CUST01085,2025-09-28,CANCELLATION,PLAN001,,29.0,0.0
EVT001654,SUB01086,CUST01086,2025-03-18,NEW,,PLAN001,0.0,29.0
EVT001655,SUB01086,CUST01086,2025-03-18,UPGRADE,PLAN001,PLAN002,29.0,79.0
EVT001656,SUB01087,CUST01087,2024-03-25,NEW,,PLAN001,0.0,29.0
EVT001657,SUB01087,CUST01087,2024-11-24,UPGRADE,PLAN001,PLAN002,29.0,79.0
EVT001658,SUB01088,CUST01088,2024-09-25,NEW,,PLAN002,0.0,79.0
EVT001659,SUB01088,CUST01088,2024-12-24,CANCELLATION,PLAN002,,79.0,0.0
EVT001660,SUB01089,CUST01089,2024-05-18,NEW,,PLAN001,0.0,29.0
EVT001661,SUB01089,CUST01089,2025-11-09,CANCELLATION,PLAN001,,29.0,0.0
EVT001662,SUB01090,CUST01090,2025-07-28,NEW,,PLAN002,0.0,79.0
EVT001663,SUB01091,CUST01091,2024-03-14,NEW,,PLAN002,0.0,79.0
EVT001664,SUB01091,CUST01091,2024-12-24,DOWNGRADE,PLAN002,PLAN001,79.0,29.0
EVT001665,SUB01091,CUST01091,2025-03-09,CANCELLATION,PLAN002,,79.0,0.0
EVT001666,SUB01092,CUST01092,2024-04-25,NEW,,PLAN001,0.0,29.0
EVT001667,SUB01093,CUST01093,2024-11-24,NEW,,PLAN001,0.0,29.0
EVT001668,SUB01093,CUST01093,2025-04-26,UPGRADE,PLAN001,PLAN002,29.0,79.0
EVT001669,SUB01093,CUST01093,2025-11-19,CANCELLATION,PLAN001,,29.0,0.0
EVT001670,SUB01094,CUST01094,2024-06-22,NEW,,PLAN002,0.0,79.0
EVT001671,SUB01095,CUST01095,2025-09-30,NEW,,PLAN001,0.0,29.0
EVT001672,SUB01095,CUST01095,2025-09-30,UPGRADE,PLAN001,PLAN002,29.0,79.0
EVT001673,SUB01096,CUST01096,2024-07-23,NEW,,PLAN001,0.0,29.0
EVT001674,SUB01097,CUST01097,2024-04-25,NEW,,PLAN002,0.0,79.0
EVT001675,SUB01097,CUST01097,2025-04-20,CANCELLATION,PLAN002,,79.0,0.0
EVT001676,SUB01098,CUST01098,2024-10-21,NEW,,PLAN003,0.0,199.0
EVT001677,SUB01098,CUST01098,2024-10-21,DOWNGRADE,PLAN003,PLAN002,199.0,79.0
EVT001678,SUB01099,CUST01099,2025-04-05,NEW,,PLAN002,0.0,79.0
EVT001679,SUB01100,CUST01100,2024-07-27,NEW,,PLAN002,0.0,79.0
EVT001680,SUB01100,CUST01100,2025-07-22,CANCELLATION,PLAN002,,79.0,0.0
EVT001681,SUB01101,CUST01101,2025-09-29,NEW,,PLAN001,0.0,29.0
EVT001682,SUB01102,CUST01102,2025-01-20,NEW,,PLAN002,0.0,79.0
EVT001683,SUB01102,CUST01102,2025-07-19,CANCELLATION,PLAN002,,79.0,0.0
EVT001684,SUB01103,CUST01103,2024-06-23,NEW,,PLAN001,0.0,29.0
EVT001685,SUB01103,CUST01103,2025-06-18,CANCELLATION,PLAN001,,29.0,0.0
EVT001686,SUB01104,CUST01104,2024-02-24,NEW,,PLAN002,0.0,79.0
EVT001687,SUB01104,CUST01104,2025-08-17,CANCELLATION,PLAN002,,79.0,0.0
EVT001688,SUB01105,CUST01105,2025-11-09,NEW,,PLAN002,0.0,79.0
EVT001689,SUB01105,CUST01105,2025-11-09,DOWNGRADE,PLAN002,PLAN001,79.0,29.0
EVT001690,SUB01106,CUST01106,2024-01-20,NEW,,PLAN001,0.0,29.0
EVT001691,SUB01106,CUST01106,2024-05-24,UPGRADE,PLAN001,PLAN002,29.0,79.0
EVT001692,SUB01107,CUST01107,2025-06-04,NEW,,PLAN001,0.0,29.0
EVT001693,SUB01107,CUST01107,2025-06-04,UPGRADE,PLAN001,PLAN002,29.0,79.0
EVT001694,SUB01108,CUST01108,2025-09-03,NEW,,PLAN003,0.0,199.0
EVT001695,SUB01109,CUST01109,2025-07-28,NEW,,PLAN001,0.0,29.0
EVT001696,SUB01110,CUST01110,2024-12-07,NEW,,PLAN001,0.0,29.0
EVT001697,SUB01111,CUST01111,2025-12-01,NEW,,PLAN002,0.0,79.0
EVT001698,SUB01112,CUST01112,2024-03-04,NEW,,PLAN002,0.0,79.0
EVT001699,SUB01112,CUST01112,2025-08-26,CANCELLATION,PLAN002,,79.0,0.0
EVT001700,SUB01113,CUST01113,2025-07-22,NEW,,PLAN003,0.0,199.0
EVT001701,SUB01114,CUST01114,2025-11-03,NEW,,PLAN001,0.0,29.0
EVT001702,SUB01115,CUST01115,2025-03-03,NEW,,PLAN001,0.0,29.0
EVT001703,SUB01116,CUST01116,2025-09-11,NEW,,PLAN002,0.0,79.0
EVT001704,SUB01116,CUST01116,2025-09-11,DOWNGRADE,PLAN002,PLAN001,79.0,29.0
EVT001705,SUB01117,CUST01117,2025-08-17,NEW,,PLAN001,0.0,29.0
EVT001706,SUB01118,CUST01118,2024-11-12,NEW,,PLAN001,0.0,29.0
EVT001707,SUB01119,CUST01119,2024-05-28,NEW,,PLAN002,0.0,79.0
EVT001708,SUB01120,CUST01120,2024-03-10,NEW,,PLAN003,0.0,199.0
EVT001709,SUB01121,CUST01121,2024-05-29,NEW,,PLAN001,0.0,29.0
EVT001710,SUB01121,CUST01121,2025-05-24,CANCELLATION,PLAN001,,29.0,0.0
EVT001711,SUB01122,CUST01122,2025-02-25,NEW,,PLAN001,0.0,29.0
EVT001712,SUB01123,CUST01123,2024-06-04,NEW,,PLAN002,0.0,79.0
EVT001713,SUB01123,CUST01123,2024-10-14,UPGRADE,PLAN002,PLAN003,79.0,199.0
EVT001714,SUB01123,CUST01123,2025-11-26,CANCELLATION,PLAN002,,79.0,0.0
EVT001715,SUB01124,CUST01124,2025-09-18,NEW,,PLAN001,0.0,29.0
EVT001716,SUB01125,CUST01125,2025-09-02,NEW,,PLAN002,0.0,79.0
EVT001717,SUB01125,CUST01125,2025-09-02,UPGRADE,PLAN002,PLAN003,79.0,199.0
EVT001718,SUB01126,CUST01126,2025-12-05,NEW,,PLAN001,0.0,29.0
EVT001719,SUB01127,CUST01127,2025-12-30,NEW,,PLAN001,0.0,29.0
EVT001720,SUB01128,CUST01128,2025-04-30,NEW,,PLAN002,0.0,79.0
EVT001721,SUB01129,CUST01129,2024-01-16,NEW,,PLAN001,0.0,29.0
EVT001722,SUB01129,CUST01129,2024-04-28,UPGRADE,PLAN001,PLAN002,29.0,79.0
EVT001723,SUB01129,CUST01129,2024-07-14,CANCELLATION,PLAN001,,29.0,0.0
EVT001724,SUB01130,CUST01130,2024-07-28,NEW,,PLAN002,0.0,79.0
EVT001725,SUB01130,CUST01130,2025-07-23,CANCELLATION,PLAN002,,79.0,0.0
EVT001726,SUB01131,CUST01131,2025-12-05,NEW,,PLAN003,0.0,199.0
EVT001727,SUB01132,CUST01132,2025-02-18,NEW,,PLAN003,0.0,199.0
EVT001728,SUB01132,CUST01132,2025-08-17,CANCELLATION,PLAN003,,199.0,0.0
EVT001729,SUB01133,CUST01133,2024-11-16,NEW,,PLAN002,0.0,79.0
EVT001730,SUB01133,CUST01133,2025-02-14,CANCELLATION,PLAN002,,79.0,0.0
EVT001731,SUB01134,CUST01134,2025-06-17,NEW,,PLAN001,0.0,29.0
EVT001732,SUB01134,CUST01134,2025-09-15,CANCELLATION,PLAN001,,29.0,0.0
EVT001733,SUB01135,CUST01135,2024-09-08,NEW,,PLAN002,0.0,79.0
EVT001734,SUB01135,CUST01135,2024-09-08,UPGRADE,PLAN002,PLAN003,79.0,199.0
EVT001735,SUB01136,CUST01136,2025-07-25,NEW,,PLAN003,0.0,199.0
EVT001736,SUB01137,CUST01137,2024-07-13,NEW,,PLAN002,0.0,79.0
EVT001737,SUB01137,CUST01137,2025-07-08,CANCELLATION,PLAN002,,79.0,0.0
EVT001738,SUB01138,CUST01138,2025-04-17,NEW,,PLAN003,0.0,199.0
EVT001739,SUB01139,CUST01139,2025-12-07,NEW,,PLAN002,0.0,79.0
EVT001740,SUB01140,CUST01140,2024-04-02,NEW,,PLAN001,0.0,29.0
EVT001741,SUB01141,CUST01141,2025-02-06,NEW,,PLAN002,0.0,79.0
EVT001742,SUB01141,CUST01141,2025-08-05,CANCELLATION,PLAN002,,79.0,0.0
EVT001743,SUB01142,CUST01142,2025-08-27,NEW,,PLAN001,0.0,29.0
EVT001744,SUB01143,CUST01143,2024-09-13,NEW,,PLAN003,0.0,199.0
EVT001745,SUB01144,CUST01144,2024-05-06,NEW,,PLAN003,0.0,199.0
EVT001746,SUB01144,CUST01144,2024-11-02,CANCELLATION,PLAN003,,199.0,0.0
EVT001747,SUB01145,CUST01145,2024-03-28,NEW,,PLAN001,0.0,29.0
EVT001748,SUB01145,CUST01145,2024-06-26,CANCELLATION,PLAN001,,29.0,0.0
EVT001749,SUB01146,CUST01146,2025-01-22,NEW,,PLAN003,0.0,199.0
EVT001750,SUB01147,CUST01147,2025-08-02,NEW,,PLAN002,0.0,79.0
EVT001751,SUB01148,CUST01148,2024-07-02,NEW,,PLAN001,0.0,29.0
EVT001752,SUB01149,CUST01149,2025-04-01,NEW,,PLAN002,0.0,79.0
EVT001753,SUB01149,CUST01149,2025-04-01,UPGRADE,PLAN002,PLAN003,79.0,199.0
EVT001754,SUB01150,CUST01150,2024-07-26,NEW,,PLAN001,0.0,29.0
EVT001755,SUB01150,CUST01150,2025-07-21,CANCELLATION,PLAN001,,29.0,0.0
EVT001756,SUB01151,CUST01151,2025-05-24,NEW,,PLAN002,0.0,79.0
EVT001757,SUB01152,CUST01152,2024-08-31,NEW,,PLAN003,0.0,199.0
EVT001758,SUB01153,CUST01153,2025-03-28,NEW,,PLAN001,0.0,29.0
EVT001759,SUB01154,CUST01154,2025-09-26,NEW,,PLAN001,0.0,29.0
EVT001760,SUB01154,CUST01154,2025-09-26,UPGRADE,PLAN001,PLAN002,29.0,79.0
EVT001761,SUB01155,CUST01155,2024-07-08,NEW,,PLAN001,0.0,29.0
EVT001762,SUB01155,CUST01155,2025-01-04,CANCELLATION,PLAN001,,29.0,0.0
EVT001763,SUB01156,CUST01156,2024-02-03,NEW,,PLAN001,0.0,29.0
EVT001764,SUB01156,CUST01156,2024-08-01,CANCELLATION,PLAN001,,29.0,0.0
EVT001765,SUB01157,CUST01157,2024-03-30,NEW,,PLAN002,0.0,79.0
EVT001766,SUB01157,CUST01157,2025-03-25,CANCELLATION,PLAN002,,79.0,0.0
EVT001767,SUB01158,CUST01158,2025-11-19,NEW,,PLAN002,0.0,79.0
EVT001768,SUB01158,CUST01158,2025-11-19,DOWNGRADE,PLAN002,PLAN001,79.0,29.0
EVT001769,SUB01159,CUST01159,2025-04-11,NEW,,PLAN001,0.0,29.0
EVT001770,SUB01160,CUST01160,2024-11-02,NEW,,PLAN002,0.0,79.0
EVT001771,SUB01160,CUST01160,2025-01-31,CANCELLATION,PLAN002,,79.0,0.0
EVT001772,SUB01161,CUST01161,2025-07-17,NEW,,PLAN001,0.0,29.0
EVT001773,SUB01162,CUST01162,2024-12-03,NEW,,PLAN002,0.0,79.0
EVT001774,SUB01162,CUST01162,2024-12-03,DOWNGRADE,PLAN002,PLAN001,79.0,29.0
EVT001775,SUB01163,CUST01163,2025-09-18,NEW,,PLAN001,0.0,29.0
EVT001776,SUB01164,CUST01164,2025-05-10,NEW,,PLAN002,0.0,79.0
EVT001777,SUB01164,CUST01164,2025-05-10,UPGRADE,PLAN002,PLAN003,79.0,199.0
EVT001778,SUB01165,CUST01165,2025-03-13,NEW,,PLAN003,0.0,199.0
EVT001779,SUB01166,CUST01166,2024-05-12,NEW,,PLAN001,0.0,29.0
EVT001780,SUB01167,CUST01167,2025-05-19,NEW,,PLAN001,0.0,29.0
EVT001781,SUB01168,CUST01168,2024-07-17,NEW,,PLAN002,0.0,79.0
EVT001782,SUB01168,CUST01168,2025-07-12,CANCELLATION,PLAN002,,79.0,0.0
EVT001783,SUB01169,CUST01169,2024-07-31,NEW,,PLAN001,0.0,29.0
EVT001784,SUB01169,CUST01169,2024-12-20,UPGRADE,PLAN001,PLAN002,29.0,79.0
EVT001785,SUB01169,CUST01169,2025-01-27,CANCELLATION,PLAN001,,29.0,0.0
EVT001786,SUB01170,CUST01170,2024-12-24,NEW,,PLAN002,0.0,79.0
EVT001787,SUB01170,CUST01170,2025-07-29,UPGRADE,PLAN002,PLAN003,79.0,199.0
EVT001788,SUB01170,CUST01170,2025-12-19,CANCELLATION,PLAN002,,79.0,0.0
EVT001789,SUB01171,CUST01171,2025-12-07,NEW,,PLAN001,0.0,29.0
EVT001790,SUB01172,CUST01172,2025-06-02,NEW,,PLAN001,0.0,29.0
EVT001791,SUB01173,CUST01173,2024-12-15,NEW,,PLAN001,0.0,29.0
EVT001792,SUB01173,CUST01173,2025-05-09,UPGRADE,PLAN001,PLAN002,29.0,79.0
EVT001793,SUB01173,CUST01173,2025-06-13,CANCELLATION,PLAN001,,29.0,0.0
EVT001794,SUB01174,CUST01174,2024-06-28,NEW,,PLAN002,0.0,79.0
EVT001795,SUB01174,CUST01174,2025-12-20,CANCELLATION,PLAN002,,79.0,0.0
EVT001796,SUB01175,CUST01175,2025-04-30,NEW,,PLAN001,0.0,29.0
EVT001797,SUB01175,CUST01175,2025-07-29,CANCELLATION,PLAN001,,29.0,0.0
EVT001798,SUB01176,CUST01176,2025-10-04,NEW,,PLAN001,0.0,29.0
EVT001799,SUB01177,CUST01177,2025-04-18,NEW,,PLAN001,0.0,29.0
EVT001800,SUB01178,CUST01178,2025-06-17,NEW,,PLAN003,0.0,199.0
EVT001801,SUB01178,CUST01178,2025-12-14,CANCELLATION,PLAN003,,199.0,0.0
EVT001802,SUB01179,CUST01179,2024-08-01,NEW,,PLAN002,0.0,79.0
EVT001803,SUB01180,CUST01180,2024-03-08,NEW,,PLAN002,0.0,79.0
EVT001804,SUB01180,CUST01180,2025-03-03,CANCELLATION,PLAN002,,79.0,0.0
EVT001805,SUB01181,CUST01181,2025-01-19,NEW,,PLAN002,0.0,79.0
EVT001806,SUB01182,CUST01182,2024-07-10,NEW,,PLAN001,0.0,29.0
EVT001807,SUB01182,CUST01182,2024-07-10,UPGRADE,PLAN001,PLAN002,29.0,79.0
EVT001808,SUB01183,CUST01183,2025-12-23,NEW,,PLAN002,0.0,79.0
EVT001809,SUB01184,CUST01184,2024-03-29,NEW,,PLAN001,0.0,29.0
EVT001810,SUB01185,CUST01185,2024-08-09,NEW,,PLAN001,0.0,29.0
EVT001811,SUB01185,CUST01185,2025-08-04,CANCELLATION,PLAN001,,29.0,0.0
EVT001812,SUB01186,CUST01186,2024-07-25,NEW,,PLAN002,0.0,79.0
EVT001813,SUB01187,CUST01187,2025-05-27,NEW,,PLAN001,0.0,29.0
EVT001814,SUB01187,CUST01187,2025-05-27,UPGRADE,PLAN001,PLAN002,29.0,79.0
EVT001815,SUB01188,CUST01188,2024-12-01,NEW,,PLAN002,0.0,79.0
EVT001816,SUB01188,CUST01188,2025-11-26,CANCELLATION,PLAN002,,79.0,0.0
EVT001817,SUB01189,CUST01189,2024-07-29,NEW,,PLAN002,0.0,79.0
EVT001818,SUB01190,CUST01190,2024-01-05,NEW,,PLAN002,0.0,79.0
EVT001819,SUB01190,CUST01190,2024-10-12,DOWNGRADE,PLAN002,PLAN001,79.0,29.0
EVT001820,SUB01190,CUST01190,2025-06-28,CANCELLATION,PLAN002,,79.0,0.0
EVT001821,SUB01191,CUST01191,2024-12-07,NEW,,PLAN001,0.0,29.0
EVT001822,SUB01191,CUST01191,2025-02-12,UPGRADE,PLAN001,PLAN002,29.0,79.0
EVT001823,SUB01191,CUST01191,2025-12-02,CANCELLATION,PLAN001,,29.0,0.0
EVT001824,SUB01192,CUST01192,2024-01-24,NEW,,PLAN002,0.0,79.0
EVT001825,SUB01193,CUST01193,2024-11-24,NEW,,PLAN001,0.0,29.0
EVT001826,SUB01194,CUST01194,2025-03-27,NEW,,PLAN001,0.0,29.0
EVT001827,SUB01194,CUST01194,2025-09-23,CANCELLATION,PLAN001,,29.0,0.0
EVT001828,SUB01195,CUST01195,2024-04-27,NEW,,PLAN001,0.0,29.0
EVT001829,SUB01196,CUST01196,2024-07-30,NEW,,PLAN002,0.0,79.0
EVT001830,SUB01197,CUST01197,2025-12-22,NEW,,PLAN001,0.0,29.0
EVT001831,SUB01197,CUST01197,2025-12-22,UPGRADE,PLAN001,PLAN002,29.0,79.0
EVT001832,SUB01198,CUST01198,2024-11-14,NEW,,PLAN001,0.0,29.0
EVT001833,SUB01198,CUST01198,2025-02-28,UPGRADE,PLAN001,PLAN002,29.0,79.0
EVT001834,SUB01198,CUST01198,2025-05-13,CANCELLATION,PLAN001,,29.0,0.0
EVT001835,SUB01199,CUST01199,2024-05-13,NEW,,PLAN002,0.0,79.0
EVT001836,SUB01199,CUST01199,2024-08-11,CANCELLATION,PLAN002,,79.0,0.0
EVT001837,SUB01200,CUST01200,2024-02-25,NEW,,PLAN001,0.0,29.0
EVT001838,SUB01200,CUST01200,2024-08-23,CANCELLATION,PLAN001,,29.0,0.0
EVT001839,SUB01201,CUST01201,2025-09-23,NEW,,PLAN001,0.0,29.0
EVT001840,SUB01202,CUST01202,2025-04-21,NEW,,PLAN003,0.0,199.0
EVT001841,SUB01203,CUST01203,2024-04-09,NEW,,PLAN002,0.0,79.0
EVT001842,SUB01203,CUST01203,2025-04-04,CANCELLATION,PLAN002,,79.0,0.0
EVT001843,SUB01204,CUST01204,2025-04-26,NEW,,PLAN001,0.0,29.0
EVT001844,SUB01205,CUST01205,2025-01-07,NEW,,PLAN002,0.0,79.0
EVT001845,SUB01206,CUST01206,2024-11-28,NEW,,PLAN003,0.0,199.0
EVT001846,SUB01207,CUST01207,2024-12-25,NEW,,PLAN001,0.0,29.0
EVT001847,SUB01208,CUST01208,2025-09-10,NEW,,PLAN001,0.0,29.0
EVT001848,SUB01208,CUST01208,2025-09-10,UPGRADE,PLAN001,PLAN002,29.0,79.0
EVT001849,SUB01209,CUST01209,2024-11-29,NEW,,PLAN001,0.0,29.0
EVT001850,SUB01210,CUST01210,2025-02-14,NEW,,PLAN002,0.0,79.0
EVT001851,SUB01211,CUST01211,2025-05-08,NEW,,PLAN002,0.0,79.0
EVT001852,SUB01212,CUST01212,2025-03-21,NEW,,PLAN002,0.0,79.0
EVT001853,SUB01213,CUST01213,2024-06-26,NEW,,PLAN002,0.0,79.0
EVT001854,SUB01213,CUST01213,2025-03-28,UPGRADE,PLAN002,PLAN003,79.0,199.0
EVT001855,SUB01213,CUST01213,2025-06-21,CANCELLATION,PLAN002,,79.0,0.0
EVT001856,SUB01214,CUST01214,2024-04-27,NEW,,PLAN002,0.0,79.0
EVT001857,SUB01214,CUST01214,2024-10-24,CANCELLATION,PLAN002,,79.0,0.0
EVT001858,SUB01215,CUST01215,2025-03-31,NEW,,PLAN001,0.0,29.0
EVT001859,SUB01216,CUST01216,2025-12-02,NEW,,PLAN001,0.0,29.0
EVT001860,SUB01217,CUST01217,2025-05-21,NEW,,PLAN002,0.0,79.0
EVT001861,SUB01217,CUST01217,2025-05-21,DOWNGRADE,PLAN002,PLAN001,79.0,29.0
EVT001862,SUB01218,CUST01218,2025-08-17,NEW,,PLAN001,0.0,29.0
EVT001863,SUB01219,CUST01219,2025-11-07,NEW,,PLAN002,0.0,79.0
EVT001864,SUB01220,CUST01220,2024-07-19,NEW,,PLAN001,0.0,29.0
EVT001865,SUB01221,CUST01221,2025-03-21,NEW,,PLAN001,0.0,29.0
EVT001866,SUB01222,CUST01222,2025-09-18,NEW,,PLAN003,0.0,199.0
EVT001867,SUB01223,CUST01223,2024-03-04,NEW,,PLAN002,0.0,79.0
EVT001868,SUB01223,CUST01223,2024-08-31,CANCELLATION,PLAN002,,79.0,0.0
EVT001869,SUB01224,CUST01224,2025-12-21,NEW,,PLAN002,0.0,79.0
EVT001870,SUB01224,CUST01224,2025-12-21,DOWNGRADE,PLAN002,PLAN001,79.0,29.0
EVT001871,SUB01225,CUST01225,2024-02-01,NEW,,PLAN001,0.0,29.0
EVT001872,SUB01225,CUST01225,2025-07-25,CANCELLATION,PLAN001,,29.0,0.0
EVT001873,SUB01226,CUST01226,2025-12-29,NEW,,PLAN002,0.0,79.0
EVT001874,SUB01227,CUST01227,2025-11-09,NEW,,PLAN001,0.0,29.0
EVT001875,SUB01227,CUST01227,2025-11-09,UPGRADE,PLAN001,PLAN002,29.0,79.0
EVT001876,SUB01228,CUST01228,2025-01-03,NEW,,PLAN001,0.0,29.0
EVT001877,SUB01228,CUST01228,2025-01-03,UPGRADE,PLAN001,PLAN002,29.0,79.0
EVT001878,SUB01229,CUST01229,2024-05-17,NEW,,PLAN002,0.0,79.0
EVT001879,SUB01229,CUST01229,2024-05-17,DOWNGRADE,PLAN002,PLAN001,79.0,29.0
EVT001880,SUB01230,CUST01230,2025-11-04,NEW,,PLAN002,0.0,79.0
EVT001881,SUB01230,CUST01230,2025-11-04,DOWNGRADE,PLAN002,PLAN001,79.0,29.0
EVT001882,SUB01231,CUST01231,2025-04-11,NEW,,PLAN001,0.0,29.0
EVT001883,SUB01232,CUST01232,2025-09-30,NEW,,PLAN002,0.0,79.0
EVT001884,SUB01233,CUST01233,2025-01-28,NEW,,PLAN001,0.0,29.0
EVT001885,SUB01233,CUST01233,2025-07-18,UPGRADE,PLAN001,PLAN002,29.0,79.0
EVT001886,SUB01234,CUST01234,2025-08-14,NEW,,PLAN002,0.0,79.0
EVT001887,SUB01234,CUST01234,2025-08-14,UPGRADE,PLAN002,PLAN003,79.0,199.0
EVT001888,SUB01235,CUST01235,2025-02-24,NEW,,PLAN001,0.0,29.0
EVT001889,SUB01236,CUST01236,2025-08-04,NEW,,PLAN001,0.0,29.0
EVT001890,SUB01236,CUST01236,2025-08-04,UPGRADE,PLAN001,PLAN002,29.0,79.0
EVT001891,SUB01237,CUST01237,2025-12-08,NEW,,PLAN001,0.0,29.0
EVT001892,SUB01238,CUST01238,2025-04-21,NEW,,PLAN002,0.0,79.0
EVT001893,SUB01239,CUST01239,2024-09-08,NEW,,PLAN002,0.0,79.0
EVT001894,SUB01239,CUST01239,2025-08-13,UPGRADE,PLAN002,PLAN003,79.0,199.0
EVT001895,SUB01240,CUST01240,2025-12-01,NEW,,PLAN002,0.0,79.0
EVT001896,SUB01240,CUST01240,2025-12-01,DOWNGRADE,PLAN002,PLAN001,79.0,29.0
EVT001897,SUB01241,CUST01241,2024-12-17,NEW,,PLAN002,0.0,79.0
EVT001898,SUB01241,CUST01241,2025-02-05,DOWNGRADE,PLAN002,PLAN001,79.0,29.0
EVT001899,SUB01241,CUST01241,2025-06-15,CANCELLATION,PLAN002,,79.0,0.0
EVT001900,SUB01242,CUST01242,2025-08-10,NEW,,PLAN001,0.0,29.0
EVT001901,SUB01242,CUST01242,2025-08-10,UPGRADE,PLAN001,PLAN002,29.0,79.0
EVT001902,SUB01243,CUST01243,2024-10-23,NEW,,PLAN001,0.0,29.0
EVT001903,SUB01244,CUST01244,2025-07-31,NEW,,PLAN002,0.0,79.0
EVT001904,SUB01245,CUST01245,2025-08-09,NEW,,PLAN002,0.0,79.0
EVT001905,SUB01246,CUST01246,2024-10-20,NEW,,PLAN002,0.0,79.0
EVT001906,SUB01247,CUST01247,2024-09-15,NEW,,PLAN001,0.0,29.0
EVT001907,SUB01248,CUST01248,2024-01-15,NEW,,PLAN001,0.0,29.0
EVT001908,SUB01248,CUST01248,2025-01-09,CANCELLATION,PLAN001,,29.0,0.0
EVT001909,SUB01249,CUST01249,2025-11-05,NEW,,PLAN001,0.0,29.0
EVT001910,SUB01250,CUST01250,2025-05-11,NEW,,PLAN001,0.0,29.0
EVT001911,SUB01251,CUST01251,2024-03-27,NEW,,PLAN001,0.0,29.0
EVT001912,SUB01252,CUST01252,2025-05-22,NEW,,PLAN003,0.0,199.0
EVT001913,SUB01253,CUST01253,2025-11-07,NEW,,PLAN002,0.0,79.0
EVT001914,SUB01254,CUST01254,2024-02-25,NEW,,PLAN001,0.0,29.0
EVT001915,SUB01254,CUST01254,2024-04-25,UPGRADE,PLAN001,PLAN002,29.0,79.0
EVT001916,SUB01254,CUST01254,2025-02-19,CANCELLATION,PLAN001,,29.0,0.0
EVT001917,SUB01255,CUST01255,2024-06-20,NEW,,PLAN003,0.0,199.0
EVT001918,SUB01255,CUST01255,2025-06-15,CANCELLATION,PLAN003,,199.0,0.0
EVT001919,SUB01256,CUST01256,2025-01-23,NEW,,PLAN001,0.0,29.0
EVT001920,SUB01257,CUST01257,2025-06-27,NEW,,PLAN001,0.0,29.0
EVT001921,SUB01257,CUST01257,2025-06-27,UPGRADE,PLAN001,PLAN002,29.0,79.0
EVT001922,SUB01258,CUST01258,2025-01-26,NEW,,PLAN002,0.0,79.0
EVT001923,SUB01258,CUST01258,2025-07-25,CANCELLATION,PLAN002,,79.0,0.0
EVT001924,SUB01259,CUST01259,2024-04-09,NEW,,PLAN002,0.0,79.0
EVT001925,SUB01259,CUST01259,2024-11-01,DOWNGRADE,PLAN002,PLAN001,79.0,29.0
EVT001926,SUB01259,CUST01259,2025-04-04,CANCELLATION,PLAN002,,79.0,0.0
EVT001927,SUB01260,CUST01260,2025-09-17,NEW,,PLAN001,0.0,29.0
EVT001928,SUB01261,CUST01261,2024-09-30,NEW,,PLAN001,0.0,29.0
EVT001929,SUB01261,CUST01261,2024-09-30,UPGRADE,PLAN001,PLAN002,29.0,79.0
EVT001930,SUB01262,CUST01262,2025-04-17,NEW,,PLAN002,0.0,79.0
EVT001931,SUB01262,CUST01262,2025-07-16,CANCELLATION,PLAN002,,79.0,0.0
EVT001932,SUB01263,CUST01263,2025-06-16,NEW,,PLAN002,0.0,79.0
EVT001933,SUB01264,CUST01264,2025-07-14,NEW,,PLAN002,0.0,79.0
EVT001934,SUB01264,CUST01264,2025-07-14,UPGRADE,PLAN002,PLAN003,79.0,199.0
EVT001935,SUB01265,CUST01265,2025-02-25,NEW,,PLAN001,0.0,29.0
EVT001936,SUB01265,CUST01265,2025-02-25,UPGRADE,PLAN001,PLAN002,29.0,79.0
EVT001937,SUB01266,CUST01266,2024-08-12,NEW,,PLAN001,0.0,29.0
EVT001938,SUB01266,CUST01266,2024-08-12,UPGRADE,PLAN001,PLAN002,29.0,79.0
EVT001939,SUB01267,CUST01267,2025-09-26,NEW,,PLAN001,0.0,29.0
EVT001940,SUB01268,CUST01268,2025-09-05,NEW,,PLAN002,0.0,79.0
EVT001941,SUB01269,CUST01269,2025-09-11,NEW,,PLAN002,0.0,79.0
EVT001942,SUB01269,CUST01269,2025-09-11,DOWNGRADE,PLAN002,PLAN001,79.0,29.0
EVT001943,SUB01270,CUST01270,2024-04-23,NEW,,PLAN001,0.0,29.0
EVT001944,SUB01270,CUST01270,2024-07-22,CANCELLATION,PLAN001,,29.0,0.0
EVT001945,SUB01271,CUST01271,2025-10-16,NEW,,PLAN002,0.0,79.0
EVT001946,SUB01271,CUST01271,2025-10-16,UPGRADE,PLAN002,PLAN003,79.0,199.0
EVT001947,SUB01272,CUST01272,2024-09-20,NEW,,PLAN003,0.0,199.0
EVT001948,SUB01272,CUST01272,2025-09-15,CANCELLATION,PLAN003,,199.0,0.0
EVT001949,SUB01273,CUST01273,2025-01-26,NEW,,PLAN002,0.0,79.0
EVT001950,SUB01273,CUST01273,2025-07-02,DOWNGRADE,PLAN002,PLAN001,79.0,29.0
EVT001951,SUB01273,CUST01273,2025-07-25,CANCELLATION,PLAN002,,79.0,0.0
EVT001952,SUB01274,CUST01274,2024-07-01,NEW,,PLAN001,0.0,29.0
EVT001953,SUB01274,CUST01274,2025-12-23,CANCELLATION,PLAN001,,29.0,0.0
EVT001954,SUB01275,CUST01275,2025-09-16,NEW,,PLAN003,0.0,199.0
EVT001955,SUB01276,CUST01276,2025-07-07,NEW,,PLAN001,0.0,29.0
EVT001956,SUB01277,CUST01277,2025-03-28,NEW,,PLAN002,0.0,79.0
EVT001957,SUB01278,CUST01278,2025-08-08,NEW,,PLAN001,0.0,29.0
EVT001958,SUB01278,CUST01278,2025-08-08,UPGRADE,PLAN001,PLAN002,29.0,79.0
EVT001959,SUB01279,CUST01279,2024-06-01,NEW,,PLAN001,0.0,29.0
EVT001960,SUB01280,CUST01280,2024-09-29,NEW,,PLAN003,0.0,199.0
EVT001961,SUB01280,CUST01280,2024-12-28,CANCELLATION,PLAN003,,199.0,0.0
EVT001962,SUB01281,CUST01281,2025-06-11,NEW,,PLAN002,0.0,79.0
EVT001963,SUB01281,CUST01281,2025-09-09,CANCELLATION,PLAN002,,79.0,0.0
EVT001964,SUB01282,CUST01282,2025-02-17,NEW,,PLAN001,0.0,29.0
EVT001965,SUB01283,CUST01283,2025-07-07,NEW,,PLAN001,0.0,29.0
EVT001966,SUB01283,CUST01283,2025-07-07,UPGRADE,PLAN001,PLAN002,29.0,79.0
EVT001967,SUB01284,CUST01284,2024-05-04,NEW,,PLAN003,0.0,199.0
EVT001968,SUB01284,CUST01284,2025-04-29,CANCELLATION,PLAN003,,199.0,0.0
EVT001969,SUB01285,CUST01285,2025-02-14,NEW,,PLAN002,0.0,79.0
EVT001970,SUB01286,CUST01286,2024-03-23,NEW,,PLAN002,0.0,79.0
EVT001971,SUB01287,CUST01287,2024-06-29,NEW,,PLAN002,0.0,79.0
EVT001972,SUB01287,CUST01287,2024-12-26,CANCELLATION,PLAN002,,79.0,0.0
EVT001973,SUB01288,CUST01288,2025-12-13,NEW,,PLAN002,0.0,79.0
EVT001974,SUB01288,CUST01288,2025-12-13,UPGRADE,PLAN002,PLAN003,79.0,199.0
EVT001975,SUB01289,CUST01289,2025-05-13,NEW,,PLAN002,0.0,79.0
EVT001976,SUB01289,CUST01289,2025-08-11,CANCELLATION,PLAN002,,79.0,0.0
EVT001977,SUB01290,CUST01290,2024-05-23,NEW,,PLAN001,0.0,29.0
EVT001978,SUB01290,CUST01290,2024-08-28,UPGRADE,PLAN001,PLAN002,29.0,79.0
EVT001979,SUB01290,CUST01290,2024-11-19,CANCELLATION,PLAN001,,29.0,0.0
EVT001980,SUB01291,CUST01291,2025-05-15,NEW,,PLAN002,0.0,79.0
EVT001981,SUB01292,CUST01292,2025-05-26,NEW,,PLAN001,0.0,29.0
EVT001982,SUB01293,CUST01293,2024-02-07,NEW,,PLAN002,0.0,79.0
EVT001983,SUB01294,CUST01294,2025-02-19,NEW,,PLAN002,0.0,79.0
EVT001984,SUB01295,CUST01295,2025-11-25,NEW,,PLAN002,0.0,79.0
EVT001985,SUB01296,CUST01296,2024-03-14,NEW,,PLAN002,0.0,79.0
EVT001986,SUB01296,CUST01296,2024-05-20,UPGRADE,PLAN002,PLAN003,79.0,199.0
EVT001987,SUB01296,CUST01296,2025-03-09,CANCELLATION,PLAN002,,79.0,0.0
EVT001988,SUB01297,CUST01297,2025-04-27,NEW,,PLAN002,0.0,79.0
EVT001989,SUB01298,CUST01298,2024-01-15,NEW,,PLAN001,0.0,29.0
EVT001990,SUB01299,CUST01299,2025-04-12,NEW,,PLAN003,0.0,199.0
EVT001991,SUB01299,CUST01299,2025-07-11,CANCELLATION,PLAN003,,199.0,0.0
EVT001992,SUB01300,CUST01300,2024-04-26,NEW,,PLAN002,0.0,79.0
EVT001993,SUB01301,CUST01301,2024-07-26,NEW,,PLAN002,0.0,79.0
EVT001994,SUB01301,CUST01301,2025-07-21,CANCELLATION,PLAN002,,79.0,0.0
EVT001995,SUB01302,CUST01302,2024-11-28,NEW,,PLAN002,0.0,79.0
EVT001996,SUB01303,CUST01303,2024-11-25,NEW,,PLAN002,0.0,79.0
EVT001997,SUB01304,CUST01304,2025-08-30,NEW,,PLAN001,0.0,29.0
EVT001998,SUB01304,CUST01304,2025-08-30,UPGRADE,PLAN001,PLAN002,29.0,79.0
EVT001999,SUB01305,CUST01305,2025-03-01,NEW,,PLAN001,0.0,29.0
EVT002000,SUB01306,CUST01306,2024-09-06,NEW,,PLAN002,0.0,79.0
EVT002001,SUB01306,CUST01306,2025-09-01,CANCELLATION,PLAN002,,79.0,0.0
EVT002002,SUB01307,CUST01307,2024-06-10,NEW,,PLAN002,0.0,79.0
EVT002003,SUB01308,CUST01308,2024-07-02,NEW,,PLAN001,0.0,29.0
EVT002004,SUB01308,CUST01308,2025-06-27,CANCELLATION,PLAN001,,29.0,0.0
EVT002005,SUB01309,CUST01309,2025-03-02,NEW,,PLAN001,0.0,29.0
EVT002006,SUB01310,CUST01310,2024-07-30,NEW,,PLAN003,0.0,199.0
EVT002007,SUB01311,CUST01311,2024-09-01,NEW,,PLAN001,0.0,29.0
EVT002008,SUB01312,CUST01312,2025-05-26,NEW,,PLAN002,0.0,79.0
EVT002009,SUB01312,CUST01312,2025-05-26,UPGRADE,PLAN002,PLAN003,79.0,199.0
EVT002010,SUB01313,CUST01313,2024-12-22,NEW,,PLAN003,0.0,199.0
EVT002011,SUB01314,CUST01314,2025-06-26,NEW,,PLAN002,0.0,79.0
EVT002012,SUB01314,CUST01314,2025-12-23,CANCELLATION,PLAN002,,79.0,0.0
EVT002013,SUB01315,CUST01315,2025-04-20,NEW,,PLAN001,0.0,29.0
EVT002014,SUB01316,CUST01316,2024-07-17,NEW,,PLAN001,0.0,29.0
EVT002015,SUB01316,CUST01316,2025-07-12,CANCELLATION,PLAN001,,29.0,0.0
EVT002016,SUB01317,CUST01317,2025-05-24,NEW,,PLAN001,0.0,29.0
EVT002017,SUB01318,CUST01318,2025-10-22,NEW,,PLAN003,0.0,199.0
EVT002018,SUB01319,CUST01319,2025-09-23,NEW,,PLAN002,0.0,79.0
EVT002019,SUB01319,CUST01319,2025-12-22,CANCELLATION,PLAN002,,79.0,0.0
EVT002020,SUB01320,CUST01320,2024-02-23,NEW,,PLAN001,0.0,29.0
EVT002021,SUB01320,CUST01320,2025-02-17,CANCELLATION,PLAN001,,29.0,0.0
EVT002022,SUB01321,CUST01321,2025-05-11,NEW,,PLAN001,0.0,29.0
EVT002023,SUB01321,CUST01321,2025-11-07,CANCELLATION,PLAN001,,29.0,0.0
EVT002024,SUB01322,CUST01322,2025-08-29,NEW,,PLAN003,0.0,199.0
EVT002025,SUB01323,CUST01323,2024-08-23,NEW,,PLAN002,0.0,79.0
EVT002026,SUB01324,CUST01324,2025-02-26,NEW,,PLAN001,0.0,29.0
EVT002027,SUB01325,CUST01325,2025-04-27,NEW,,PLAN003,0.0,199.0
EVT002028,SUB01326,CUST01326,2024-08-09,NEW,,PLAN003,0.0,199.0
EVT002029,SUB01326,CUST01326,2025-08-04,CANCELLATION,PLAN003,,199.0,0.0
EVT002030,SUB01327,CUST01327,2024-05-19,NEW,,PLAN002,0.0,79.0
EVT002031,SUB01328,CUST01328,2024-07-26,NEW,,PLAN001,0.0,29.0
EVT002032,SUB01328,CUST01328,2024-09-22,UPGRADE,PLAN001,PLAN002,29.0,79.0
EVT002033,SUB01328,CUST01328,2025-01-22,CANCELLATION,PLAN001,,29.0,0.0
EVT002034,SUB01329,CUST01329,2024-10-14,NEW,,PLAN002,0.0,79.0
EVT002035,SUB01329,CUST01329,2025-10-09,CANCELLATION,PLAN002,,79.0,0.0
EVT002036,SUB01330,CUST01330,2024-06-24,NEW,,PLAN001,0.0,29.0
EVT002037,SUB01330,CUST01330,2025-12-16,CANCELLATION,PLAN001,,29.0,0.0
EVT002038,SUB01331,CUST01331,2025-10-15,NEW,,PLAN003,0.0,199.0
EVT002039,SUB01332,CUST01332,2024-03-29,NEW,,PLAN003,0.0,199.0
EVT002040,SUB01333,CUST01333,2025-08-28,NEW,,PLAN001,0.0,29.0
EVT002041,SUB01334,CUST01334,2024-09-09,NEW,,PLAN001,0.0,29.0
EVT002042,SUB01334,CUST01334,2024-09-09,UPGRADE,PLAN001,PLAN002,29.0,79.0
EVT002043,SUB01335,CUST01335,2025-08-10,NEW,,PLAN002,0.0,79.0
EVT002044,SUB01335,CUST01335,2025-11-08,CANCELLATION,PLAN002,,79.0,0.0
EVT002045,SUB01336,CUST01336,2025-04-26,NEW,,PLAN002,0.0,79.0
EVT002046,SUB01337,CUST01337,2025-05-05,NEW,,PLAN001,0.0,29.0
EVT002047,SUB01338,CUST01338,2025-05-22,NEW,,PLAN001,0.0,29.0
EVT002048,SUB01339,CUST01339,2024-08-11,NEW,,PLAN002,0.0,79.0
EVT002049,SUB01340,CUST01340,2024-01-17,NEW,,PLAN001,0.0,29.0
EVT002050,SUB01340,CUST01340,2025-07-10,CANCELLATION,PLAN001,,29.0,0.0
EVT002051,SUB01341,CUST01341,2025-08-07,NEW,,PLAN001,0.0,29.0
EVT002052,SUB01342,CUST01342,2024-05-21,NEW,,PLAN002,0.0,79.0
EVT002053,SUB01342,CUST01342,2025-05-03,UPGRADE,PLAN002,PLAN003,79.0,199.0
EVT002054,SUB01342,CUST01342,2025-05-16,CANCELLATION,PLAN002,,79.0,0.0
EVT002055,SUB01343,CUST01343,2025-10-03,NEW,,PLAN001,0.0,29.0
EVT002056,SUB01344,CUST01344,2025-01-29,NEW,,PLAN001,0.0,29.0
EVT002057,SUB01345,CUST01345,2025-03-12,NEW,,PLAN001,0.0,29.0
EVT002058,SUB01346,CUST01346,2025-12-02,NEW,,PLAN003,0.0,199.0
EVT002059,SUB01347,CUST01347,2025-06-11,NEW,,PLAN002,0.0,79.0
EVT002060,SUB01348,CUST01348,2024-04-23,NEW,,PLAN002,0.0,79.0
EVT002061,SUB01348,CUST01348,2024-04-23,UPGRADE,PLAN002,PLAN003,79.0,199.0
EVT002062,SUB01349,CUST01349,2025-01-10,NEW,,PLAN002,0.0,79.0
EVT002063,SUB01350,CUST01350,2024-05-21,NEW,,PLAN003,0.0,199.0
EVT002064,SUB01351,CUST01351,2025-08-17,NEW,,PLAN001,0.0,29.0
EVT002065,SUB01351,CUST01351,2025-08-17,UPGRADE,PLAN001,PLAN002,29.0,79.0
EVT002066,SUB01352,CUST01352,2024-11-24,NEW,,PLAN002,0.0,79.0
EVT002067,SUB01353,CUST01353,2024-10-10,NEW,,PLAN002,0.0,79.0
EVT002068,SUB01354,CUST01354,2025-05-28,NEW,,PLAN001,0.0,29.0
EVT002069,SUB01354,CUST01354,2025-11-24,CANCELLATION,PLAN001,,29.0,0.0
EVT002070,SUB01355,CUST01355,2025-04-07,NEW,,PLAN001,0.0,29.0
EVT002071,SUB01356,CUST01356,2024-07-11,NEW,,PLAN002,0.0,79.0
EVT002072,SUB01357,CUST01357,2024-07-02,NEW,,PLAN001,0.0,29.0
EVT002073,SUB01358,CUST01358,2024-04-24,NEW,,PLAN002,0.0,79.0
EVT002074,SUB01358,CUST01358,2025-10-16,CANCELLATION,PLAN002,,79.0,0.0
EVT002075,SUB01359,CUST01359,2025-06-17,NEW,,PLAN002,0.0,79.0
EVT002076,SUB01360,CUST01360,2025-04-30,NEW,,PLAN002,0.0,79.0
EVT002077,SUB01361,CUST01361,2024-10-25,NEW,,PLAN002,0.0,79.0
EVT002078,SUB01361,CUST01361,2025-01-23,CANCELLATION,PLAN002,,79.0,0.0
EVT002079,SUB01362,CUST01362,2025-06-16,NEW,,PLAN003,0.0,199.0
EVT002080,SUB01363,CUST01363,2025-05-12,NEW,,PLAN002,0.0,79.0
EVT002081,SUB01364,CUST01364,2025-04-13,NEW,,PLAN001,0.0,29.0
EVT002082,SUB01365,CUST01365,2024-06-24,NEW,,PLAN001,0.0,29.0
EVT002083,SUB01365,CUST01365,2025-06-19,CANCELLATION,PLAN001,,29.0,0.0
EVT002084,SUB01366,CUST01366,2024-02-18,NEW,,PLAN001,0.0,29.0
EVT002085,SUB01366,CUST01366,2024-08-16,CANCELLATION,PLAN001,,29.0,0.0
EVT002086,SUB01367,CUST01367,2025-09-25,NEW,,PLAN001,0.0,29.0
EVT002087,SUB01368,CUST01368,2024-06-28,NEW,,PLAN001,0.0,29.0
EVT002088,SUB01368,CUST01368,2025-12-20,CANCELLATION,PLAN001,,29.0,0.0
EVT002089,SUB01369,CUST01369,2024-06-14,NEW,,PLAN002,0.0,79.0
EVT002090,SUB01369,CUST01369,2025-06-09,CANCELLATION,PLAN002,,79.0,0.0
EVT002091,SUB01370,CUST01370,2025-03-27,NEW,,PLAN002,0.0,79.0
EVT002092,SUB01370,CUST01370,2025-06-25,CANCELLATION,PLAN002,,79.0,0.0
EVT002093,SUB01371,CUST01371,2025-11-12,NEW,,PLAN001,0.0,29.0
EVT002094,SUB01372,CUST01372,2025-07-06,NEW,,PLAN001,0.0,29.0
EVT002095,SUB01372,CUST01372,2025-07-06,UPGRADE,PLAN001,PLAN002,29.0,79.0
EVT002096,SUB01373,CUST01373,2025-02-18,NEW,,PLAN001,0.0,29.0
EVT002097,SUB01373,CUST01373,2025-08-17,CANCELLATION,PLAN001,,29.0,0.0
EVT002098,SUB01374,CUST01374,2024-11-23,NEW,,PLAN002,0.0,79.0
EVT002099,SUB01375,CUST01375,2025-10-24,NEW,,PLAN001,0.0,29.0
EVT002100,SUB01375,CUST01375,2025-10-24,UPGRADE,PLAN001,PLAN002,29.0,79.0
EVT002101,SUB01376,CUST01376,2025-08-01,NEW,,PLAN003,0.0,199.0
EVT002102,SUB01377,CUST01377,2025-05-05,NEW,,PLAN001,0.0,29.0
EVT002103,SUB01377,CUST01377,2025-08-03,CANCELLATION,PLAN001,,29.0,0.0
EVT002104,SUB01378,CUST01378,2024-11-11,NEW,,PLAN003,0.0,199.0
EVT002105,SUB01379,CUST01379,2024-12-31,NEW,,PLAN002,0.0,79.0
EVT002106,SUB01380,CUST01380,2025-08-20,NEW,,PLAN001,0.0,29.0
EVT002107,SUB01381,CUST01381,2024-07-19,NEW,,PLAN003,0.0,199.0
EVT002108,SUB01382,CUST01382,2025-06-08,NEW,,PLAN003,0.0,199.0
EVT002109,SUB01383,CUST01383,2025-11-13,NEW,,PLAN001,0.0,29.0
EVT002110,SUB01384,CUST01384,2025-01-13,NEW,,PLAN002,0.0,79.0
EVT002111,SUB01384,CUST01384,2025-07-12,CANCELLATION,PLAN002,,79.0,0.0
EVT002112,SUB01385,CUST01385,2024-11-11,NEW,,PLAN001,0.0,29.0
EVT002113,SUB01385,CUST01385,2025-11-06,CANCELLATION,PLAN001,,29.0,0.0
EVT002114,SUB01386,CUST01386,2025-03-30,NEW,,PLAN002,0.0,79.0
EVT002115,SUB01387,CUST01387,2024-06-16,NEW,,PLAN001,0.0,29.0
EVT002116,SUB01387,CUST01387,2025-12-08,CANCELLATION,PLAN001,,29.0,0.0
EVT002117,SUB01388,CUST01388,2024-05-22,NEW,,PLAN001,0.0,29.0
EVT002118,SUB01388,CUST01388,2025-11-13,CANCELLATION,PLAN001,,29.0,0.0
EVT002119,SUB01389,CUST01389,2024-11-06,NEW,,PLAN001,0.0,29.0
EVT002120,SUB01389,CUST01389,2025-02-04,CANCELLATION,PLAN001,,29.0,0.0
EVT002121,SUB01390,CUST01390,2024-03-08,NEW,,PLAN001,0.0,29.0
EVT002122,SUB01390,CUST01390,2025-01-10,UPGRADE,PLAN001,PLAN002,29.0,79.0
EVT002123,SUB01391,CUST01391,2024-01-07,NEW,,PLAN001,0.0,29.0
EVT002124,SUB01391,CUST01391,2025-06-30,CANCELLATION,PLAN001,,29.0,0.0
EVT002125,SUB01392,CUST01392,2025-12-28,NEW,,PLAN001,0.0,29.0
EVT002126,SUB01393,CUST01393,2024-10-23,NEW,,PLAN001,0.0,29.0
EVT002127,SUB01394,CUST01394,2025-08-22,NEW,,PLAN001,0.0,29.0
EVT002128,SUB01395,CUST01395,2024-01-28,NEW,,PLAN003,0.0,199.0
EVT002129,SUB01395,CUST01395,2025-01-22,CANCELLATION,PLAN003,,199.0,0.0
EVT002130,SUB01396,CUST01396,2024-05-07,NEW,,PLAN001,0.0,29.0
EVT002131,SUB01396,CUST01396,2024-06-26,UPGRADE,PLAN001,PLAN002,29.0,79.0
EVT002132,SUB01396,CUST01396,2024-11-03,CANCELLATION,PLAN001,,29.0,0.0
EVT002133,SUB01397,CUST01397,2025-12-05,NEW,,PLAN001,0.0,29.0
EVT002134,SUB01397,CUST01397,2025-12-05,UPGRADE,PLAN001,PLAN002,29.0,79.0
EVT002135,SUB01398,CUST01398,2025-05-19,NEW,,PLAN003,0.0,199.0
EVT002136,SUB01399,CUST01399,2025-08-18,NEW,,PLAN002,0.0,79.0
EVT002137,SUB01399,CUST01399,2025-08-18,UPGRADE,PLAN002,PLAN003,79.0,199.0
EVT002138,SUB01400,CUST01400,2025-12-11,NEW,,PLAN003,0.0,199.0
EVT002139,SUB01401,CUST01401,2024-09-22,NEW,,PLAN001,0.0,29.0
EVT002140,SUB01402,CUST01402,2025-12-10,NEW,,PLAN002,0.0,79.0
EVT002141,SUB01402,CUST01402,2025-12-10,UPGRADE,PLAN002,PLAN003,79.0,199.0
EVT002142,SUB01403,CUST01403,2025-03-05,NEW,,PLAN002,0.0,79.0
EVT002143,SUB01404,CUST01404,2025-06-26,NEW,,PLAN001,0.0,29.0
EVT002144,SUB01405,CUST01405,2024-04-06,NEW,,PLAN002,0.0,79.0
EVT002145,SUB01405,CUST01405,2025-09-28,CANCELLATION,PLAN002,,79.0,0.0
EVT002146,SUB01406,CUST01406,2025-12-02,NEW,,PLAN001,0.0,29.0
EVT002147,SUB01407,CUST01407,2024-04-08,NEW,,PLAN003,0.0,199.0
EVT002148,SUB01407,CUST01407,2025-09-30,CANCELLATION,PLAN003,,199.0,0.0
EVT002149,SUB01408,CUST01408,2024-05-20,NEW,,PLAN001,0.0,29.0
EVT002150,SUB01409,CUST01409,2024-12-14,NEW,,PLAN001,0.0,29.0
EVT002151,SUB01410,CUST01410,2025-05-30,NEW,,PLAN001,0.0,29.0
EVT002152,SUB01410,CUST01410,2025-05-30,UPGRADE,PLAN001,PLAN002,29.0,79.0
EVT002153,SUB01411,CUST01411,2025-03-03,NEW,,PLAN001,0.0,29.0
EVT002154,SUB01412,CUST01412,2024-01-18,NEW,,PLAN002,0.0,79.0
EVT002155,SUB01413,CUST01413,2025-03-28,NEW,,PLAN002,0.0,79.0
EVT002156,SUB01414,CUST01414,2024-06-25,NEW,,PLAN002,0.0,79.0
EVT002157,SUB01415,CUST01415,2024-08-15,NEW,,PLAN002,0.0,79.0
EVT002158,SUB01415,CUST01415,2025-02-11,CANCELLATION,PLAN002,,79.0,0.0
EVT002159,SUB01416,CUST01416,2024-11-10,NEW,,PLAN002,0.0,79.0
EVT002160,SUB01416,CUST01416,2025-05-23,DOWNGRADE,PLAN002,PLAN001,79.0,29.0
EVT002161,SUB01416,CUST01416,2025-11-05,CANCELLATION,PLAN002,,79.0,0.0
EVT002162,SUB01417,CUST01417,2025-12-08,NEW,,PLAN002,0.0,79.0
EVT002163,SUB01417,CUST01417,2025-12-08,UPGRADE,PLAN002,PLAN003,79.0,199.0
EVT002164,SUB01418,CUST01418,2025-03-17,NEW,,PLAN001,0.0,29.0
EVT002165,SUB01419,CUST01419,2025-04-25,NEW,,PLAN001,0.0,29.0
EVT002166,SUB01420,CUST01420,2025-11-14,NEW,,PLAN001,0.0,29.0
EVT002167,SUB01421,CUST01421,2025-08-24,NEW,,PLAN001,0.0,29.0
EVT002168,SUB01422,CUST01422,2024-04-02,NEW,,PLAN001,0.0,29.0
EVT002169,SUB01422,CUST01422,2025-03-28,CANCELLATION,PLAN001,,29.0,0.0
EVT002170,SUB01423,CUST01423,2024-12-26,NEW,,PLAN003,0.0,199.0
EVT002171,SUB01424,CUST01424,2025-06-01,NEW,,PLAN003,0.0,199.0
EVT002172,SUB01424,CUST01424,2025-06-01,DOWNGRADE,PLAN003,PLAN002,199.0,79.0
EVT002173,SUB01425,CUST01425,2025-06-25,NEW,,PLAN002,0.0,79.0
EVT002174,SUB01426,CUST01426,2025-07-04,NEW,,PLAN003,0.0,199.0
EVT002175,SUB01427,CUST01427,2025-05-31,NEW,,PLAN001,0.0,29.0
EVT002176,SUB01428,CUST01428,2025-03-26,NEW,,PLAN002,0.0,79.0
EVT002177,SUB01428,CUST01428,2025-03-26,DOWNGRADE,PLAN002,PLAN001,79.0,29.0
EVT002178,SUB01429,CUST01429,2025-01-23,NEW,,PLAN002,0.0,79.0
EVT002179,SUB01430,CUST01430,2024-11-17,NEW,,PLAN001,0.0,29.0
EVT002180,SUB01431,CUST01431,2025-01-04,NEW,,PLAN001,0.0,29.0
EVT002181,SUB01432,CUST01432,2024-12-01,NEW,,PLAN002,0.0,79.0
EVT002182,SUB01433,CUST01433,2025-12-04,NEW,,PLAN001,0.0,29.0
EVT002183,SUB01433,CUST01433,2025-12-04,UPGRADE,PLAN001,PLAN002,29.0,79.0
EVT002184,SUB01434,CUST01434,2024-10-24,NEW,,PLAN001,0.0,29.0
EVT002185,SUB01434,CUST01434,2025-05-13,UPGRADE,PLAN001,PLAN002,29.0,79.0
EVT002186,SUB01434,CUST01434,2025-10-19,CANCELLATION,PLAN001,,29.0,0.0
EVT002187,SUB01435,CUST01435,2025-05-02,NEW,,PLAN001,0.0,29.0
EVT002188,SUB01436,CUST01436,2025-11-19,NEW,,PLAN001,0.0,29.0
EVT002189,SUB01437,CUST01437,2024-05-02,NEW,,PLAN002,0.0,79.0
EVT002190,SUB01438,CUST01438,2024-06-21,NEW,,PLAN002,0.0,79.0
EVT002191,SUB01438,CUST01438,2025-06-16,CANCELLATION,PLAN002,,79.0,0.0
EVT002192,SUB01439,CUST01439,2024-05-05,NEW,,PLAN001,0.0,29.0
EVT002193,SUB01439,CUST01439,2025-10-27,CANCELLATION,PLAN001,,29.0,0.0
EVT002194,SUB01440,CUST01440,2025-12-31,NEW,,PLAN002,0.0,79.0
EVT002195,SUB01441,CUST01441,2024-12-30,NEW,,PLAN002,0.0,79.0
EVT002196,SUB01441,CUST01441,2024-12-30,UPGRADE,PLAN002,PLAN003,79.0,199.0
EVT002197,SUB01442,CUST01442,2025-06-07,NEW,,PLAN002,0.0,79.0
EVT002198,SUB01442,CUST01442,2025-06-07,UPGRADE,PLAN002,PLAN003,79.0,199.0
EVT002199,SUB01443,CUST01443,2024-09-13,NEW,,PLAN001,0.0,29.0
EVT002200,SUB01443,CUST01443,2025-04-03,UPGRADE,PLAN001,PLAN002,29.0,79.0
EVT002201,SUB01444,CUST01444,2024-01-31,NEW,,PLAN002,0.0,79.0
EVT002202,SUB01444,CUST01444,2025-01-25,CANCELLATION,PLAN002,,79.0,0.0
EVT002203,SUB01445,CUST01445,2025-11-25,NEW,,PLAN002,0.0,79.0
EVT002204,SUB01446,CUST01446,2024-06-05,NEW,,PLAN002,0.0,79.0
EVT002205,SUB01447,CUST01447,2025-11-07,NEW,,PLAN001,0.0,29.0
EVT002206,SUB01448,CUST01448,2024-07-25,NEW,,PLAN001,0.0,29.0
EVT002207,SUB01448,CUST01448,2025-07-20,CANCELLATION,PLAN001,,29.0,0.0
EVT002208,SUB01449,CUST01449,2025-07-09,NEW,,PLAN001,0.0,29.0
EVT002209,SUB01450,CUST01450,2024-02-02,NEW,,PLAN001,0.0,29.0
EVT002210,SUB01451,CUST01451,2025-01-20,NEW,,PLAN001,0.0,29.0
EVT002211,SUB01452,CUST01452,2025-12-24,NEW,,PLAN001,0.0,29.0
EVT002212,SUB01452,CUST01452,2025-12-24,UPGRADE,PLAN001,PLAN002,29.0,79.0
EVT002213,SUB01453,CUST01453,2025-05-14,NEW,,PLAN001,0.0,29.0
EVT002214,SUB01453,CUST01453,2025-05-14,UPGRADE,PLAN001,PLAN002,29.0,79.0
EVT002215,SUB01454,CUST01454,2025-05-02,NEW,,PLAN001,0.0,29.0
EVT002216,SUB01454,CUST01454,2025-05-02,UPGRADE,PLAN001,PLAN002,29.0,79.0
EVT002217,SUB01455,CUST01455,2024-09-26,NEW,,PLAN001,0.0,29.0
EVT002218,SUB01455,CUST01455,2024-12-25,CANCELLATION,PLAN001,,29.0,0.0
EVT002219,SUB01456,CUST01456,2024-10-18,NEW,,PLAN002,0.0,79.0
EVT002220,SUB01457,CUST01457,2025-01-10,NEW,,PLAN002,0.0,79.0
EVT002221,SUB01458,CUST01458,2025-01-24,NEW,,PLAN003,0.0,199.0
EVT002222,SUB01458,CUST01458,2025-01-24,DOWNGRADE,PLAN003,PLAN002,199.0,79.0
EVT002223,SUB01459,CUST01459,2024-12-25,NEW,,PLAN002,0.0,79.0
EVT002224,SUB01459,CUST01459,2024-12-25,DOWNGRADE,PLAN002,PLAN001,79.0,29.0
EVT002225,SUB01460,CUST01460,2025-08-29,NEW,,PLAN002,0.0,79.0
EVT002226,SUB01461,CUST01461,2024-04-27,NEW,,PLAN001,0.0,29.0
EVT002227,SUB01461,CUST01461,2024-10-31,UPGRADE,PLAN001,PLAN002,29.0,79.0
EVT002228,SUB01462,CUST01462,2025-04-16,NEW,,PLAN001,0.0,29.0
EVT002229,SUB01463,CUST01463,2024-09-30,NEW,,PLAN002,0.0,79.0
EVT002230,SUB01463,CUST01463,2025-09-25,CANCELLATION,PLAN002,,79.0,0.0
EVT002231,SUB01464,CUST01464,2025-01-21,NEW,,PLAN002,0.0,79.0
EVT002232,SUB01465,CUST01465,2024-04-12,NEW,,PLAN002,0.0,79.0
EVT002233,SUB01465,CUST01465,2025-04-07,CANCELLATION,PLAN002,,79.0,0.0
EVT002234,SUB01466,CUST01466,2024-06-19,NEW,,PLAN001,0.0,29.0
EVT002235,SUB01466,CUST01466,2025-12-11,CANCELLATION,PLAN001,,29.0,0.0
EVT002236,SUB01467,CUST01467,2025-05-23,NEW,,PLAN003,0.0,199.0
EVT002237,SUB01468,CUST01468,2024-10-21,NEW,,PLAN002,0.0,79.0
EVT002238,SUB01468,CUST01468,2025-10-16,CANCELLATION,PLAN002,,79.0,0.0
EVT002239,SUB01469,CUST01469,2024-08-19,NEW,,PLAN002,0.0,79.0
EVT002240,SUB01470,CUST01470,2025-08-29,NEW,,PLAN002,0.0,79.0
EVT002241,SUB01470,CUST01470,2025-08-29,DOWNGRADE,PLAN002,PLAN001,79.0,29.0
EVT002242,SUB01471,CUST01471,2025-03-13,NEW,,PLAN002,0.0,79.0
EVT002243,SUB01472,CUST01472,2025-05-31,NEW,,PLAN001,0.0,29.0
EVT002244,SUB01473,CUST01473,2024-07-23,NEW,,PLAN003,0.0,199.0
EVT002245,SUB01473,CUST01473,2024-10-21,CANCELLATION,PLAN003,,199.0,0.0
EVT002246,SUB01474,CUST01474,2025-11-18,NEW,,PLAN001,0.0,29.0
EVT002247,SUB01475,CUST01475,2025-08-13,NEW,,PLAN003,0.0,199.0
EVT002248,SUB01476,CUST01476,2024-10-01,NEW,,PLAN003,0.0,199.0
EVT002249,SUB01476,CUST01476,2024-12-30,CANCELLATION,PLAN003,,199.0,0.0
EVT002250,SUB01477,CUST01477,2025-08-02,NEW,,PLAN002,0.0,79.0
EVT002251,SUB01478,CUST01478,2025-04-18,NEW,,PLAN001,0.0,29.0
EVT002252,SUB01478,CUST01478,2025-07-17,CANCELLATION,PLAN001,,29.0,0.0
EVT002253,SUB01479,CUST01479,2025-03-21,NEW,,PLAN002,0.0,79.0
EVT002254,SUB01480,CUST01480,2025-10-11,NEW,,PLAN001,0.0,29.0
EVT002255,SUB01481,CUST01481,2025-10-23,NEW,,PLAN001,0.0,29.0
EVT002256,SUB01482,CUST01482,2024-09-01,NEW,,PLAN002,0.0,79.0
EVT002257,SUB01482,CUST01482,2025-08-27,CANCELLATION,PLAN002,,79.0,0.0
EVT002258,SUB01483,CUST01483,2025-04-20,NEW,,PLAN002,0.0,79.0
EVT002259,SUB01484,CUST01484,2024-07-25,NEW,,PLAN002,0.0,79.0
EVT002260,SUB01485,CUST01485,2025-11-05,NEW,,PLAN002,0.0,79.0
EVT002261,SUB01486,CUST01486,2024-01-21,NEW,,PLAN002,0.0,79.0
EVT002262,SUB01486,CUST01486,2024-07-19,CANCELLATION,PLAN002,,79.0,0.0
EVT002263,SUB01487,CUST01487,2024-03-06,NEW,,PLAN002,0.0,79.0
EVT002264,SUB01488,CUST01488,2025-02-10,NEW,,PLAN002,0.0,79.0
EVT002265,SUB01489,CUST01489,2024-04-24,NEW,,PLAN002,0.0,79.0
EVT002266,SUB01489,CUST01489,2025-10-16,CANCELLATION,PLAN002,,79.0,0.0
EVT002267,SUB01490,CUST01490,2025-05-23,NEW,,PLAN003,0.0,199.0
EVT002268,SUB01491,CUST01491,2024-12-03,NEW,,PLAN002,0.0,79.0
EVT002269,SUB01491,CUST01491,2025-03-03,CANCELLATION,PLAN002,,79.0,0.0
EVT002270,SUB01492,CUST01492,2025-03-09,NEW,,PLAN001,0.0,29.0
EVT002271,SUB01493,CUST01493,2025-03-26,NEW,,PLAN002,0.0,79.0
EVT002272,SUB01494,CUST01494,2025-06-30,NEW,,PLAN001,0.0,29.0
EVT002273,SUB01494,CUST01494,2025-06-30,UPGRADE,PLAN001,PLAN002,29.0,79.0
EVT002274,SUB01495,CUST01495,2025-05-01,NEW,,PLAN002,0.0,79.0
EVT002275,SUB01495,CUST01495,2025-07-30,CANCELLATION,PLAN002,,79.0,0.0
EVT002276,SUB01496,CUST01496,2025-01-06,NEW,,PLAN003,0.0,199.0
EVT002277,SUB01496,CUST01496,2025-01-06,DOWNGRADE,PLAN003,PLAN002,199.0,79.0
EVT002278,SUB01497,CUST01497,2025-10-22,NEW,,PLAN002,0.0,79.0
EVT002279,SUB01498,CUST01498,2025-12-08,NEW,,PLAN001,0.0,29.0
EVT002280,SUB01499,CUST01499,2024-11-12,NEW,,PLAN002,0.0,79.0
EVT002281,SUB01499,CUST01499,2025-05-11,CANCELLATION,PLAN002,,79.0,0.0
EVT002282,SUB01500,CUST01500,2025-07-01,NEW,,PLAN001,0.0,29.0
EVT002283,SUB01501,CUST01501,2025-02-06,NEW,,PLAN001,0.0,29.0
EVT002284,SUB01502,CUST01502,2024-10-31,NEW,,PLAN001,0.0,29.0
EVT002285,SUB01502,CUST01502,2025-10-26,CANCELLATION,PLAN001,,29.0,0.0
EVT002286,SUB01503,CUST01503,2025-10-21,NEW,,PLAN003,0.0,199.0
EVT002287,SUB01504,CUST01504,2025-05-18,NEW,,PLAN001,0.0,29.0
EVT002288,SUB01505,CUST01505,2025-03-08,NEW,,PLAN002,0.0,79.0
EVT002289,SUB01506,CUST01506,2025-12-16,NEW,,PLAN001,0.0,29.0
EVT002290,SUB01507,CUST01507,2025-04-09,NEW,,PLAN001,0.0,29.0
EVT002291,SUB01507,CUST01507,2025-07-08,CANCELLATION,PLAN001,,29.0,0.0
EVT002292,SUB01508,CUST01508,2025-10-07,NEW,,PLAN001,0.0,29.0
EVT002293,SUB01509,CUST01509,2024-07-23,NEW,,PLAN001,0.0,29.0
EVT002294,SUB01509,CUST01509,2024-07-23,UPGRADE,PLAN001,PLAN002,29.0,79.0
EVT002295,SUB01510,CUST01510,2024-06-10,NEW,,PLAN002,0.0,79.0
EVT002296,SUB01510,CUST01510,2024-09-08,CANCELLATION,PLAN002,,79.0,0.0
EVT002297,SUB01511,CUST01511,2025-08-31,NEW,,PLAN002,0.0,79.0
EVT002298,SUB01511,CUST01511,2025-08-31,UPGRADE,PLAN002,PLAN003,79.0,199.0
EVT002299,SUB01512,CUST01512,2025-05-04,NEW,,PLAN003,0.0,199.0
EVT002300,SUB01512,CUST01512,2025-10-31,CANCELLATION,PLAN003,,199.0,0.0
EVT002301,SUB01513,CUST01513,2024-10-15,NEW,,PLAN001,0.0,29.0
EVT002302,SUB01514,CUST01514,2025-01-21,NEW,,PLAN001,0.0,29.0
EVT002303,SUB01515,CUST01515,2025-07-25,NEW,,PLAN001,0.0,29.0
EVT002304,SUB01516,CUST01516,2025-04-18,NEW,,PLAN002,0.0,79.0
EVT002305,SUB01516,CUST01516,2025-04-18,DOWNGRADE,PLAN002,PLAN001,79.0,29.0
EVT002306,SUB01517,CUST01517,2025-02-14,NEW,,PLAN003,0.0,199.0
EVT002307,SUB01518,CUST01518,2025-01-11,NEW,,PLAN001,0.0,29.0
EVT002308,SUB01519,CUST01519,2025-04-09,NEW,,PLAN001,0.0,29.0
EVT002309,SUB01519,CUST01519,2025-04-09,UPGRADE,PLAN001,PLAN002,29.0,79.0
EVT002310,SUB01520,CUST01520,2024-07-14,NEW,,PLAN002,0.0,79.0
EVT002311,SUB01520,CUST01520,2025-03-16,UPGRADE,PLAN002,PLAN003,79.0,199.0
EVT002312,SUB01520,CUST01520,2025-07-09,CANCELLATION,PLAN002,,79.0,0.0
EVT002313,SUB01521,CUST01521,2025-05-21,NEW,,PLAN003,0.0,199.0
EVT002314,SUB01522,CUST01522,2024-10-16,NEW,,PLAN003,0.0,199.0
EVT002315,SUB01523,CUST01523,2024-05-29,NEW,,PLAN002,0.0,79.0
EVT002316,SUB01523,CUST01523,2025-05-24,CANCELLATION,PLAN002,,79.0,0.0
EVT002317,SUB01524,CUST01524,2024-09-11,NEW,,PLAN001,0.0,29.0
EVT002318,SUB01524,CUST01524,2025-09-06,CANCELLATION,PLAN001,,29.0,0.0
EVT002319,SUB01525,CUST01525,2024-01-11,NEW,,PLAN002,0.0,79.0
EVT002320,SUB01525,CUST01525,2024-07-09,CANCELLATION,PLAN002,,79.0,0.0
EVT002321,SUB01526,CUST01526,2025-12-04,NEW,,PLAN002,0.0,79.0
EVT002322,SUB01526,CUST01526,2025-12-04,DOWNGRADE,PLAN002,PLAN001,79.0,29.0
EVT002323,SUB01527,CUST01527,2024-03-15,NEW,,PLAN002,0.0,79.0
EVT002324,SUB01527,CUST01527,2025-09-06,CANCELLATION,PLAN002,,79.0,0.0
EVT002325,SUB01528,CUST01528,2025-04-27,NEW,,PLAN001,0.0,29.0
EVT002326,SUB01529,CUST01529,2024-01-06,NEW,,PLAN003,0.0,199.0
EVT002327,SUB01529,CUST01529,2024-08-24,DOWNGRADE,PLAN003,PLAN002,199.0,79.0
EVT002328,SUB01530,CUST01530,2025-11-18,NEW,,PLAN001,0.0,29.0
EVT002329,SUB01531,CUST01531,2024-09-23,NEW,,PLAN002,0.0,79.0
EVT002330,SUB01531,CUST01531,2025-09-18,CANCELLATION,PLAN002,,79.0,0.0
EVT002331,SUB01532,CUST01532,2024-05-15,NEW,,PLAN002,0.0,79.0
EVT002332,SUB01532,CUST01532,2024-06-25,UPGRADE,PLAN002,PLAN003,79.0,199.0
EVT002333,SUB01532,CUST01532,2025-11-06,CANCELLATION,PLAN002,,79.0,0.0
EVT002334,SUB01533,CUST01533,2024-09-23,NEW,,PLAN001,0.0,29.0
EVT002335,SUB01534,CUST01534,2024-10-14,NEW,,PLAN003,0.0,199.0
EVT002336,SUB01535,CUST01535,2025-09-19,NEW,,PLAN001,0.0,29.0
EVT002337,SUB01536,CUST01536,2024-06-17,NEW,,PLAN002,0.0,79.0
EVT002338,SUB01536,CUST01536,2025-06-12,CANCELLATION,PLAN002,,79.0,0.0
EVT002339,SUB01537,CUST01537,2025-07-23,NEW,,PLAN001,0.0,29.0
EVT002340,SUB01538,CUST01538,2024-02-24,NEW,,PLAN003,0.0,199.0
EVT002341,SUB01538,CUST01538,2024-05-24,CANCELLATION,PLAN003,,199.0,0.0
EVT002342,SUB01539,CUST01539,2025-04-26,NEW,,PLAN001,0.0,29.0
EVT002343,SUB01539,CUST01539,2025-04-26,UPGRADE,PLAN001,PLAN002,29.0,79.0
EVT002344,SUB01540,CUST01540,2025-05-21,NEW,,PLAN001,0.0,29.0
EVT002345,SUB01540,CUST01540,2025-05-21,UPGRADE,PLAN001,PLAN002,29.0,79.0
EVT002346,SUB01541,CUST01541,2025-04-13,NEW,,PLAN002,0.0,79.0
EVT002347,SUB01542,CUST01542,2024-05-06,NEW,,PLAN002,0.0,79.0
EVT002348,SUB01543,CUST01543,2024-06-21,NEW,,PLAN002,0.0,79.0
EVT002349,SUB01544,CUST01544,2025-08-20,NEW,,PLAN001,0.0,29.0
EVT002350,SUB01545,CUST01545,2025-03-02,NEW,,PLAN001,0.0,29.0
EVT002351,SUB01545,CUST01545,2025-05-31,CANCELLATION,PLAN001,,29.0,0.0
EVT002352,SUB01546,CUST01546,2024-12-02,NEW,,PLAN002,0.0,79.0
EVT002353,SUB01547,CUST01547,2025-02-07,NEW,,PLAN003,0.0,199.0
EVT002354,SUB01548,CUST01548,2024-01-30,NEW,,PLAN002,0.0,79.0
EVT002355,SUB01548,CUST01548,2025-01-24,CANCELLATION,PLAN002,,79.0,0.0
EVT002356,SUB01549,CUST01549,2025-04-09,NEW,,PLAN002,0.0,79.0
EVT002357,SUB01549,CUST01549,2025-04-09,UPGRADE,PLAN002,PLAN003,79.0,199.0
EVT002358,SUB01550,CUST01550,2024-12-03,NEW,,PLAN001,0.0,29.0
EVT002359,SUB01551,CUST01551,2024-11-28,NEW,,PLAN002,0.0,79.0
EVT002360,SUB01552,CUST01552,2024-08-04,NEW,,PLAN003,0.0,199.0
EVT002361,SUB01552,CUST01552,2024-11-02,CANCELLATION,PLAN003,,199.0,0.0
EVT002362,SUB01553,CUST01553,2024-02-26,NEW,,PLAN002,0.0,79.0
EVT002363,SUB01554,CUST01554,2024-04-04,NEW,,PLAN002,0.0,79.0
EVT002364,SUB01554,CUST01554,2025-03-30,CANCELLATION,PLAN002,,79.0,0.0
EVT002365,SUB01555,CUST01555,2024-04-01,NEW,,PLAN002,0.0,79.0
EVT002366,SUB01555,CUST01555,2024-12-11,UPGRADE,PLAN002,PLAN003,79.0,199.0
EVT002367,SUB01555,CUST01555,2025-03-27,CANCELLATION,PLAN002,,79.0,0.0
EVT002368,SUB01556,CUST01556,2024-10-18,NEW,,PLAN001,0.0,29.0
EVT002369,SUB01556,CUST01556,2024-12-15,UPGRADE,PLAN001,PLAN002,29.0,79.0
EVT002370,SUB01556,CUST01556,2025-10-13,CANCELLATION,PLAN001,,29.0,0.0
EVT002371,SUB01557,CUST01557,2025-05-17,NEW,,PLAN001,0.0,29.0
EVT002372,SUB01558,CUST01558,2025-12-02,NEW,,PLAN002,0.0,79.0
EVT002373,SUB01558,CUST01558,2025-12-02,DOWNGRADE,PLAN002,PLAN001,79.0,29.0
EVT002374,SUB01559,CUST01559,2025-06-08,NEW,,PLAN002,0.0,79.0
EVT002375,SUB01560,CUST01560,2024-10-01,NEW,,PLAN003,0.0,199.0
EVT002376,SUB01561,CUST01561,2025-01-12,NEW,,PLAN001,0.0,29.0
EVT002377,SUB01562,CUST01562,2024-02-11,NEW,,PLAN001,0.0,29.0
EVT002378,SUB01563,CUST01563,2025-05-22,NEW,,PLAN003,0.0,199.0
EVT002379,SUB01563,CUST01563,2025-05-22,DOWNGRADE,PLAN003,PLAN002,199.0,79.0
EVT002380,SUB01564,CUST01564,2025-04-24,NEW,,PLAN001,0.0,29.0
EVT002381,SUB01564,CUST01564,2025-10-21,CANCELLATION,PLAN001,,29.0,0.0
EVT002382,SUB01565,CUST01565,2024-05-10,NEW,,PLAN002,0.0,79.0
EVT002383,SUB01565,CUST01565,2024-08-08,CANCELLATION,PLAN002,,79.0,0.0
EVT002384,SUB01566,CUST01566,2024-10-29,NEW,,PLAN002,0.0,79.0
EVT002385,SUB01566,CUST01566,2025-01-27,CANCELLATION,PLAN002,,79.0,0.0
EVT002386,SUB01567,CUST01567,2025-06-09,NEW,,PLAN002,0.0,79.0
EVT002387,SUB01568,CUST01568,2025-11-07,NEW,,PLAN001,0.0,29.0
EVT002388,SUB01569,CUST01569,2025-08-22,NEW,,PLAN002,0.0,79.0
EVT002389,SUB01569,CUST01569,2025-08-22,UPGRADE,PLAN002,PLAN003,79.0,199.0
EVT002390,SUB01570,CUST01570,2024-07-02,NEW,,PLAN001,0.0,29.0
EVT002391,SUB01570,CUST01570,2025-12-24,CANCELLATION,PLAN001,,29.0,0.0
EVT002392,SUB01571,CUST01571,2025-03-02,NEW,,PLAN001,0.0,29.0
EVT002393,SUB01572,CUST01572,2025-11-17,NEW,,PLAN001,0.0,29.0
EVT002394,SUB01573,CUST01573,2024-08-04,NEW,,PLAN002,0.0,79.0
EVT002395,SUB01573,CUST01573,2025-07-30,CANCELLATION,PLAN002,,79.0,0.0
EVT002396,SUB01574,CUST01574,2025-11-20,NEW,,PLAN003,0.0,199.0
EVT002397,SUB01575,CUST01575,2024-04-29,NEW,,PLAN001,0.0,29.0
EVT002398,SUB01576,CUST01576,2025-11-04,NEW,,PLAN001,0.0,29.0
EVT002399,SUB01577,CUST01577,2025-09-25,NEW,,PLAN002,0.0,79.0
EVT002400,SUB01578,CUST01578,2024-11-05,NEW,,PLAN002,0.0,79.0
EVT002401,SUB01579,CUST01579,2024-01-17,NEW,,PLAN001,0.0,29.0
EVT002402,SUB01580,CUST01580,2025-05-07,NEW,,PLAN002,0.0,79.0
EVT002403,SUB01580,CUST01580,2025-10-21,UPGRADE,PLAN002,PLAN003,79.0,199.0
EVT002404,SUB01581,CUST01581,2024-03-29,NEW,,PLAN001,0.0,29.0
EVT002405,SUB01582,CUST01582,2024-01-23,NEW,,PLAN002,0.0,79.0
EVT002406,SUB01582,CUST01582,2025-01-17,CANCELLATION,PLAN002,,79.0,0.0
EVT002407,SUB01583,CUST01583,2025-05-11,NEW,,PLAN001,0.0,29.0
EVT002408,SUB01584,CUST01584,2024-07-25,NEW,,PLAN001,0.0,29.0
EVT002409,SUB01584,CUST01584,2025-01-21,CANCELLATION,PLAN001,,29.0,0.0
EVT002410,SUB01585,CUST01585,2024-12-07,NEW,,PLAN002,0.0,79.0
EVT002411,SUB01586,CUST01586,2025-03-01,NEW,,PLAN002,0.0,79.0
EVT002412,SUB01587,CUST01587,2024-02-07,NEW,,PLAN002,0.0,79.0
EVT002413,SUB01588,CUST01588,2024-08-25,NEW,,PLAN001,0.0,29.0
EVT002414,SUB01588,CUST01588,2025-08-20,CANCELLATION,PLAN001,,29.0,0.0
EVT002415,SUB01589,CUST01589,2025-07-20,NEW,,PLAN002,0.0,79.0
EVT002416,SUB01590,CUST01590,2024-04-29,NEW,,PLAN001,0.0,29.0
EVT002417,SUB01590,CUST01590,2024-09-10,UPGRADE,PLAN001,PLAN002,29.0,79.0
EVT002418,SUB01591,CUST01591,2024-01-22,NEW,,PLAN002,0.0,79.0
EVT002419,SUB01591,CUST01591,2024-10-08,UPGRADE,PLAN002,PLAN003,79.0,199.0
EVT002420,SUB01591,CUST01591,2025-01-16,CANCELLATION,PLAN002,,79.0,0.0
EVT002421,SUB01592,CUST01592,2025-03-24,NEW,,PLAN002,0.0,79.0
EVT002422,SUB01593,CUST01593,2025-09-08,NEW,,PLAN002,0.0,79.0
EVT002423,SUB01593,CUST01593,2025-09-08,DOWNGRADE,PLAN002,PLAN001,79.0,29.0
EVT002424,SUB01594,CUST01594,2024-10-27,NEW,,PLAN001,0.0,29.0
EVT002425,SUB01594,CUST01594,2024-10-27,UPGRADE,PLAN001,PLAN002,29.0,79.0
EVT002426,SUB01595,CUST01595,2025-04-28,NEW,,PLAN002,0.0,79.0
EVT002427,SUB01596,CUST01596,2024-10-16,NEW,,PLAN002,0.0,79.0
EVT002428,SUB01596,CUST01596,2025-04-14,CANCELLATION,PLAN002,,79.0,0.0
EVT002429,SUB01597,CUST01597,2024-06-26,NEW,,PLAN002,0.0,79.0
EVT002430,SUB01597,CUST01597,2025-06-21,CANCELLATION,PLAN002,,79.0,0.0
EVT002431,SUB01598,CUST01598,2025-05-20,NEW,,PLAN001,0.0,29.0
EVT002432,SUB01599,CUST01599,2025-01-02,NEW,,PLAN002,0.0,79.0
EVT002433,SUB01600,CUST01600,2025-05-30,NEW,,PLAN002,0.0,79.0
EVT002434,SUB01601,CUST01601,2025-09-24,NEW,,PLAN001,0.0,29.0
EVT002435,SUB01602,CUST01602,2024-12-14,NEW,,PLAN001,0.0,29.0
EVT002436,SUB01603,CUST01603,2024-06-03,NEW,,PLAN002,0.0,79.0
EVT002437,SUB01603,CUST01603,2024-07-10,DOWNGRADE,PLAN002,PLAN001,79.0,29.0
EVT002438,SUB01604,CUST01604,2025-12-24,NEW,,PLAN001,0.0,29.0
EVT002439,SUB01604,CUST01604,2025-12-24,UPGRADE,PLAN001,PLAN002,29.0,79.0
EVT002440,SUB01605,CUST01605,2024-04-18,NEW,,PLAN002,0.0,79.0
EVT002441,SUB01605,CUST01605,2025-10-10,CANCELLATION,PLAN002,,79.0,0.0
EVT002442,SUB01606,CUST01606,2025-07-29,NEW,,PLAN001,0.0,29.0
EVT002443,SUB01607,CUST01607,2024-07-29,NEW,,PLAN001,0.0,29.0
EVT002444,SUB01608,CUST01608,2025-06-02,NEW,,PLAN002,0.0,79.0
EVT002445,SUB01609,CUST01609,2024-12-08,NEW,,PLAN002,0.0,79.0
EVT002446,SUB01609,CUST01609,2025-06-06,CANCELLATION,PLAN002,,79.0,0.0
EVT002447,SUB01610,CUST01610,2025-03-01,NEW,,PLAN001,0.0,29.0
EVT002448,SUB01610,CUST01610,2025-08-28,CANCELLATION,PLAN001,,29.0,0.0
EVT002449,SUB01611,CUST01611,2024-12-15,NEW,,PLAN002,0.0,79.0
EVT002450,SUB01611,CUST01611,2025-06-13,CANCELLATION,PLAN002,,79.0,0.0
EVT002451,SUB01612,CUST01612,2025-02-28,NEW,,PLAN001,0.0,29.0
EVT002452,SUB01613,CUST01613,2024-08-21,NEW,,PLAN002,0.0,79.0
EVT002453,SUB01613,CUST01613,2024-08-21,UPGRADE,PLAN002,PLAN003,79.0,199.0
EVT002454,SUB01614,CUST01614,2025-04-14,NEW,,PLAN002,0.0,79.0
EVT002455,SUB01614,CUST01614,2025-04-14,UPGRADE,PLAN002,PLAN003,79.0,199.0
EVT002456,SUB01615,CUST01615,2024-01-31,NEW,,PLAN002,0.0,79.0
EVT002457,SUB01615,CUST01615,2025-07-24,CANCELLATION,PLAN002,,79.0,0.0
EVT002458,SUB01616,CUST01616,2024-03-27,NEW,,PLAN002,0.0,79.0
EVT002459,SUB01616,CUST01616,2025-01-05,UPGRADE,PLAN002,PLAN003,79.0,199.0
EVT002460,SUB01617,CUST01617,2025-03-20,NEW,,PLAN003,0.0,199.0
EVT002461,SUB01618,CUST01618,2025-08-11,NEW,,PLAN001,0.0,29.0
EVT002462,SUB01619,CUST01619,2025-03-05,NEW,,PLAN003,0.0,199.0
EVT002463,SUB01620,CUST01620,2024-11-17,NEW,,PLAN002,0.0,79.0
EVT002464,SUB01620,CUST01620,2025-11-12,CANCELLATION,PLAN002,,79.0,0.0
EVT002465,SUB01621,CUST01621,2025-12-18,NEW,,PLAN003,0.0,199.0
EVT002466,SUB01622,CUST01622,2025-12-15,NEW,,PLAN002,0.0,79.0
EVT002467,SUB01622,CUST01622,2025-12-15,UPGRADE,PLAN002,PLAN003,79.0,199.0
EVT002468,SUB01623,CUST01623,2024-07-21,NEW,,PLAN002,0.0,79.0
EVT002469,SUB01623,CUST01623,2025-01-17,CANCELLATION,PLAN002,,79.0,0.0
EVT002470,SUB01624,CUST01624,2025-02-03,NEW,,PLAN001,0.0,29.0
EVT002471,SUB01625,CUST01625,2024-08-06,NEW,,PLAN003,0.0,199.0
EVT002472,SUB01625,CUST01625,2025-08-01,CANCELLATION,PLAN003,,199.0,0.0
EVT002473,SUB01626,CUST01626,2025-10-12,NEW,,PLAN001,0.0,29.0
EVT002474,SUB01627,CUST01627,2024-09-04,NEW,,PLAN002,0.0,79.0
EVT002475,SUB01628,CUST01628,2024-03-02,NEW,,PLAN002,0.0,79.0
EVT002476,SUB01628,CUST01628,2024-07-27,UPGRADE,PLAN002,PLAN003,79.0,199.0
EVT002477,SUB01628,CUST01628,2025-08-24,CANCELLATION,PLAN002,,79.0,0.0
EVT002478,SUB01629,CUST01629,2024-05-06,NEW,,PLAN002,0.0,79.0
EVT002479,SUB01630,CUST01630,2024-11-01,NEW,,PLAN001,0.0,29.0
EVT002480,SUB01631,CUST01631,2025-08-18,NEW,,PLAN001,0.0,29.0
EVT002481,SUB01632,CUST01632,2024-12-24,NEW,,PLAN002,0.0,79.0
EVT002482,SUB01633,CUST01633,2025-01-21,NEW,,PLAN003,0.0,199.0
EVT002483,SUB01634,CUST01634,2025-01-04,NEW,,PLAN002,0.0,79.0
EVT002484,SUB01634,CUST01634,2025-06-08,DOWNGRADE,PLAN002,PLAN001,79.0,29.0
EVT002485,SUB01634,CUST01634,2025-07-03,CANCELLATION,PLAN002,,79.0,0.0
EVT002486,SUB01635,CUST01635,2024-03-24,NEW,,PLAN002,0.0,79.0
EVT002487,SUB01635,CUST01635,2024-06-22,CANCELLATION,PLAN002,,79.0,0.0
EVT002488,SUB01636,CUST01636,2024-08-07,NEW,,PLAN002,0.0,79.0
EVT002489,SUB01636,CUST01636,2024-11-05,CANCELLATION,PLAN002,,79.0,0.0
EVT002490,SUB01637,CUST01637,2025-08-25,NEW,,PLAN002,0.0,79.0
EVT002491,SUB01638,CUST01638,2025-08-21,NEW,,PLAN001,0.0,29.0
EVT002492,SUB01639,CUST01639,2025-03-02,NEW,,PLAN003,0.0,199.0
EVT002493,SUB01640,CUST01640,2025-12-29,NEW,,PLAN001,0.0,29.0
EVT002494,SUB01640,CUST01640,2025-12-29,UPGRADE,PLAN001,PLAN002,29.0,79.0
EVT002495,SUB01641,CUST01641,2025-12-12,NEW,,PLAN002,0.0,79.0
EVT002496,SUB01641,CUST01641,2025-12-12,DOWNGRADE,PLAN002,PLAN001,79.0,29.0
EVT002497,SUB01642,CUST01642,2025-07-26,NEW,,PLAN001,0.0,29.0
EVT002498,SUB01643,CUST01643,2024-04-22,NEW,,PLAN002,0.0,79.0
EVT002499,SUB01643,CUST01643,2025-10-14,CANCELLATION,PLAN002,,79.0,0.0
EVT002500,SUB01644,CUST01644,2024-04-30,NEW,,PLAN001,0.0,29.0
EVT002501,SUB01644,CUST01644,2025-04-25,CANCELLATION,PLAN001,,29.0,0.0
EVT002502,SUB01645,CUST01645,2024-01-29,NEW,,PLAN001,0.0,29.0
EVT002503,SUB01646,CUST01646,2024-02-19,NEW,,PLAN001,0.0,29.0
EVT002504,SUB01647,CUST01647,2024-07-06,NEW,,PLAN003,0.0,199.0
EVT002505,SUB01647,CUST01647,2024-10-04,CANCELLATION,PLAN003,,199.0,0.0
EVT002506,SUB01648,CUST01648,2024-03-10,NEW,,PLAN001,0.0,29.0
EVT002507,SUB01648,CUST01648,2024-05-14,UPGRADE,PLAN001,PLAN002,29.0,79.0
EVT002508,SUB01648,CUST01648,2024-09-06,CANCELLATION,PLAN001,,29.0,0.0
EVT002509,SUB01649,CUST01649,2025-08-02,NEW,,PLAN002,0.0,79.0
EVT002510,SUB01650,CUST01650,2025-09-12,NEW,,PLAN002,0.0,79.0
EVT002511,SUB01650,CUST01650,2025-09-12,DOWNGRADE,PLAN002,PLAN001,79.0,29.0
EVT002512,SUB01651,CUST01651,2025-04-05,NEW,,PLAN001,0.0,29.0
EVT002513,SUB01651,CUST01651,2025-04-05,UPGRADE,PLAN001,PLAN002,29.0,79.0
EVT002514,SUB01652,CUST01652,2024-04-01,NEW,,PLAN003,0.0,199.0
EVT002515,SUB01652,CUST01652,2024-06-30,CANCELLATION,PLAN003,,199.0,0.0
EVT002516,SUB01653,CUST01653,2024-08-26,NEW,,PLAN002,0.0,79.0
EVT002517,SUB01654,CUST01654,2024-10-11,NEW,,PLAN002,0.0,79.0
EVT002518,SUB01654,CUST01654,2025-01-09,CANCELLATION,PLAN002,,79.0,0.0
EVT002519,SUB01655,CUST01655,2025-08-08,NEW,,PLAN001,0.0,29.0
EVT002520,SUB01656,CUST01656,2025-10-21,NEW,,PLAN002,0.0,79.0
EVT002521,SUB01657,CUST01657,2025-08-06,NEW,,PLAN002,0.0,79.0
EVT002522,SUB01658,CUST01658,2024-05-03,NEW,,PLAN001,0.0,29.0
EVT002523,SUB01658,CUST01658,2025-10-25,CANCELLATION,PLAN001,,29.0,0.0
EVT002524,SUB01659,CUST01659,2024-10-08,NEW,,PLAN002,0.0,79.0
EVT002525,SUB01659,CUST01659,2025-04-06,CANCELLATION,PLAN002,,79.0,0.0
EVT002526,SUB01660,CUST01660,2024-03-27,NEW,,PLAN001,0.0,29.0
EVT002527,SUB01660,CUST01660,2024-05-02,UPGRADE,PLAN001,PLAN002,29.0,79.0
EVT002528,SUB01660,CUST01660,2025-03-22,CANCELLATION,PLAN001,,29.0,0.0
EVT002529,SUB01661,CUST01661,2025-05-18,NEW,,PLAN001,0.0,29.0
EVT002530,SUB01662,CUST01662,2025-02-28,NEW,,PLAN001,0.0,29.0
EVT002531,SUB01663,CUST01663,2024-04-03,NEW,,PLAN001,0.0,29.0
EVT002532,SUB01663,CUST01663,2024-12-09,UPGRADE,PLAN001,PLAN002,29.0,79.0
EVT002533,SUB01663,CUST01663,2025-03-29,CANCELLATION,PLAN001,,29.0,0.0
EVT002534,SUB01664,CUST01664,2024-05-27,NEW,,PLAN002,0.0,79.0
EVT002535,SUB01664,CUST01664,2025-11-18,CANCELLATION,PLAN002,,79.0,0.0
EVT002536,SUB01665,CUST01665,2025-02-21,NEW,,PLAN001,0.0,29.0
EVT002537,SUB01666,CUST01666,2024-07-04,NEW,,PLAN002,0.0,79.0
EVT002538,SUB01666,CUST01666,2024-09-10,UPGRADE,PLAN002,PLAN003,79.0,199.0
EVT002539,SUB01666,CUST01666,2024-12-31,CANCELLATION,PLAN002,,79.0,0.0
EVT002540,SUB01667,CUST01667,2024-11-23,NEW,,PLAN002,0.0,79.0
EVT002541,SUB01667,CUST01667,2025-02-25,UPGRADE,PLAN002,PLAN003,79.0,199.0
EVT002542,SUB01667,CUST01667,2025-05-22,CANCELLATION,PLAN002,,79.0,0.0
EVT002543,SUB01668,CUST01668,2024-02-23,NEW,,PLAN001,0.0,29.0
EVT002544,SUB01669,CUST01669,2025-05-19,NEW,,PLAN002,0.0,79.0
EVT002545,SUB01669,CUST01669,2025-09-21,UPGRADE,PLAN002,PLAN003,79.0,199.0
EVT002546,SUB01669,CUST01669,2025-11-15,CANCELLATION,PLAN002,,79.0,0.0
EVT002547,SUB01670,CUST01670,2024-10-02,NEW,,PLAN001,0.0,29.0
EVT002548,SUB01670,CUST01670,2025-03-31,CANCELLATION,PLAN001,,29.0,0.0
EVT002549,SUB01671,CUST01671,2025-05-10,NEW,,PLAN002,0.0,79.0
EVT002550,SUB01672,CUST01672,2024-10-02,NEW,,PLAN001,0.0,29.0
EVT002551,SUB01673,CUST01673,2025-07-22,NEW,,PLAN002,0.0,79.0
EVT002552,SUB01673,CUST01673,2025-07-22,DOWNGRADE,PLAN002,PLAN001,79.0,29.0
EVT002553,SUB01674,CUST01674,2025-04-01,NEW,,PLAN001,0.0,29.0
EVT002554,SUB01675,CUST01675,2025-01-17,NEW,,PLAN002,0.0,79.0
EVT002555,SUB01676,CUST01676,2025-07-22,NEW,,PLAN002,0.0,79.0
EVT002556,SUB01676,CUST01676,2025-07-22,UPGRADE,PLAN002,PLAN003,79.0,199.0
EVT002557,SUB01677,CUST01677,2025-10-30,NEW,,PLAN002,0.0,79.0
EVT002558,SUB01678,CUST01678,2024-10-06,NEW,,PLAN002,0.0,79.0
EVT002559,SUB01678,CUST01678,2025-10-01,CANCELLATION,PLAN002,,79.0,0.0
EVT002560,SUB01679,CUST01679,2025-10-09,NEW,,PLAN003,0.0,199.0
EVT002561,SUB01680,CUST01680,2024-06-14,NEW,,PLAN001,0.0,29.0
EVT002562,SUB01681,CUST01681,2025-02-08,NEW,,PLAN001,0.0,29.0
EVT002563,SUB01682,CUST01682,2025-03-18,NEW,,PLAN001,0.0,29.0
EVT002564,SUB01683,CUST01683,2025-11-29,NEW,,PLAN003,0.0,199.0
EVT002565,SUB01683,CUST01683,2025-11-29,DOWNGRADE,PLAN003,PLAN002,199.0,79.0
EVT002566,SUB01684,CUST01684,2024-10-06,NEW,,PLAN001,0.0,29.0
EVT002567,SUB01684,CUST01684,2025-01-04,CANCELLATION,PLAN001,,29.0,0.0
EVT002568,SUB01685,CUST01685,2025-09-05,NEW,,PLAN002,0.0,79.0
EVT002569,SUB01686,CUST01686,2025-09-15,NEW,,PLAN001,0.0,29.0
EVT002570,SUB01687,CUST01687,2025-07-23,NEW,,PLAN002,0.0,79.0
EVT002571,SUB01688,CUST01688,2025-07-05,NEW,,PLAN002,0.0,79.0
EVT002572,SUB01688,CUST01688,2025-07-05,DOWNGRADE,PLAN002,PLAN001,79.0,29.0
EVT002573,SUB01689,CUST01689,2025-11-18,NEW,,PLAN002,0.0,79.0
EVT002574,SUB01690,CUST01690,2025-09-07,NEW,,PLAN002,0.0,79.0
EVT002575,SUB01691,CUST01691,2024-05-07,NEW,,PLAN002,0.0,79.0
EVT002576,SUB01692,CUST01692,2024-01-21,NEW,,PLAN001,0.0,29.0
EVT002577,SUB01692,CUST01692,2025-01-15,CANCELLATION,PLAN001,,29.0,0.0
EVT002578,SUB01693,CUST01693,2024-07-15,NEW,,PLAN003,0.0,199.0
EVT002579,SUB01694,CUST01694,2024-08-27,NEW,,PLAN002,0.0,79.0
EVT002580,SUB01694,CUST01694,2024-08-27,UPGRADE,PLAN002,PLAN003,79.0,199.0
EVT002581,SUB01695,CUST01695,2025-12-21,NEW,,PLAN002,0.0,79.0
EVT002582,SUB01696,CUST01696,2024-04-23,NEW,,PLAN002,0.0,79.0
EVT002583,SUB01696,CUST01696,2024-05-27,DOWNGRADE,PLAN002,PLAN001,79.0,29.0
EVT002584,SUB01696,CUST01696,2024-10-20,CANCELLATION,PLAN002,,79.0,0.0
EVT002585,SUB01697,CUST01697,2025-07-19,NEW,,PLAN001,0.0,29.0
EVT002586,SUB01698,CUST01698,2024-03-07,NEW,,PLAN002,0.0,79.0
EVT002587,SUB01698,CUST01698,2025-08-29,CANCELLATION,PLAN002,,79.0,0.0
EVT002588,SUB01699,CUST01699,2025-08-06,NEW,,PLAN003,0.0,199.0
EVT002589,SUB01700,CUST01700,2024-07-15,NEW,,PLAN002,0.0,79.0
EVT002590,SUB01701,CUST01701,2025-11-28,NEW,,PLAN003,0.0,199.0
EVT002591,SUB01702,CUST01702,2025-10-18,NEW,,PLAN001,0.0,29.0
EVT002592,SUB01702,CUST01702,2025-10-18,UPGRADE,PLAN001,PLAN002,29.0,79.0
EVT002593,SUB01703,CUST01703,2025-03-18,NEW,,PLAN002,0.0,79.0
EVT002594,SUB01703,CUST01703,2025-06-16,CANCELLATION,PLAN002,,79.0,0.0
EVT002595,SUB01704,CUST01704,2025-05-22,NEW,,PLAN001,0.0,29.0
EVT002596,SUB01704,CUST01704,2025-11-18,CANCELLATION,PLAN001,,29.0,0.0
EVT002597,SUB01705,CUST01705,2024-02-18,NEW,,PLAN002,0.0,79.0
EVT002598,SUB01705,CUST01705,2025-02-12,CANCELLATION,PLAN002,,79.0,0.0
EVT002599,SUB01706,CUST01706,2024-01-06,NEW,,PLAN002,0.0,79.0
EVT002600,SUB01707,CUST01707,2024-08-19,NEW,,PLAN001,0.0,29.0
EVT002601,SUB01707,CUST01707,2025-08-14,CANCELLATION,PLAN001,,29.0,0.0
EVT002602,SUB01708,CUST01708,2024-07-20,NEW,,PLAN003,0.0,199.0
EVT002603,SUB01708,CUST01708,2024-07-20,DOWNGRADE,PLAN003,PLAN002,199.0,79.0
EVT002604,SUB01709,CUST01709,2024-01-29,NEW,,PLAN001,0.0,29.0
EVT002605,SUB01709,CUST01709,2025-07-22,CANCELLATION,PLAN001,,29.0,0.0
EVT002606,SUB01710,CUST01710,2024-09-13,NEW,,PLAN002,0.0,79.0
EVT002607,SUB01711,CUST01711,2024-02-25,NEW,,PLAN001,0.0,29.0
EVT002608,SUB01711,CUST01711,2025-08-18,CANCELLATION,PLAN001,,29.0,0.0
EVT002609,SUB01712,CUST01712,2025-09-06,NEW,,PLAN002,0.0,79.0
EVT002610,SUB01712,CUST01712,2025-09-06,UPGRADE,PLAN002,PLAN003,79.0,199.0
EVT002611,SUB01713,CUST01713,2025-08-15,NEW,,PLAN001,0.0,29.0
EVT002612,SUB01714,CUST01714,2024-11-16,NEW,,PLAN002,0.0,79.0
EVT002613,SUB01714,CUST01714,2024-11-16,DOWNGRADE,PLAN002,PLAN001,79.0,29.0
EVT002614,SUB01715,CUST01715,2024-03-04,NEW,,PLAN001,0.0,29.0
EVT002615,SUB01715,CUST01715,2025-08-26,CANCELLATION,PLAN001,,29.0,0.0
EVT002616,SUB01716,CUST01716,2024-03-08,NEW,,PLAN001,0.0,29.0
EVT002617,SUB01717,CUST01717,2025-01-25,NEW,,PLAN002,0.0,79.0
EVT002618,SUB01718,CUST01718,2025-09-05,NEW,,PLAN001,0.0,29.0
EVT002619,SUB01718,CUST01718,2025-09-05,UPGRADE,PLAN001,PLAN002,29.0,79.0
EVT002620,SUB01719,CUST01719,2025-04-20,NEW,,PLAN003,0.0,199.0
EVT002621,SUB01719,CUST01719,2025-07-19,CANCELLATION,PLAN003,,199.0,0.0
EVT002622,SUB01720,CUST01720,2025-10-28,NEW,,PLAN002,0.0,79.0
EVT002623,SUB01721,CUST01721,2025-08-24,NEW,,PLAN002,0.0,79.0
EVT002624,SUB01722,CUST01722,2025-08-30,NEW,,PLAN002,0.0,79.0
EVT002625,SUB01723,CUST01723,2025-10-14,NEW,,PLAN002,0.0,79.0
EVT002626,SUB01724,CUST01724,2024-07-09,NEW,,PLAN001,0.0,29.0
EVT002627,SUB01724,CUST01724,2025-07-04,CANCELLATION,PLAN001,,29.0,0.0
EVT002628,SUB01725,CUST01725,2024-11-15,NEW,,PLAN001,0.0,29.0
EVT002629,SUB01725,CUST01725,2025-11-10,CANCELLATION,PLAN001,,29.0,0.0
EVT002630,SUB01726,CUST01726,2024-11-14,NEW,,PLAN003,0.0,199.0
EVT002631,SUB01726,CUST01726,2025-05-13,CANCELLATION,PLAN003,,199.0,0.0
EVT002632,SUB01727,CUST01727,2025-04-25,NEW,,PLAN003,0.0,199.0
EVT002633,SUB01728,CUST01728,2025-06-14,NEW,,PLAN001,0.0,29.0
EVT002634,SUB01729,CUST01729,2025-06-03,NEW,,PLAN001,0.0,29.0
EVT002635,SUB01730,CUST01730,2024-12-18,NEW,,PLAN002,0.0,79.0
EVT002636,SUB01730,CUST01730,2025-12-07,UPGRADE,PLAN002,PLAN003,79.0,199.0
EVT002637,SUB01730,CUST01730,2025-12-13,CANCELLATION,PLAN002,,79.0,0.0
EVT002638,SUB01731,CUST01731,2024-03-11,NEW,,PLAN003,0.0,199.0
EVT002639,SUB01731,CUST01731,2025-09-02,CANCELLATION,PLAN003,,199.0,0.0
EVT002640,SUB01732,CUST01732,2025-09-06,NEW,,PLAN001,0.0,29.0
EVT002641,SUB01733,CUST01733,2025-09-22,NEW,,PLAN002,0.0,79.0
EVT002642,SUB01733,CUST01733,2025-09-22,DOWNGRADE,PLAN002,PLAN001,79.0,29.0
EVT002643,SUB01734,CUST01734,2024-02-13,NEW,,PLAN001,0.0,29.0
EVT002644,SUB01734,CUST01734,2025-02-07,CANCELLATION,PLAN001,,29.0,0.0
EVT002645,SUB01735,CUST01735,2025-04-22,NEW,,PLAN002,0.0,79.0
EVT002646,SUB01735,CUST01735,2025-10-19,CANCELLATION,PLAN002,,79.0,0.0
EVT002647,SUB01736,CUST01736,2025-01-19,NEW,,PLAN001,0.0,29.0
EVT002648,SUB01736,CUST01736,2025-06-08,UPGRADE,PLAN001,PLAN002,29.0,79.0
EVT002649,SUB01737,CUST01737,2025-01-06,NEW,,PLAN002,0.0,79.0
EVT002650,SUB01738,CUST01738,2024-05-25,NEW,,PLAN001,0.0,29.0
EVT002651,SUB01738,CUST01738,2024-11-21,CANCELLATION,PLAN001,,29.0,0.0
EVT002652,SUB01739,CUST01739,2024-02-14,NEW,,PLAN001,0.0,29.0
EVT002653,SUB01740,CUST01740,2024-08-12,NEW,,PLAN002,0.0,79.0
EVT002654,SUB01740,CUST01740,2024-10-04,UPGRADE,PLAN002,PLAN003,79.0,199.0
EVT002655,SUB01741,CUST01741,2024-07-01,NEW,,PLAN001,0.0,29.0
EVT002656,SUB01741,CUST01741,2025-06-26,CANCELLATION,PLAN001,,29.0,0.0
EVT002657,SUB01742,CUST01742,2024-01-22,NEW,,PLAN003,0.0,199.0
EVT002658,SUB01742,CUST01742,2024-07-20,CANCELLATION,PLAN003,,199.0,0.0
EVT002659,SUB01743,CUST01743,2024-12-12,NEW,,PLAN001,0.0,29.0
EVT002660,SUB01744,CUST01744,2025-01-16,NEW,,PLAN001,0.0,29.0
EVT002661,SUB01744,CUST01744,2025-01-16,UPGRADE,PLAN001,PLAN002,29.0,79.0
EVT002662,SUB01745,CUST01745,2025-12-29,NEW,,PLAN003,0.0,199.0
EVT002663,SUB01746,CUST01746,2024-07-13,NEW,,PLAN003,0.0,199.0
EVT002664,SUB01746,CUST01746,2025-01-09,CANCELLATION,PLAN003,,199.0,0.0
EVT002665,SUB01747,CUST01747,2025-09-05,NEW,,PLAN003,0.0,199.0
EVT002666,SUB01748,CUST01748,2025-09-22,NEW,,PLAN002,0.0,79.0
EVT002667,SUB01749,CUST01749,2024-12-01,NEW,,PLAN002,0.0,79.0
EVT002668,SUB01750,CUST01750,2025-06-04,NEW,,PLAN002,0.0,79.0
EVT002669,SUB01750,CUST01750,2025-10-09,UPGRADE,PLAN002,PLAN003,79.0,199.0
EVT002670,SUB01750,CUST01750,2025-12-01,CANCELLATION,PLAN002,,79.0,0.0
EVT002671,SUB01751,CUST01751,2025-04-26,NEW,,PLAN001,0.0,29.0
EVT002672,SUB01752,CUST01752,2025-10-22,NEW,,PLAN002,0.0,79.0
EVT002673,SUB01752,CUST01752,2025-10-22,UPGRADE,PLAN002,PLAN003,79.0,199.0
EVT002674,SUB01753,CUST01753,2024-07-02,NEW,,PLAN001,0.0,29.0
EVT002675,SUB01753,CUST01753,2024-09-30,CANCELLATION,PLAN001,,29.0,0.0
EVT002676,SUB01754,CUST01754,2025-05-21,NEW,,PLAN002,0.0,79.0
EVT002677,SUB01754,CUST01754,2025-05-21,UPGRADE,PLAN002,PLAN003,79.0,199.0
EVT002678,SUB01755,CUST01755,2024-07-31,NEW,,PLAN002,0.0,79.0
EVT002679,SUB01755,CUST01755,2025-01-30,UPGRADE,PLAN002,PLAN003,79.0,199.0
EVT002680,SUB01755,CUST01755,2025-07-26,CANCELLATION,PLAN002,,79.0,0.0
EVT002681,SUB01756,CUST01756,2025-02-09,NEW,,PLAN002,0.0,79.0
EVT002682,SUB01756,CUST01756,2025-08-08,CANCELLATION,PLAN002,,79.0,0.0
EVT002683,SUB01757,CUST01757,2025-01-18,NEW,,PLAN003,0.0,199.0
EVT002684,SUB01758,CUST01758,2024-10-29,NEW,,PLAN001,0.0,29.0
EVT002685,SUB01758,CUST01758,2024-10-29,UPGRADE,PLAN001,PLAN002,29.0,79.0
EVT002686,SUB01759,CUST01759,2025-04-21,NEW,,PLAN001,0.0,29.0
EVT002687,SUB01760,CUST01760,2025-03-18,NEW,,PLAN001,0.0,29.0
EVT002688,SUB01760,CUST01760,2025-03-18,UPGRADE,PLAN001,PLAN002,29.0,79.0
EVT002689,SUB01761,CUST01761,2025-01-26,NEW,,PLAN002,0.0,79.0
EVT002690,SUB01761,CUST01761,2025-04-26,CANCELLATION,PLAN002,,79.0,0.0
EVT002691,SUB01762,CUST01762,2025-01-02,NEW,,PLAN002,0.0,79.0
EVT002692,SUB01762,CUST01762,2025-04-27,DOWNGRADE,PLAN002,PLAN001,79.0,29.0
EVT002693,SUB01762,CUST01762,2025-07-01,CANCELLATION,PLAN002,,79.0,0.0
EVT002694,SUB01763,CUST01763,2024-10-10,NEW,,PLAN002,0.0,79.0
EVT002695,SUB01763,CUST01763,2025-10-05,CANCELLATION,PLAN002,,79.0,0.0
EVT002696,SUB01764,CUST01764,2024-02-09,NEW,,PLAN001,0.0,29.0
EVT002697,SUB01765,CUST01765,2024-09-13,NEW,,PLAN001,0.0,29.0
EVT002698,SUB01766,CUST01766,2024-07-14,NEW,,PLAN002,0.0,79.0
EVT002699,SUB01767,CUST01767,2024-01-09,NEW,,PLAN003,0.0,199.0
EVT002700,SUB01767,CUST01767,2025-07-02,CANCELLATION,PLAN003,,199.0,0.0
EVT002701,SUB01768,CUST01768,2025-02-19,NEW,,PLAN001,0.0,29.0
EVT002702,SUB01769,CUST01769,2025-10-31,NEW,,PLAN001,0.0,29.0
EVT002703,SUB01770,CUST01770,2024-08-21,NEW,,PLAN003,0.0,199.0
EVT002704,SUB01771,CUST01771,2025-06-12,NEW,,PLAN001,0.0,29.0
EVT002705,SUB01771,CUST01771,2025-09-01,UPGRADE,PLAN001,PLAN002,29.0,79.0
EVT002706,SUB01771,CUST01771,2025-12-09,CANCELLATION,PLAN001,,29.0,0.0
EVT002707,SUB01772,CUST01772,2024-12-14,NEW,,PLAN003,0.0,199.0
EVT002708,SUB01773,CUST01773,2025-12-15,NEW,,PLAN002,0.0,79.0
EVT002709,SUB01773,CUST01773,2025-12-15,UPGRADE,PLAN002,PLAN003,79.0,199.0
EVT002710,SUB01774,CUST01774,2025-01-18,NEW,,PLAN002,0.0,79.0
EVT002711,SUB01774,CUST01774,2025-01-18,DOWNGRADE,PLAN002,PLAN001,79.0,29.0
EVT002712,SUB01775,CUST01775,2025-05-26,NEW,,PLAN001,0.0,29.0
EVT002713,SUB01776,CUST01776,2025-03-05,NEW,,PLAN001,0.0,29.0
EVT002714,SUB01777,CUST01777,2024-11-29,NEW,,PLAN002,0.0,79.0
EVT002715,SUB01778,CUST01778,2024-06-06,NEW,,PLAN002,0.0,79.0
EVT002716,SUB01778,CUST01778,2025-08-12,UPGRADE,PLAN002,PLAN003,79.0,199.0
EVT002717,SUB01778,CUST01778,2025-11-28,CANCELLATION,PLAN002,,79.0,0.0
EVT002718,SUB01779,CUST01779,2025-01-25,NEW,,PLAN002,0.0,79.0
EVT002719,SUB01780,CUST01780,2024-07-11,NEW,,PLAN001,0.0,29.0
EVT002720,SUB01780,CUST01780,2024-12-27,UPGRADE,PLAN001,PLAN002,29.0,79.0
EVT002721,SUB01780,CUST01780,2025-01-07,CANCELLATION,PLAN001,,29.0,0.0
EVT002722,SUB01781,CUST01781,2025-10-16,NEW,,PLAN001,0.0,29.0
EVT002723,SUB01782,CUST01782,2024-02-02,NEW,,PLAN001,0.0,29.0
EVT002724,SUB01782,CUST01782,2025-07-26,CANCELLATION,PLAN001,,29.0,0.0
EVT002725,SUB01783,CUST01783,2024-07-22,NEW,,PLAN001,0.0,29.0
EVT002726,SUB01783,CUST01783,2025-07-17,CANCELLATION,PLAN001,,29.0,0.0
EVT002727,SUB01784,CUST01784,2024-10-25,NEW,,PLAN001,0.0,29.0
EVT002728,SUB01784,CUST01784,2025-01-23,CANCELLATION,PLAN001,,29.0,0.0
EVT002729,SUB01785,CUST01785,2025-06-14,NEW,,PLAN002,0.0,79.0
EVT002730,SUB01785,CUST01785,2025-06-14,DOWNGRADE,PLAN002,PLAN001,79.0,29.0
EVT002731,SUB01786,CUST01786,2025-02-04,NEW,,PLAN002,0.0,79.0
EVT002732,SUB01786,CUST01786,2025-08-03,CANCELLATION,PLAN002,,79.0,0.0
EVT002733,SUB01787,CUST01787,2025-05-04,NEW,,PLAN001,0.0,29.0
EVT002734,SUB01788,CUST01788,2024-05-13,NEW,,PLAN003,0.0,199.0
EVT002735,SUB01788,CUST01788,2024-11-09,CANCELLATION,PLAN003,,199.0,0.0
EVT002736,SUB01789,CUST01789,2024-06-11,NEW,,PLAN002,0.0,79.0
EVT002737,SUB01789,CUST01789,2025-12-03,CANCELLATION,PLAN002,,79.0,0.0
EVT002738,SUB01790,CUST01790,2024-10-09,NEW,,PLAN002,0.0,79.0
EVT002739,SUB01790,CUST01790,2025-01-11,UPGRADE,PLAN002,PLAN003,79.0,199.0
EVT002740,SUB01790,CUST01790,2025-04-07,CANCELLATION,PLAN002,,79.0,0.0
EVT002741,SUB01791,CUST01791,2025-09-11,NEW,,PLAN001,0.0,29.0
EVT002742,SUB01792,CUST01792,2025-04-16,NEW,,PLAN003,0.0,199.0
EVT002743,SUB01792,CUST01792,2025-10-13,CANCELLATION,PLAN003,,199.0,0.0
EVT002744,SUB01793,CUST01793,2025-10-23,NEW,,PLAN002,0.0,79.0
EVT002745,SUB01794,CUST01794,2025-02-04,NEW,,PLAN001,0.0,29.0
EVT002746,SUB01794,CUST01794,2025-08-03,CANCELLATION,PLAN001,,29.0,0.0
EVT002747,SUB01795,CUST01795,2024-09-12,NEW,,PLAN002,0.0,79.0
EVT002748,SUB01795,CUST01795,2025-03-11,CANCELLATION,PLAN002,,79.0,0.0
EVT002749,SUB01796,CUST01796,2025-01-28,NEW,,PLAN003,0.0,199.0
EVT002750,SUB01796,CUST01796,2025-07-27,CANCELLATION,PLAN003,,199.0,0.0
EVT002751,SUB01797,CUST01797,2025-02-06,NEW,,PLAN002,0.0,79.0
EVT002752,SUB01798,CUST01798,2024-10-07,NEW,,PLAN001,0.0,29.0
EVT002753,SUB01798,CUST01798,2025-04-05,CANCELLATION,PLAN001,,29.0,0.0
EVT002754,SUB01799,CUST01799,2025-12-15,NEW,,PLAN001,0.0,29.0
EVT002755,SUB01800,CUST01800,2025-07-20,NEW,,PLAN003,0.0,199.0
EVT002756,SUB01801,CUST01801,2025-05-31,NEW,,PLAN002,0.0,79.0
EVT002757,SUB01802,CUST01802,2024-09-15,NEW,,PLAN001,0.0,29.0
EVT002758,SUB01803,CUST01803,2025-10-16,NEW,,PLAN001,0.0,29.0
EVT002759,SUB01804,CUST01804,2025-02-12,NEW,,PLAN002,0.0,79.0
EVT002760,SUB01804,CUST01804,2025-08-11,CANCELLATION,PLAN002,,79.0,0.0
EVT002761,SUB01805,CUST01805,2024-04-27,NEW,,PLAN001,0.0,29.0
EVT002762,SUB01806,CUST01806,2025-05-11,NEW,,PLAN003,0.0,199.0
EVT002763,SUB01807,CUST01807,2025-12-31,NEW,,PLAN001,0.0,29.0
EVT002764,SUB01808,CUST01808,2024-06-14,NEW,,PLAN001,0.0,29.0
EVT002765,SUB01808,CUST01808,2025-12-06,CANCELLATION,PLAN001,,29.0,0.0
EVT002766,SUB01809,CUST01809,2024-10-28,NEW,,PLAN002,0.0,79.0
EVT002767,SUB01810,CUST01810,2025-11-18,NEW,,PLAN001,0.0,29.0
EVT002768,SUB01811,CUST01811,2025-01-01,NEW,,PLAN001,0.0,29.0
EVT002769,SUB01811,CUST01811,2025-12-27,CANCELLATION,PLAN001,,29.0,0.0
EVT002770,SUB01812,CUST01812,2025-03-28,NEW,,PLAN002,0.0,79.0
EVT002771,SUB01813,CUST01813,2025-02-03,NEW,,PLAN002,0.0,79.0
EVT002772,SUB01813,CUST01813,2025-08-02,CANCELLATION,PLAN002,,79.0,0.0
EVT002773,SUB01814,CUST01814,2024-02-19,NEW,,PLAN001,0.0,29.0
EVT002774,SUB01815,CUST01815,2025-01-18,NEW,,PLAN001,0.0,29.0
EVT002775,SUB01815,CUST01815,2025-07-17,CANCELLATION,PLAN001,,29.0,0.0
EVT002776,SUB01816,CUST01816,2024-01-29,NEW,,PLAN001,0.0,29.0
EVT002777,SUB01817,CUST01817,2024-08-13,NEW,,PLAN002,0.0,79.0
EVT002778,SUB01817,CUST01817,2024-08-13,UPGRADE,PLAN002,PLAN003,79.0,199.0
EVT002779,SUB01818,CUST01818,2024-06-20,NEW,,PLAN002,0.0,79.0
EVT002780,SUB01819,CUST01819,2024-11-26,NEW,,PLAN001,0.0,29.0
EVT002781,SUB01819,CUST01819,2025-02-24,CANCELLATION,PLAN001,,29.0,0.0
EVT002782,SUB01820,CUST01820,2025-03-14,NEW,,PLAN003,0.0,199.0
EVT002783,SUB01821,CUST01821,2024-06-26,NEW,,PLAN001,0.0,29.0
EVT002784,SUB01821,CUST01821,2024-09-24,CANCELLATION,PLAN001,,29.0,0.0
EVT002785,SUB01822,CUST01822,2024-08-05,NEW,,PLAN002,0.0,79.0
EVT002786,SUB01823,CUST01823,2025-10-27,NEW,,PLAN002,0.0,79.0
EVT002787,SUB01824,CUST01824,2025-02-24,NEW,,PLAN001,0.0,29.0
EVT002788,SUB01825,CUST01825,2025-12-30,NEW,,PLAN002,0.0,79.0
EVT002789,SUB01826,CUST01826,2024-04-07,NEW,,PLAN002,0.0,79.0
EVT002790,SUB01826,CUST01826,2025-04-02,CANCELLATION,PLAN002,,79.0,0.0
EVT002791,SUB01827,CUST01827,2024-12-06,NEW,,PLAN002,0.0,79.0
EVT002792,SUB01828,CUST01828,2025-11-13,NEW,,PLAN003,0.0,199.0
EVT002793,SUB01829,CUST01829,2025-01-26,NEW,,PLAN001,0.0,29.0
EVT002794,SUB01829,CUST01829,2025-01-26,UPGRADE,PLAN001,PLAN002,29.0,79.0
EVT002795,SUB01830,CUST01830,2024-08-26,NEW,,PLAN001,0.0,29.0
EVT002796,SUB01831,CUST01831,2024-08-30,NEW,,PLAN002,0.0,79.0
EVT002797,SUB01831,CUST01831,2024-11-11,UPGRADE,PLAN002,PLAN003,79.0,199.0
EVT002798,SUB01831,CUST01831,2025-08-25,CANCELLATION,PLAN002,,79.0,0.0
EVT002799,SUB01832,CUST01832,2024-03-02,NEW,,PLAN001,0.0,29.0
EVT002800,SUB01832,CUST01832,2025-02-25,CANCELLATION,PLAN001,,29.0,0.0
EVT002801,SUB01833,CUST01833,2025-01-19,NEW,,PLAN001,0.0,29.0
EVT002802,SUB01833,CUST01833,2025-04-19,CANCELLATION,PLAN001,,29.0,0.0
EVT002803,SUB01834,CUST01834,2024-12-02,NEW,,PLAN001,0.0,29.0
EVT002804,SUB01834,CUST01834,2025-08-22,UPGRADE,PLAN001,PLAN002,29.0,79.0
EVT002805,SUB01834,CUST01834,2025-11-27,CANCELLATION,PLAN001,,29.0,0.0
EVT002806,SUB01835,CUST01835,2025-06-17,NEW,,PLAN003,0.0,199.0
EVT002807,SUB01836,CUST01836,2024-01-25,NEW,,PLAN002,0.0,79.0
EVT002808,SUB01837,CUST01837,2024-07-29,NEW,,PLAN001,0.0,29.0
EVT002809,SUB01837,CUST01837,2024-07-29,UPGRADE,PLAN001,PLAN002,29.0,79.0
EVT002810,SUB01838,CUST01838,2025-09-14,NEW,,PLAN003,0.0,199.0
EVT002811,SUB01839,CUST01839,2025-10-06,NEW,,PLAN001,0.0,29.0
EVT002812,SUB01840,CUST01840,2024-02-23,NEW,,PLAN001,0.0,29.0
EVT002813,SUB01840,CUST01840,2024-05-21,UPGRADE,PLAN001,PLAN002,29.0,79.0
EVT002814,SUB01840,CUST01840,2025-02-17,CANCELLATION,PLAN001,,29.0,0.0
EVT002815,SUB01841,CUST01841,2024-04-03,NEW,,PLAN003,0.0,199.0
EVT002816,SUB01842,CUST01842,2024-08-29,NEW,,PLAN002,0.0,79.0
EVT002817,SUB01843,CUST01843,2024-06-17,NEW,,PLAN002,0.0,79.0
EVT002818,SUB01843,CUST01843,2025-11-05,DOWNGRADE,PLAN002,PLAN001,79.0,29.0
EVT002819,SUB01843,CUST01843,2025-12-09,CANCELLATION,PLAN002,,79.0,0.0
EVT002820,SUB01844,CUST01844,2024-11-06,NEW,,PLAN002,0.0,79.0
EVT002821,SUB01844,CUST01844,2025-11-01,CANCELLATION,PLAN002,,79.0,0.0
EVT002822,SUB01845,CUST01845,2024-10-05,NEW,,PLAN003,0.0,199.0
EVT002823,SUB01846,CUST01846,2025-02-11,NEW,,PLAN002,0.0,79.0
EVT002824,SUB01846,CUST01846,2025-02-11,UPGRADE,PLAN002,PLAN003,79.0,199.0
EVT002825,SUB01847,CUST01847,2024-06-08,NEW,,PLAN001,0.0,29.0
EVT002826,SUB01847,CUST01847,2024-12-05,CANCELLATION,PLAN001,,29.0,0.0
EVT002827,SUB01848,CUST01848,2025-03-13,NEW,,PLAN001,0.0,29.0
EVT002828,SUB01848,CUST01848,2025-03-13,UPGRADE,PLAN001,PLAN002,29.0,79.0
EVT002829,SUB01849,CUST01849,2025-09-01,NEW,,PLAN002,0.0,79.0
EVT002830,SUB01849,CUST01849,2025-09-01,UPGRADE,PLAN002,PLAN003,79.0,199.0
EVT002831,SUB01850,CUST01850,2025-01-24,NEW,,PLAN003,0.0,199.0
EVT002832,SUB01851,CUST01851,2024-03-14,NEW,,PLAN002,0.0,79.0
EVT002833,SUB01851,CUST01851,2024-03-14,UPGRADE,PLAN002,PLAN003,79.0,199.0
EVT002834,SUB01852,CUST01852,2024-07-13,NEW,,PLAN001,0.0,29.0
EVT002835,SUB01852,CUST01852,2024-07-13,UPGRADE,PLAN001,PLAN002,29.0,79.0
EVT002836,SUB01853,CUST01853,2025-05-18,NEW,,PLAN001,0.0,29.0
EVT002837,SUB01854,CUST01854,2025-01-28,NEW,,PLAN003,0.0,199.0
EVT002838,SUB01854,CUST01854,2025-07-27,CANCELLATION,PLAN003,,199.0,0.0
EVT002839,SUB01855,CUST01855,2025-02-22,NEW,,PLAN003,0.0,199.0
EVT002840,SUB01855,CUST01855,2025-02-22,DOWNGRADE,PLAN003,PLAN002,199.0,79.0
EVT002841,SUB01856,CUST01856,2024-07-17,NEW,,PLAN001,0.0,29.0
EVT002842,SUB01856,CUST01856,2024-10-15,CANCELLATION,PLAN001,,29.0,0.0
EVT002843,SUB01857,CUST01857,2025-06-05,NEW,,PLAN002,0.0,79.0
EVT002844,SUB01858,CUST01858,2025-10-28,NEW,,PLAN002,0.0,79.0
EVT002845,SUB01858,CUST01858,2025-10-28,UPGRADE,PLAN002,PLAN003,79.0,199.0
EVT002846,SUB01859,CUST01859,2025-05-04,NEW,,PLAN001,0.0,29.0
EVT002847,SUB01860,CUST01860,2025-12-15,NEW,,PLAN002,0.0,79.0
EVT002848,SUB01860,CUST01860,2025-12-15,UPGRADE,PLAN002,PLAN003,79.0,199.0
EVT002849,SUB01861,CUST01861,2025-11-28,NEW,,PLAN001,0.0,29.0
EVT002850,SUB01862,CUST01862,2024-01-13,NEW,,PLAN001,0.0,29.0
EVT002851,SUB01863,CUST01863,2025-02-11,NEW,,PLAN002,0.0,79.0
EVT002852,SUB01864,CUST01864,2025-03-09,NEW,,PLAN002,0.0,79.0
EVT002853,SUB01865,CUST01865,2025-05-27,NEW,,PLAN001,0.0,29.0
EVT002854,SUB01866,CUST01866,2025-02-25,NEW,,PLAN003,0.0,199.0
EVT002855,SUB01867,CUST01867,2025-10-13,NEW,,PLAN003,0.0,199.0
EVT002856,SUB01868,CUST01868,2024-10-02,NEW,,PLAN002,0.0,79.0
EVT002857,SUB01868,CUST01868,2025-03-31,CANCELLATION,PLAN002,,79.0,0.0
EVT002858,SUB01869,CUST01869,2024-01-07,NEW,,PLAN002,0.0,79.0
EVT002859,SUB01869,CUST01869,2025-10-30,DOWNGRADE,PLAN002,PLAN001,79.0,29.0
EVT002860,SUB01870,CUST01870,2024-03-12,NEW,,PLAN002,0.0,79.0
EVT002861,SUB01870,CUST01870,2024-03-12,DOWNGRADE,PLAN002,PLAN001,79.0,29.0
EVT002862,SUB01871,CUST01871,2025-03-17,NEW,,PLAN001,0.0,29.0
EVT002863,SUB01872,CUST01872,2024-07-21,NEW,,PLAN001,0.0,29.0
EVT002864,SUB01872,CUST01872,2025-07-16,CANCELLATION,PLAN001,,29.0,0.0
EVT002865,SUB01873,CUST01873,2025-08-03,NEW,,PLAN002,0.0,79.0
EVT002866,SUB01874,CUST01874,2024-07-15,NEW,,PLAN001,0.0,29.0
EVT002867,SUB01874,CUST01874,2025-07-10,CANCELLATION,PLAN001,,29.0,0.0
EVT002868,SUB01875,CUST01875,2025-10-13,NEW,,PLAN001,0.0,29.0
EVT002869,SUB01875,CUST01875,2025-10-13,UPGRADE,PLAN001,PLAN002,29.0,79.0
EVT002870,SUB01876,CUST01876,2024-10-10,NEW,,PLAN002,0.0,79.0
EVT002871,SUB01876,CUST01876,2025-01-20,UPGRADE,PLAN002,PLAN003,79.0,199.0
EVT002872,SUB01876,CUST01876,2025-10-05,CANCELLATION,PLAN002,,79.0,0.0
EVT002873,SUB01877,CUST01877,2025-05-11,NEW,,PLAN003,0.0,199.0
EVT002874,SUB01878,CUST01878,2024-01-08,NEW,,PLAN001,0.0,29.0
EVT002875,SUB01878,CUST01878,2025-12-28,CANCELLATION,PLAN001,,29.0,0.0
EVT002876,SUB01879,CUST01879,2024-08-04,NEW,,PLAN003,0.0,199.0
EVT002877,SUB01880,CUST01880,2025-05-12,NEW,,PLAN002,0.0,79.0
EVT002878,SUB01880,CUST01880,2025-05-12,UPGRADE,PLAN002,PLAN003,79.0,199.0
EVT002879,SUB01881,CUST01881,2025-01-14,NEW,,PLAN002,0.0,79.0
EVT002880,SUB01882,CUST01882,2025-01-04,NEW,,PLAN002,0.0,79.0
EVT002881,SUB01883,CUST01883,2024-12-04,NEW,,PLAN001,0.0,29.0
EVT002882,SUB01884,CUST01884,2024-05-22,NEW,,PLAN001,0.0,29.0
EVT002883,SUB01885,CUST01885,2025-12-17,NEW,,PLAN002,0.0,79.0
EVT002884,SUB01886,CUST01886,2025-06-11,NEW,,PLAN001,0.0,29.0
EVT002885,SUB01886,CUST01886,2025-06-11,UPGRADE,PLAN001,PLAN002,29.0,79.0
EVT002886,SUB01887,CUST01887,2024-01-18,NEW,,PLAN002,0.0,79.0
EVT002887,SUB01888,CUST01888,2025-11-25,NEW,,PLAN002,0.0,79.0
EVT002888,SUB01888,CUST01888,2025-11-25,UPGRADE,PLAN002,PLAN003,79.0,199.0
EVT002889,SUB01889,CUST01889,2024-12-22,NEW,,PLAN002,0.0,79.0
EVT002890,SUB01889,CUST01889,2024-12-22,UPGRADE,PLAN002,PLAN003,79.0,199.0
EVT002891,SUB01890,CUST01890,2025-01-29,NEW,,PLAN003,0.0,199.0
EVT002892,SUB01891,CUST01891,2024-05-10,NEW,,PLAN002,0.0,79.0
EVT002893,SUB01892,CUST01892,2024-06-21,NEW,,PLAN002,0.0,79.0
EVT002894,SUB01892,CUST01892,2025-06-16,CANCELLATION,PLAN002,,79.0,0.0
EVT002895,SUB01893,CUST01893,2024-09-06,NEW,,PLAN001,0.0,29.0
EVT002896,SUB01894,CUST01894,2024-04-18,NEW,,PLAN003,0.0,199.0
EVT002897,SUB01894,CUST01894,2024-07-17,CANCELLATION,PLAN003,,199.0,0.0
EVT002898,SUB01895,CUST01895,2025-01-27,NEW,,PLAN001,0.0,29.0
EVT002899,SUB01895,CUST01895,2025-07-26,CANCELLATION,PLAN001,,29.0,0.0
EVT002900,SUB01896,CUST01896,2025-11-17,NEW,,PLAN002,0.0,79.0
EVT002901,SUB01897,CUST01897,2024-04-02,NEW,,PLAN002,0.0,79.0
EVT002902,SUB01898,CUST01898,2025-10-21,NEW,,PLAN003,0.0,199.0
EVT002903,SUB01899,CUST01899,2025-10-31,NEW,,PLAN002,0.0,79.0
EVT002904,SUB01899,CUST01899,2025-10-31,UPGRADE,PLAN002,PLAN003,79.0,199.0
EVT002905,SUB01900,CUST01900,2024-08-26,NEW,,PLAN003,0.0,199.0
EVT002906,SUB01900,CUST01900,2025-08-21,CANCELLATION,PLAN003,,199.0,0.0
EVT002907,SUB01901,CUST01901,2024-04-01,NEW,,PLAN002,0.0,79.0
EVT002908,SUB01901,CUST01901,2024-09-15,UPGRADE,PLAN002,PLAN003,79.0,199.0
EVT002909,SUB01901,CUST01901,2024-09-28,CANCELLATION,PLAN002,,79.0,0.0
EVT002910,SUB01902,CUST01902,2025-08-09,NEW,,PLAN002,0.0,79.0
EVT002911,SUB01902,CUST01902,2025-08-09,DOWNGRADE,PLAN002,PLAN001,79.0,29.0
EVT002912,SUB01903,CUST01903,2025-08-13,NEW,,PLAN002,0.0,79.0
EVT002913,SUB01904,CUST01904,2025-02-01,NEW,,PLAN002,0.0,79.0
EVT002914,SUB01905,CUST01905,2025-06-16,NEW,,PLAN003,0.0,199.0
EVT002915,SUB01905,CUST01905,2025-12-13,CANCELLATION,PLAN003,,199.0,0.0
EVT002916,SUB01906,CUST01906,2024-01-10,NEW,,PLAN001,0.0,29.0
EVT002917,SUB01906,CUST01906,2025-01-04,CANCELLATION,PLAN001,,29.0,0.0
EVT002918,SUB01907,CUST01907,2024-08-12,NEW,,PLAN001,0.0,29.0
EVT002919,SUB01908,CUST01908,2024-05-29,NEW,,PLAN001,0.0,29.0
EVT002920,SUB01908,CUST01908,2025-01-01,UPGRADE,PLAN001,PLAN002,29.0,79.0
EVT002921,SUB01909,CUST01909,2025-09-05,NEW,,PLAN002,0.0,79.0
EVT002922,SUB01910,CUST01910,2024-10-07,NEW,,PLAN003,0.0,199.0
EVT002923,SUB01911,CUST01911,2025-05-21,NEW,,PLAN002,0.0,79.0
EVT002924,SUB01912,CUST01912,2024-06-05,NEW,,PLAN001,0.0,29.0
EVT002925,SUB01913,CUST01913,2025-12-18,NEW,,PLAN002,0.0,79.0
EVT002926,SUB01913,CUST01913,2025-12-18,UPGRADE,PLAN002,PLAN003,79.0,199.0
EVT002927,SUB01914,CUST01914,2025-02-05,NEW,,PLAN002,0.0,79.0
EVT002928,SUB01915,CUST01915,2024-01-23,NEW,,PLAN002,0.0,79.0
EVT002929,SUB01916,CUST01916,2024-12-22,NEW,,PLAN001,0.0,29.0
EVT002930,SUB01916,CUST01916,2025-12-17,CANCELLATION,PLAN001,,29.0,0.0
EVT002931,SUB01917,CUST01917,2024-10-16,NEW,,PLAN001,0.0,29.0
EVT002932,SUB01917,CUST01917,2024-10-16,UPGRADE,PLAN001,PLAN002,29.0,79.0
EVT002933,SUB01918,CUST01918,2024-04-09,NEW,,PLAN002,0.0,79.0
EVT002934,SUB01918,CUST01918,2025-10-01,CANCELLATION,PLAN002,,79.0,0.0
EVT002935,SUB01919,CUST01919,2025-12-27,NEW,,PLAN002,0.0,79.0
EVT002936,SUB01919,CUST01919,2025-12-27,DOWNGRADE,PLAN002,PLAN001,79.0,29.0
EVT002937,SUB01920,CUST01920,2025-03-28,NEW,,PLAN001,0.0,29.0
EVT002938,SUB01921,CUST01921,2024-08-11,NEW,,PLAN003,0.0,199.0
EVT002939,SUB01921,CUST01921,2024-08-11,DOWNGRADE,PLAN003,PLAN002,199.0,79.0
EVT002940,SUB01922,CUST01922,2025-01-05,NEW,,PLAN002,0.0,79.0
EVT002941,SUB01922,CUST01922,2025-04-05,CANCELLATION,PLAN002,,79.0,0.0
EVT002942,SUB01923,CUST01923,2025-01-20,NEW,,PLAN001,0.0,29.0
EVT002943,SUB01924,CUST01924,2024-02-27,NEW,,PLAN002,0.0,79.0
EVT002944,SUB01924,CUST01924,2025-08-20,CANCELLATION,PLAN002,,79.0,0.0
EVT002945,SUB01925,CUST01925,2024-04-30,NEW,,PLAN001,0.0,29.0
EVT002946,SUB01926,CUST01926,2024-06-01,NEW,,PLAN002,0.0,79.0
EVT002947,SUB01926,CUST01926,2025-05-27,CANCELLATION,PLAN002,,79.0,0.0
EVT002948,SUB01927,CUST01927,2024-09-03,NEW,,PLAN001,0.0,29.0
EVT002949,SUB01927,CUST01927,2024-12-02,CANCELLATION,PLAN001,,29.0,0.0
EVT002950,SUB01928,CUST01928,2025-10-30,NEW,,PLAN003,0.0,199.0
EVT002951,SUB01929,CUST01929,2025-04-19,NEW,,PLAN003,0.0,199.0
EVT002952,SUB01930,CUST01930,2025-01-11,NEW,,PLAN001,0.0,29.0
EVT002953,SUB01931,CUST01931,2025-10-18,NEW,,PLAN001,0.0,29.0
EVT002954,SUB01932,CUST01932,2024-10-07,NEW,,PLAN003,0.0,199.0
EVT002955,SUB01933,CUST01933,2025-01-28,NEW,,PLAN002,0.0,79.0
EVT002956,SUB01933,CUST01933,2025-04-28,CANCELLATION,PLAN002,,79.0,0.0
EVT002957,SUB01934,CUST01934,2025-08-08,NEW,,PLAN001,0.0,29.0
EVT002958,SUB01935,CUST01935,2025-02-19,NEW,,PLAN002,0.0,79.0
EVT002959,SUB01936,CUST01936,2024-03-06,NEW,,PLAN002,0.0,79.0
EVT002960,SUB01936,CUST01936,2024-09-01,DOWNGRADE,PLAN002,PLAN001,79.0,29.0
EVT002961,SUB01936,CUST01936,2025-03-01,CANCELLATION,PLAN002,,79.0,0.0
EVT002962,SUB01937,CUST01937,2024-07-31,NEW,,PLAN001,0.0,29.0
EVT002963,SUB01937,CUST01937,2024-07-31,UPGRADE,PLAN001,PLAN002,29.0,79.0
EVT002964,SUB01938,CUST01938,2024-01-06,NEW,,PLAN002,0.0,79.0
EVT002965,SUB01939,CUST01939,2024-05-11,NEW,,PLAN001,0.0,29.0
EVT002966,SUB01939,CUST01939,2025-05-06,CANCELLATION,PLAN001,,29.0,0.0
EVT002967,SUB01940,CUST01940,2024-02-05,NEW,,PLAN002,0.0,79.0
EVT002968,SUB01941,CUST01941,2025-07-11,NEW,,PLAN001,0.0,29.0
EVT002969,SUB01942,CUST01942,2024-02-17,NEW,,PLAN001,0.0,29.0
EVT002970,SUB01943,CUST01943,2025-11-05,NEW,,PLAN001,0.0,29.0
EVT002971,SUB01944,CUST01944,2025-06-19,NEW,,PLAN002,0.0,79.0
EVT002972,SUB01945,CUST01945,2025-12-05,NEW,,PLAN002,0.0,79.0
EVT002973,SUB01946,CUST01946,2024-07-11,NEW,,PLAN002,0.0,79.0
EVT002974,SUB01946,CUST01946,2024-12-15,DOWNGRADE,PLAN002,PLAN001,79.0,29.0
EVT002975,SUB01947,CUST01947,2025-09-08,NEW,,PLAN002,0.0,79.0
EVT002976,SUB01947,CUST01947,2025-09-08,UPGRADE,PLAN002,PLAN003,79.0,199.0
EVT002977,SUB01948,CUST01948,2025-09-29,NEW,,PLAN002,0.0,79.0
EVT002978,SUB01948,CUST01948,2025-09-29,DOWNGRADE,PLAN002,PLAN001,79.0,29.0
EVT002979,SUB01949,CUST01949,2025-10-27,NEW,,PLAN002,0.0,79.0
EVT002980,SUB01950,CUST01950,2025-11-23,NEW,,PLAN001,0.0,29.0
EVT002981,SUB01950,CUST01950,2025-11-23,UPGRADE,PLAN001,PLAN002,29.0,79.0
EVT002982,SUB01951,CUST01951,2024-03-13,NEW,,PLAN001,0.0,29.0
EVT002983,SUB01951,CUST01951,2024-06-11,CANCELLATION,PLAN001,,29.0,0.0
EVT002984,SUB01952,CUST01952,2025-01-16,NEW,,PLAN003,0.0,199.0
EVT002985,SUB01953,CUST01953,2025-03-05,NEW,,PLAN001,0.0,29.0
EVT002986,SUB01954,CUST01954,2025-01-23,NEW,,PLAN002,0.0,79.0
EVT002987,SUB01954,CUST01954,2025-03-17,DOWNGRADE,PLAN002,PLAN001,79.0,29.0
EVT002988,SUB01955,CUST01955,2024-05-07,NEW,,PLAN001,0.0,29.0
EVT002989,SUB01955,CUST01955,2025-10-29,CANCELLATION,PLAN001,,29.0,0.0
EVT002990,SUB01956,CUST01956,2024-12-03,NEW,,PLAN001,0.0,29.0
EVT002991,SUB01957,CUST01957,2024-05-29,NEW,,PLAN002,0.0,79.0
EVT002992,SUB01957,CUST01957,2024-11-25,CANCELLATION,PLAN002,,79.0,0.0
EVT002993,SUB01958,CUST01958,2025-01-21,NEW,,PLAN002,0.0,79.0
EVT002994,SUB01959,CUST01959,2024-05-06,NEW,,PLAN002,0.0,79.0
EVT002995,SUB01959,CUST01959,2025-10-28,CANCELLATION,PLAN002,,79.0,0.0
EVT002996,SUB01960,CUST01960,2024-04-07,NEW,,PLAN003,0.0,199.0
EVT002997,SUB01960,CUST01960,2025-09-29,CANCELLATION,PLAN003,,199.0,0.0
EVT002998,SUB01961,CUST01961,2025-07-18,NEW,,PLAN002,0.0,79.0
EVT002999,SUB01962,CUST01962,2024-11-21,NEW,,PLAN003,0.0,199.0
EVT003000,SUB01963,CUST01963,2025-05-03,NEW,,PLAN001,0.0,29.0
EVT003001,SUB01964,CUST01964,2025-11-04,NEW,,PLAN001,0.0,29.0
EVT003002,SUB01965,CUST01965,2024-02-24,NEW,,PLAN003,0.0,199.0
EVT003003,SUB01965,CUST01965,2024-08-22,CANCELLATION,PLAN003,,199.0,0.0
EVT003004,SUB01966,CUST01966,2025-11-25,NEW,,PLAN003,0.0,199.0
EVT003005,SUB01967,CUST01967,2024-12-28,NEW,,PLAN001,0.0,29.0
EVT003006,SUB01967,CUST01967,2025-03-28,CANCELLATION,PLAN001,,29.0,0.0
EVT003007,SUB01968,CUST01968,2025-06-17,NEW,,PLAN001,0.0,29.0
EVT003008,SUB01968,CUST01968,2025-12-14,CANCELLATION,PLAN001,,29.0,0.0
EVT003009,SUB01969,CUST01969,2024-11-08,NEW,,PLAN001,0.0,29.0
EVT003010,SUB01969,CUST01969,2025-11-03,CANCELLATION,PLAN001,,29.0,0.0
EVT003011,SUB01970,CUST01970,2024-03-19,NEW,,PLAN002,0.0,79.0
EVT003012,SUB01970,CUST01970,2025-09-10,CANCELLATION,PLAN002,,79.0,0.0
EVT003013,SUB01971,CUST01971,2024-03-27,NEW,,PLAN001,0.0,29.0
EVT003014,SUB01972,CUST01972,2025-03-10,NEW,,PLAN002,0.0,79.0
EVT003015,SUB01973,CUST01973,2025-06-11,NEW,,PLAN002,0.0,79.0
EVT003016,SUB01974,CUST01974,2025-02-19,NEW,,PLAN003,0.0,199.0
EVT003017,SUB01974,CUST01974,2025-08-18,CANCELLATION,PLAN003,,199.0,0.0
EVT003018,SUB01975,CUST01975,2025-03-11,NEW,,PLAN003,0.0,199.0
EVT003019,SUB01976,CUST01976,2025-09-13,NEW,,PLAN001,0.0,29.0
EVT003020,SUB01976,CUST01976,2025-12-12,CANCELLATION,PLAN001,,29.0,0.0
EVT003021,SUB01977,CUST01977,2024-06-28,NEW,,PLAN001,0.0,29.0
EVT003022,SUB01978,CUST01978,2024-02-22,NEW,,PLAN002,0.0,79.0
EVT003023,SUB01978,CUST01978,2025-02-16,CANCELLATION,PLAN002,,79.0,0.0
EVT003024,SUB01979,CUST01979,2024-12-12,NEW,,PLAN003,0.0,199.0
EVT003025,SUB01980,CUST01980,2024-10-24,NEW,,PLAN002,0.0,79.0
EVT003026,SUB01980,CUST01980,2025-10-19,CANCELLATION,PLAN002,,79.0,0.0
EVT003027,SUB01981,CUST01981,2025-10-08,NEW,,PLAN001,0.0,29.0
EVT003028,SUB01981,CUST01981,2025-10-08,UPGRADE,PLAN001,PLAN002,29.0,79.0
EVT003029,SUB01982,CUST01982,2025-04-19,NEW,,PLAN003,0.0,199.0
EVT003030,SUB01982,CUST01982,2025-10-16,CANCELLATION,PLAN003,,199.0,0.0
EVT003031,SUB01983,CUST01983,2024-01-07,NEW,,PLAN001,0.0,29.0
EVT003032,SUB01984,CUST01984,2024-01-06,NEW,,PLAN001,0.0,29.0
EVT003033,SUB01984,CUST01984,2024-09-11,UPGRADE,PLAN001,PLAN002,29.0,79.0
EVT003034,SUB01984,CUST01984,2024-12-31,CANCELLATION,PLAN001,,29.0,0.0
EVT003035,SUB01985,CUST01985,2024-01-10,NEW,,PLAN001,0.0,29.0
EVT003036,SUB01985,CUST01985,2024-07-08,CANCELLATION,PLAN001,,29.0,0.0
EVT003037,SUB01986,CUST01986,2025-02-24,NEW,,PLAN002,0.0,79.0
EVT003038,SUB01986,CUST01986,2025-02-24,UPGRADE,PLAN002,PLAN003,79.0,199.0
EVT003039,SUB01987,CUST01987,2024-08-19,NEW,,PLAN001,0.0,29.0
EVT003040,SUB01988,CUST01988,2024-07-05,NEW,,PLAN002,0.0,79.0
EVT003041,SUB01988,CUST01988,2024-10-03,CANCELLATION,PLAN002,,79.0,0.0
EVT003042,SUB01989,CUST01989,2025-11-03,NEW,,PLAN002,0.0,79.0
EVT003043,SUB01989,CUST01989,2025-11-03,DOWNGRADE,PLAN002,PLAN001,79.0,29.0
EVT003044,SUB01990,CUST01990,2024-01-06,NEW,,PLAN002,0.0,79.0
EVT003045,SUB01990,CUST01990,2025-05-12,UPGRADE,PLAN002,PLAN003,79.0,199.0
EVT003046,SUB01990,CUST01990,2025-06-29,CANCELLATION,PLAN002,,79.0,0.0
EVT003047,SUB01991,CUST01991,2024-07-13,NEW,,PLAN002,0.0,79.0
EVT003048,SUB01992,CUST01992,2024-02-02,NEW,,PLAN001,0.0,29.0
EVT003049,SUB01992,CUST01992,2024-02-02,UPGRADE,PLAN001,PLAN002,29.0,79.0
EVT003050,SUB01993,CUST01993,2024-05-01,NEW,,PLAN003,0.0,199.0
EVT003051,SUB01993,CUST01993,2025-04-26,CANCELLATION,PLAN003,,199.0,0.0
EVT003052,SUB01994,CUST01994,2024-11-28,NEW,,PLAN001,0.0,29.0
EVT003053,SUB01995,CUST01995,2024-05-14,NEW,,PLAN003,0.0,199.0
EVT003054,SUB01996,CUST01996,2024-06-08,NEW,,PLAN002,0.0,79.0
EVT003055,SUB01996,CUST01996,2024-09-06,CANCELLATION,PLAN002,,79.0,0.0
EVT003056,SUB01997,CUST01997,2024-02-23,NEW,,PLAN001,0.0,29.0
EVT003057,SUB01997,CUST01997,2024-07-11,UPGRADE,PLAN001,PLAN002,29.0,79.0
EVT003058,SUB01997,CUST01997,2025-02-17,CANCELLATION,PLAN001,,29.0,0.0
EVT003059,SUB01998,CUST01998,2025-03-20,NEW,,PLAN002,0.0,79.0
EVT003060,SUB01999,CUST01999,2024-09-10,NEW,,PLAN002,0.0,79.0
EVT003061,SUB01999,CUST01999,2025-01-31,UPGRADE,PLAN002,PLAN003,79.0,199.0
EVT003062,SUB01999,CUST01999,2025-03-09,CANCELLATION,PLAN002,,79.0,0.0
EVT003063,SUB02000,CUST02000,2024-10-14,NEW,,PLAN002,0.0,79.0
EVT003064,SUB02000,CUST02000,2024-10-14,DOWNGRADE,PLAN002,PLAN001,79.0,29.0
