subscription_id,customer_id,plan_id,start_date,end_date,billing_cycle,subscription_status
SUB00001,CUST00001,PLAN001,2024-09-07,2025-09-02,Monthly,Cancelled
SUB00002,CUST00002,PLAN002,2025-08-27,,Monthly,Active
SUB00003,CUST00003,PLAN001,2025-06-01,2025-08-30,Monthly,Cancelled
SUB00004,CUST00004,PLAN001,2024-08-13,2025-02-09,Monthly,Cancelled
SUB00005,CUST00005,PLAN002,2024-06-12,2025-12-04,Monthly,Expired
SUB00006,CUST00006,PLAN001,2024-12-10,,Annual,Active
SUB00007,CUST00007,PLAN001,2025-09-10,,Monthly,Active
SUB00008,CUST00008,PLAN002,2025-01-22,2025-07-21,Monthly,Expired
SUB00009,CUST00009,PLAN002,2025-08-14,,Annual,Active
SUB00010,CUST00010,PLAN001,2024-10-23,2025-10-18,Annual,Cancelled
SUB00011,CUST00011,PLAN002,2025-01-24,,Monthly,Active
SUB00012,CUST00012,PLAN002,2025-01-14,2025-04-14,Monthly,Cancelled
SUB00013,CUST00013,PLAN001,2025-09-15,,Monthly,Active
SUB00014,CUST00014,PLAN001,2025-04-18,,Monthly,Active
SUB00015,CUST00015,PLAN002,2025-12-02,,Monthly,Active
SUB00016,CUST00016,PLAN002,2024-02-02,2025-07-26,Annual,Cancelled
SUB00017,CUST00017,PLAN001,2025-08-03,,Monthly,Active
SUB00018,CUST00018,PLAN001,2025-02-09,,Annual,Active
SUB00019,CUST00019,PLAN001,2024-05-22,,Monthly,Active
SUB00020,CUST00020,PLAN002,2025-08-20,2025-11-18,Monthly,Cancelled
SUB00021,CUST00021,PLAN002,2025-06-05,,Monthly,Active
SUB00022,CUST00022,PLAN002,2024-06-05,2025-11-27,Monthly,Cancelled
SUB00023,CUST00023,PLAN003,2025-01-29,,Monthly,Active
SUB00024,CUST00024,PLAN001,2025-11-27,,Monthly,Active
SUB00025,CUST00025,PLAN003,2025-10-18,,Annual,Active
SUB00026,CUST00026,PLAN001,2024-01-04,2024-12-29,Annual,Cancelled
SUB00027,CUST00027,PLAN001,2025-06-03,,Monthly,Active
SUB00028,CUST00028,PLAN002,2024-06-05,2024-09-03,Monthly,Cancelled
SUB00029,CUST00029,PLAN003,2025-09-05,,Monthly,Active
SUB00030,CUST00030,PLAN002,2024-11-10,,Monthly,Active
SUB00031,CUST00031,PLAN003,2024-03-28,2025-03-23,Monthly,Cancelled
SUB00032,CUST00032,PLAN001,2024-05-11,2025-05-06,Monthly,Expired
SUB00033,CUST00033,PLAN002,2024-08-04,2025-07-30,Monthly,Cancelled
SUB00034,CUST00034,PLAN003,2025-12-31,,Annual,Active
SUB00035,CUST00035,PLAN002,2025-06-13,2025-12-10,Monthly,Expired
SUB00036,CUST00036,PLAN001,2024-01-22,2025-07-15,Annual,Cancelled
SUB00037,CUST00037,PLAN002,2024-03-13,,Monthly,Active
SUB00038,CUST00038,PLAN002,2024-12-04,2025-11-29,Annual,Cancelled
SUB00039,CUST00039,PLAN002,2024-08-07,2025-02-03,Annual,Cancelled
SUB00040,CUST00040,PLAN002,2024-09-05,,Annual,Active
SUB00041,CUST00041,PLAN001,2024-04-09,2025-10-01,Monthly,Cancelled
SUB00042,CUST00042,PLAN002,2024-02-25,2024-08-23,Monthly,Cancelled
SUB00043,CUST00043,PLAN002,2024-12-13,2025-12-08,Monthly,Expired
SUB00044,CUST00044,PLAN001,2025-07-03,,Monthly,Active
SUB00045,CUST00045,PLAN001,2024-09-12,2025-09-07,Monthly,Cancelled
SUB00046,CUST00046,PLAN001,2024-02-21,2024-05-21,Monthly,Cancelled
SUB00047,CUST00047,PLAN001,2024-08-30,,Annual,Active
SUB00048,CUST00048,PLAN001,2024-03-01,2025-08-23,Monthly,Cancelled
SUB00049,CUST00049,PLAN002,2025-04-10,,Annual,Active
SUB00050,CUST00050,PLAN003,2024-06-07,,Annual,Active
SUB00051,CUST00051,PLAN002,2024-11-17,2025-11-12,Monthly,Cancelled
SUB00052,CUST00052,PLAN001,2024-02-28,2025-08-21,Monthly,Expired
SUB00053,CUST00053,PLAN002,2025-09-01,,Monthly,Active
SUB00054,CUST00054,PLAN002,2025-08-06,,Monthly,Active
SUB00055,CUST00055,PLAN001,2025-03-05,,Monthly,Active
SUB00056,CUST00056,PLAN001,2024-07-28,2025-07-23,Annual,Expired
SUB00057,CUST00057,PLAN001,2024-05-14,,Monthly,Active
SUB00058,CUST00058,PLAN002,2024-01-10,2025-12-30,Annual,Expired
SUB00059,CUST00059,PLAN002,2025-07-04,,Monthly,Active
SUB00060,CUST00060,PLAN001,2024-03-11,2025-03-06,Monthly,Expired
SUB00061,CUST00061,PLAN001,2025-07-10,,Annual,Active
SUB00062,CUST00062,PLAN003,2025-11-14,,Annual,Active
SUB00063,CUST00063,PLAN003,2024-05-17,2024-11-13,Monthly,Cancelled
SUB00064,CUST00064,PLAN003,2024-10-05,,Monthly,Active
SUB00065,CUST00065,PLAN002,2025-12-04,,Monthly,Active
SUB00066,CUST00066,PLAN001,2024-02-22,2024-08-20,Annual,Expired
SUB00067,CUST00067,PLAN001,2024-01-04,2025-06-27,Monthly,Cancelled
SUB00068,CUST00068,PLAN001,2024-06-14,,Monthly,Active
SUB00069,CUST00069,PLAN001,2024-04-24,2025-10-16,Monthly,Cancelled
SUB00070,CUST00070,PLAN003,2025-01-13,,Monthly,Active
SUB00071,CUST00071,PLAN001,2024-11-11,2025-11-06,Monthly,Cancelled
SUB00072,CUST00072,PLAN003,2025-01-01,2025-12-27,Monthly,Expired
SUB00073,CUST00073,PLAN001,2025-07-27,,Monthly,Active
SUB00074,CUST00074,PLAN003,2024-08-30,2025-02-26,Monthly,Cancelled
SUB00075,CUST00075,PLAN003,2024-01-26,,Annual,Active
SUB00076,CUST00076,PLAN002,2025-11-16,,Monthly,Active
SUB00077,CUST00077,PLAN002,2025-12-19,,Monthly,Active
SUB00078,CUST00078,PLAN002,2024-08-15,,Monthly,Active
SUB00079,CUST00079,PLAN001,2024-08-16,,Monthly,Active
SUB00080,CUST00080,PLAN001,2024-03-12,2024-09-08,Monthly,Cancelled
SUB00081,CUST00081,PLAN001,2025-11-26,,Monthly,Active
SUB00082,CUST00082,PLAN001,2024-04-28,2025-04-23,Monthly,Cancelled
SUB00083,CUST00083,PLAN002,2024-02-09,2024-08-07,Annual,Cancelled
SUB00084,CUST00084,PLAN001,2025-03-22,,Monthly,Active
SUB00085,CUST00085,PLAN001,2024-09-17,,Monthly,Active
SUB00086,CUST00086,PLAN001,2025-01-07,2025-04-07,Monthly,Cancelled
SUB00087,CUST00087,PLAN003,2025-11-10,,Annual,Active
SUB00088,CUST00088,PLAN003,2025-11-13,,Monthly,Active
SUB00089,CUST00089,PLAN001,2024-07-15,,Monthly,Active
SUB00090,CUST00090,PLAN002,2025-09-22,,Annual,Active
SUB00091,CUST00091,PLAN001,2024-11-07,2025-05-06,Monthly,Expired
SUB00092,CUST00092,PLAN003,2025-04-21,,Monthly,Active
SUB00093,CUST00093,PLAN001,2024-06-22,,Annual,Active
SUB00094,CUST00094,PLAN003,2024-04-05,,Annual,Active
SUB00095,CUST00095,PLAN001,2024-08-18,2025-08-13,Monthly,Expired
SUB00096,CUST00096,PLAN002,2025-05-01,,Annual,Active
SUB00097,CUST00097,PLAN001,2025-10-06,,Annual,Active
SUB00098,CUST00098,PLAN003,2025-02-13,2025-08-12,Annual,Expired
SUB00099,CUST00099,PLAN002,2025-03-11,,Monthly,Active
SUB00100,CUST00100,PLAN002,2024-02-21,2024-08-19,Monthly,Cancelled
SUB00101,CUST00101,PLAN002,2025-04-20,,Annual,Active
SUB00102,CUST00102,PLAN002,2025-09-19,,Monthly,Active
SUB00103,CUST00103,PLAN001,2024-06-11,2024-12-08,Annual,Expired
SUB00104,CUST00104,PLAN001,2025-10-14,,Annual,Active
SUB00105,CUST00105,PLAN001,2024-10-08,,Monthly,Active
SUB00106,CUST00106,PLAN001,2024-12-09,2025-12-04,Monthly,Cancelled
SUB00107,CUST00107,PLAN001,2024-08-24,,Monthly,Active
SUB00108,CUST00108,PLAN001,2025-02-28,,Annual,Active
SUB00109,CUST00109,PLAN002,2024-07-30,,Monthly,Active
SUB00110,CUST00110,PLAN003,2025-08-12,,Monthly,Active
SUB00111,CUST00111,PLAN002,2025-02-03,,Monthly,Active
SUB00112,CUST00112,PLAN002,2025-05-14,,Monthly,Active
SUB00113,CUST00113,PLAN001,2024-12-10,2025-12-05,Monthly,Cancelled
SUB00114,CUST00114,PLAN001,2025-04-23,,Annual,Active
SUB00115,CUST00115,PLAN002,2025-08-29,,Monthly,Active
SUB00116,CUST00116,PLAN001,2024-05-18,2025-05-13,Monthly,Cancelled
SUB00117,CUST00117,PLAN001,2024-12-01,2025-11-26,Monthly,Cancelled
SUB00118,CUST00118,PLAN001,2024-10-11,,Monthly,Active
SUB00119,CUST00119,PLAN002,2025-04-26,2025-10-23,Monthly,Cancelled
SUB00120,CUST00120,PLAN001,2024-08-17,,Monthly,Active
SUB00121,CUST00121,PLAN003,2024-02-01,2024-07-30,Monthly,Cancelled
SUB00122,CUST00122,PLAN001,2024-09-01,2025-08-27,Monthly,Expired
SUB00123,CUST00123,PLAN001,2025-04-21,,Monthly,Active
SUB00124,CUST00124,PLAN001,2024-06-16,2025-06-11,Monthly,Cancelled
SUB00125,CUST00125,PLAN002,2025-08-12,,Monthly,Active
SUB00126,CUST00126,PLAN002,2024-03-18,2025-03-13,Monthly,Cancelled
SUB00127,CUST00127,PLAN003,2025-12-14,,Monthly,Active
SUB00128,CUST00128,PLAN001,2025-08-02,,Annual,Active
SUB00129,CUST00129,PLAN002,2024-03-11,,Monthly,Active
SUB00130,CUST00130,PLAN001,2025-05-16,,Annual,Active
SUB00131,CUST00131,PLAN002,2025-12-25,,Monthly,Active
SUB00132,CUST00132,PLAN002,2025-09-22,,Monthly,Active
SUB00133,CUST00133,PLAN002,2025-03-22,,Monthly,Active
SUB00134,CUST00134,PLAN001,2024-03-29,2025-09-20,Monthly,Cancelled
SUB00135,CUST00135,PLAN001,2025-08-06,2025-11-04,Monthly,Cancelled
SUB00136,CUST00136,PLAN001,2024-11-28,,Monthly,Active
SUB00137,CUST00137,PLAN001,2024-12-14,,Monthly,Active
SUB00138,CUST00138,PLAN002,2025-07-23,,Monthly,Active
SUB00139,CUST00139,PLAN001,2025-05-15,2025-11-11,Monthly,Cancelled
SUB00140,CUST00140,PLAN003,2025-04-03,,Monthly,Active
SUB00141,CUST00141,PLAN002,2025-12-09,,Annual,Active
SUB00142,CUST00142,PLAN001,2025-07-20,,Monthly,Active
SUB00143,CUST00143,PLAN003,2024-12-26,2025-12-21,Annual,Cancelled
SUB00144,CUST00144,PLAN001,2024-05-03,2024-10-30,Monthly,Cancelled
SUB00145,CUST00145,PLAN001,2024-07-15,2025-07-10,Monthly,Cancelled
SUB00146,CUST00146,PLAN001,2024-04-12,2025-04-07,Monthly,Cancelled
SUB00147,CUST00147,PLAN001,2024-11-05,2025-10-31,Monthly,Cancelled
SUB00148,CUST00148,PLAN001,2024-02-25,2024-08-23,Monthly,Cancelled
SUB00149,CUST00149,PLAN002,2024-04-15,2024-10-12,Monthly,Cancelled
SUB00150,CUST00150,PLAN002,2025-03-27,,Monthly,Active
SUB00151,CUST00151,PLAN002,2024-04-26,2024-10-23,Monthly,Cancelled
SUB00152,CUST00152,PLAN001,2024-06-04,2025-05-30,Annual,Cancelled
SUB00153,CUST00153,PLAN003,2024-09-11,,Monthly,Active
SUB00154,CUST00154,PLAN002,2025-06-19,2025-09-17,Monthly,Cancelled
SUB00155,CUST00155,PLAN001,2024-11-08,,Monthly,Active
SUB00156,CUST00156,PLAN001,2024-07-31,,Monthly,Active
SUB00157,CUST00157,PLAN001,2024-09-02,,Monthly,Active
SUB00158,CUST00158,PLAN001,2025-04-06,,Annual,Active
SUB00159,CUST00159,PLAN001,2024-10-22,2025-10-17,Monthly,Cancelled
SUB00160,CUST00160,PLAN003,2025-12-04,,Monthly,Active
SUB00161,CUST00161,PLAN001,2025-03-11,,Monthly,Active
SUB00162,CUST00162,PLAN001,2024-05-25,,Annual,Active
SUB00163,CUST00163,PLAN002,2025-03-25,,Monthly,Active
SUB00164,CUST00164,PLAN002,2024-10-05,2025-09-30,Monthly,Cancelled
SUB00165,CUST00165,PLAN001,2025-03-18,,Monthly,Active
SUB00166,CUST00166,PLAN002,2024-08-22,,Monthly,Active
SUB00167,CUST00167,PLAN003,2025-11-19,,Annual,Active
SUB00168,CUST00168,PLAN001,2025-04-26,,Monthly,Active
SUB00169,CUST00169,PLAN002,2025-08-22,,Annual,Active
SUB00170,CUST00170,PLAN001,2025-04-26,,Monthly,Active
SUB00171,CUST00171,PLAN001,2024-06-13,,Annual,Active
SUB00172,CUST00172,PLAN001,2025-07-17,,Annual,Active
SUB00173,CUST00173,PLAN001,2024-04-28,2025-04-23,Monthly,Cancelled
SUB00174,CUST00174,PLAN003,2025-11-04,,Monthly,Active
SUB00175,CUST00175,PLAN002,2025-06-14,,Monthly,Active
SUB00176,CUST00176,PLAN002,2024-02-22,2024-05-22,Monthly,Expired
SUB00177,CUST00177,PLAN001,2025-03-24,,Monthly,Active
SUB00178,CUST00178,PLAN002,2025-12-27,,Monthly,Active
SUB00179,CUST00179,PLAN001,2024-04-05,2024-10-02,Annual,Cancelled
SUB00180,CUST00180,PLAN003,2024-04-30,2025-10-22,Monthly,Cancelled
SUB00181,CUST00181,PLAN001,2025-06-05,,Monthly,Active
SUB00182,CUST00182,PLAN002,2024-09-06,2025-09-01,Monthly,Cancelled
SUB00183,CUST00183,PLAN001,2024-03-12,2024-09-08,Monthly,Cancelled
SUB00184,CUST00184,PLAN003,2025-06-03,2025-11-30,Monthly,Cancelled
SUB00185,CUST00185,PLAN002,2025-08-24,,Annual,Active
SUB00186,CUST00186,PLAN001,2025-04-02,2025-09-29,Monthly,Cancelled
SUB00187,CUST00187,PLAN001,2025-04-11,,Monthly,Active
SUB00188,CUST00188,PLAN001,2025-08-08,,Annual,Active
SUB00189,CUST00189,PLAN002,2024-11-21,,Monthly,Active
SUB00190,CUST00190,PLAN003,2025-01-30,,Annual,Active
SUB00191,CUST00191,PLAN002,2025-05-22,2025-11-18,Monthly,Cancelled
SUB00192,CUST00192,PLAN002,2024-04-12,,Monthly,Active
SUB00193,CUST00193,PLAN001,2024-01-16,2025-07-09,Monthly,Cancelled
SUB00194,CUST00194,PLAN002,2024-03-17,2025-03-12,Monthly,Expired
SUB00195,CUST00195,PLAN001,2025-10-27,,Annual,Active
SUB00196,CUST00196,PLAN003,2024-11-20,2025-11-15,Monthly,Cancelled
SUB00197,CUST00197,PLAN001,2025-09-24,,Annual,Active
SUB00198,CUST00198,PLAN002,2024-08-20,,Monthly,Active
SUB00199,CUST00199,PLAN003,2025-03-30,2025-09-26,Annual,Cancelled
SUB00200,CUST00200,PLAN003,2024-11-28,2025-05-27,Monthly,Cancelled
SUB00201,CUST00201,PLAN001,2024-05-29,2025-11-20,Monthly,Cancelled
SUB00202,CUST00202,PLAN001,2024-06-23,2025-12-15,Monthly,Cancelled
SUB00203,CUST00203,PLAN003,2025-05-24,,Annual,Active
SUB00204,CUST00204,PLAN001,2025-04-15,,Monthly,Active
SUB00205,CUST00205,PLAN003,2024-10-21,,Monthly,Active
SUB00206,CUST00206,PLAN002,2025-08-24,2025-11-22,Annual,Cancelled
SUB00207,CUST00207,PLAN002,2024-11-05,,Monthly,Active
SUB00208,CUST00208,PLAN002,2024-08-30,,Monthly,Active
SUB00209,CUST00209,PLAN002,2024-01-23,2025-01-17,Annual,Cancelled
SUB00210,CUST00210,PLAN001,2025-08-02,,Monthly,Active
SUB00211,CUST00211,PLAN002,2025-09-12,,Monthly,Active
SUB00212,CUST00212,PLAN003,2024-08-23,,Annual,Active
SUB00213,CUST00213,PLAN002,2025-09-27,,Annual,Active
SUB00214,CUST00214,PLAN002,2025-10-05,,Monthly,Active
SUB00215,CUST00215,PLAN002,2025-03-27,,Monthly,Active
SUB00216,CUST00216,PLAN001,2024-10-29,,Monthly,Active
SUB00217,CUST00217,PLAN001,2025-07-06,,Monthly,Active
SUB00218,CUST00218,PLAN001,2024-06-17,,Monthly,Active
SUB00219,CUST00219,PLAN002,2024-12-12,2025-12-07,Monthly,Expired
SUB00220,CUST00220,PLAN003,2024-08-19,2025-08-14,Monthly,Cancelled
SUB00221,CUST00221,PLAN002,2025-07-24,,Annual,Active
SUB00222,CUST00222,PLAN001,2025-07-03,,Annual,Active
SUB00223,CUST00223,PLAN002,2025-08-21,,Monthly,Active
SUB00224,CUST00224,PLAN003,2025-11-22,,Annual,Active
SUB00225,CUST00225,PLAN002,2025-09-16,,Monthly,Active
SUB00226,CUST00226,PLAN003,2025-12-18,,Monthly,Active
SUB00227,CUST00227,PLAN001,2024-02-08,2025-08-01,Annual,Cancelled
SUB00228,CUST00228,PLAN001,2025-07-04,,Monthly,Active
SUB00229,CUST00229,PLAN001,2025-08-24,,Annual,Active
SUB00230,CUST00230,PLAN003,2025-05-16,,Monthly,Active
SUB00231,CUST00231,PLAN001,2024-08-10,2025-08-05,Monthly,Cancelled
SUB00232,CUST00232,PLAN003,2025-12-03,,Annual,Active
SUB00233,CUST00233,PLAN001,2024-10-09,,Monthly,Active
SUB00234,CUST00234,PLAN003,2024-04-03,,Annual,Active
SUB00235,CUST00235,PLAN002,2024-02-21,2025-02-15,Annual,Expired
SUB00236,CUST00236,PLAN003,2024-03-11,2025-03-06,Annual,Cancelled
SUB00237,CUST00237,PLAN001,2024-08-26,2025-08-21,Annual,Cancelled
SUB00238,CUST00238,PLAN002,2024-10-10,,Monthly,Active
SUB00239,CUST00239,PLAN003,2024-06-27,2025-06-22,Monthly,Cancelled
SUB00240,CUST00240,PLAN002,2025-01-01,2025-12-27,Monthly,Expired
SUB00241,CUST00241,PLAN001,2024-06-27,2025-12-19,Monthly,Expired
SUB00242,CUST00242,PLAN002,2024-03-06,,Monthly,Active
SUB00243,CUST00243,PLAN003,2025-04-07,2025-07-06,Monthly,Cancelled
SUB00244,CUST00244,PLAN001,2025-04-14,,Annual,Active
SUB00245,CUST00245,PLAN001,2025-02-15,,Monthly,Active
SUB00246,CUST00246,PLAN002,2024-03-16,2025-09-07,Monthly,Cancelled
SUB00247,CUST00247,PLAN002,2024-05-09,2025-05-04,Annual,Cancelled
SUB00248,CUST00248,PLAN002,2025-01-25,,Annual,Active
SUB00249,CUST00249,PLAN002,2024-04-11,2025-04-06,Monthly,Cancelled
SUB00250,CUST00250,PLAN003,2025-03-16,2025-06-14,Annual,Cancelled
SUB00251,CUST00251,PLAN001,2025-02-12,,Annual,Active
SUB00252,CUST00252,PLAN002,2025-11-12,,Monthly,Active
SUB00253,CUST00253,PLAN002,2024-03-09,2025-03-04,Annual,Cancelled
SUB00254,CUST00254,PLAN002,2025-01-16,,Monthly,Active
SUB00255,CUST00255,PLAN001,2025-11-17,,Monthly,Active
SUB00256,CUST00256,PLAN003,2024-02-22,2025-08-15,Monthly,Cancelled
SUB00257,CUST00257,PLAN001,2025-08-14,,Annual,Active
SUB00258,CUST00258,PLAN001,2024-04-20,2024-10-17,Annual,Cancelled
SUB00259,CUST00259,PLAN001,2025-08-10,2025-11-08,Monthly,Expired
SUB00260,CUST00260,PLAN003,2025-09-15,,Monthly,Active
SUB00261,CUST00261,PLAN002,2024-07-03,2025-12-25,Monthly,Cancelled
SUB00262,CUST00262,PLAN001,2024-12-25,,Monthly,Active
SUB00263,CUST00263,PLAN001,2024-03-12,2025-03-07,Monthly,Cancelled
SUB00264,CUST00264,PLAN003,2025-06-27,,Monthly,Active
SUB00265,CUST00265,PLAN001,2025-01-13,,Annual,Active
SUB00266,CUST00266,PLAN002,2024-02-23,2025-08-16,Monthly,Cancelled
SUB00267,CUST00267,PLAN001,2024-10-05,2025-09-30,Monthly,Expired
SUB00268,CUST00268,PLAN001,2025-02-28,,Annual,Active
SUB00269,CUST00269,PLAN001,2025-03-16,,Monthly,Active
SUB00270,CUST00270,PLAN002,2025-06-23,,Monthly,Active
SUB00271,CUST00271,PLAN002,2024-01-08,2025-12-28,Monthly,Cancelled
SUB00272,CUST00272,PLAN002,2024-10-23,,Monthly,Active
SUB00273,CUST00273,PLAN002,2024-06-28,2025-06-23,Monthly,Cancelled
SUB00274,CUST00274,PLAN001,2024-03-14,2025-09-05,Monthly,Expired
SUB00275,CUST00275,PLAN001,2025-04-15,,Annual,Active
SUB00276,CUST00276,PLAN001,2025-08-10,,Annual,Active
SUB00277,CUST00277,PLAN002,2025-02-18,,Monthly,Active
SUB00278,CUST00278,PLAN001,2025-12-07,,Annual,Active
SUB00279,CUST00279,PLAN002,2024-09-06,,Annual,Active
SUB00280,CUST00280,PLAN003,2024-11-13,,Annual,Active
SUB00281,CUST00281,PLAN001,2024-03-19,2024-06-17,Annual,Cancelled
SUB00282,CUST00282,PLAN001,2024-12-23,,Monthly,Active
SUB00283,CUST00283,PLAN002,2024-08-29,,Annual,Active
SUB00284,CUST00284,PLAN001,2025-11-02,,Monthly,Active
SUB00285,CUST00285,PLAN003,2025-07-31,,Monthly,Active
SUB00286,CUST00286,PLAN001,2025-10-04,,Monthly,Active
SUB00287,CUST00287,PLAN002,2025-10-08,,Monthly,Active
SUB00288,CUST00288,PLAN001,2025-06-03,,Annual,Active
SUB00289,CUST00289,PLAN001,2025-01-12,,Monthly,Active
SUB00290,CUST00290,PLAN001,2025-09-21,,Monthly,Active
SUB00291,CUST00291,PLAN002,2025-04-05,,Annual,Active
SUB00292,CUST00292,PLAN002,2025-09-11,,Monthly,Active
SUB00293,CUST00293,PLAN002,2024-04-15,2025-04-10,Monthly,Expired
SUB00294,CUST00294,PLAN001,2025-05-31,,Monthly,Active
SUB00295,CUST00295,PLAN002,2025-03-25,2025-09-21,Annual,Cancelled
SUB00296,CUST00296,PLAN001,2024-10-16,2025-10-11,Annual,Cancelled
SUB00297,CUST00297,PLAN001,2025-10-08,,Monthly,Active
SUB00298,CUST00298,PLAN001,2024-10-17,,Monthly,Active
SUB00299,CUST00299,PLAN002,2024-12-07,,Monthly,Active
SUB00300,CUST00300,PLAN001,2024-11-13,,Monthly,Active
SUB00301,CUST00301,PLAN001,2025-09-01,,Annual,Active
SUB00302,CUST00302,PLAN001,2025-10-20,,Annual,Active
SUB00303,CUST00303,PLAN001,2025-10-23,,Annual,Active
SUB00304,CUST00304,PLAN002,2024-11-12,2025-05-11,Monthly,Cancelled
SUB00305,CUST00305,PLAN001,2024-07-15,2024-10-13,Monthly,Cancelled
SUB00306,CUST00306,PLAN002,2024-04-13,2025-04-08,Monthly,Cancelled
SUB00307,CUST00307,PLAN001,2025-11-08,,Monthly,Active
SUB00308,CUST00308,PLAN002,2024-06-06,2025-11-28,Monthly,Cancelled
SUB00309,CUST00309,PLAN001,2025-03-24,,Monthly,Active
SUB00310,CUST00310,PLAN001,2025-03-30,,Annual,Active
SUB00311,CUST00311,PLAN002,2024-08-27,,Monthly,Active
SUB00312,CUST00312,PLAN002,2024-07-17,2025-07-12,Monthly,Cancelled
SUB00313,CUST00313,PLAN003,2024-10-15,2025-01-13,Annual,Cancelled
SUB00314,CUST00314,PLAN001,2024-07-23,2025-07-18,Monthly,Cancelled
SUB00315,CUST00315,PLAN003,2025-10-18,,Monthly,Active
SUB00316,CUST00316,PLAN002,2025-12-29,,Monthly,Active
SUB00317,CUST00317,PLAN001,2024-06-13,,Monthly,Active
SUB00318,CUST00318,PLAN002,2024-04-03,2025-09-25,Annual,Cancelled
SUB00319,CUST00319,PLAN002,2024-01-28,2025-01-22,Monthly,Cancelled
SUB00320,CUST00320,PLAN001,2025-01-30,,Monthly,Active
SUB00321,CUST00321,PLAN002,2024-04-11,2024-10-08,Monthly,Expired
SUB00322,CUST00322,PLAN001,2024-05-20,2024-11-16,Annual,Cancelled
SUB00323,CUST00323,PLAN002,2025-12-23,,Annual,Active
SUB00324,CUST00324,PLAN001,2024-01-20,2025-01-14,Monthly,Cancelled
SUB00325,CUST00325,PLAN001,2024-04-23,2025-10-15,Monthly,Expired
SUB00326,CUST00326,PLAN002,2024-09-01,,Annual,Active
SUB00327,CUST00327,PLAN002,2024-04-23,2024-10-20,Monthly,Cancelled
SUB00328,CUST00328,PLAN001,2025-10-09,,Monthly,Active
SUB00329,CUST00329,PLAN002,2025-03-15,,Annual,Active
SUB00330,CUST00330,PLAN002,2024-07-10,,Annual,Active
SUB00331,CUST00331,PLAN002,2024-03-10,2025-09-01,Monthly,Cancelled
SUB00332,CUST00332,PLAN002,2025-02-03,,Annual,Active
SUB00333,CUST00333,PLAN001,2024-09-16,2025-09-11,Monthly,Cancelled
SUB00334,CUST00334,PLAN001,2024-09-03,,Annual,Active
SUB00335,CUST00335,PLAN001,2024-05-16,2025-11-07,Monthly,Cancelled
SUB00336,CUST00336,PLAN002,2025-12-02,,Monthly,Active
SUB00337,CUST00337,PLAN001,2024-05-18,2025-11-09,Monthly,Expired
SUB00338,CUST00338,PLAN003,2024-10-27,2025-01-25,Monthly,Cancelled
SUB00339,CUST00339,PLAN001,2024-11-19,2025-11-14,Monthly,Cancelled
SUB00340,CUST00340,PLAN001,2024-09-16,2025-09-11,Monthly,Expired
SUB00341,CUST00341,PLAN001,2024-02-18,2025-02-12,Monthly,Cancelled
SUB00342,CUST00342,PLAN001,2025-03-23,2025-06-21,Monthly,Cancelled
SUB00343,CUST00343,PLAN001,2024-12-13,2025-12-08,Monthly,Cancelled
SUB00344,CUST00344,PLAN001,2025-06-15,,Monthly,Active
SUB00345,CUST00345,PLAN001,2025-03-16,2025-09-12,Monthly,Cancelled
SUB00346,CUST00346,PLAN002,2024-11-24,,Monthly,Active
SUB00347,CUST00347,PLAN002,2025-04-01,,Monthly,Active
SUB00348,CUST00348,PLAN001,2024-12-25,,Monthly,Active
SUB00349,CUST00349,PLAN003,2025-09-21,,Monthly,Active
SUB00350,CUST00350,PLAN002,2024-03-17,2024-09-13,Monthly,Cancelled
SUB00351,CUST00351,PLAN001,2024-02-01,2025-07-25,Annual,Expired
SUB00352,CUST00352,PLAN003,2024-02-05,,Monthly,Active
SUB00353,CUST00353,PLAN001,2025-01-05,,Monthly,Active
SUB00354,CUST00354,PLAN001,2025-11-26,,Monthly,Active
SUB00355,CUST00355,PLAN001,2025-08-10,,Monthly,Active
SUB00356,CUST00356,PLAN001,2024-09-12,,Monthly,Active
SUB00357,CUST00357,PLAN002,2025-06-14,,Monthly,Active
SUB00358,CUST00358,PLAN002,2025-12-21,,Monthly,Active
SUB00359,CUST00359,PLAN001,2024-07-23,,Monthly,Active
SUB00360,CUST00360,PLAN002,2025-12-31,,Monthly,Active
SUB00361,CUST00361,PLAN002,2025-11-14,,Annual,Active
SUB00362,CUST00362,PLAN001,2024-11-03,,Annual,Active
SUB00363,CUST00363,PLAN002,2025-01-05,,Monthly,Active
SUB00364,CUST00364,PLAN003,2024-08-30,2024-11-28,Monthly,Cancelled
SUB00365,CUST00365,PLAN001,2025-04-23,2025-07-22,Monthly,Cancelled
SUB00366,CUST00366,PLAN001,2024-03-08,2024-06-06,Monthly,Expired
SUB00367,CUST00367,PLAN001,2025-02-23,,Annual,Active
SUB00368,CUST00368,PLAN001,2025-10-19,,Monthly,Active
SUB00369,CUST00369,PLAN002,2024-05-11,,Annual,Active
SUB00370,CUST00370,PLAN002,2024-05-12,2025-11-03,Annual,Cancelled
SUB00371,CUST00371,PLAN001,2025-06-14,2025-09-12,Monthly,Cancelled
SUB00372,CUST00372,PLAN002,2024-12-20,,Monthly,Active
SUB00373,CUST00373,PLAN003,2024-09-13,2025-09-08,Monthly,Cancelled
SUB00374,CUST00374,PLAN001,2025-09-21,,Monthly,Active
SUB00375,CUST00375,PLAN002,2024-06-24,2025-06-19,Monthly,Cancelled
SUB00376,CUST00376,PLAN003,2025-07-31,,Annual,Active
SUB00377,CUST00377,PLAN001,2025-10-18,,Monthly,Active
SUB00378,CUST00378,PLAN002,2025-09-24,,Monthly,Active
SUB00379,CUST00379,PLAN003,2025-10-19,,Annual,Active
SUB00380,CUST00380,PLAN001,2024-10-31,2025-10-26,Monthly,Expired
SUB00381,CUST00381,PLAN002,2025-03-01,,Monthly,Active
SUB00382,CUST00382,PLAN002,2024-11-16,2025-11-11,Monthly,Expired
SUB00383,CUST00383,PLAN002,2025-02-12,,Monthly,Active
SUB00384,CUST00384,PLAN002,2024-11-22,2025-11-17,Monthly,Cancelled
SUB00385,CUST00385,PLAN001,2024-05-24,2025-05-19,Monthly,Cancelled
SUB00386,CUST00386,PLAN002,2024-09-11,2025-09-06,Annual,Cancelled
SUB00387,CUST00387,PLAN001,2024-07-13,,Monthly,Active
SUB00388,CUST00388,PLAN002,2025-05-25,,Annual,Active
SUB00389,CUST00389,PLAN002,2025-06-01,,Monthly,Active
SUB00390,CUST00390,PLAN002,2024-02-19,2025-02-13,Monthly,Cancelled
SUB00391,CUST00391,PLAN002,2024-10-19,,Annual,Active
SUB00392,CUST00392,PLAN001,2024-09-27,2025-09-22,Monthly,Cancelled
SUB00393,CUST00393,PLAN001,2025-02-14,,Monthly,Active
SUB00394,CUST00394,PLAN002,2024-03-16,2025-09-07,Monthly,Cancelled
SUB00395,CUST00395,PLAN002,2025-09-30,,Monthly,Active
SUB00396,CUST00396,PLAN001,2025-02-07,,Annual,Active
SUB00397,CUST00397,PLAN002,2024-05-27,2025-05-22,Monthly,Cancelled
SUB00398,CUST00398,PLAN002,2024-02-16,,Annual,Active
SUB00399,CUST00399,PLAN001,2025-06-15,,Monthly,Active
SUB00400,CUST00400,PLAN003,2024-12-01,2025-05-30,Monthly,Expired
SUB00401,CUST00401,PLAN002,2025-08-30,,Monthly,Active
SUB00402,CUST00402,PLAN001,2025-12-26,,Annual,Active
SUB00403,CUST00403,PLAN002,2024-12-05,2025-06-03,Annual,Cancelled
SUB00404,CUST00404,PLAN002,2025-09-03,2025-12-02,Monthly,Cancelled
SUB00405,CUST00405,PLAN001,2024-02-22,2025-02-16,Annual,Cancelled
SUB00406,CUST00406,PLAN002,2024-05-31,2025-11-22,Annual,Expired
SUB00407,CUST00407,PLAN001,2024-07-14,,Monthly,Active
SUB00408,CUST00408,PLAN002,2025-12-08,,Monthly,Active
SUB00409,CUST00409,PLAN002,2024-03-04,2024-06-02,Monthly,Cancelled
SUB00410,CUST00410,PLAN002,2025-11-09,,Monthly,Active
SUB00411,CUST00411,PLAN001,2025-04-15,,Monthly,Active
SUB00412,CUST00412,PLAN001,2025-09-16,,Monthly,Active
SUB00413,CUST00413,PLAN002,2024-08-18,2025-02-14,Monthly,Expired
SUB00414,CUST00414,PLAN002,2025-12-07,,Monthly,Active
SUB00415,CUST00415,PLAN001,2024-10-21,2025-10-16,Monthly,Cancelled
SUB00416,CUST00416,PLAN001,2024-12-19,,Monthly,Active
SUB00417,CUST00417,PLAN001,2024-10-21,2025-01-19,Annual,Cancelled
SUB00418,CUST00418,PLAN001,2025-11-02,,Annual,Active
SUB00419,CUST00419,PLAN001,2025-07-29,,Monthly,Active
SUB00420,CUST00420,PLAN003,2024-09-05,2024-12-04,Monthly,Expired
SUB00421,CUST00421,PLAN001,2024-02-23,2025-08-16,Monthly,Expired
SUB00422,CUST00422,PLAN002,2025-11-28,,Monthly,Active
SUB00423,CUST00423,PLAN003,2025-02-20,2025-08-19,Annual,Expired
SUB00424,CUST00424,PLAN001,2024-10-21,,Monthly,Active
SUB00425,CUST00425,PLAN002,2025-10-29,,Monthly,Active
SUB00426,CUST00426,PLAN002,2024-06-28,2024-09-26,Monthly,Cancelled
SUB00427,CUST00427,PLAN001,2025-02-10,,Annual,Active
SUB00428,CUST00428,PLAN003,2024-02-08,2025-02-02,Monthly,Expired
SUB00429,CUST00429,PLAN001,2024-10-18,,Monthly,Active
SUB00430,CUST00430,PLAN002,2024-05-17,2024-11-13,Monthly,Cancelled
SUB00431,CUST00431,PLAN002,2024-12-04,,Monthly,Active
SUB00432,CUST00432,PLAN002,2024-01-15,2025-01-09,Annual,Cancelled
SUB00433,CUST00433,PLAN002,2024-06-28,,Monthly,Active
SUB00434,CUST00434,PLAN003,2025-06-11,,Monthly,Active
SUB00435,CUST00435,PLAN002,2024-05-23,2025-05-18,Monthly,Cancelled
SUB00436,CUST00436,PLAN002,2024-08-29,,Monthly,Active
SUB00437,CUST00437,PLAN003,2025-08-19,,Monthly,Active
SUB00438,CUST00438,PLAN001,2025-12-10,,Annual,Active
SUB00439,CUST00439,PLAN003,2024-06-12,,Monthly,Active
SUB00440,CUST00440,PLAN003,2025-12-07,,Monthly,Active
SUB00441,CUST00441,PLAN001,2024-08-12,,Annual,Active
SUB00442,CUST00442,PLAN002,2025-03-01,,Monthly,Active
SUB00443,CUST00443,PLAN002,2024-09-10,2024-12-09,Monthly,Expired
SUB00444,CUST00444,PLAN003,2025-06-22,,Monthly,Active
SUB00445,CUST00445,PLAN001,2024-03-04,,Monthly,Active
SUB00446,CUST00446,PLAN001,2024-06-17,2025-12-09,Annual,Cancelled
SUB00447,CUST00447,PLAN001,2025-08-20,,Monthly,Active
SUB00448,CUST00448,PLAN001,2025-04-09,,Monthly,Active
SUB00449,CUST00449,PLAN001,2025-07-26,,Monthly,Active
SUB00450,CUST00450,PLAN001,2025-02-09,,Monthly,Active
SUB00451,CUST00451,PLAN002,2024-02-16,2025-02-10,Annual,Cancelled
SUB00452,CUST00452,PLAN002,2024-03-11,,Monthly,Active
SUB00453,CUST00453,PLAN001,2024-07-03,2025-12-25,Monthly,Expired
SUB00454,CUST00454,PLAN002,2025-01-18,2025-04-18,Monthly,Cancelled
SUB00455,CUST00455,PLAN002,2025-01-19,,Annual,Active
SUB00456,CUST00456,PLAN003,2025-10-31,,Monthly,Active
SUB00457,CUST00457,PLAN001,2025-06-25,2025-12-22,Monthly,Cancelled
SUB00458,CUST00458,PLAN002,2024-11-01,,Monthly,Active
SUB00459,CUST00459,PLAN001,2024-08-23,,Annual,Active
SUB00460,CUST00460,PLAN001,2024-04-25,2025-04-20,Monthly,Expired
SUB00461,CUST00461,PLAN002,2024-09-03,,Monthly,Active
SUB00462,CUST00462,PLAN002,2025-09-04,,Monthly,Active
SUB00463,CUST00463,PLAN001,2025-02-15,,Monthly,Active
SUB00464,CUST00464,PLAN001,2024-05-23,2025-11-14,Annual,Cancelled
SUB00465,CUST00465,PLAN001,2025-08-14,,Annual,Active
SUB00466,CUST00466,PLAN003,2024-11-05,2025-05-04,Monthly,Cancelled
SUB00467,CUST00467,PLAN001,2024-11-03,,Monthly,Active
SUB00468,CUST00468,PLAN002,2025-10-03,,Annual,Active
SUB00469,CUST00469,PLAN002,2025-10-20,,Monthly,Active
SUB00470,CUST00470,PLAN001,2025-02-22,,Monthly,Active
SUB00471,CUST00471,PLAN001,2024-09-03,2025-03-02,Monthly,Expired
SUB00472,CUST00472,PLAN002,2025-04-19,,Monthly,Active
SUB00473,CUST00473,PLAN001,2025-07-24,,Annual,Active
SUB00474,CUST00474,PLAN002,2024-12-04,2025-03-04,Monthly,Cancelled
SUB00475,CUST00475,PLAN002,2025-07-02,,Monthly,Active
SUB00476,CUST00476,PLAN001,2025-11-20,,Monthly,Active
SUB00477,CUST00477,PLAN003,2025-08-24,,Monthly,Active
SUB00478,CUST00478,PLAN001,2024-12-06,,Annual,Active
SUB00479,CUST00479,PLAN001,2024-04-30,2024-07-29,Monthly,Cancelled
SUB00480,CUST00480,PLAN001,2025-12-13,,Monthly,Active
SUB00481,CUST00481,PLAN001,2025-07-19,,Monthly,Active
SUB00482,CUST00482,PLAN002,2024-11-11,2025-05-10,Annual,Cancelled
SUB00483,CUST00483,PLAN003,2024-04-10,2025-04-05,Monthly,Cancelled
SUB00484,CUST00484,PLAN001,2024-07-27,2025-07-22,Monthly,Cancelled
SUB00485,CUST00485,PLAN001,2024-05-29,,Monthly,Active
SUB00486,CUST00486,PLAN002,2024-10-29,,Monthly,Active
SUB00487,CUST00487,PLAN001,2025-05-26,,Annual,Active
SUB00488,CUST00488,PLAN001,2025-10-19,,Monthly,Active
SUB00489,CUST00489,PLAN001,2024-06-22,2025-06-17,Annual,Expired
SUB00490,CUST00490,PLAN001,2025-06-20,2025-09-18,Monthly,Cancelled
SUB00491,CUST00491,PLAN002,2024-01-07,2025-01-01,Monthly,Cancelled
SUB00492,CUST00492,PLAN002,2025-12-25,,Monthly,Active
SUB00493,CUST00493,PLAN002,2024-03-02,2025-02-25,Annual,Cancelled
SUB00494,CUST00494,PLAN003,2025-11-06,,Monthly,Active
SUB00495,CUST00495,PLAN001,2024-01-13,2025-07-06,Monthly,Cancelled
SUB00496,CUST00496,PLAN003,2024-01-18,2024-07-16,Monthly,Expired
SUB00497,CUST00497,PLAN002,2024-04-19,2025-04-14,Annual,Expired
SUB00498,CUST00498,PLAN002,2025-09-26,,Monthly,Active
SUB00499,CUST00499,PLAN001,2024-03-21,2024-09-17,Monthly,Cancelled
SUB00500,CUST00500,PLAN001,2025-12-14,,Monthly,Active
SUB00501,CUST00501,PLAN002,2025-10-31,,Monthly,Active
SUB00502,CUST00502,PLAN001,2025-02-19,,Annual,Active
SUB00503,CUST00503,PLAN001,2025-12-20,,Monthly,Active
SUB00504,CUST00504,PLAN002,2025-08-02,,Monthly,Active
SUB00505,CUST00505,PLAN003,2024-08-23,,Monthly,Active
SUB00506,CUST00506,PLAN003,2024-10-04,,Monthly,Active
SUB00507,CUST00507,PLAN002,2025-07-10,2025-10-08,Monthly,Cancelled
SUB00508,CUST00508,PLAN002,2024-01-17,2025-07-10,Annual,Cancelled
SUB00509,CUST00509,PLAN002,2024-03-19,2024-09-15,Monthly,Cancelled
SUB00510,CUST00510,PLAN001,2025-11-24,,Annual,Active
SUB00511,CUST00511,PLAN002,2025-12-06,,Monthly,Active
SUB00512,CUST00512,PLAN001,2024-02-24,2025-02-18,Monthly,Cancelled
SUB00513,CUST00513,PLAN002,2025-09-11,,Monthly,Active
SUB00514,CUST00514,PLAN002,2024-01-31,2025-07-24,Annual,Cancelled
SUB00515,CUST00515,PLAN002,2024-08-21,2025-08-16,Monthly,Cancelled
SUB00516,CUST00516,PLAN001,2024-03-28,2024-09-24,Monthly,Expired
SUB00517,CUST00517,PLAN002,2024-03-25,2025-09-16,Monthly,Cancelled
SUB00518,CUST00518,PLAN002,2025-02-02,,Monthly,Active
SUB00519,CUST00519,PLAN001,2025-03-31,,Monthly,Active
SUB00520,CUST00520,PLAN001,2024-07-10,2025-07-05,Annual,Cancelled
SUB00521,CUST00521,PLAN001,2024-04-15,2025-04-10,Monthly,Cancelled
SUB00522,CUST00522,PLAN003,2025-01-29,,Annual,Active
SUB00523,CUST00523,PLAN001,2025-07-26,,Monthly,Active
SUB00524,CUST00524,PLAN003,2025-12-02,,Annual,Active
SUB00525,CUST00525,PLAN002,2025-05-19,,Monthly,Active
SUB00526,CUST00526,PLAN002,2024-11-02,2025-10-28,Monthly,Cancelled
SUB00527,CUST00527,PLAN001,2025-10-02,,Monthly,Active
SUB00528,CUST00528,PLAN002,2024-05-18,2024-11-14,Monthly,Cancelled
SUB00529,CUST00529,PLAN001,2024-12-03,,Monthly,Active
SUB00530,CUST00530,PLAN002,2024-11-03,2025-02-01,Monthly,Cancelled
SUB00531,CUST00531,PLAN002,2024-06-30,2025-12-22,Monthly,Cancelled
SUB00532,CUST00532,PLAN001,2025-08-12,,Annual,Active
SUB00533,CUST00533,PLAN002,2025-01-08,,Annual,Active
SUB00534,CUST00534,PLAN001,2025-11-29,,Annual,Active
SUB00535,CUST00535,PLAN003,2025-12-26,,Annual,Active
SUB00536,CUST00536,PLAN001,2025-02-22,,Monthly,Active
SUB00537,CUST00537,PLAN003,2024-09-15,2025-03-14,Annual,Expired
SUB00538,CUST00538,PLAN001,2024-03-16,,Annual,Active
SUB00539,CUST00539,PLAN001,2025-07-01,,Monthly,Active
SUB00540,CUST00540,PLAN003,2025-01-03,,Annual,Active
SUB00541,CUST00541,PLAN001,2024-04-21,2024-10-18,Monthly,Expired
SUB00542,CUST00542,PLAN002,2025-10-24,,Annual,Active
SUB00543,CUST00543,PLAN003,2024-12-05,,Annual,Active
SUB00544,CUST00544,PLAN001,2024-09-21,2025-03-20,Monthly,Cancelled
SUB00545,CUST00545,PLAN001,2025-04-01,2025-09-28,Monthly,Cancelled
SUB00546,CUST00546,PLAN002,2024-12-19,,Monthly,Active
SUB00547,CUST00547,PLAN001,2024-03-28,,Annual,Active
SUB00548,CUST00548,PLAN002,2024-12-17,2025-06-15,Monthly,Cancelled
SUB00549,CUST00549,PLAN001,2025-05-02,,Monthly,Active
SUB00550,CUST00550,PLAN001,2024-03-09,2025-03-04,Monthly,Expired
SUB00551,CUST00551,PLAN003,2024-12-17,,Monthly,Active
SUB00552,CUST00552,PLAN001,2025-06-12,,Monthly,Active
SUB00553,CUST00553,PLAN001,2025-04-18,,Monthly,Active
SUB00554,CUST00554,PLAN002,2025-10-17,,Monthly,Active
SUB00555,CUST00555,PLAN002,2025-04-05,2025-10-02,Monthly,Expired
SUB00556,CUST00556,PLAN001,2024-07-29,2025-01-25,Monthly,Cancelled
SUB00557,CUST00557,PLAN001,2025-08-14,,Monthly,Active
SUB00558,CUST00558,PLAN001,2024-11-29,2025-11-24,Monthly,Cancelled
SUB00559,CUST00559,PLAN002,2025-06-24,,Monthly,Active
SUB00560,CUST00560,PLAN002,2025-08-24,,Annual,Active
SUB00561,CUST00561,PLAN002,2025-11-20,,Monthly,Active
SUB00562,CUST00562,PLAN003,2025-11-19,,Monthly,Active
SUB00563,CUST00563,PLAN001,2024-07-06,2025-01-02,Monthly,Cancelled
SUB00564,CUST00564,PLAN001,2025-09-02,,Monthly,Active
SUB00565,CUST00565,PLAN001,2025-10-12,,Monthly,Active
SUB00566,CUST00566,PLAN003,2025-07-22,,Monthly,Active
SUB00567,CUST00567,PLAN001,2025-04-06,,Monthly,Active
SUB00568,CUST00568,PLAN002,2025-05-11,,Monthly,Active
SUB00569,CUST00569,PLAN002,2025-02-22,,Monthly,Active
SUB00570,CUST00570,PLAN001,2025-05-15,2025-08-13,Monthly,Expired
SUB00571,CUST00571,PLAN002,2024-10-26,,Monthly,Active
SUB00572,CUST00572,PLAN001,2025-04-13,,Monthly,Active
SUB00573,CUST00573,PLAN002,2025-08-09,,Annual,Active
SUB00574,CUST00574,PLAN001,2025-07-09,,Annual,Active
SUB00575,CUST00575,PLAN003,2025-07-13,,Annual,Active
SUB00576,CUST00576,PLAN002,2024-10-31,,Monthly,Active
SUB00577,CUST00577,PLAN002,2024-03-30,2024-09-26,Monthly,Cancelled
SUB00578,CUST00578,PLAN002,2024-08-02,2025-01-29,Monthly,Cancelled
SUB00579,CUST00579,PLAN001,2024-06-18,2025-12-10,Monthly,Cancelled
SUB00580,CUST00580,PLAN001,2024-03-01,2025-02-24,Annual,Cancelled
SUB00581,CUST00581,PLAN001,2024-11-27,,Annual,Active
SUB00582,CUST00582,PLAN001,2025-06-10,,Annual,Active
SUB00583,CUST00583,PLAN002,2025-02-25,2025-05-26,Annual,Cancelled
SUB00584,CUST00584,PLAN002,2025-12-19,,Monthly,Active
SUB00585,CUST00585,PLAN002,2024-09-10,,Monthly,Active
SUB00586,CUST00586,PLAN001,2025-08-14,,Monthly,Active
SUB00587,CUST00587,PLAN002,2024-03-18,2025-03-13,Monthly,Cancelled
SUB00588,CUST00588,PLAN002,2025-12-12,,Monthly,Active
SUB00589,CUST00589,PLAN001,2024-12-01,2025-11-26,Monthly,Cancelled
SUB00590,CUST00590,PLAN001,2025-04-14,2025-10-11,Monthly,Cancelled
SUB00591,CUST00591,PLAN001,2025-07-01,,Annual,Active
SUB00592,CUST00592,PLAN003,2024-10-01,2025-09-26,Monthly,Cancelled
SUB00593,CUST00593,PLAN003,2025-08-02,,Annual,Active
SUB00594,CUST00594,PLAN002,2024-02-17,2025-02-11,Monthly,Cancelled
SUB00595,CUST00595,PLAN002,2024-05-07,2025-05-02,Annual,Expired
SUB00596,CUST00596,PLAN001,2025-03-14,,Monthly,Active
SUB00597,CUST00597,PLAN003,2024-06-11,,Monthly,Active
SUB00598,CUST00598,PLAN001,2024-09-13,2025-09-08,Monthly,Cancelled
SUB00599,CUST00599,PLAN003,2024-02-23,,Annual,Active
SUB00600,CUST00600,PLAN001,2025-03-15,2025-09-11,Monthly,Cancelled
SUB00601,CUST00601,PLAN002,2025-05-03,,Monthly,Active
SUB00602,CUST00602,PLAN001,2024-01-10,2025-07-03,Annual,Cancelled
SUB00603,CUST00603,PLAN002,2025-12-11,,Annual,Active
SUB00604,CUST00604,PLAN002,2024-04-14,,Monthly,Active
SUB00605,CUST00605,PLAN003,2025-01-26,,Monthly,Active
SUB00606,CUST00606,PLAN003,2024-03-11,2025-09-02,Monthly,Cancelled
SUB00607,CUST00607,PLAN003,2025-03-26,,Monthly,Active
SUB00608,CUST00608,PLAN002,2025-02-25,,Monthly,Active
SUB00609,CUST00609,PLAN002,2024-04-12,2025-04-07,Monthly,Cancelled
SUB00610,CUST00610,PLAN003,2024-12-25,,Monthly,Active
SUB00611,CUST00611,PLAN003,2024-10-10,2025-10-05,Monthly,Cancelled
SUB00612,CUST00612,PLAN001,2025-12-08,,Monthly,Active
SUB00613,CUST00613,PLAN003,2024-07-29,2025-07-24,Monthly,Cancelled
SUB00614,CUST00614,PLAN001,2024-10-29,,Monthly,Active
SUB00615,CUST00615,PLAN003,2025-05-21,,Monthly,Active
SUB00616,CUST00616,PLAN001,2025-06-24,,Annual,Active
SUB00617,CUST00617,PLAN003,2024-05-15,2024-11-11,Monthly,Expired
SUB00618,CUST00618,PLAN001,2025-07-13,,Monthly,Active
SUB00619,CUST00619,PLAN002,2024-01-18,2025-07-11,Monthly,Cancelled
SUB00620,CUST00620,PLAN001,2024-03-02,,Annual,Active
SUB00621,CUST00621,PLAN002,2025-03-09,,Annual,Active
SUB00622,CUST00622,PLAN002,2024-10-11,,Monthly,Active
SUB00623,CUST00623,PLAN001,2024-06-08,2025-06-03,Monthly,Cancelled
SUB00624,CUST00624,PLAN002,2024-11-13,2025-11-08,Monthly,Cancelled
SUB00625,CUST00625,PLAN001,2024-02-29,2024-05-29,Monthly,Cancelled
SUB00626,CUST00626,PLAN001,2024-11-12,2025-02-10,Annual,Expired
SUB00627,CUST00627,PLAN002,2024-01-13,,Annual,Active
SUB00628,CUST00628,PLAN001,2024-12-21,2025-06-19,Monthly,Cancelled
SUB00629,CUST00629,PLAN002,2024-06-19,2025-06-14,Annual,Cancelled
SUB00630,CUST00630,PLAN002,2024-04-30,2025-10-22,Monthly,Expired
SUB00631,CUST00631,PLAN001,2024-10-05,,Monthly,Active
SUB00632,CUST00632,PLAN002,2025-05-23,,Annual,Active
SUB00633,CUST00633,PLAN001,2025-01-11,,Monthly,Active
SUB00634,CUST00634,PLAN001,2024-08-21,2025-02-17,Monthly,Cancelled
SUB00635,CUST00635,PLAN001,2024-09-07,,Annual,Active
SUB00636,CUST00636,PLAN002,2024-07-02,2025-06-27,Monthly,Cancelled
SUB00637,CUST00637,PLAN001,2024-08-17,,Annual,Active
SUB00638,CUST00638,PLAN003,2024-10-04,2025-01-02,Monthly,Expired
SUB00639,CUST00639,PLAN002,2024-07-02,2024-09-30,Monthly,Expired
SUB00640,CUST00640,PLAN002,2024-03-11,2025-09-02,Annual,Expired
SUB00641,CUST00641,PLAN002,2024-12-01,2025-03-01,Monthly,Cancelled
SUB00642,CUST00642,PLAN001,2024-10-25,2025-10-20,Annual,Expired
SUB00643,CUST00643,PLAN002,2025-04-20,2025-10-17,Annual,Expired
SUB00644,CUST00644,PLAN003,2025-07-13,,Monthly,Active
SUB00645,CUST00645,PLAN001,2024-01-25,,Monthly,Active
SUB00646,CUST00646,PLAN002,2024-12-09,,Annual,Active
SUB00647,CUST00647,PLAN001,2024-04-16,2024-07-15,Annual,Cancelled
SUB00648,CUST00648,PLAN003,2024-05-25,2025-05-20,Monthly,Expired
SUB00649,CUST00649,PLAN001,2025-06-16,,Monthly,Active
SUB00650,CUST00650,PLAN001,2025-08-17,,Monthly,Active
SUB00651,CUST00651,PLAN002,2024-03-17,2024-09-13,Monthly,Cancelled
SUB00652,CUST00652,PLAN001,2024-08-30,2025-08-25,Monthly,Cancelled
SUB00653,CUST00653,PLAN001,2025-12-18,,Monthly,Active
SUB00654,CUST00654,PLAN001,2024-08-27,2025-02-23,Monthly,Cancelled
SUB00655,CUST00655,PLAN001,2024-06-08,2024-09-06,Monthly,Cancelled
SUB00656,CUST00656,PLAN001,2024-05-03,2025-04-28,Monthly,Cancelled
SUB00657,CUST00657,PLAN001,2025-04-19,2025-10-16,Monthly,Expired
SUB00658,CUST00658,PLAN002,2025-12-22,,Annual,Active
SUB00659,CUST00659,PLAN001,2024-05-31,2024-11-27,Monthly,Cancelled
SUB00660,CUST00660,PLAN003,2025-06-09,,Monthly,Active
SUB00661,CUST00661,PLAN001,2024-02-01,2024-05-01,Monthly,Cancelled
SUB00662,CUST00662,PLAN001,2024-04-06,2025-09-28,Monthly,Cancelled
SUB00663,CUST00663,PLAN001,2024-01-13,,Monthly,Active
SUB00664,CUST00664,PLAN002,2024-07-21,,Monthly,Active
SUB00665,CUST00665,PLAN002,2025-08-19,,Monthly,Active
SUB00666,CUST00666,PLAN002,2024-07-21,2025-01-17,Annual,Cancelled
SUB00667,CUST00667,PLAN003,2024-12-05,2025-11-30,Monthly,Expired
SUB00668,CUST00668,PLAN002,2025-02-08,,Monthly,Active
SUB00669,CUST00669,PLAN002,2024-12-28,2025-12-23,Monthly,Cancelled
SUB00670,CUST00670,PLAN002,2024-06-01,2024-11-28,Monthly,Cancelled
SUB00671,CUST00671,PLAN002,2025-05-25,,Monthly,Active
SUB00672,CUST00672,PLAN001,2024-10-13,2025-10-08,Annual,Cancelled
SUB00673,CUST00673,PLAN001,2025-10-07,,Monthly,Active
SUB00674,CUST00674,PLAN002,2025-12-31,,Annual,Active
SUB00675,CUST00675,PLAN002,2025-08-02,,Monthly,Active
SUB00676,CUST00676,PLAN002,2024-11-22,,Monthly,Active
SUB00677,CUST00677,PLAN002,2024-02-29,2025-02-23,Annual,Cancelled
SUB00678,CUST00678,PLAN001,2024-06-12,2025-12-04,Annual,Cancelled
SUB00679,CUST00679,PLAN002,2024-08-12,,Monthly,Active
SUB00680,CUST00680,PLAN001,2024-06-29,2024-12-26,Monthly,Expired
SUB00681,CUST00681,PLAN002,2025-08-28,,Monthly,Active
SUB00682,CUST00682,PLAN001,2025-07-30,,Annual,Active
SUB00683,CUST00683,PLAN003,2025-07-09,,Annual,Active
SUB00684,CUST00684,PLAN001,2024-08-26,2025-08-21,Monthly,Cancelled
SUB00685,CUST00685,PLAN001,2024-12-05,,Monthly,Active
SUB00686,CUST00686,PLAN002,2024-06-30,2025-12-22,Monthly,Cancelled
SUB00687,CUST00687,PLAN003,2024-01-23,2024-04-22,Monthly,Cancelled
SUB00688,CUST00688,PLAN003,2025-06-22,2025-12-19,Annual,Expired
SUB00689,CUST00689,PLAN001,2025-08-23,,Monthly,Active
SUB00690,CUST00690,PLAN001,2025-03-23,,Monthly,Active
SUB00691,CUST00691,PLAN002,2025-12-25,,Monthly,Active
SUB00692,CUST00692,PLAN002,2024-08-16,2025-02-12,Annual,Expired
SUB00693,CUST00693,PLAN001,2025-12-06,,Monthly,Active
SUB00694,CUST00694,PLAN003,2025-08-04,,Monthly,Active
SUB00695,CUST00695,PLAN001,2025-10-16,,Monthly,Active
SUB00696,CUST00696,PLAN001,2024-08-31,2025-02-27,Monthly,Cancelled
SUB00697,CUST00697,PLAN001,2025-12-26,,Monthly,Active
SUB00698,CUST00698,PLAN002,2024-01-12,2025-01-06,Monthly,Cancelled
SUB00699,CUST00699,PLAN001,2024-09-19,,Annual,Active
SUB00700,CUST00700,PLAN001,2025-03-24,,Monthly,Active
SUB00701,CUST00701,PLAN002,2025-01-22,,Monthly,Active
SUB00702,CUST00702,PLAN001,2025-08-14,,Annual,Active
SUB00703,CUST00703,PLAN001,2024-03-16,2025-09-07,Monthly,Cancelled
SUB00704,CUST00704,PLAN001,2024-09-24,,Annual,Active
SUB00705,CUST00705,PLAN002,2024-06-13,2025-06-08,Monthly,Cancelled
SUB00706,CUST00706,PLAN002,2024-12-12,2025-06-10,Monthly,Cancelled
SUB00707,CUST00707,PLAN002,2025-03-17,,Monthly,Active
SUB00708,CUST00708,PLAN002,2024-06-09,2025-06-04,Monthly,Cancelled
SUB00709,CUST00709,PLAN001,2025-02-23,,Monthly,Active
SUB00710,CUST00710,PLAN003,2025-11-07,,Monthly,Active
SUB00711,CUST00711,PLAN001,2025-08-08,,Monthly,Active
SUB00712,CUST00712,PLAN001,2024-01-04,2024-04-03,Monthly,Cancelled
SUB00713,CUST00713,PLAN002,2024-07-23,2025-07-18,Annual,Cancelled
SUB00714,CUST00714,PLAN002,2024-03-24,,Monthly,Active
SUB00715,CUST00715,PLAN001,2025-04-27,2025-07-26,Monthly,Expired
SUB00716,CUST00716,PLAN001,2024-07-08,2025-12-30,Monthly,Cancelled
SUB00717,CUST00717,PLAN001,2024-02-15,2025-08-08,Monthly,Cancelled
SUB00718,CUST00718,PLAN001,2025-07-31,,Monthly,Active
SUB00719,CUST00719,PLAN002,2024-03-28,,Monthly,Active
SUB00720,CUST00720,PLAN001,2025-07-20,,Monthly,Active
SUB00721,CUST00721,PLAN003,2025-07-02,,Monthly,Active
SUB00722,CUST00722,PLAN002,2025-05-02,,Monthly,Active
SUB00723,CUST00723,PLAN003,2025-05-29,,Monthly,Active
SUB00724,CUST00724,PLAN002,2024-05-03,2025-10-25,Annual,Cancelled
SUB00725,CUST00725,PLAN002,2024-08-04,2025-07-30,Monthly,Cancelled
SUB00726,CUST00726,PLAN001,2025-11-30,,Monthly,Active
SUB00727,CUST00727,PLAN001,2024-11-23,2025-02-21,Monthly,Cancelled
SUB00728,CUST00728,PLAN001,2025-07-23,,Monthly,Active
SUB00729,CUST00729,PLAN003,2024-01-13,2025-01-07,Monthly,Expired
SUB00730,CUST00730,PLAN003,2024-04-25,2024-10-22,Monthly,Expired
SUB00731,CUST00731,PLAN002,2024-04-18,,Annual,Active
SUB00732,CUST00732,PLAN003,2025-02-24,,Monthly,Active
SUB00733,CUST00733,PLAN001,2024-02-08,,Monthly,Active
SUB00734,CUST00734,PLAN002,2024-02-09,2025-02-03,Monthly,Cancelled
SUB00735,CUST00735,PLAN002,2025-05-01,,Monthly,Active
SUB00736,CUST00736,PLAN001,2024-11-14,2025-05-13,Annual,Cancelled
SUB00737,CUST00737,PLAN002,2024-08-21,2025-08-16,Annual,Expired
SUB00738,CUST00738,PLAN001,2024-10-02,,Monthly,Active
SUB00739,CUST00739,PLAN002,2025-03-28,,Monthly,Active
SUB00740,CUST00740,PLAN002,2025-06-12,2025-09-10,Monthly,Cancelled
SUB00741,CUST00741,PLAN001,2024-03-08,2024-09-04,Monthly,Cancelled
SUB00742,CUST00742,PLAN002,2024-06-26,2025-12-18,Monthly,Cancelled
SUB00743,CUST00743,PLAN001,2024-09-12,,Monthly,Active
SUB00744,CUST00744,PLAN001,2024-10-07,,Monthly,Active
SUB00745,CUST00745,PLAN001,2025-11-28,,Monthly,Active
SUB00746,CUST00746,PLAN001,2024-06-30,,Monthly,Active
SUB00747,CUST00747,PLAN001,2024-12-18,2025-06-16,Monthly,Cancelled
SUB00748,CUST00748,PLAN001,2024-10-18,2025-10-13,Annual,Cancelled
SUB00749,CUST00749,PLAN001,2024-08-14,,Monthly,Active
SUB00750,CUST00750,PLAN001,2025-06-09,,Monthly,Active
SUB00751,CUST00751,PLAN003,2025-04-30,,Monthly,Active
SUB00752,CUST00752,PLAN002,2024-08-17,2025-08-12,Monthly,Cancelled
SUB00753,CUST00753,PLAN002,2025-03-09,2025-06-07,Monthly,Cancelled
SUB00754,CUST00754,PLAN002,2024-08-11,2025-08-06,Annual,Cancelled
SUB00755,CUST00755,PLAN001,2025-08-21,,Monthly,Active
SUB00756,CUST00756,PLAN002,2025-07-28,,Monthly,Active
SUB00757,CUST00757,PLAN001,2025-05-08,,Annual,Active
SUB00758,CUST00758,PLAN001,2024-09-24,2025-03-23,Annual,Cancelled
SUB00759,CUST00759,PLAN001,2025-06-13,,Monthly,Active
SUB00760,CUST00760,PLAN002,2025-11-07,,Monthly,Active
SUB00761,CUST00761,PLAN002,2024-10-29,,Monthly,Active
SUB00762,CUST00762,PLAN001,2025-08-20,,Monthly,Active
SUB00763,CUST00763,PLAN002,2025-12-31,,Monthly,Active
SUB00764,CUST00764,PLAN002,2025-11-18,,Monthly,Active
SUB00765,CUST00765,PLAN001,2024-10-27,,Monthly,Active
SUB00766,CUST00766,PLAN002,2025-11-27,,Annual,Active
SUB00767,CUST00767,PLAN002,2024-08-16,2025-08-11,Monthly,Cancelled
SUB00768,CUST00768,PLAN001,2025-01-15,,Monthly,Active
SUB00769,CUST00769,PLAN001,2025-04-26,,Annual,Active
SUB00770,CUST00770,PLAN002,2025-04-28,,Monthly,Active
SUB00771,CUST00771,PLAN001,2025-06-26,,Monthly,Active
SUB00772,CUST00772,PLAN003,2024-05-20,2024-11-16,Annual,Expired
SUB00773,CUST00773,PLAN001,2024-05-26,2025-11-17,Monthly,Expired
SUB00774,CUST00774,PLAN002,2025-05-14,2025-08-12,Annual,Cancelled
SUB00775,CUST00775,PLAN001,2024-01-05,2024-04-04,Monthly,Expired
SUB00776,CUST00776,PLAN002,2025-08-13,,Monthly,Active
SUB00777,CUST00777,PLAN002,2024-05-12,2024-11-08,Monthly,Cancelled
SUB00778,CUST00778,PLAN001,2025-05-03,,Monthly,Active
SUB00779,CUST00779,PLAN001,2024-01-15,,Monthly,Active
SUB00780,CUST00780,PLAN002,2024-01-19,2025-07-12,Monthly,Expired
SUB00781,CUST00781,PLAN002,2025-12-11,,Monthly,Active
SUB00782,CUST00782,PLAN002,2025-05-30,2025-08-28,Annual,Cancelled
SUB00783,CUST00783,PLAN001,2024-11-01,,Monthly,Active
SUB00784,CUST00784,PLAN002,2025-03-20,,Monthly,Active
SUB00785,CUST00785,PLAN001,2025-01-02,,Monthly,Active
SUB00786,CUST00786,PLAN002,2024-01-20,2025-01-14,Annual,Expired
SUB00787,CUST00787,PLAN003,2024-01-23,2024-07-21,Monthly,Expired
SUB00788,CUST00788,PLAN001,2025-01-19,,Annual,Active
SUB00789,CUST00789,PLAN001,2025-08-31,,Annual,Active
SUB00790,CUST00790,PLAN001,2024-02-19,2025-08-12,Monthly,Cancelled
SUB00791,CUST00791,PLAN001,2025-07-14,,Monthly,Active
SUB00792,CUST00792,PLAN001,2024-11-04,2025-10-30,Monthly,Cancelled
SUB00793,CUST00793,PLAN002,2025-09-29,,Monthly,Active
SUB00794,CUST00794,PLAN001,2025-06-07,,Monthly,Active
SUB00795,CUST00795,PLAN001,2025-05-24,,Monthly,Active
SUB00796,CUST00796,PLAN001,2025-01-01,,Annual,Active
SUB00797,CUST00797,PLAN001,2024-07-31,,Annual,Active
SUB00798,CUST00798,PLAN001,2024-01-14,2025-01-08,Monthly,Cancelled
SUB00799,CUST00799,PLAN002,2024-06-01,2025-05-27,Monthly,Cancelled
SUB00800,CUST00800,PLAN002,2024-09-19,,Monthly,Active
SUB00801,CUST00801,PLAN003,2024-09-27,2024-12-26,Annual,Cancelled
SUB00802,CUST00802,PLAN002,2024-10-24,2025-10-19,Annual,Cancelled
SUB00803,CUST00803,PLAN001,2024-04-07,2025-09-29,Monthly,Cancelled
SUB00804,CUST00804,PLAN001,2025-11-10,,Monthly,Active
SUB00805,CUST00805,PLAN001,2025-09-28,,Annual,Active
SUB00806,CUST00806,PLAN002,2024-07-06,2025-07-01,Annual,Cancelled
SUB00807,CUST00807,PLAN003,2025-01-29,,Monthly,Active
SUB00808,CUST00808,PLAN002,2024-04-25,,Annual,Active
SUB00809,CUST00809,PLAN001,2024-04-16,,Monthly,Active
SUB00810,CUST00810,PLAN002,2024-07-04,2025-06-29,Monthly,Cancelled
SUB00811,CUST00811,PLAN001,2025-12-01,,Monthly,Active
SUB00812,CUST00812,PLAN003,2025-05-09,,Monthly,Active
SUB00813,CUST00813,PLAN003,2024-02-17,2025-08-10,Monthly,Cancelled
SUB00814,CUST00814,PLAN003,2025-11-16,,Monthly,Active
SUB00815,CUST00815,PLAN001,2025-03-19,2025-06-17,Annual,Cancelled
SUB00816,CUST00816,PLAN001,2024-06-01,2025-05-27,Annual,Cancelled
SUB00817,CUST00817,PLAN002,2024-01-12,2025-07-05,Annual,Cancelled
SUB00818,CUST00818,PLAN001,2025-05-22,2025-08-20,Monthly,Cancelled
SUB00819,CUST00819,PLAN002,2024-09-03,2025-03-02,Monthly,Cancelled
SUB00820,CUST00820,PLAN001,2025-07-17,,Monthly,Active
SUB00821,CUST00821,PLAN003,2025-04-15,,Monthly,Active
SUB00822,CUST00822,PLAN001,2025-04-02,2025-09-29,Monthly,Cancelled
SUB00823,CUST00823,PLAN002,2024-04-15,2024-07-14,Monthly,Expired
SUB00824,CUST00824,PLAN002,2024-04-03,2025-03-29,Monthly,Cancelled
SUB00825,CUST00825,PLAN002,2025-11-01,,Monthly,Active
SUB00826,CUST00826,PLAN003,2024-08-16,2025-08-11,Monthly,Cancelled
SUB00827,CUST00827,PLAN002,2025-11-03,,Monthly,Active
SUB00828,CUST00828,PLAN002,2024-01-03,2024-04-02,Monthly,Expired
SUB00829,CUST00829,PLAN003,2025-07-14,,Monthly,Active
SUB00830,CUST00830,PLAN001,2025-05-19,,Monthly,Active
SUB00831,CUST00831,PLAN002,2024-04-19,,Monthly,Active
SUB00832,CUST00832,PLAN001,2024-08-08,,Monthly,Active
SUB00833,CUST00833,PLAN001,2024-04-20,,Monthly,Active
SUB00834,CUST00834,PLAN003,2025-04-06,2025-07-05,Monthly,Cancelled
SUB00835,CUST00835,PLAN002,2025-05-25,,Monthly,Active
SUB00836,CUST00836,PLAN001,2025-08-22,,Monthly,Active
SUB00837,CUST00837,PLAN001,2025-12-09,,Monthly,Active
SUB00838,CUST00838,PLAN002,2025-01-31,2025-05-01,Annual,Cancelled
SUB00839,CUST00839,PLAN002,2025-03-04,,Monthly,Active
SUB00840,CUST00840,PLAN002,2025-02-11,,Monthly,Active
SUB00841,CUST00841,PLAN001,2024-05-21,,Monthly,Active
SUB00842,CUST00842,PLAN003,2025-12-19,,Monthly,Active
SUB00843,CUST00843,PLAN002,2024-07-24,,Annual,Active
SUB00844,CUST00844,PLAN001,2025-11-19,,Monthly,Active
SUB00845,CUST00845,PLAN003,2025-05-30,,Monthly,Active
SUB00846,CUST00846,PLAN001,2024-12-26,2025-06-24,Monthly,Expired
SUB00847,CUST00847,PLAN002,2025-11-21,,Monthly,Active
SUB00848,CUST00848,PLAN001,2024-01-14,,Annual,Active
SUB00849,CUST00849,PLAN003,2025-11-17,,Monthly,Active
SUB00850,CUST00850,PLAN002,2024-10-20,,Annual,Active
SUB00851,CUST00851,PLAN001,2024-07-27,2025-01-23,Annual,Expired
SUB00852,CUST00852,PLAN002,2024-04-14,,Monthly,Active
SUB00853,CUST00853,PLAN002,2025-10-24,,Monthly,Active
SUB00854,CUST00854,PLAN002,2025-12-10,,Monthly,Active
SUB00855,CUST00855,PLAN001,2025-07-19,,Monthly,Active
SUB00856,CUST00856,PLAN001,2024-08-18,2025-02-14,Monthly,Expired
SUB00857,CUST00857,PLAN003,2025-08-25,,Monthly,Active
SUB00858,CUST00858,PLAN001,2024-10-28,2025-10-23,Monthly,Cancelled
SUB00859,CUST00859,PLAN001,2025-06-10,,Monthly,Active
SUB00860,CUST00860,PLAN001,2024-05-13,2025-11-04,Monthly,Expired
SUB00861,CUST00861,PLAN002,2025-04-22,2025-07-21,Monthly,Cancelled
SUB00862,CUST00862,PLAN002,2025-09-03,,Annual,Active
SUB00863,CUST00863,PLAN003,2025-05-17,,Annual,Active
SUB00864,CUST00864,PLAN002,2025-06-22,2025-12-19,Monthly,Cancelled
SUB00865,CUST00865,PLAN001,2025-03-01,,Monthly,Active
SUB00866,CUST00866,PLAN002,2024-08-06,,Annual,Active
SUB00867,CUST00867,PLAN001,2025-09-25,,Annual,Active
SUB00868,CUST00868,PLAN003,2024-04-27,2024-10-24,Annual,Cancelled
SUB00869,CUST00869,PLAN001,2024-02-10,2025-08-03,Monthly,Cancelled
SUB00870,CUST00870,PLAN002,2025-01-30,,Annual,Active
SUB00871,CUST00871,PLAN001,2025-06-10,,Annual,Active
SUB00872,CUST00872,PLAN001,2025-10-29,,Monthly,Active
SUB00873,CUST00873,PLAN002,2024-06-20,2025-12-12,Monthly,Expired
SUB00874,CUST00874,PLAN001,2025-10-03,,Monthly,Active
SUB00875,CUST00875,PLAN003,2025-12-02,,Monthly,Active
SUB00876,CUST00876,PLAN001,2025-10-24,,Monthly,Active
SUB00877,CUST00877,PLAN003,2024-01-25,2025-01-19,Monthly,Cancelled
SUB00878,CUST00878,PLAN001,2024-02-25,2024-08-23,Monthly,Cancelled
SUB00879,CUST00879,PLAN002,2024-09-21,,Monthly,Active
SUB00880,CUST00880,PLAN003,2024-11-19,2025-11-14,Monthly,Cancelled
SUB00881,CUST00881,PLAN001,2025-10-18,,Monthly,Active
SUB00882,CUST00882,PLAN002,2025-12-18,,Monthly,Active
SUB00883,CUST00883,PLAN002,2024-10-23,2025-10-18,Annual,Cancelled
SUB00884,CUST00884,PLAN003,2025-03-24,2025-09-20,Monthly,Cancelled
SUB00885,CUST00885,PLAN002,2024-06-09,,Monthly,Active
SUB00886,CUST00886,PLAN001,2025-10-11,,Monthly,Active
SUB00887,CUST00887,PLAN003,2024-01-12,,Monthly,Active
SUB00888,CUST00888,PLAN001,2024-01-06,2024-07-04,Annual,Cancelled
SUB00889,CUST00889,PLAN001,2024-11-08,,Monthly,Active
SUB00890,CUST00890,PLAN003,2024-08-04,2025-07-30,Monthly,Cancelled
SUB00891,CUST00891,PLAN002,2024-06-13,2025-12-05,Monthly,Expired
SUB00892,CUST00892,PLAN001,2024-04-27,2025-04-22,Monthly,Cancelled
SUB00893,CUST00893,PLAN002,2025-07-16,,Monthly,Active
SUB00894,CUST00894,PLAN001,2024-09-13,2025-09-08,Monthly,Cancelled
SUB00895,CUST00895,PLAN002,2024-12-31,2025-12-26,Monthly,Cancelled
SUB00896,CUST00896,PLAN002,2025-09-26,,Monthly,Active
SUB00897,CUST00897,PLAN001,2024-12-02,2025-11-27,Annual,Cancelled
SUB00898,CUST00898,PLAN002,2025-08-02,,Monthly,Active
SUB00899,CUST00899,PLAN001,2024-06-21,2025-12-13,Monthly,Cancelled
SUB00900,CUST00900,PLAN001,2024-10-10,,Monthly,Active
SUB00901,CUST00901,PLAN003,2025-05-06,,Monthly,Active
SUB00902,CUST00902,PLAN002,2025-07-18,,Annual,Active
SUB00903,CUST00903,PLAN002,2024-05-23,2025-05-18,Annual,Expired
SUB00904,CUST00904,PLAN001,2024-03-18,,Monthly,Active
SUB00905,CUST00905,PLAN002,2025-08-18,,Monthly,Active
SUB00906,CUST00906,PLAN002,2025-07-18,,Monthly,Active
SUB00907,CUST00907,PLAN001,2025-01-09,2025-07-08,Annual,Expired
SUB00908,CUST00908,PLAN003,2024-05-17,2024-11-13,Annual,Cancelled
SUB00909,CUST00909,PLAN003,2025-05-29,,Monthly,Active
SUB00910,CUST00910,PLAN002,2025-06-10,,Annual,Active
SUB00911,CUST00911,PLAN002,2025-05-10,2025-08-08,Annual,Cancelled
SUB00912,CUST00912,PLAN001,2024-08-25,2025-08-20,Monthly,Cancelled
SUB00913,CUST00913,PLAN002,2025-06-14,,Annual,Active
SUB00914,CUST00914,PLAN001,2024-02-17,2025-02-11,Monthly,Cancelled
SUB00915,CUST00915,PLAN001,2024-09-26,,Annual,Active
SUB00916,CUST00916,PLAN002,2025-01-09,2025-07-08,Monthly,Cancelled
SUB00917,CUST00917,PLAN001,2025-01-20,,Monthly,Active
SUB00918,CUST00918,PLAN001,2024-12-19,,Monthly,Active
SUB00919,CUST00919,PLAN001,2025-05-28,2025-11-24,Monthly,Cancelled
SUB00920,CUST00920,PLAN002,2025-06-10,,Monthly,Active
SUB00921,CUST00921,PLAN001,2025-01-05,,Monthly,Active
SUB00922,CUST00922,PLAN002,2025-02-28,2025-05-29,Annual,Expired
SUB00923,CUST00923,PLAN001,2025-05-05,,Monthly,Active
SUB00924,CUST00924,PLAN002,2024-01-23,,Monthly,Active
SUB00925,CUST00925,PLAN001,2024-05-17,2025-05-12,Annual,Expired
SUB00926,CUST00926,PLAN002,2024-02-27,2025-08-20,Monthly,Cancelled
SUB00927,CUST00927,PLAN001,2025-09-05,,Annual,Active
SUB00928,CUST00928,PLAN002,2024-03-28,,Annual,Active
SUB00929,CUST00929,PLAN003,2024-06-23,2025-06-18,Monthly,Cancelled
SUB00930,CUST00930,PLAN001,2025-09-30,,Annual,Active
SUB00931,CUST00931,PLAN001,2025-04-09,,Monthly,Active
SUB00932,CUST00932,PLAN002,2024-05-15,2025-05-10,Monthly,Expired
SUB00933,CUST00933,PLAN002,2024-06-02,,Monthly,Active
SUB00934,CUST00934,PLAN001,2025-06-28,2025-12-25,Monthly,Cancelled
SUB00935,CUST00935,PLAN001,2025-09-09,,Monthly,Active
SUB00936,CUST00936,PLAN003,2025-06-18,,Monthly,Active
SUB00937,CUST00937,PLAN001,2024-08-22,,Annual,Active
SUB00938,CUST00938,PLAN002,2024-12-24,2025-12-19,Monthly,Cancelled
SUB00939,CUST00939,PLAN003,2025-03-11,,Annual,Active
SUB00940,CUST00940,PLAN002,2024-10-17,2025-10-12,Monthly,Cancelled
SUB00941,CUST00941,PLAN001,2024-01-06,2025-06-29,Annual,Cancelled
SUB00942,CUST00942,PLAN002,2025-06-16,,Monthly,Active
SUB00943,CUST00943,PLAN001,2025-02-22,,Monthly,Active
SUB00944,CUST00944,PLAN001,2024-09-24,,Annual,Active
SUB00945,CUST00945,PLAN002,2025-11-27,,Monthly,Active
SUB00946,CUST00946,PLAN001,2024-07-02,2025-12-24,Monthly,Expired
SUB00947,CUST00947,PLAN001,2025-08-14,,Monthly,Active
SUB00948,CUST00948,PLAN002,2025-11-06,,Annual,Active
SUB00949,CUST00949,PLAN001,2024-04-12,2025-04-07,Monthly,Cancelled
SUB00950,CUST00950,PLAN001,2024-06-13,2025-12-05,Annual,Expired
SUB00951,CUST00951,PLAN001,2024-05-28,,Monthly,Active
SUB00952,CUST00952,PLAN001,2024-09-26,,Monthly,Active
SUB00953,CUST00953,PLAN003,2025-02-14,,Annual,Active
SUB00954,CUST00954,PLAN001,2024-06-28,2025-12-20,Monthly,Cancelled
SUB00955,CUST00955,PLAN002,2024-07-18,2025-07-13,Annual,Cancelled
SUB00956,CUST00956,PLAN001,2025-09-21,,Monthly,Active
SUB00957,CUST00957,PLAN001,2024-06-10,2025-12-02,Monthly,Cancelled
SUB00958,CUST00958,PLAN002,2025-11-16,,Annual,Active
SUB00959,CUST00959,PLAN002,2025-12-21,,Monthly,Active
SUB00960,CUST00960,PLAN002,2024-12-21,2025-06-19,Annual,Cancelled
SUB00961,CUST00961,PLAN001,2025-04-10,,Monthly,Active
SUB00962,CUST00962,PLAN002,2025-02-20,,Monthly,Active
SUB00963,CUST00963,PLAN001,2024-12-14,2025-12-09,Monthly,Cancelled
SUB00964,CUST00964,PLAN001,2025-07-04,,Annual,Active
SUB00965,CUST00965,PLAN001,2025-01-21,,Monthly,Active
SUB00966,CUST00966,PLAN001,2025-04-14,,Annual,Active
SUB00967,CUST00967,PLAN003,2024-04-29,,Monthly,Active
SUB00968,CUST00968,PLAN002,2025-11-24,,Annual,Active
SUB00969,CUST00969,PLAN001,2025-06-12,,Monthly,Active
SUB00970,CUST00970,PLAN001,2024-10-21,2025-10-16,Monthly,Cancelled
SUB00971,CUST00971,PLAN003,2024-03-18,2025-03-13,Monthly,Cancelled
SUB00972,CUST00972,PLAN002,2024-08-11,,Monthly,Active
SUB00973,CUST00973,PLAN001,2025-05-25,2025-08-23,Monthly,Cancelled
SUB00974,CUST00974,PLAN002,2024-07-30,,Monthly,Active
SUB00975,CUST00975,PLAN001,2024-06-08,2024-12-05,Annual,Cancelled
SUB00976,CUST00976,PLAN003,2025-09-20,,Monthly,Active
SUB00977,CUST00977,PLAN001,2025-05-08,2025-11-04,Monthly,Cancelled
SUB00978,CUST00978,PLAN001,2025-05-17,,Monthly,Active
SUB00979,CUST00979,PLAN002,2025-02-11,,Monthly,Active
SUB00980,CUST00980,PLAN001,2025-05-04,,Monthly,Active
SUB00981,CUST00981,PLAN001,2025-12-03,,Monthly,Active
SUB00982,CUST00982,PLAN002,2024-11-19,2025-11-14,Annual,Cancelled
SUB00983,CUST00983,PLAN002,2025-08-17,,Monthly,Active
SUB00984,CUST00984,PLAN003,2024-07-10,2025-07-05,Annual,Expired
SUB00985,CUST00985,PLAN001,2025-01-09,,Monthly,Active
SUB00986,CUST00986,PLAN002,2025-01-08,2025-07-07,Monthly,Cancelled
SUB00987,CUST00987,PLAN001,2025-08-12,,Monthly,Active
SUB00988,CUST00988,PLAN001,2024-08-29,,Monthly,Active
SUB00989,CUST00989,PLAN001,2024-06-02,2025-05-28,Annual,Cancelled
SUB00990,CUST00990,PLAN001,2024-05-17,2025-11-08,Annual,Cancelled
SUB00991,CUST00991,PLAN001,2025-05-13,,Monthly,Active
SUB00992,CUST00992,PLAN003,2025-02-11,,Monthly,Active
SUB00993,CUST00993,PLAN001,2025-05-02,,Monthly,Active
SUB00994,CUST00994,PLAN001,2024-09-23,,Monthly,Active
SUB00995,CUST00995,PLAN002,2024-12-18,2025-06-16,Monthly,Expired
SUB00996,CUST00996,PLAN001,2025-08-13,,Monthly,Active
SUB00997,CUST00997,PLAN001,2024-12-29,2025-06-27,Monthly,Cancelled
SUB00998,CUST00998,PLAN001,2024-03-21,2024-09-17,Monthly,Cancelled
SUB00999,CUST00999,PLAN001,2024-06-20,2025-06-15,Monthly,Cancelled
SUB01000,CUST01000,PLAN002,2024-03-14,2024-06-12,Monthly,Cancelled
SUB01001,CUST01001,PLAN002,2025-10-30,,Annual,Active
SUB01002,CUST01002,PLAN001,2024-10-04,2025-09-29,Monthly,Cancelled
SUB01003,CUST01003,PLAN002,2025-08-24,,Monthly,Active
SUB01004,CUST01004,PLAN003,2024-01-24,2025-01-18,Monthly,Cancelled
SUB01005,CUST01005,PLAN001,2024-08-03,2025-07-29,Monthly,Expired
SUB01006,CUST01006,PLAN001,2025-07-15,,Monthly,Active
SUB01007,CUST01007,PLAN002,2024-04-16,,Monthly,Active
SUB01008,CUST01008,PLAN002,2024-11-12,2025-11-07,Monthly,Cancelled
SUB01009,CUST01009,PLAN001,2024-05-14,2024-11-10,Annual,Expired
SUB01010,CUST01010,PLAN001,2024-11-29,,Monthly,Active
SUB01011,CUST01011,PLAN002,2025-07-15,,Monthly,Active
SUB01012,CUST01012,PLAN002,2025-10-08,,Monthly,Active
SUB01013,CUST01013,PLAN001,2024-12-21,2025-03-21,Monthly,Expired
SUB01014,CUST01014,PLAN001,2024-11-11,,Monthly,Active
SUB01015,CUST01015,PLAN002,2024-01-01,2024-06-29,Monthly,Cancelled
SUB01016,CUST01016,PLAN002,2024-10-20,,Monthly,Active
SUB01017,CUST01017,PLAN002,2025-05-03,2025-10-30,Annual,Expired
SUB01018,CUST01018,PLAN001,2025-09-03,2025-12-02,Monthly,Cancelled
SUB01019,CUST01019,PLAN001,2025-02-25,,Monthly,Active
SUB01020,CUST01020,PLAN002,2025-10-23,,Monthly,Active
SUB01021,CUST01021,PLAN003,2025-03-08,,Monthly,Active
SUB01022,CUST01022,PLAN002,2024-10-18,2025-04-16,Monthly,Cancelled
SUB01023,CUST01023,PLAN001,2024-07-11,,Monthly,Active
SUB01024,CUST01024,PLAN001,2025-10-14,,Annual,Active
SUB01025,CUST01025,PLAN003,2024-07-11,,Monthly,Active
SUB01026,CUST01026,PLAN001,2024-07-09,,Annual,Active
SUB01027,CUST01027,PLAN002,2024-01-09,2025-01-03,Monthly,Cancelled
SUB01028,CUST01028,PLAN003,2024-12-16,2025-06-14,Monthly,Cancelled
SUB01029,CUST01029,PLAN002,2025-04-19,,Monthly,Active
SUB01030,CUST01030,PLAN002,2024-02-27,,Monthly,Active
SUB01031,CUST01031,PLAN001,2024-07-04,2025-06-29,Monthly,Cancelled
SUB01032,CUST01032,PLAN001,2024-01-13,2025-07-06,Monthly,Cancelled
SUB01033,CUST01033,PLAN001,2025-03-29,,Monthly,Active
SUB01034,CUST01034,PLAN001,2025-06-17,2025-12-14,Monthly,Cancelled
SUB01035,CUST01035,PLAN002,2024-11-26,2025-02-24,Monthly,Cancelled
SUB01036,CUST01036,PLAN001,2024-09-16,,Monthly,Active
SUB01037,CUST01037,PLAN001,2025-11-13,,Monthly,Active
SUB01038,CUST01038,PLAN001,2024-11-28,2025-05-27,Annual,Cancelled
SUB01039,CUST01039,PLAN002,2025-02-09,,Annual,Active
SUB01040,CUST01040,PLAN003,2025-12-05,,Monthly,Active
SUB01041,CUST01041,PLAN001,2024-06-10,2025-12-02,Monthly,Cancelled
SUB01042,CUST01042,PLAN001,2024-03-02,2024-08-29,Monthly,Expired
SUB01043,CUST01043,PLAN002,2024-05-08,2025-10-30,Monthly,Cancelled
SUB01044,CUST01044,PLAN002,2025-03-25,,Monthly,Active
SUB01045,CUST01045,PLAN002,2024-05-17,2025-11-08,Monthly,Cancelled
SUB01046,CUST01046,PLAN002,2025-07-26,,Annual,Active
SUB01047,CUST01047,PLAN001,2025-07-10,2025-10-08,Monthly,Expired
SUB01048,CUST01048,PLAN002,2024-03-11,2025-03-06,Monthly,Expired
SUB01049,CUST01049,PLAN001,2025-07-08,,Monthly,Active
SUB01050,CUST01050,PLAN001,2024-07-08,2025-12-30,Monthly,Expired
SUB01051,CUST01051,PLAN003,2024-11-24,,Monthly,Active
SUB01052,CUST01052,PLAN003,2024-07-13,2025-07-08,Annual,Expired
SUB01053,CUST01053,PLAN003,2025-09-19,,Monthly,Active
SUB01054,CUST01054,PLAN002,2024-04-08,2025-09-30,Monthly,Cancelled
SUB01055,CUST01055,PLAN002,2024-07-01,2025-12-23,Annual,Expired
SUB01056,CUST01056,PLAN001,2024-04-11,2025-10-03,Monthly,Cancelled
SUB01057,CUST01057,PLAN002,2025-06-22,,Monthly,Active
SUB01058,CUST01058,PLAN002,2024-08-14,2025-08-09,Annual,Cancelled
SUB01059,CUST01059,PLAN001,2025-11-02,,Monthly,Active
SUB01060,CUST01060,PLAN001,2025-01-04,,Monthly,Active
SUB01061,CUST01061,PLAN002,2025-09-23,,Monthly,Active
SUB01062,CUST01062,PLAN002,2024-03-20,,Annual,Active
SUB01063,CUST01063,PLAN001,2025-06-28,2025-12-25,Monthly,Cancelled
SUB01064,CUST01064,PLAN001,2025-08-06,,Annual,Active
SUB01065,CUST01065,PLAN002,2024-04-18,,Monthly,Active
SUB01066,CUST01066,PLAN002,2025-12-20,,Monthly,Active
SUB01067,CUST01067,PLAN001,2025-07-17,,Annual,Active
SUB01068,CUST01068,PLAN003,2024-12-26,,Monthly,Active
SUB01069,CUST01069,PLAN003,2025-01-15,,Monthly,Active
SUB01070,CUST01070,PLAN002,2025-09-15,,Annual,Active
SUB01071,CUST01071,PLAN002,2025-01-03,2025-12-29,Annual,Expired
SUB01072,CUST01072,PLAN003,2024-02-05,2025-07-29,Monthly,Cancelled
SUB01073,CUST01073,PLAN001,2024-11-05,,Monthly,Active
SUB01074,CUST01074,PLAN002,2024-01-23,,Annual,Active
SUB01075,CUST01075,PLAN002,2024-04-06,2025-09-28,Monthly,Cancelled
SUB01076,CUST01076,PLAN001,2025-01-10,,Annual,Active
SUB01077,CUST01077,PLAN001,2024-04-04,2025-09-26,Monthly,Cancelled
SUB01078,CUST01078,PLAN002,2024-11-28,2025-11-23,Monthly,Cancelled
SUB01079,CUST01079,PLAN001,2025-09-01,,Monthly,Active
SUB01080,CUST01080,PLAN002,2024-03-21,2025-09-12,Monthly,Cancelled
SUB01081,CUST01081,PLAN001,2025-03-02,2025-05-31,Monthly,Expired
SUB01082,CUST01082,PLAN003,2025-10-30,,Monthly,Active
SUB01083,CUST01083,PLAN002,2024-02-25,2025-08-18,Monthly,Cancelled
SUB01084,CUST01084,PLAN001,2024-11-30,2025-02-28,Monthly,Cancelled
SUB01085,CUST01085,PLAN001,2025-04-01,2025-09-28,Monthly,Cancelled
SUB01086,CUST01086,PLAN001,2025-03-18,,Monthly,Active
SUB01087,CUST01087,PLAN001,2024-03-25,2025-09-16,Annual,Expired
SUB01088,CUST01088,PLAN002,2024-09-25,2024-12-24,Annual,Cancelled
SUB01089,CUST01089,PLAN001,2024-05-18,2025-11-09,Annual,Cancelled
SUB01090,CUST01090,PLAN002,2025-07-28,,Monthly,Active
SUB01091,CUST01091,PLAN002,2024-03-14,2025-03-09,Annual,Cancelled
SUB01092,CUST01092,PLAN001,2024-04-25,,Annual,Active
SUB01093,CUST01093,PLAN001,2024-11-24,2025-11-19,Annual,Cancelled
SUB01094,CUST01094,PLAN002,2024-06-22,2025-06-17,Monthly,Expired
SUB01095,CUST01095,PLAN001,2025-09-30,,Annual,Active
SUB01096,CUST01096,PLAN001,2024-07-23,,Monthly,Active
SUB01097,CUST01097,PLAN002,2024-04-25,2025-04-20,Annual,Cancelled
SUB01098,CUST01098,PLAN003,2024-10-21,,Monthly,Active
SUB01099,CUST01099,PLAN002,2025-04-05,,Monthly,Active
SUB01100,CUST01100,PLAN002,2024-07-27,2025-07-22,Monthly,Cancelled
SUB01101,CUST01101,PLAN001,2025-09-29,,Monthly,Active
SUB01102,CUST01102,PLAN002,2025-01-20,2025-07-19,Monthly,Cancelled
SUB01103,CUST01103,PLAN001,2024-06-23,2025-06-18,Monthly,Cancelled
SUB01104,CUST01104,PLAN002,2024-02-24,2025-08-17,Monthly,Cancelled
SUB01105,CUST01105,PLAN002,2025-11-09,,Monthly,Active
SUB01106,CUST01106,PLAN001,2024-01-20,2024-07-18,Annual,Expired
SUB01107,CUST01107,PLAN001,2025-06-04,,Monthly,Active
SUB01108,CUST01108,PLAN003,2025-09-03,,Monthly,Active
SUB01109,CUST01109,PLAN001,2025-07-28,,Monthly,Active
SUB01110,CUST01110,PLAN001,2024-12-07,,Annual,Active
SUB01111,CUST01111,PLAN002,2025-12-01,,Monthly,Active
SUB01112,CUST01112,PLAN002,2024-03-04,2025-08-26,Annual,Cancelled
SUB01113,CUST01113,PLAN003,2025-07-22,,Monthly,Active
SUB01114,CUST01114,PLAN001,2025-11-03,,Monthly,Active
SUB01115,CUST01115,PLAN001,2025-03-03,,Annual,Active
SUB01116,CUST01116,PLAN002,2025-09-11,,Annual,Active
SUB01117,CUST01117,PLAN001,2025-08-17,,Monthly,Active
SUB01118,CUST01118,PLAN001,2024-11-12,,Monthly,Active
SUB01119,CUST01119,PLAN002,2024-05-28,2025-11-19,Monthly,Expired
SUB01120,CUST01120,PLAN003,2024-03-10,,Annual,Active
SUB01121,CUST01121,PLAN001,2024-05-29,2025-05-24,Monthly,Cancelled
SUB01122,CUST01122,PLAN001,2025-02-25,,Monthly,Active
SUB01123,CUST01123,PLAN002,2024-06-04,2025-11-26,Monthly,Cancelled
SUB01124,CUST01124,PLAN001,2025-09-18,,Annual,Active
SUB01125,CUST01125,PLAN002,2025-09-02,,Monthly,Active
SUB01126,CUST01126,PLAN001,2025-12-05,,Monthly,Active
SUB01127,CUST01127,PLAN001,2025-12-30,,Monthly,Active
SUB01128,CUST01128,PLAN002,2025-04-30,,Monthly,Active
SUB01129,CUST01129,PLAN001,2024-01-16,2024-07-14,Annual,Cancelled
SUB01130,CUST01130,PLAN002,2024-07-28,2025-07-23,Monthly,Cancelled
SUB01131,CUST01131,PLAN003,2025-12-05,,Monthly,Active
SUB01132,CUST01132,PLAN003,2025-02-18,2025-08-17,Annual,Cancelled
SUB01133,CUST01133,PLAN002,2024-11-16,2025-02-14,Annual,Cancelled
SUB01134,CUST01134,PLAN001,2025-06-17,2025-09-15,Monthly,Cancelled
SUB01135,CUST01135,PLAN002,2024-09-08,,Monthly,Active
SUB01136,CUST01136,PLAN003,2025-07-25,,Monthly,Active
SUB01137,CUST01137,PLAN002,2024-07-13,2025-07-08,Annual,Cancelled
SUB01138,CUST01138,PLAN003,2025-04-17,,Monthly,Active
SUB01139,CUST01139,PLAN002,2025-12-07,,Monthly,Active
SUB01140,CUST01140,PLAN001,2024-04-02,,Monthly,Active
SUB01141,CUST01141,PLAN002,2025-02-06,2025-08-05,Monthly,Cancelled
SUB01142,CUST01142,PLAN001,2025-08-27,,Monthly,Active
SUB01143,CUST01143,PLAN003,2024-09-13,,Annual,Active
SUB01144,CUST01144,PLAN003,2024-05-06,2024-11-02,Monthly,Cancelled
SUB01145,CUST01145,PLAN001,2024-03-28,2024-06-26,Monthly,Cancelled
SUB01146,CUST01146,PLAN003,2025-01-22,,Monthly,Active
SUB01147,CUST01147,PLAN002,2025-08-02,,Monthly,Active
SUB01148,CUST01148,PLAN001,2024-07-02,2025-06-27,Monthly,Expired
SUB01149,CUST01149,PLAN002,2025-04-01,,Monthly,Active
SUB01150,CUST01150,PLAN001,2024-07-26,2025-07-21,Monthly,Cancelled
SUB01151,CUST01151,PLAN002,2025-05-24,,Monthly,Active
SUB01152,CUST01152,PLAN003,2024-08-31,2025-08-26,Monthly,Expired
SUB01153,CUST01153,PLAN001,2025-03-28,,Monthly,Active
SUB01154,CUST01154,PLAN001,2025-09-26,,Monthly,Active
SUB01155,CUST01155,PLAN001,2024-07-08,2025-01-04,Monthly,Cancelled
SUB01156,CUST01156,PLAN001,2024-02-03,2024-08-01,Monthly,Cancelled
SUB01157,CUST01157,PLAN002,2024-03-30,2025-03-25,Monthly,Cancelled
SUB01158,CUST01158,PLAN002,2025-11-19,,Monthly,Active
SUB01159,CUST01159,PLAN001,2025-04-11,,Monthly,Active
SUB01160,CUST01160,PLAN002,2024-11-02,2025-01-31,Monthly,Cancelled
SUB01161,CUST01161,PLAN001,2025-07-17,,Monthly,Active
SUB01162,CUST01162,PLAN002,2024-12-03,,Monthly,Active
SUB01163,CUST01163,PLAN001,2025-09-18,,Monthly,Active
SUB01164,CUST01164,PLAN002,2025-05-10,,Monthly,Active
SUB01165,CUST01165,PLAN003,2025-03-13,2025-09-09,Annual,Expired
SUB01166,CUST01166,PLAN001,2024-05-12,,Annual,Active
SUB01167,CUST01167,PLAN001,2025-05-19,,Monthly,Active
SUB01168,CUST01168,PLAN002,2024-07-17,2025-07-12,Monthly,Cancelled
SUB01169,CUST01169,PLAN001,2024-07-31,2025-01-27,Monthly,Cancelled
SUB01170,CUST01170,PLAN002,2024-12-24,2025-12-19,Monthly,Cancelled
SUB01171,CUST01171,PLAN001,2025-12-07,,Monthly,Active
SUB01172,CUST01172,PLAN001,2025-06-02,,Annual,Active
SUB01173,CUST01173,PLAN001,2024-12-15,2025-06-13,Monthly,Cancelled
SUB01174,CUST01174,PLAN002,2024-06-28,2025-12-20,Annual,Cancelled
SUB01175,CUST01175,PLAN001,2025-04-30,2025-07-29,Monthly,Cancelled
SUB01176,CUST01176,PLAN001,2025-10-04,,Annual,Active
SUB01177,CUST01177,PLAN001,2025-04-18,,Monthly,Active
SUB01178,CUST01178,PLAN003,2025-06-17,2025-12-14,Monthly,Cancelled
SUB01179,CUST01179,PLAN002,2024-08-01,,Monthly,Active
SUB01180,CUST01180,PLAN002,2024-03-08,2025-03-03,Annual,Cancelled
SUB01181,CUST01181,PLAN002,2025-01-19,,Annual,Active
SUB01182,CUST01182,PLAN001,2024-07-10,,Monthly,Active
SUB01183,CUST01183,PLAN002,2025-12-23,,Monthly,Active
SUB01184,CUST01184,PLAN001,2024-03-29,2025-03-24,Monthly,Expired
SUB01185,CUST01185,PLAN001,2024-08-09,2025-08-04,Monthly,Cancelled
SUB01186,CUST01186,PLAN002,2024-07-25,,Monthly,Active
SUB01187,CUST01187,PLAN001,2025-05-27,,Monthly,Active
SUB01188,CUST01188,PLAN002,2024-12-01,2025-11-26,Monthly,Cancelled
SUB01189,CUST01189,PLAN002,2024-07-29,,Annual,Active
SUB01190,CUST01190,PLAN002,2024-01-05,2025-06-28,Monthly,Cancelled
SUB01191,CUST01191,PLAN001,2024-12-07,2025-12-02,Monthly,Cancelled
SUB01192,CUST01192,PLAN002,2024-01-24,2024-07-22,Monthly,Expired
SUB01193,CUST01193,PLAN001,2024-11-24,2025-05-23,Monthly,Expired
SUB01194,CUST01194,PLAN001,2025-03-27,2025-09-23,Monthly,Cancelled
SUB01195,CUST01195,PLAN001,2024-04-27,,Monthly,Active
SUB01196,CUST01196,PLAN002,2024-07-30,,Monthly,Active
SUB01197,CUST01197,PLAN001,2025-12-22,,Annual,Active
SUB01198,CUST01198,PLAN001,2024-11-14,2025-05-13,Monthly,Cancelled
SUB01199,CUST01199,PLAN002,2024-05-13,2024-08-11,Monthly,Cancelled
SUB01200,CUST01200,PLAN001,2024-02-25,2024-08-23,Monthly,Cancelled
SUB01201,CUST01201,PLAN001,2025-09-23,,Monthly,Active
SUB01202,CUST01202,PLAN003,2025-04-21,,Annual,Active
SUB01203,CUST01203,PLAN002,2024-04-09,2025-04-04,Monthly,Cancelled
SUB01204,CUST01204,PLAN001,2025-04-26,,Monthly,Active
SUB01205,CUST01205,PLAN002,2025-01-07,,Annual,Active
SUB01206,CUST01206,PLAN003,2024-11-28,,Monthly,Active
SUB01207,CUST01207,PLAN001,2024-12-25,,Annual,Active
SUB01208,CUST01208,PLAN001,2025-09-10,,Monthly,Active
SUB01209,CUST01209,PLAN001,2024-11-29,,Monthly,Active
SUB01210,CUST01210,PLAN002,2025-02-14,,Annual,Active
SUB01211,CUST01211,PLAN002,2025-05-08,,Monthly,Active
SUB01212,CUST01212,PLAN002,2025-03-21,,Monthly,Active
SUB01213,CUST01213,PLAN002,2024-06-26,2025-06-21,Annual,Cancelled
SUB01214,CUST01214,PLAN002,2024-04-27,2024-10-24,Monthly,Cancelled
SUB01215,CUST01215,PLAN001,2025-03-31,,Annual,Active
SUB01216,CUST01216,PLAN001,2025-12-02,,Monthly,Active
SUB01217,CUST01217,PLAN002,2025-05-21,,Monthly,Active
SUB01218,CUST01218,PLAN001,2025-08-17,,Monthly,Active
SUB01219,CUST01219,PLAN002,2025-11-07,,Monthly,Active
SUB01220,CUST01220,PLAN001,2024-07-19,,Monthly,Active
SUB01221,CUST01221,PLAN001,2025-03-21,,Annual,Active
SUB01222,CUST01222,PLAN003,2025-09-18,,Monthly,Active
SUB01223,CUST01223,PLAN002,2024-03-04,2024-08-31,Annual,Cancelled
SUB01224,CUST01224,PLAN002,2025-12-21,,Monthly,Active
SUB01225,CUST01225,PLAN001,2024-02-01,2025-07-25,Annual,Cancelled
SUB01226,CUST01226,PLAN002,2025-12-29,,Annual,Active
SUB01227,CUST01227,PLAN001,2025-11-09,,Monthly,Active
SUB01228,CUST01228,PLAN001,2025-01-03,,Annual,Active
SUB01229,CUST01229,PLAN002,2024-05-17,,Monthly,Active
SUB01230,CUST01230,PLAN002,2025-11-04,,Monthly,Active
SUB01231,CUST01231,PLAN001,2025-04-11,,Monthly,Active
SUB01232,CUST01232,PLAN002,2025-09-30,,Monthly,Active
SUB01233,CUST01233,PLAN001,2025-01-28,2025-07-27,Monthly,Expired
SUB01234,CUST01234,PLAN002,2025-08-14,,Monthly,Active
SUB01235,CUST01235,PLAN001,2025-02-24,,Monthly,Active
SUB01236,CUST01236,PLAN001,2025-08-04,,Monthly,Active
SUB01237,CUST01237,PLAN001,2025-12-08,,Monthly,Active
SUB01238,CUST01238,PLAN002,2025-04-21,,Monthly,Active
SUB01239,CUST01239,PLAN002,2024-09-08,2025-09-03,Monthly,Expired
SUB01240,CUST01240,PLAN002,2025-12-01,,Monthly,Active
SUB01241,CUST01241,PLAN002,2024-12-17,2025-06-15,Monthly,Cancelled
SUB01242,CUST01242,PLAN001,2025-08-10,,Monthly,Active
SUB01243,CUST01243,PLAN001,2024-10-23,2025-04-21,Annual,Expired
SUB01244,CUST01244,PLAN002,2025-07-31,,Monthly,Active
SUB01245,CUST01245,PLAN002,2025-08-09,,Monthly,Active
SUB01246,CUST01246,PLAN002,2024-10-20,,Monthly,Active
SUB01247,CUST01247,PLAN001,2024-09-15,,Monthly,Active
SUB01248,CUST01248,PLAN001,2024-01-15,2025-01-09,Annual,Cancelled
SUB01249,CUST01249,PLAN001,2025-11-05,,Monthly,Active
SUB01250,CUST01250,PLAN001,2025-05-11,,Annual,Active
SUB01251,CUST01251,PLAN001,2024-03-27,,Monthly,Active
SUB01252,CUST01252,PLAN003,2025-05-22,,Monthly,Active
SUB01253,CUST01253,PLAN002,2025-11-07,,Monthly,Active
SUB01254,CUST01254,PLAN001,2024-02-25,2025-02-19,Monthly,Cancelled
SUB01255,CUST01255,PLAN003,2024-06-20,2025-06-15,Monthly,Cancelled
SUB01256,CUST01256,PLAN001,2025-01-23,,Monthly,Active
SUB01257,CUST01257,PLAN001,2025-06-27,,Monthly,Active
SUB01258,CUST01258,PLAN002,2025-01-26,2025-07-25,Monthly,Cancelled
SUB01259,CUST01259,PLAN002,2024-04-09,2025-04-04,Monthly,Cancelled
SUB01260,CUST01260,PLAN001,2025-09-17,,Monthly,Active
SUB01261,CUST01261,PLAN001,2024-09-30,,Monthly,Active
SUB01262,CUST01262,PLAN002,2025-04-17,2025-07-16,Monthly,Cancelled
SUB01263,CUST01263,PLAN002,2025-06-16,,Annual,Active
SUB01264,CUST01264,PLAN002,2025-07-14,,Monthly,Active
SUB01265,CUST01265,PLAN001,2025-02-25,,Annual,Active
SUB01266,CUST01266,PLAN001,2024-08-12,,Monthly,Active
SUB01267,CUST01267,PLAN001,2025-09-26,,Monthly,Active
SUB01268,CUST01268,PLAN002,2025-09-05,,Annual,Active
SUB01269,CUST01269,PLAN002,2025-09-11,,Monthly,Active
SUB01270,CUST01270,PLAN001,2024-04-23,2024-07-22,Annual,Cancelled
SUB01271,CUST01271,PLAN002,2025-10-16,,Monthly,Active
SUB01272,CUST01272,PLAN003,2024-09-20,2025-09-15,Monthly,Cancelled
SUB01273,CUST01273,PLAN002,2025-01-26,2025-07-25,Monthly,Cancelled
SUB01274,CUST01274,PLAN001,2024-07-01,2025-12-23,Monthly,Cancelled
SUB01275,CUST01275,PLAN003,2025-09-16,,Monthly,Active
SUB01276,CUST01276,PLAN001,2025-07-07,,Annual,Active
SUB01277,CUST01277,PLAN002,2025-03-28,,Monthly,Active
SUB01278,CUST01278,PLAN001,2025-08-08,,Annual,Active
SUB01279,CUST01279,PLAN001,2024-06-01,2024-08-30,Monthly,Expired
SUB01280,CUST01280,PLAN003,2024-09-29,2024-12-28,Monthly,Cancelled
SUB01281,CUST01281,PLAN002,2025-06-11,2025-09-09,Monthly,Cancelled
SUB01282,CUST01282,PLAN001,2025-02-17,,Monthly,Active
SUB01283,CUST01283,PLAN001,2025-07-07,,Monthly,Active
SUB01284,CUST01284,PLAN003,2024-05-04,2025-04-29,Monthly,Cancelled
SUB01285,CUST01285,PLAN002,2025-02-14,,Annual,Active
SUB01286,CUST01286,PLAN002,2024-03-23,2025-09-14,Monthly,Expired
SUB01287,CUST01287,PLAN002,2024-06-29,2024-12-26,Annual,Cancelled
SUB01288,CUST01288,PLAN002,2025-12-13,,Monthly,Active
SUB01289,CUST01289,PLAN002,2025-05-13,2025-08-11,Monthly,Cancelled
SUB01290,CUST01290,PLAN001,2024-05-23,2024-11-19,Monthly,Cancelled
SUB01291,CUST01291,PLAN002,2025-05-15,,Monthly,Active
SUB01292,CUST01292,PLAN001,2025-05-26,,Monthly,Active
SUB01293,CUST01293,PLAN002,2024-02-07,,Annual,Active
SUB01294,CUST01294,PLAN002,2025-02-19,,Annual,Active
SUB01295,CUST01295,PLAN002,2025-11-25,,Annual,Active
SUB01296,CUST01296,PLAN002,2024-03-14,2025-03-09,Monthly,Cancelled
SUB01297,CUST01297,PLAN002,2025-04-27,,Annual,Active
SUB01298,CUST01298,PLAN001,2024-01-15,2025-01-09,Annual,Expired
SUB01299,CUST01299,PLAN003,2025-04-12,2025-07-11,Monthly,Cancelled
SUB01300,CUST01300,PLAN002,2024-04-26,,Monthly,Active
SUB01301,CUST01301,PLAN002,2024-07-26,2025-07-21,Monthly,Cancelled
SUB01302,CUST01302,PLAN002,2024-11-28,,Monthly,Active
SUB01303,CUST01303,PLAN002,2024-11-25,,Monthly,Active
SUB01304,CUST01304,PLAN001,2025-08-30,,Annual,Active
SUB01305,CUST01305,PLAN001,2025-03-01,,Monthly,Active
SUB01306,CUST01306,PLAN002,2024-09-06,2025-09-01,Monthly,Cancelled
SUB01307,CUST01307,PLAN002,2024-06-10,2024-09-08,Monthly,Expired
SUB01308,CUST01308,PLAN001,2024-07-02,2025-06-27,Monthly,Cancelled
SUB01309,CUST01309,PLAN001,2025-03-02,,Monthly,Active
SUB01310,CUST01310,PLAN003,2024-07-30,,Annual,Active
SUB01311,CUST01311,PLAN001,2024-09-01,,Monthly,Active
SUB01312,CUST01312,PLAN002,2025-05-26,,Monthly,Active
SUB01313,CUST01313,PLAN003,2024-12-22,,Annual,Active
SUB01314,CUST01314,PLAN002,2025-06-26,2025-12-23,Monthly,Cancelled
SUB01315,CUST01315,PLAN001,2025-04-20,,Monthly,Active
SUB01316,CUST01316,PLAN001,2024-07-17,2025-07-12,Monthly,Cancelled
SUB01317,CUST01317,PLAN001,2025-05-24,,Monthly,Active
SUB01318,CUST01318,PLAN003,2025-10-22,,Monthly,Active
SUB01319,CUST01319,PLAN002,2025-09-23,2025-12-22,Monthly,Cancelled
SUB01320,CUST01320,PLAN001,2024-02-23,2025-02-17,Monthly,Cancelled
SUB01321,CUST01321,PLAN001,2025-05-11,2025-11-07,Monthly,Cancelled
SUB01322,CUST01322,PLAN003,2025-08-29,,Annual,Active
SUB01323,CUST01323,PLAN002,2024-08-23,,Monthly,Active
SUB01324,CUST01324,PLAN001,2025-02-26,,Monthly,Active
SUB01325,CUST01325,PLAN003,2025-04-27,,Monthly,Active
SUB01326,CUST01326,PLAN003,2024-08-09,2025-08-04,Monthly,Cancelled
SUB01327,CUST01327,PLAN002,2024-05-19,,Monthly,Active
SUB01328,CUST01328,PLAN001,2024-07-26,2025-01-22,Monthly,Cancelled
SUB01329,CUST01329,PLAN002,2024-10-14,2025-10-09,Monthly,Cancelled
SUB01330,CUST01330,PLAN001,2024-06-24,2025-12-16,Monthly,Cancelled
SUB01331,CUST01331,PLAN003,2025-10-15,,Monthly,Active
SUB01332,CUST01332,PLAN003,2024-03-29,,Monthly,Active
SUB01333,CUST01333,PLAN001,2025-08-28,,Monthly,Active
SUB01334,CUST01334,PLAN001,2024-09-09,,Monthly,Active
SUB01335,CUST01335,PLAN002,2025-08-10,2025-11-08,Monthly,Cancelled
SUB01336,CUST01336,PLAN002,2025-04-26,,Annual,Active
SUB01337,CUST01337,PLAN001,2025-05-05,,Monthly,Active
SUB01338,CUST01338,PLAN001,2025-05-22,,Monthly,Active
SUB01339,CUST01339,PLAN002,2024-08-11,,Monthly,Active
SUB01340,CUST01340,PLAN001,2024-01-17,2025-07-10,Monthly,Cancelled
SUB01341,CUST01341,PLAN001,2025-08-07,,Monthly,Active
SUB01342,CUST01342,PLAN002,2024-05-21,2025-05-16,Monthly,Cancelled
SUB01343,CUST01343,PLAN001,2025-10-03,,Annual,Active
SUB01344,CUST01344,PLAN001,2025-01-29,,Monthly,Active
SUB01345,CUST01345,PLAN001,2025-03-12,,Monthly,Active
SUB01346,CUST01346,PLAN003,2025-12-02,,Monthly,Active
SUB01347,CUST01347,PLAN002,2025-06-11,,Monthly,Active
SUB01348,CUST01348,PLAN002,2024-04-23,,Monthly,Active
SUB01349,CUST01349,PLAN002,2025-01-10,,Monthly,Active
SUB01350,CUST01350,PLAN003,2024-05-21,2025-05-16,Monthly,Expired
SUB01351,CUST01351,PLAN001,2025-08-17,,Monthly,Active
SUB01352,CUST01352,PLAN002,2024-11-24,,Monthly,Active
SUB01353,CUST01353,PLAN002,2024-10-10,,Monthly,Active
SUB01354,CUST01354,PLAN001,2025-05-28,2025-11-24,Annual,Cancelled
SUB01355,CUST01355,PLAN001,2025-04-07,,Monthly,Active
SUB01356,CUST01356,PLAN002,2024-07-11,,Monthly,Active
SUB01357,CUST01357,PLAN001,2024-07-02,,Monthly,Active
SUB01358,CUST01358,PLAN002,2024-04-24,2025-10-16,Monthly,Cancelled
SUB01359,CUST01359,PLAN002,2025-06-17,,Monthly,Active
SUB01360,CUST01360,PLAN002,2025-04-30,,Monthly,Active
SUB01361,CUST01361,PLAN002,2024-10-25,2025-01-23,Monthly,Cancelled
SUB01362,CUST01362,PLAN003,2025-06-16,,Monthly,Active
SUB01363,CUST01363,PLAN002,2025-05-12,,Annual,Active
SUB01364,CUST01364,PLAN001,2025-04-13,,Monthly,Active
SUB01365,CUST01365,PLAN001,2024-06-24,2025-06-19,Annual,Cancelled
SUB01366,CUST01366,PLAN001,2024-02-18,2024-08-16,Monthly,Cancelled
SUB01367,CUST01367,PLAN001,2025-09-25,,Monthly,Active
SUB01368,CUST01368,PLAN001,2024-06-28,2025-12-20,Monthly,Cancelled
SUB01369,CUST01369,PLAN002,2024-06-14,2025-06-09,Monthly,Cancelled
SUB01370,CUST01370,PLAN002,2025-03-27,2025-06-25,Monthly,Cancelled
SUB01371,CUST01371,PLAN001,2025-11-12,,Monthly,Active
SUB01372,CUST01372,PLAN001,2025-07-06,,Monthly,Active
SUB01373,CUST01373,PLAN001,2025-02-18,2025-08-17,Monthly,Cancelled
SUB01374,CUST01374,PLAN002,2024-11-23,2025-02-21,Monthly,Expired
SUB01375,CUST01375,PLAN001,2025-10-24,,Annual,Active
SUB01376,CUST01376,PLAN003,2025-08-01,,Monthly,Active
SUB01377,CUST01377,PLAN001,2025-05-05,2025-08-03,Monthly,Cancelled
SUB01378,CUST01378,PLAN003,2024-11-11,,Monthly,Active
SUB01379,CUST01379,PLAN002,2024-12-31,2025-03-31,Monthly,Expired
SUB01380,CUST01380,PLAN001,2025-08-20,,Monthly,Active
SUB01381,CUST01381,PLAN003,2024-07-19,2024-10-17,Monthly,Expired
SUB01382,CUST01382,PLAN003,2025-06-08,,Annual,Active
SUB01383,CUST01383,PLAN001,2025-11-13,,Monthly,Active
SUB01384,CUST01384,PLAN002,2025-01-13,2025-07-12,Monthly,Cancelled
SUB01385,CUST01385,PLAN001,2024-11-11,2025-11-06,Monthly,Cancelled
SUB01386,CUST01386,PLAN002,2025-03-30,,Monthly,Active
SUB01387,CUST01387,PLAN001,2024-06-16,2025-12-08,Monthly,Cancelled
SUB01388,CUST01388,PLAN001,2024-05-22,2025-11-13,Monthly,Cancelled
SUB01389,CUST01389,PLAN001,2024-11-06,2025-02-04,Monthly,Cancelled
SUB01390,CUST01390,PLAN001,2024-03-08,2025-08-30,Annual,Expired
SUB01391,CUST01391,PLAN001,2024-01-07,2025-06-30,Annual,Cancelled
SUB01392,CUST01392,PLAN001,2025-12-28,,Annual,Active
SUB01393,CUST01393,PLAN001,2024-10-23,,Annual,Active
SUB01394,CUST01394,PLAN001,2025-08-22,,Monthly,Active
SUB01395,CUST01395,PLAN003,2024-01-28,2025-01-22,Monthly,Cancelled
SUB01396,CUST01396,PLAN001,2024-05-07,2024-11-03,Monthly,Cancelled
SUB01397,CUST01397,PLAN001,2025-12-05,,Monthly,Active
SUB01398,CUST01398,PLAN003,2025-05-19,,Monthly,Active
SUB01399,CUST01399,PLAN002,2025-08-18,,Annual,Active
SUB01400,CUST01400,PLAN003,2025-12-11,,Monthly,Active
SUB01401,CUST01401,PLAN001,2024-09-22,,Monthly,Active
SUB01402,CUST01402,PLAN002,2025-12-10,,Monthly,Active
SUB01403,CUST01403,PLAN002,2025-03-05,,Monthly,Active
SUB01404,CUST01404,PLAN001,2025-06-26,2025-12-23,Monthly,Expired
SUB01405,CUST01405,PLAN002,2024-04-06,2025-09-28,Monthly,Cancelled
SUB01406,CUST01406,PLAN001,2025-12-02,,Monthly,Active
SUB01407,CUST01407,PLAN003,2024-04-08,2025-09-30,Monthly,Cancelled
SUB01408,CUST01408,PLAN001,2024-05-20,,Annual,Active
SUB01409,CUST01409,PLAN001,2024-12-14,,Annual,Active
SUB01410,CUST01410,PLAN001,2025-05-30,,Monthly,Active
SUB01411,CUST01411,PLAN001,2025-03-03,,Monthly,Active
SUB01412,CUST01412,PLAN002,2024-01-18,,Annual,Active
SUB01413,CUST01413,PLAN002,2025-03-28,,Monthly,Active
SUB01414,CUST01414,PLAN002,2024-06-25,,Annual,Active
SUB01415,CUST01415,PLAN002,2024-08-15,2025-02-11,Annual,Cancelled
SUB01416,CUST01416,PLAN002,2024-11-10,2025-11-05,Monthly,Cancelled
SUB01417,CUST01417,PLAN002,2025-12-08,,Monthly,Active
SUB01418,CUST01418,PLAN001,2025-03-17,,Monthly,Active
SUB01419,CUST01419,PLAN001,2025-04-25,,Monthly,Active
SUB01420,CUST01420,PLAN001,2025-11-14,,Annual,Active
SUB01421,CUST01421,PLAN001,2025-08-24,2025-11-22,Monthly,Expired
SUB01422,CUST01422,PLAN001,2024-04-02,2025-03-28,Monthly,Cancelled
SUB01423,CUST01423,PLAN003,2024-12-26,2025-03-26,Annual,Expired
SUB01424,CUST01424,PLAN003,2025-06-01,,Annual,Active
SUB01425,CUST01425,PLAN002,2025-06-25,,Monthly,Active
SUB01426,CUST01426,PLAN003,2025-07-04,,Monthly,Active
SUB01427,CUST01427,PLAN001,2025-05-31,,Monthly,Active
SUB01428,CUST01428,PLAN002,2025-03-26,,Monthly,Active
SUB01429,CUST01429,PLAN002,2025-01-23,,Annual,Active
SUB01430,CUST01430,PLAN001,2024-11-17,2025-02-15,Annual,Expired
SUB01431,CUST01431,PLAN001,2025-01-04,,Monthly,Active
SUB01432,CUST01432,PLAN002,2024-12-01,,Monthly,Active
SUB01433,CUST01433,PLAN001,2025-12-04,,Monthly,Active
SUB01434,CUST01434,PLAN001,2024-10-24,2025-10-19,Annual,Cancelled
SUB01435,CUST01435,PLAN001,2025-05-02,,Monthly,Active
SUB01436,CUST01436,PLAN001,2025-11-19,,Annual,Active
SUB01437,CUST01437,PLAN002,2024-05-02,2025-10-24,Monthly,Expired
SUB01438,CUST01438,PLAN002,2024-06-21,2025-06-16,Monthly,Cancelled
SUB01439,CUST01439,PLAN001,2024-05-05,2025-10-27,Monthly,Cancelled
SUB01440,CUST01440,PLAN002,2025-12-31,,Monthly,Active
SUB01441,CUST01441,PLAN002,2024-12-30,,Annual,Active
SUB01442,CUST01442,PLAN002,2025-06-07,,Monthly,Active
SUB01443,CUST01443,PLAN001,2024-09-13,2025-09-08,Monthly,Expired
SUB01444,CUST01444,PLAN002,2024-01-31,2025-01-25,Annual,Cancelled
SUB01445,CUST01445,PLAN002,2025-11-25,,Annual,Active
SUB01446,CUST01446,PLAN002,2024-06-05,,Monthly,Active
SUB01447,CUST01447,PLAN001,2025-11-07,,Monthly,Active
SUB01448,CUST01448,PLAN001,2024-07-25,2025-07-20,Annual,Cancelled
SUB01449,CUST01449,PLAN001,2025-07-09,,Monthly,Active
SUB01450,CUST01450,PLAN001,2024-02-02,2025-01-27,Monthly,Expired
SUB01451,CUST01451,PLAN001,2025-01-20,,Monthly,Active
SUB01452,CUST01452,PLAN001,2025-12-24,,Monthly,Active
SUB01453,CUST01453,PLAN001,2025-05-14,,Monthly,Active
SUB01454,CUST01454,PLAN001,2025-05-02,,Monthly,Active
SUB01455,CUST01455,PLAN001,2024-09-26,2024-12-25,Annual,Cancelled
SUB01456,CUST01456,PLAN002,2024-10-18,,Monthly,Active
SUB01457,CUST01457,PLAN002,2025-01-10,,Annual,Active
SUB01458,CUST01458,PLAN003,2025-01-24,,Monthly,Active
SUB01459,CUST01459,PLAN002,2024-12-25,,Monthly,Active
SUB01460,CUST01460,PLAN002,2025-08-29,,Monthly,Active
SUB01461,CUST01461,PLAN001,2024-04-27,2025-10-19,Monthly,Expired
SUB01462,CUST01462,PLAN001,2025-04-16,,Monthly,Active
SUB01463,CUST01463,PLAN002,2024-09-30,2025-09-25,Monthly,Cancelled
SUB01464,CUST01464,PLAN002,2025-01-21,,Monthly,Active
SUB01465,CUST01465,PLAN002,2024-04-12,2025-04-07,Monthly,Cancelled
SUB01466,CUST01466,PLAN001,2024-06-19,2025-12-11,Monthly,Cancelled
SUB01467,CUST01467,PLAN003,2025-05-23,,Monthly,Active
SUB01468,CUST01468,PLAN002,2024-10-21,2025-10-16,Annual,Cancelled
SUB01469,CUST01469,PLAN002,2024-08-19,,Monthly,Active
SUB01470,CUST01470,PLAN002,2025-08-29,,Monthly,Active
SUB01471,CUST01471,PLAN002,2025-03-13,,Monthly,Active
SUB01472,CUST01472,PLAN001,2025-05-31,,Monthly,Active
SUB01473,CUST01473,PLAN003,2024-07-23,2024-10-21,Monthly,Cancelled
SUB01474,CUST01474,PLAN001,2025-11-18,,Annual,Active
SUB01475,CUST01475,PLAN003,2025-08-13,,Monthly,Active
SUB01476,CUST01476,PLAN003,2024-10-01,2024-12-30,Monthly,Cancelled
SUB01477,CUST01477,PLAN002,2025-08-02,,Annual,Active
SUB01478,CUST01478,PLAN001,2025-04-18,2025-07-17,Monthly,Cancelled
SUB01479,CUST01479,PLAN002,2025-03-21,,Monthly,Active
SUB01480,CUST01480,PLAN001,2025-10-11,,Monthly,Active
SUB01481,CUST01481,PLAN001,2025-10-23,,Monthly,Active
SUB01482,CUST01482,PLAN002,2024-09-01,2025-08-27,Monthly,Cancelled
SUB01483,CUST01483,PLAN002,2025-04-20,,Monthly,Active
SUB01484,CUST01484,PLAN002,2024-07-25,,Monthly,Active
SUB01485,CUST01485,PLAN002,2025-11-05,,Monthly,Active
SUB01486,CUST01486,PLAN002,2024-01-21,2024-07-19,Monthly,Cancelled
SUB01487,CUST01487,PLAN002,2024-03-06,2025-03-01,Annual,Expired
SUB01488,CUST01488,PLAN002,2025-02-10,,Monthly,Active
SUB01489,CUST01489,PLAN002,2024-04-24,2025-10-16,Annual,Cancelled
SUB01490,CUST01490,PLAN003,2025-05-23,,Annual,Active
SUB01491,CUST01491,PLAN002,2024-12-03,2025-03-03,Monthly,Cancelled
SUB01492,CUST01492,PLAN001,2025-03-09,,Monthly,Active
SUB01493,CUST01493,PLAN002,2025-03-26,,Monthly,Active
SUB01494,CUST01494,PLAN001,2025-06-30,,Annual,Active
SUB01495,CUST01495,PLAN002,2025-05-01,2025-07-30,Monthly,Cancelled
SUB01496,CUST01496,PLAN003,2025-01-06,,Monthly,Active
SUB01497,CUST01497,PLAN002,2025-10-22,,Monthly,Active
SUB01498,CUST01498,PLAN001,2025-12-08,,Annual,Active
SUB01499,CUST01499,PLAN002,2024-11-12,2025-05-11,Monthly,Cancelled
SUB01500,CUST01500,PLAN001,2025-07-01,,Monthly,Active
SUB01501,CUST01501,PLAN001,2025-02-06,,Annual,Active
SUB01502,CUST01502,PLAN001,2024-10-31,2025-10-26,Monthly,Cancelled
SUB01503,CUST01503,PLAN003,2025-10-21,,Monthly,Active
SUB01504,CUST01504,PLAN001,2025-05-18,,Monthly,Active
SUB01505,CUST01505,PLAN002,2025-03-08,,Monthly,Active
SUB01506,CUST01506,PLAN001,2025-12-16,,Monthly,Active
SUB01507,CUST01507,PLAN001,2025-04-09,2025-07-08,Monthly,Cancelled
SUB01508,CUST01508,PLAN001,2025-10-07,,Monthly,Active
SUB01509,CUST01509,PLAN001,2024-07-23,,Monthly,Active
SUB01510,CUST01510,PLAN002,2024-06-10,2024-09-08,Monthly,Cancelled
SUB01511,CUST01511,PLAN002,2025-08-31,,Monthly,Active
SUB01512,CUST01512,PLAN003,2025-05-04,2025-10-31,Monthly,Cancelled
SUB01513,CUST01513,PLAN001,2024-10-15,,Monthly,Active
SUB01514,CUST01514,PLAN001,2025-01-21,,Annual,Active
SUB01515,CUST01515,PLAN001,2025-07-25,,Monthly,Active
SUB01516,CUST01516,PLAN002,2025-04-18,,Monthly,Active
SUB01517,CUST01517,PLAN003,2025-02-14,,Annual,Active
SUB01518,CUST01518,PLAN001,2025-01-11,,Annual,Active
SUB01519,CUST01519,PLAN001,2025-04-09,,Monthly,Active
SUB01520,CUST01520,PLAN002,2024-07-14,2025-07-09,Monthly,Cancelled
SUB01521,CUST01521,PLAN003,2025-05-21,,Monthly,Active
SUB01522,CUST01522,PLAN003,2024-10-16,,Monthly,Active
SUB01523,CUST01523,PLAN002,2024-05-29,2025-05-24,Annual,Cancelled
SUB01524,CUST01524,PLAN001,2024-09-11,2025-09-06,Monthly,Cancelled
SUB01525,CUST01525,PLAN002,2024-01-11,2024-07-09,Monthly,Cancelled
SUB01526,CUST01526,PLAN002,2025-12-04,,Annual,Active
SUB01527,CUST01527,PLAN002,2024-03-15,2025-09-06,Annual,Cancelled
SUB01528,CUST01528,PLAN001,2025-04-27,,Monthly,Active
SUB01529,CUST01529,PLAN003,2024-01-06,2024-12-31,Monthly,Expired
SUB01530,CUST01530,PLAN001,2025-11-18,,Annual,Active
SUB01531,CUST01531,PLAN002,2024-09-23,2025-09-18,Monthly,Cancelled
SUB01532,CUST01532,PLAN002,2024-05-15,2025-11-06,Annual,Cancelled
SUB01533,CUST01533,PLAN001,2024-09-23,,Monthly,Active
SUB01534,CUST01534,PLAN003,2024-10-14,,Monthly,Active
SUB01535,CUST01535,PLAN001,2025-09-19,,Monthly,Active
SUB01536,CUST01536,PLAN002,2024-06-17,2025-06-12,Monthly,Cancelled
SUB01537,CUST01537,PLAN001,2025-07-23,,Annual,Active
SUB01538,CUST01538,PLAN003,2024-02-24,2024-05-24,Monthly,Cancelled
SUB01539,CUST01539,PLAN001,2025-04-26,,Monthly,Active
SUB01540,CUST01540,PLAN001,2025-05-21,,Monthly,Active
SUB01541,CUST01541,PLAN002,2025-04-13,,Monthly,Active
SUB01542,CUST01542,PLAN002,2024-05-06,2025-05-01,Annual,Expired
SUB01543,CUST01543,PLAN002,2024-06-21,2024-09-19,Monthly,Expired
SUB01544,CUST01544,PLAN001,2025-08-20,,Monthly,Active
SUB01545,CUST01545,PLAN001,2025-03-02,2025-05-31,Monthly,Cancelled
SUB01546,CUST01546,PLAN002,2024-12-02,,Monthly,Active
SUB01547,CUST01547,PLAN003,2025-02-07,,Monthly,Active
SUB01548,CUST01548,PLAN002,2024-01-30,2025-01-24,Monthly,Cancelled
SUB01549,CUST01549,PLAN002,2025-04-09,,Monthly,Active
SUB01550,CUST01550,PLAN001,2024-12-03,,Monthly,Active
SUB01551,CUST01551,PLAN002,2024-11-28,,Monthly,Active
SUB01552,CUST01552,PLAN003,2024-08-04,2024-11-02,Monthly,Cancelled
SUB01553,CUST01553,PLAN002,2024-02-26,2025-02-20,Monthly,Expired
SUB01554,CUST01554,PLAN002,2024-04-04,2025-03-30,Monthly,Cancelled
SUB01555,CUST01555,PLAN002,2024-04-01,2025-03-27,Monthly,Cancelled
SUB01556,CUST01556,PLAN001,2024-10-18,2025-10-13,Monthly,Cancelled
SUB01557,CUST01557,PLAN001,2025-05-17,,Monthly,Active
SUB01558,CUST01558,PLAN002,2025-12-02,,Monthly,Active
SUB01559,CUST01559,PLAN002,2025-06-08,,Monthly,Active
SUB01560,CUST01560,PLAN003,2024-10-01,,Monthly,Active
SUB01561,CUST01561,PLAN001,2025-01-12,,Monthly,Active
SUB01562,CUST01562,PLAN001,2024-02-11,,Monthly,Active
SUB01563,CUST01563,PLAN003,2025-05-22,,Annual,Active
SUB01564,CUST01564,PLAN001,2025-04-24,2025-10-21,Annual,Cancelled
SUB01565,CUST01565,PLAN002,2024-05-10,2024-08-08,Annual,Cancelled
SUB01566,CUST01566,PLAN002,2024-10-29,2025-01-27,Monthly,Cancelled
SUB01567,CUST01567,PLAN002,2025-06-09,,Monthly,Active
SUB01568,CUST01568,PLAN001,2025-11-07,,Monthly,Active
SUB01569,CUST01569,PLAN002,2025-08-22,,Annual,Active
SUB01570,CUST01570,PLAN001,2024-07-02,2025-12-24,Annual,Cancelled
SUB01571,CUST01571,PLAN001,2025-03-02,,Monthly,Active
SUB01572,CUST01572,PLAN001,2025-11-17,,Monthly,Active
SUB01573,CUST01573,PLAN002,2024-08-04,2025-07-30,Monthly,Cancelled
SUB01574,CUST01574,PLAN003,2025-11-20,,Annual,Active
SUB01575,CUST01575,PLAN001,2024-04-29,,Monthly,Active
SUB01576,CUST01576,PLAN001,2025-11-04,,Monthly,Active
SUB01577,CUST01577,PLAN002,2025-09-25,,Monthly,Active
SUB01578,CUST01578,PLAN002,2024-11-05,,Monthly,Active
SUB01579,CUST01579,PLAN001,2024-01-17,,Annual,Active
SUB01580,CUST01580,PLAN002,2025-05-07,2025-11-03,Monthly,Expired
SUB01581,CUST01581,PLAN001,2024-03-29,,Monthly,Active
SUB01582,CUST01582,PLAN002,2024-01-23,2025-01-17,Monthly,Cancelled
SUB01583,CUST01583,PLAN001,2025-05-11,,Monthly,Active
SUB01584,CUST01584,PLAN001,2024-07-25,2025-01-21,Annual,Cancelled
SUB01585,CUST01585,PLAN002,2024-12-07,,Monthly,Active
SUB01586,CUST01586,PLAN002,2025-03-01,,Monthly,Active
SUB01587,CUST01587,PLAN002,2024-02-07,2024-08-05,Monthly,Expired
SUB01588,CUST01588,PLAN001,2024-08-25,2025-08-20,Annual,Cancelled
SUB01589,CUST01589,PLAN002,2025-07-20,2025-10-18,Monthly,Expired
SUB01590,CUST01590,PLAN001,2024-04-29,2025-04-24,Annual,Expired
SUB01591,CUST01591,PLAN002,2024-01-22,2025-01-16,Monthly,Cancelled
SUB01592,CUST01592,PLAN002,2025-03-24,,Monthly,Active
SUB01593,CUST01593,PLAN002,2025-09-08,,Monthly,Active
SUB01594,CUST01594,PLAN001,2024-10-27,,Monthly,Active
SUB01595,CUST01595,PLAN002,2025-04-28,,Monthly,Active
SUB01596,CUST01596,PLAN002,2024-10-16,2025-04-14,Monthly,Cancelled
SUB01597,CUST01597,PLAN002,2024-06-26,2025-06-21,Monthly,Cancelled
SUB01598,CUST01598,PLAN001,2025-05-20,,Monthly,Active
SUB01599,CUST01599,PLAN002,2025-01-02,,Annual,Active
SUB01600,CUST01600,PLAN002,2025-05-30,2025-11-26,Monthly,Expired
SUB01601,CUST01601,PLAN001,2025-09-24,,Monthly,Active
SUB01602,CUST01602,PLAN001,2024-12-14,,Annual,Active
SUB01603,CUST01603,PLAN002,2024-06-03,2025-05-29,Monthly,Expired
SUB01604,CUST01604,PLAN001,2025-12-24,,Annual,Active
SUB01605,CUST01605,PLAN002,2024-04-18,2025-10-10,Annual,Cancelled
SUB01606,CUST01606,PLAN001,2025-07-29,,Monthly,Active
SUB01607,CUST01607,PLAN001,2024-07-29,2024-10-27,Monthly,Expired
SUB01608,CUST01608,PLAN002,2025-06-02,,Monthly,Active
SUB01609,CUST01609,PLAN002,2024-12-08,2025-06-06,Monthly,Cancelled
SUB01610,CUST01610,PLAN001,2025-03-01,2025-08-28,Annual,Cancelled
SUB01611,CUST01611,PLAN002,2024-12-15,2025-06-13,Monthly,Cancelled
SUB01612,CUST01612,PLAN001,2025-02-28,,Monthly,Active
SUB01613,CUST01613,PLAN002,2024-08-21,,Monthly,Active
SUB01614,CUST01614,PLAN002,2025-04-14,,Monthly,Active
SUB01615,CUST01615,PLAN002,2024-01-31,2025-07-24,Annual,Cancelled
SUB01616,CUST01616,PLAN002,2024-03-27,2025-03-22,Monthly,Expired
SUB01617,CUST01617,PLAN003,2025-03-20,,Annual,Active
SUB01618,CUST01618,PLAN001,2025-08-11,,Annual,Active
SUB01619,CUST01619,PLAN003,2025-03-05,,Monthly,Active
SUB01620,CUST01620,PLAN002,2024-11-17,2025-11-12,Monthly,Cancelled
SUB01621,CUST01621,PLAN003,2025-12-18,,Monthly,Active
SUB01622,CUST01622,PLAN002,2025-12-15,,Monthly,Active
SUB01623,CUST01623,PLAN002,2024-07-21,2025-01-17,Monthly,Cancelled
SUB01624,CUST01624,PLAN001,2025-02-03,,Monthly,Active
SUB01625,CUST01625,PLAN003,2024-08-06,2025-08-01,Monthly,Cancelled
SUB01626,CUST01626,PLAN001,2025-10-12,,Monthly,Active
SUB01627,CUST01627,PLAN002,2024-09-04,,Monthly,Active
SUB01628,CUST01628,PLAN002,2024-03-02,2025-08-24,Monthly,Cancelled
SUB01629,CUST01629,PLAN002,2024-05-06,2025-05-01,Annual,Expired
SUB01630,CUST01630,PLAN001,2024-11-01,,Monthly,Active
SUB01631,CUST01631,PLAN001,2025-08-18,,Monthly,Active
SUB01632,CUST01632,PLAN002,2024-12-24,,Monthly,Active
SUB01633,CUST01633,PLAN003,2025-01-21,,Monthly,Active
SUB01634,CUST01634,PLAN002,2025-01-04,2025-07-03,Monthly,Cancelled
SUB01635,CUST01635,PLAN002,2024-03-24,2024-06-22,Annual,Cancelled
SUB01636,CUST01636,PLAN002,2024-08-07,2024-11-05,Monthly,Cancelled
SUB01637,CUST01637,PLAN002,2025-08-25,,Monthly,Active
SUB01638,CUST01638,PLAN001,2025-08-21,,Annual,Active
SUB01639,CUST01639,PLAN003,2025-03-02,2025-08-29,Annual,Expired
SUB01640,CUST01640,PLAN001,2025-12-29,,Annual,Active
SUB01641,CUST01641,PLAN002,2025-12-12,,Monthly,Active
SUB01642,CUST01642,PLAN001,2025-07-26,,Monthly,Active
SUB01643,CUST01643,PLAN002,2024-04-22,2025-10-14,Annual,Cancelled
SUB01644,CUST01644,PLAN001,2024-04-30,2025-04-25,Monthly,Cancelled
SUB01645,CUST01645,PLAN001,2024-01-29,,Monthly,Active
SUB01646,CUST01646,PLAN001,2024-02-19,,Monthly,Active
SUB01647,CUST01647,PLAN003,2024-07-06,2024-10-04,Annual,Cancelled
SUB01648,CUST01648,PLAN001,2024-03-10,2024-09-06,Monthly,Cancelled
SUB01649,CUST01649,PLAN002,2025-08-02,,Monthly,Active
SUB01650,CUST01650,PLAN002,2025-09-12,,Monthly,Active
SUB01651,CUST01651,PLAN001,2025-04-05,,Monthly,Active
SUB01652,CUST01652,PLAN003,2024-04-01,2024-06-30,Monthly,Cancelled
SUB01653,CUST01653,PLAN002,2024-08-26,,Annual,Active
SUB01654,CUST01654,PLAN002,2024-10-11,2025-01-09,Monthly,Cancelled
SUB01655,CUST01655,PLAN001,2025-08-08,,Monthly,Active
SUB01656,CUST01656,PLAN002,2025-10-21,,Annual,Active
SUB01657,CUST01657,PLAN002,2025-08-06,,Annual,Active
SUB01658,CUST01658,PLAN001,2024-05-03,2025-10-25,Monthly,Cancelled
SUB01659,CUST01659,PLAN002,2024-10-08,2025-04-06,Monthly,Cancelled
SUB01660,CUST01660,PLAN001,2024-03-27,2025-03-22,Monthly,Cancelled
SUB01661,CUST01661,PLAN001,2025-05-18,,Annual,Active
SUB01662,CUST01662,PLAN001,2025-02-28,,Monthly,Active
SUB01663,CUST01663,PLAN001,2024-04-03,2025-03-29,Annual,Cancelled
SUB01664,CUST01664,PLAN002,2024-05-27,2025-11-18,Monthly,Cancelled
SUB01665,CUST01665,PLAN001,2025-02-21,,Monthly,Active
SUB01666,CUST01666,PLAN002,2024-07-04,2024-12-31,Monthly,Cancelled
SUB01667,CUST01667,PLAN002,2024-11-23,2025-05-22,Monthly,Cancelled
SUB01668,CUST01668,PLAN001,2024-02-23,2024-08-21,Annual,Expired
SUB01669,CUST01669,PLAN002,2025-05-19,2025-11-15,Monthly,Cancelled
SUB01670,CUST01670,PLAN001,2024-10-02,2025-03-31,Annual,Cancelled
SUB01671,CUST01671,PLAN002,2025-05-10,2025-11-06,Monthly,Expired
SUB01672,CUST01672,PLAN001,2024-10-02,2025-09-27,Monthly,Expired
SUB01673,CUST01673,PLAN002,2025-07-22,,Annual,Active
SUB01674,CUST01674,PLAN001,2025-04-01,,Monthly,Active
SUB01675,CUST01675,PLAN002,2025-01-17,,Monthly,Active
SUB01676,CUST01676,PLAN002,2025-07-22,,Annual,Active
SUB01677,CUST01677,PLAN002,2025-10-30,,Monthly,Active
SUB01678,CUST01678,PLAN002,2024-10-06,2025-10-01,Monthly,Cancelled
SUB01679,CUST01679,PLAN003,2025-10-09,,Monthly,Active
SUB01680,CUST01680,PLAN001,2024-06-14,,Monthly,Active
SUB01681,CUST01681,PLAN001,2025-02-08,,Monthly,Active
SUB01682,CUST01682,PLAN001,2025-03-18,,Monthly,Active
SUB01683,CUST01683,PLAN003,2025-11-29,,Annual,Active
SUB01684,CUST01684,PLAN001,2024-10-06,2025-01-04,Monthly,Cancelled
SUB01685,CUST01685,PLAN002,2025-09-05,,Monthly,Active
SUB01686,CUST01686,PLAN001,2025-09-15,,Monthly,Active
SUB01687,CUST01687,PLAN002,2025-07-23,,Monthly,Active
SUB01688,CUST01688,PLAN002,2025-07-05,,Monthly,Active
SUB01689,CUST01689,PLAN002,2025-11-18,,Annual,Active
SUB01690,CUST01690,PLAN002,2025-09-07,,Monthly,Active
SUB01691,CUST01691,PLAN002,2024-05-07,2024-08-05,Annual,Expired
SUB01692,CUST01692,PLAN001,2024-01-21,2025-01-15,Monthly,Cancelled
SUB01693,CUST01693,PLAN003,2024-07-15,,Monthly,Active
SUB01694,CUST01694,PLAN002,2024-08-27,,Monthly,Active
SUB01695,CUST01695,PLAN002,2025-12-21,,Monthly,Active
SUB01696,CUST01696,PLAN002,2024-04-23,2024-10-20,Annual,Cancelled
SUB01697,CUST01697,PLAN001,2025-07-19,,Monthly,Active
SUB01698,CUST01698,PLAN002,2024-03-07,2025-08-29,Monthly,Cancelled
SUB01699,CUST01699,PLAN003,2025-08-06,,Monthly,Active
SUB01700,CUST01700,PLAN002,2024-07-15,,Annual,Active
SUB01701,CUST01701,PLAN003,2025-11-28,,Monthly,Active
SUB01702,CUST01702,PLAN001,2025-10-18,,Monthly,Active
SUB01703,CUST01703,PLAN002,2025-03-18,2025-06-16,Monthly,Cancelled
SUB01704,CUST01704,PLAN001,2025-05-22,2025-11-18,Monthly,Cancelled
SUB01705,CUST01705,PLAN002,2024-02-18,2025-02-12,Monthly,Cancelled
SUB01706,CUST01706,PLAN002,2024-01-06,2025-12-26,Annual,Expired
SUB01707,CUST01707,PLAN001,2024-08-19,2025-08-14,Annual,Cancelled
SUB01708,CUST01708,PLAN003,2024-07-20,,Monthly,Active
SUB01709,CUST01709,PLAN001,2024-01-29,2025-07-22,Monthly,Cancelled
SUB01710,CUST01710,PLAN002,2024-09-13,,Monthly,Active
SUB01711,CUST01711,PLAN001,2024-02-25,2025-08-18,Annual,Cancelled
SUB01712,CUST01712,PLAN002,2025-09-06,,Monthly,Active
SUB01713,CUST01713,PLAN001,2025-08-15,,Monthly,Active
SUB01714,CUST01714,PLAN002,2024-11-16,,Annual,Active
SUB01715,CUST01715,PLAN001,2024-03-04,2025-08-26,Monthly,Cancelled
SUB01716,CUST01716,PLAN001,2024-03-08,,Monthly,Active
SUB01717,CUST01717,PLAN002,2025-01-25,2025-07-24,Monthly,Expired
SUB01718,CUST01718,PLAN001,2025-09-05,,Monthly,Active
SUB01719,CUST01719,PLAN003,2025-04-20,2025-07-19,Annual,Cancelled
SUB01720,CUST01720,PLAN002,2025-10-28,,Monthly,Active
SUB01721,CUST01721,PLAN002,2025-08-24,,Monthly,Active
SUB01722,CUST01722,PLAN002,2025-08-30,,Monthly,Active
SUB01723,CUST01723,PLAN002,2025-10-14,,Monthly,Active
SUB01724,CUST01724,PLAN001,2024-07-09,2025-07-04,Monthly,Cancelled
SUB01725,CUST01725,PLAN001,2024-11-15,2025-11-10,Monthly,Cancelled
SUB01726,CUST01726,PLAN003,2024-11-14,2025-05-13,Monthly,Cancelled
SUB01727,CUST01727,PLAN003,2025-04-25,,Monthly,Active
SUB01728,CUST01728,PLAN001,2025-06-14,,Monthly,Active
SUB01729,CUST01729,PLAN001,2025-06-03,,Monthly,Active
SUB01730,CUST01730,PLAN002,2024-12-18,2025-12-13,Monthly,Cancelled
SUB01731,CUST01731,PLAN003,2024-03-11,2025-09-02,Annual,Cancelled
SUB01732,CUST01732,PLAN001,2025-09-06,,Annual,Active
SUB01733,CUST01733,PLAN002,2025-09-22,,Monthly,Active
SUB01734,CUST01734,PLAN001,2024-02-13,2025-02-07,Monthly,Cancelled
SUB01735,CUST01735,PLAN002,2025-04-22,2025-10-19,Monthly,Cancelled
SUB01736,CUST01736,PLAN001,2025-01-19,2025-07-18,Monthly,Expired
SUB01737,CUST01737,PLAN002,2025-01-06,,Monthly,Active
SUB01738,CUST01738,PLAN001,2024-05-25,2024-11-21,Monthly,Cancelled
SUB01739,CUST01739,PLAN001,2024-02-14,2025-08-07,Monthly,Expired
SUB01740,CUST01740,PLAN002,2024-08-12,2025-02-08,Monthly,Expired
SUB01741,CUST01741,PLAN001,2024-07-01,2025-06-26,Monthly,Cancelled
SUB01742,CUST01742,PLAN003,2024-01-22,2024-07-20,Annual,Cancelled
SUB01743,CUST01743,PLAN001,2024-12-12,,Annual,Active
SUB01744,CUST01744,PLAN001,2025-01-16,,Annual,Active
SUB01745,CUST01745,PLAN003,2025-12-29,,Annual,Active
SUB01746,CUST01746,PLAN003,2024-07-13,2025-01-09,Monthly,Cancelled
SUB01747,CUST01747,PLAN003,2025-09-05,2025-12-04,Annual,Expired
SUB01748,CUST01748,PLAN002,2025-09-22,,Monthly,Active
SUB01749,CUST01749,PLAN002,2024-12-01,,Monthly,Active
SUB01750,CUST01750,PLAN002,2025-06-04,2025-12-01,Annual,Cancelled
SUB01751,CUST01751,PLAN001,2025-04-26,2025-07-25,Monthly,Expired
SUB01752,CUST01752,PLAN002,2025-10-22,,Monthly,Active
SUB01753,CUST01753,PLAN001,2024-07-02,2024-09-30,Monthly,Cancelled
SUB01754,CUST01754,PLAN002,2025-05-21,,Annual,Active
SUB01755,CUST01755,PLAN002,2024-07-31,2025-07-26,Annual,Cancelled
SUB01756,CUST01756,PLAN002,2025-02-09,2025-08-08,Monthly,Cancelled
SUB01757,CUST01757,PLAN003,2025-01-18,,Monthly,Active
SUB01758,CUST01758,PLAN001,2024-10-29,,Monthly,Active
SUB01759,CUST01759,PLAN001,2025-04-21,,Monthly,Active
SUB01760,CUST01760,PLAN001,2025-03-18,,Monthly,Active
SUB01761,CUST01761,PLAN002,2025-01-26,2025-04-26,Monthly,Cancelled
SUB01762,CUST01762,PLAN002,2025-01-02,2025-07-01,Monthly,Cancelled
SUB01763,CUST01763,PLAN002,2024-10-10,2025-10-05,Annual,Cancelled
SUB01764,CUST01764,PLAN001,2024-02-09,2025-02-03,Annual,Expired
SUB01765,CUST01765,PLAN001,2024-09-13,,Monthly,Active
SUB01766,CUST01766,PLAN002,2024-07-14,,Annual,Active
SUB01767,CUST01767,PLAN003,2024-01-09,2025-07-02,Monthly,Cancelled
SUB01768,CUST01768,PLAN001,2025-02-19,,Monthly,Active
SUB01769,CUST01769,PLAN001,2025-10-31,,Monthly,Active
SUB01770,CUST01770,PLAN003,2024-08-21,,Monthly,Active
SUB01771,CUST01771,PLAN001,2025-06-12,2025-12-09,Monthly,Cancelled
SUB01772,CUST01772,PLAN003,2024-12-14,,Monthly,Active
SUB01773,CUST01773,PLAN002,2025-12-15,,Monthly,Active
SUB01774,CUST01774,PLAN002,2025-01-18,,Monthly,Active
SUB01775,CUST01775,PLAN001,2025-05-26,,Annual,Active
SUB01776,CUST01776,PLAN001,2025-03-05,,Monthly,Active
SUB01777,CUST01777,PLAN002,2024-11-29,,Annual,Active
SUB01778,CUST01778,PLAN002,2024-06-06,2025-11-28,Monthly,Cancelled
SUB01779,CUST01779,PLAN002,2025-01-25,,Monthly,Active
SUB01780,CUST01780,PLAN001,2024-07-11,2025-01-07,Monthly,Cancelled
SUB01781,CUST01781,PLAN001,2025-10-16,,Monthly,Active
SUB01782,CUST01782,PLAN001,2024-02-02,2025-07-26,Annual,Cancelled
SUB01783,CUST01783,PLAN001,2024-07-22,2025-07-17,Annual,Cancelled
SUB01784,CUST01784,PLAN001,2024-10-25,2025-01-23,Monthly,Cancelled
SUB01785,CUST01785,PLAN002,2025-06-14,,Annual,Active
SUB01786,CUST01786,PLAN002,2025-02-04,2025-08-03,Annual,Cancelled
SUB01787,CUST01787,PLAN001,2025-05-04,,Annual,Active
SUB01788,CUST01788,PLAN003,2024-05-13,2024-11-09,Monthly,Cancelled
SUB01789,CUST01789,PLAN002,2024-06-11,2025-12-03,Monthly,Cancelled
SUB01790,CUST01790,PLAN002,2024-10-09,2025-04-07,Monthly,Cancelled
SUB01791,CUST01791,PLAN001,2025-09-11,,Annual,Active
SUB01792,CUST01792,PLAN003,2025-04-16,2025-10-13,Monthly,Cancelled
SUB01793,CUST01793,PLAN002,2025-10-23,,Monthly,Active
SUB01794,CUST01794,PLAN001,2025-02-04,2025-08-03,Annual,Cancelled
SUB01795,CUST01795,PLAN002,2024-09-12,2025-03-11,Monthly,Cancelled
SUB01796,CUST01796,PLAN003,2025-01-28,2025-07-27,Monthly,Cancelled
SUB01797,CUST01797,PLAN002,2025-02-06,,Monthly,Active
SUB01798,CUST01798,PLAN001,2024-10-07,2025-04-05,Monthly,Cancelled
SUB01799,CUST01799,PLAN001,2025-12-15,,Monthly,Active
SUB01800,CUST01800,PLAN003,2025-07-20,,Monthly,Active
SUB01801,CUST01801,PLAN002,2025-05-31,2025-08-29,Monthly,Expired
SUB01802,CUST01802,PLAN001,2024-09-15,2025-03-14,Monthly,Expired
SUB01803,CUST01803,PLAN001,2025-10-16,,Monthly,Active
SUB01804,CUST01804,PLAN002,2025-02-12,2025-08-11,Monthly,Cancelled
SUB01805,CUST01805,PLAN001,2024-04-27,,Monthly,Active
SUB01806,CUST01806,PLAN003,2025-05-11,,Monthly,Active
SUB01807,CUST01807,PLAN001,2025-12-31,,Monthly,Active
SUB01808,CUST01808,PLAN001,2024-06-14,2025-12-06,Annual,Cancelled
SUB01809,CUST01809,PLAN002,2024-10-28,2025-10-23,Monthly,Expired
SUB01810,CUST01810,PLAN001,2025-11-18,,Monthly,Active
SUB01811,CUST01811,PLAN001,2025-01-01,2025-12-27,Monthly,Cancelled
SUB01812,CUST01812,PLAN002,2025-03-28,,Monthly,Active
SUB01813,CUST01813,PLAN002,2025-02-03,2025-08-02,Monthly,Cancelled
SUB01814,CUST01814,PLAN001,2024-02-19,2025-08-12,Monthly,Expired
SUB01815,CUST01815,PLAN001,2025-01-18,2025-07-17,Monthly,Cancelled
SUB01816,CUST01816,PLAN001,2024-01-29,2025-07-22,Monthly,Expired
SUB01817,CUST01817,PLAN002,2024-08-13,,Monthly,Active
SUB01818,CUST01818,PLAN002,2024-06-20,2025-06-15,Monthly,Expired
SUB01819,CUST01819,PLAN001,2024-11-26,2025-02-24,Annual,Cancelled
SUB01820,CUST01820,PLAN003,2025-03-14,,Monthly,Active
SUB01821,CUST01821,PLAN001,2024-06-26,2024-09-24,Monthly,Cancelled
SUB01822,CUST01822,PLAN002,2024-08-05,,Monthly,Active
SUB01823,CUST01823,PLAN002,2025-10-27,,Monthly,Active
SUB01824,CUST01824,PLAN001,2025-02-24,,Monthly,Active
SUB01825,CUST01825,PLAN002,2025-12-30,,Monthly,Active
SUB01826,CUST01826,PLAN002,2024-04-07,2025-04-02,Annual,Cancelled
SUB01827,CUST01827,PLAN002,2024-12-06,,Annual,Active
SUB01828,CUST01828,PLAN003,2025-11-13,,Annual,Active
SUB01829,CUST01829,PLAN001,2025-01-26,,Monthly,Active
SUB01830,CUST01830,PLAN001,2024-08-26,2024-11-24,Monthly,Expired
SUB01831,CUST01831,PLAN002,2024-08-30,2025-08-25,Monthly,Cancelled
SUB01832,CUST01832,PLAN001,2024-03-02,2025-02-25,Monthly,Cancelled
SUB01833,CUST01833,PLAN001,2025-01-19,2025-04-19,Annual,Cancelled
SUB01834,CUST01834,PLAN001,2024-12-02,2025-11-27,Monthly,Cancelled
SUB01835,CUST01835,PLAN003,2025-06-17,,Monthly,Active
SUB01836,CUST01836,PLAN002,2024-01-25,2025-07-18,Monthly,Expired
SUB01837,CUST01837,PLAN001,2024-07-29,,Monthly,Active
SUB01838,CUST01838,PLAN003,2025-09-14,,Monthly,Active
SUB01839,CUST01839,PLAN001,2025-10-06,,Monthly,Active
SUB01840,CUST01840,PLAN001,2024-02-23,2025-02-17,Monthly,Cancelled
SUB01841,CUST01841,PLAN003,2024-04-03,2025-09-25,Annual,Expired
SUB01842,CUST01842,PLAN002,2024-08-29,2024-11-27,Monthly,Expired
SUB01843,CUST01843,PLAN002,2024-06-17,2025-12-09,Monthly,Cancelled
SUB01844,CUST01844,PLAN002,2024-11-06,2025-11-01,Monthly,Cancelled
SUB01845,CUST01845,PLAN003,2024-10-05,2025-04-03,Monthly,Expired
SUB01846,CUST01846,PLAN002,2025-02-11,,Monthly,Active
SUB01847,CUST01847,PLAN001,2024-06-08,2024-12-05,Monthly,Cancelled
SUB01848,CUST01848,PLAN001,2025-03-13,,Monthly,Active
SUB01849,CUST01849,PLAN002,2025-09-01,,Monthly,Active
SUB01850,CUST01850,PLAN003,2025-01-24,2025-07-23,Monthly,Expired
SUB01851,CUST01851,PLAN002,2024-03-14,,Monthly,Active
SUB01852,CUST01852,PLAN001,2024-07-13,,Monthly,Active
SUB01853,CUST01853,PLAN001,2025-05-18,,Monthly,Active
SUB01854,CUST01854,PLAN003,2025-01-28,2025-07-27,Monthly,Cancelled
SUB01855,CUST01855,PLAN003,2025-02-22,,Monthly,Active
SUB01856,CUST01856,PLAN001,2024-07-17,2024-10-15,Annual,Cancelled
SUB01857,CUST01857,PLAN002,2025-06-05,,Annual,Active
SUB01858,CUST01858,PLAN002,2025-10-28,,Monthly,Active
SUB01859,CUST01859,PLAN001,2025-05-04,,Monthly,Active
SUB01860,CUST01860,PLAN002,2025-12-15,,Monthly,Active
SUB01861,CUST01861,PLAN001,2025-11-28,,Monthly,Active
SUB01862,CUST01862,PLAN001,2024-01-13,2025-01-07,Monthly,Expired
SUB01863,CUST01863,PLAN002,2025-02-11,,Monthly,Active
SUB01864,CUST01864,PLAN002,2025-03-09,2025-06-07,Monthly,Expired
SUB01865,CUST01865,PLAN001,2025-05-27,,Monthly,Active
SUB01866,CUST01866,PLAN003,2025-02-25,,Monthly,Active
SUB01867,CUST01867,PLAN003,2025-10-13,,Monthly,Active
SUB01868,CUST01868,PLAN002,2024-10-02,2025-03-31,Monthly,Cancelled
SUB01869,CUST01869,PLAN002,2024-01-07,2025-12-27,Monthly,Expired
SUB01870,CUST01870,PLAN002,2024-03-12,,Monthly,Active
SUB01871,CUST01871,PLAN001,2025-03-17,,Monthly,Active
SUB01872,CUST01872,PLAN001,2024-07-21,2025-07-16,Monthly,Cancelled
SUB01873,CUST01873,PLAN002,2025-08-03,,Monthly,Active
SUB01874,CUST01874,PLAN001,2024-07-15,2025-07-10,Annual,Cancelled
SUB01875,CUST01875,PLAN001,2025-10-13,,Monthly,Active
SUB01876,CUST01876,PLAN002,2024-10-10,2025-10-05,Monthly,Cancelled
SUB01877,CUST01877,PLAN003,2025-05-11,,Annual,Active
SUB01878,CUST01878,PLAN001,2024-01-08,2025-12-28,Monthly,Cancelled
SUB01879,CUST01879,PLAN003,2024-08-04,,Monthly,Active
SUB01880,CUST01880,PLAN002,2025-05-12,,Annual,Active
SUB01881,CUST01881,PLAN002,2025-01-14,,Monthly,Active
SUB01882,CUST01882,PLAN002,2025-01-04,2025-12-30,Annual,Expired
SUB01883,CUST01883,PLAN001,2024-12-04,,Annual,Active
SUB01884,CUST01884,PLAN001,2024-05-22,2025-05-17,Annual,Expired
SUB01885,CUST01885,PLAN002,2025-12-17,,Monthly,Active
SUB01886,CUST01886,PLAN001,2025-06-11,,Monthly,Active
SUB01887,CUST01887,PLAN002,2024-01-18,,Monthly,Active
SUB01888,CUST01888,PLAN002,2025-11-25,,Monthly,Active
SUB01889,CUST01889,PLAN002,2024-12-22,,Annual,Active
SUB01890,CUST01890,PLAN003,2025-01-29,,Monthly,Active
SUB01891,CUST01891,PLAN002,2024-05-10,,Annual,Active
SUB01892,CUST01892,PLAN002,2024-06-21,2025-06-16,Monthly,Cancelled
SUB01893,CUST01893,PLAN001,2024-09-06,,Annual,Active
SUB01894,CUST01894,PLAN003,2024-04-18,2024-07-17,Monthly,Cancelled
SUB01895,CUST01895,PLAN001,2025-01-27,2025-07-26,Annual,Cancelled
SUB01896,CUST01896,PLAN002,2025-11-17,,Monthly,Active
SUB01897,CUST01897,PLAN002,2024-04-02,,Monthly,Active
SUB01898,CUST01898,PLAN003,2025-10-21,,Annual,Active
SUB01899,CUST01899,PLAN002,2025-10-31,,Annual,Active
SUB01900,CUST01900,PLAN003,2024-08-26,2025-08-21,Monthly,Cancelled
SUB01901,CUST01901,PLAN002,2024-04-01,2024-09-28,Annual,Cancelled
SUB01902,CUST01902,PLAN002,2025-08-09,,Annual,Active
SUB01903,CUST01903,PLAN002,2025-08-13,,Monthly,Active
SUB01904,CUST01904,PLAN002,2025-02-01,,Monthly,Active
SUB01905,CUST01905,PLAN003,2025-06-16,2025-12-13,Annual,Cancelled
SUB01906,CUST01906,PLAN001,2024-01-10,2025-01-04,Monthly,Cancelled
SUB01907,CUST01907,PLAN001,2024-08-12,,Monthly,Active
SUB01908,CUST01908,PLAN001,2024-05-29,2025-05-24,Monthly,Expired
SUB01909,CUST01909,PLAN002,2025-09-05,,Monthly,Active
SUB01910,CUST01910,PLAN003,2024-10-07,,Monthly,Active
SUB01911,CUST01911,PLAN002,2025-05-21,,Monthly,Active
SUB01912,CUST01912,PLAN001,2024-06-05,2025-11-27,Annual,Expired
SUB01913,CUST01913,PLAN002,2025-12-18,,Monthly,Active
SUB01914,CUST01914,PLAN002,2025-02-05,,Monthly,Active
SUB01915,CUST01915,PLAN002,2024-01-23,,Monthly,Active
SUB01916,CUST01916,PLAN001,2024-12-22,2025-12-17,Monthly,Cancelled
SUB01917,CUST01917,PLAN001,2024-10-16,,Monthly,Active
SUB01918,CUST01918,PLAN002,2024-04-09,2025-10-01,Monthly,Cancelled
SUB01919,CUST01919,PLAN002,2025-12-27,,Monthly,Active
SUB01920,CUST01920,PLAN001,2025-03-28,,Monthly,Active
SUB01921,CUST01921,PLAN003,2024-08-11,,Annual,Active
SUB01922,CUST01922,PLAN002,2025-01-05,2025-04-05,Monthly,Cancelled
SUB01923,CUST01923,PLAN001,2025-01-20,,Monthly,Active
SUB01924,CUST01924,PLAN002,2024-02-27,2025-08-20,Annual,Cancelled
SUB01925,CUST01925,PLAN001,2024-04-30,,Monthly,Active
SUB01926,CUST01926,PLAN002,2024-06-01,2025-05-27,Monthly,Cancelled
SUB01927,CUST01927,PLAN001,2024-09-03,2024-12-02,Monthly,Cancelled
SUB01928,CUST01928,PLAN003,2025-10-30,,Annual,Active
SUB01929,CUST01929,PLAN003,2025-04-19,,Monthly,Active
SUB01930,CUST01930,PLAN001,2025-01-11,,Annual,Active
SUB01931,CUST01931,PLAN001,2025-10-18,,Annual,Active
SUB01932,CUST01932,PLAN003,2024-10-07,2025-04-05,Annual,Expired
SUB01933,CUST01933,PLAN002,2025-01-28,2025-04-28,Annual,Cancelled
SUB01934,CUST01934,PLAN001,2025-08-08,,Monthly,Active
SUB01935,CUST01935,PLAN002,2025-02-19,,Monthly,Active
SUB01936,CUST01936,PLAN002,2024-03-06,2025-03-01,Monthly,Cancelled
SUB01937,CUST01937,PLAN001,2024-07-31,,Monthly,Active
SUB01938,CUST01938,PLAN002,2024-01-06,2024-07-04,Monthly,Expired
SUB01939,CUST01939,PLAN001,2024-05-11,2025-05-06,Monthly,Cancelled
SUB01940,CUST01940,PLAN002,2024-02-05,2025-07-29,Monthly,Expired
SUB01941,CUST01941,PLAN001,2025-07-11,,Monthly,Active
SUB01942,CUST01942,PLAN001,2024-02-17,2025-08-10,Annual,Expired
SUB01943,CUST01943,PLAN001,2025-11-05,,Monthly,Active
SUB01944,CUST01944,PLAN002,2025-06-19,,Monthly,Active
SUB01945,CUST01945,PLAN002,2025-12-05,,Monthly,Active
SUB01946,CUST01946,PLAN002,2024-07-11,2025-07-06,Monthly,Expired
SUB01947,CUST01947,PLAN002,2025-09-08,,Monthly,Active
SUB01948,CUST01948,PLAN002,2025-09-29,,Annual,Active
SUB01949,CUST01949,PLAN002,2025-10-27,,Monthly,Active
SUB01950,CUST01950,PLAN001,2025-11-23,,Monthly,Active
SUB01951,CUST01951,PLAN001,2024-03-13,2024-06-11,Monthly,Cancelled
SUB01952,CUST01952,PLAN003,2025-01-16,,Monthly,Active
SUB01953,CUST01953,PLAN001,2025-03-05,,Annual,Active
SUB01954,CUST01954,PLAN002,2025-01-23,2025-07-22,Annual,Expired
SUB01955,CUST01955,PLAN001,2024-05-07,2025-10-29,Annual,Cancelled
SUB01956,CUST01956,PLAN001,2024-12-03,,Monthly,Active
SUB01957,CUST01957,PLAN002,2024-05-29,2024-11-25,Monthly,Cancelled
SUB01958,CUST01958,PLAN002,2025-01-21,,Monthly,Active
SUB01959,CUST01959,PLAN002,2024-05-06,2025-10-28,Monthly,Cancelled
SUB01960,CUST01960,PLAN003,2024-04-07,2025-09-29,Annual,Cancelled
SUB01961,CUST01961,PLAN002,2025-07-18,,Monthly,Active
SUB01962,CUST01962,PLAN003,2024-11-21,,Monthly,Active
SUB01963,CUST01963,PLAN001,2025-05-03,,Monthly,Active
SUB01964,CUST01964,PLAN001,2025-11-04,,Monthly,Active
SUB01965,CUST01965,PLAN003,2024-02-24,2024-08-22,Monthly,Cancelled
SUB01966,CUST01966,PLAN003,2025-11-25,,Annual,Active
SUB01967,CUST01967,PLAN001,2024-12-28,2025-03-28,Monthly,Cancelled
SUB01968,CUST01968,PLAN001,2025-06-17,2025-12-14,Monthly,Cancelled
SUB01969,CUST01969,PLAN001,2024-11-08,2025-11-03,Monthly,Cancelled
SUB01970,CUST01970,PLAN002,2024-03-19,2025-09-10,Monthly,Cancelled
SUB01971,CUST01971,PLAN001,2024-03-27,2024-09-23,Monthly,Expired
SUB01972,CUST01972,PLAN002,2025-03-10,,Monthly,Active
SUB01973,CUST01973,PLAN002,2025-06-11,,Monthly,Active
SUB01974,CUST01974,PLAN003,2025-02-19,2025-08-18,Annual,Cancelled
SUB01975,CUST01975,PLAN003,2025-03-11,,Monthly,Active
SUB01976,CUST01976,PLAN001,2025-09-13,2025-12-12,Monthly,Cancelled
SUB01977,CUST01977,PLAN001,2024-06-28,2025-12-20,Monthly,Expired
SUB01978,CUST01978,PLAN002,2024-02-22,2025-02-16,Monthly,Cancelled
SUB01979,CUST01979,PLAN003,2024-12-12,,Monthly,Active
SUB01980,CUST01980,PLAN002,2024-10-24,2025-10-19,Monthly,Cancelled
SUB01981,CUST01981,PLAN001,2025-10-08,,Monthly,Active
SUB01982,CUST01982,PLAN003,2025-04-19,2025-10-16,Annual,Cancelled
SUB01983,CUST01983,PLAN001,2024-01-07,2025-06-30,Monthly,Expired
SUB01984,CUST01984,PLAN001,2024-01-06,2024-12-31,Monthly,Cancelled
SUB01985,CUST01985,PLAN001,2024-01-10,2024-07-08,Monthly,Cancelled
SUB01986,CUST01986,PLAN002,2025-02-24,,Monthly,Active
SUB01987,CUST01987,PLAN001,2024-08-19,,Monthly,Active
SUB01988,CUST01988,PLAN002,2024-07-05,2024-10-03,Monthly,Cancelled
SUB01989,CUST01989,PLAN002,2025-11-03,,Annual,Active
SUB01990,CUST01990,PLAN002,2024-01-06,2025-06-29,Monthly,Cancelled
SUB01991,CUST01991,PLAN002,2024-07-13,,Monthly,Active
SUB01992,CUST01992,PLAN001,2024-02-02,,Monthly,Active
SUB01993,CUST01993,PLAN003,2024-05-01,2025-04-26,Monthly,Cancelled
SUB01994,CUST01994,PLAN001,2024-11-28,,Monthly,Active
SUB01995,CUST01995,PLAN003,2024-05-14,2025-05-09,Monthly,Expired
SUB01996,CUST01996,PLAN002,2024-06-08,2024-09-06,Monthly,Cancelled
SUB01997,CUST01997,PLAN001,2024-02-23,2025-02-17,Monthly,Cancelled
SUB01998,CUST01998,PLAN002,2025-03-20,,Monthly,Active
SUB01999,CUST01999,PLAN002,2024-09-10,2025-03-09,Monthly,Cancelled
SUB02000,CUST02000,PLAN002,2024-10-14,,Annual,Active
